->;section;tareador_instrumented_section;;;;0
nw;0;[0x7322f0,+8000);global;in_fftw;3dfft_tar.c;11;-|
nw;1;[0x7303b0,+8000);global;out_fftw;3dfft_tar.c;14;-|
nw;2;[0x736630,+8);global;p1d;3dfft_tar.c;18;-|
nw;3;[0x736638,+8);global;p;3dfft_tar.c;17;-|
nw;4;[0x7303a0,+8);global;p_do_not_delete_inserted_for_tareador;/Soft/PAR/fftw3/include/fftw3.h;49;-|
nw;5;[0x734230,+8000);global;tmp_fftw;3dfft_tar.c;12;-|
nw;6;[0x7ffd0e1bb455,+12);stack;argv[0];-|
nw;7;[0x7ffd0e1b9f1c,+4);stack;unknown_name;-|
nw;8;[0x7ffd0e1b9f18,+4);stack;argc;-|
nw;9;[0x7ffd0e1b9f10,+8);stack;argv;-|
nw;10;[0x7ffd0e1b9f0c,+4);stack;i;-|
nw;11;[0x7ffd0e1b9f08,+4);stack;j;-|
nw;12;[0x7ffd0e1b9f04,+4);stack;k;-|
nw;13;[0x7ffd0e1b9ef8,+8);stack;stamp;-|
nw;14;[0x7ffd0e1b9ef4,+4);stack;errors_count;-|
  ->;section;Tareador_Main;;;;0
  us;13;loads;;stores;[0,8)
    ->;section;start_plan_forward;;;;24
    us;2;loads;;stores;[0,8)
    us;3;loads;;stores;[0,8)
    <-;section;start_plan_forward;;;;44
  nw;23;[0x7ffd0e1b9e18,+8);stack;in_fftw;-|
  nw;24;[0x7ffd0e1b9e14,+4);stack;k;-|
  nw;25;[0x7ffd0e1b9e10,+4);stack;j;-|
  nw;26;[0x7ffd0e1b9e0c,+4);stack;i;-|
  us;13;loads;[0,8);stores;[0,8)
  us;23;loads;;stores;[0,8)
  us;24;loads;;stores;[0,4)
    ->;section;init_complex_grid_loopk;;;;76
    us;25;loads;;stores;[0,4)
      ->;section;init_complex_grid_loopj;;;;81
      us;0;loads;;stores;[0,80)
      us;1;loads;;stores;[0,80)
      us;23;loads;[0,8);stores;
      us;24;loads;[0,4);stores;
      us;25;loads;[0,4);stores;
      us;26;loads;;stores;[0,4)
      <-;section;init_complex_grid_loopj;;;;1076
    us;25;loads;[0,4);stores;[0,4)
      ->;section;init_complex_grid_loopj;;;;1084
      us;0;loads;;stores;[80,160)
      us;1;loads;;stores;[80,160)
      us;23;loads;[0,8);stores;
      us;24;loads;[0,4);stores;
      us;25;loads;[0,4);stores;
      us;26;loads;;stores;[0,4)
      <-;section;init_complex_grid_loopj;;;;2079
    us;25;loads;[0,4);stores;[0,4)
      ->;section;init_complex_grid_loopj;;;;2087
      us;0;loads;;stores;[160,240)
      us;1;loads;;stores;[160,240)
      us;23;loads;[0,8);stores;
      us;24;loads;[0,4);stores;
      us;25;loads;[0,4);stores;
      us;26;loads;;stores;[0,4)
      <-;section;init_complex_grid_loopj;;;;3082
    us;25;loads;[0,4);stores;[0,4)
      ->;section;init_complex_grid_loopj;;;;3090
      us;0;loads;;stores;[240,320)
      us;1;loads;;stores;[240,320)
      us;23;loads;[0,8);stores;
      us;24;loads;[0,4);stores;
      us;25;loads;[0,4);stores;
      us;26;loads;;stores;[0,4)
      <-;section;init_complex_grid_loopj;;;;4085
    us;25;loads;[0,4);stores;[0,4)
      ->;section;init_complex_grid_loopj;;;;4093
      us;0;loads;;stores;[320,400)
      us;1;loads;;stores;[320,400)
      us;23;loads;[0,8);stores;
      us;24;loads;[0,4);stores;
      us;25;loads;[0,4);stores;
      us;26;loads;;stores;[0,4)
      <-;section;init_complex_grid_loopj;;;;5088
    us;25;loads;[0,4);stores;[0,4)
      ->;section;init_complex_grid_loopj;;;;5096
      us;0;loads;;stores;[400,480)
      us;1;loads;;stores;[400,480)
      us;23;loads;[0,8);stores;
      us;24;loads;[0,4);stores;
      us;25;loads;[0,4);stores;
      us;26;loads;;stores;[0,4)
      <-;section;init_complex_grid_loopj;;;;6091
    us;25;loads;[0,4);stores;[0,4)
      ->;section;init_complex_grid_loopj;;;;6099
      us;0;loads;;stores;[480,560)
      us;1;loads;;stores;[480,560)
      us;23;loads;[0,8);stores;
      us;24;loads;[0,4);stores;
      us;25;loads;[0,4);stores;
      us;26;loads;;stores;[0,4)
      <-;section;init_complex_grid_loopj;;;;7094
    us;25;loads;[0,4);stores;[0,4)
      ->;section;init_complex_grid_loopj;;;;7102
      us;0;loads;;stores;[560,640)
      us;1;loads;;stores;[560,640)
      us;23;loads;[0,8);stores;
      us;24;loads;[0,4);stores;
      us;25;loads;[0,4);stores;
      us;26;loads;;stores;[0,4)
      <-;section;init_complex_grid_loopj;;;;8097
    us;25;loads;[0,4);stores;[0,4)
      ->;section;init_complex_grid_loopj;;;;8105
      us;0;loads;;stores;[640,720)
      us;1;loads;;stores;[640,720)
      us;23;loads;[0,8);stores;
      us;24;loads;[0,4);stores;
      us;25;loads;[0,4);stores;
      us;26;loads;;stores;[0,4)
      <-;section;init_complex_grid_loopj;;;;9100
    us;25;loads;[0,4);stores;[0,4)
      ->;section;init_complex_grid_loopj;;;;9108
      us;0;loads;;stores;[720,800)
      us;1;loads;;stores;[720,800)
      us;23;loads;[0,8);stores;
      us;24;loads;[0,4);stores;
      us;25;loads;[0,4);stores;
      us;26;loads;;stores;[0,4)
      <-;section;init_complex_grid_loopj;;;;10103
    us;25;loads;[0,4);stores;[0,4)
    <-;section;init_complex_grid_loopk;;;;10111
  us;24;loads;[0,4);stores;[0,4)
    ->;section;init_complex_grid_loopk;;;;10119
    us;25;loads;;stores;[0,4)
      ->;section;init_complex_grid_loopj;;;;10124
      us;0;loads;;stores;[800,880)
      us;1;loads;;stores;[800,880)
      us;23;loads;[0,8);stores;
      us;24;loads;[0,4);stores;
      us;25;loads;[0,4);stores;
      us;26;loads;;stores;[0,4)
      <-;section;init_complex_grid_loopj;;;;11119
    us;25;loads;[0,4);stores;[0,4)
      ->;section;init_complex_grid_loopj;;;;11127
      us;0;loads;;stores;[880,960)
      us;1;loads;;stores;[880,960)
      us;23;loads;[0,8);stores;
      us;24;loads;[0,4);stores;
      us;25;loads;[0,4);stores;
      us;26;loads;;stores;[0,4)
      <-;section;init_complex_grid_loopj;;;;12122
    us;25;loads;[0,4);stores;[0,4)
      ->;section;init_complex_grid_loopj;;;;12130
      us;0;loads;;stores;[960,1040)
      us;1;loads;;stores;[960,1040)
      us;23;loads;[0,8);stores;
      us;24;loads;[0,4);stores;
      us;25;loads;[0,4);stores;
      us;26;loads;;stores;[0,4)
      <-;section;init_complex_grid_loopj;;;;13125
    us;25;loads;[0,4);stores;[0,4)
      ->;section;init_complex_grid_loopj;;;;13133
      us;0;loads;;stores;[1040,1120)
      us;1;loads;;stores;[1040,1120)
      us;23;loads;[0,8);stores;
      us;24;loads;[0,4);stores;
      us;25;loads;[0,4);stores;
      us;26;loads;;stores;[0,4)
      <-;section;init_complex_grid_loopj;;;;14128
    us;25;loads;[0,4);stores;[0,4)
      ->;section;init_complex_grid_loopj;;;;14136
      us;0;loads;;stores;[1120,1200)
      us;1;loads;;stores;[1120,1200)
      us;23;loads;[0,8);stores;
      us;24;loads;[0,4);stores;
      us;25;loads;[0,4);stores;
      us;26;loads;;stores;[0,4)
      <-;section;init_complex_grid_loopj;;;;15131
    us;25;loads;[0,4);stores;[0,4)
      ->;section;init_complex_grid_loopj;;;;15139
      us;0;loads;;stores;[1200,1280)
      us;1;loads;;stores;[1200,1280)
      us;23;loads;[0,8);stores;
      us;24;loads;[0,4);stores;
      us;25;loads;[0,4);stores;
      us;26;loads;;stores;[0,4)
      <-;section;init_complex_grid_loopj;;;;16134
    us;25;loads;[0,4);stores;[0,4)
      ->;section;init_complex_grid_loopj;;;;16142
      us;0;loads;;stores;[1280,1360)
      us;1;loads;;stores;[1280,1360)
      us;23;loads;[0,8);stores;
      us;24;loads;[0,4);stores;
      us;25;loads;[0,4);stores;
      us;26;loads;;stores;[0,4)
      <-;section;init_complex_grid_loopj;;;;17137
    us;25;loads;[0,4);stores;[0,4)
      ->;section;init_complex_grid_loopj;;;;17145
      us;0;loads;;stores;[1360,1440)
      us;1;loads;;stores;[1360,1440)
      us;23;loads;[0,8);stores;
      us;24;loads;[0,4);stores;
      us;25;loads;[0,4);stores;
      us;26;loads;;stores;[0,4)
      <-;section;init_complex_grid_loopj;;;;18140
    us;25;loads;[0,4);stores;[0,4)
      ->;section;init_complex_grid_loopj;;;;18148
      us;0;loads;;stores;[1440,1520)
      us;1;loads;;stores;[1440,1520)
      us;23;loads;[0,8);stores;
      us;24;loads;[0,4);stores;
      us;25;loads;[0,4);stores;
      us;26;loads;;stores;[0,4)
      <-;section;init_complex_grid_loopj;;;;19143
    us;25;loads;[0,4);stores;[0,4)
      ->;section;init_complex_grid_loopj;;;;19151
      us;0;loads;;stores;[1520,1600)
      us;1;loads;;stores;[1520,1600)
      us;23;loads;[0,8);stores;
      us;24;loads;[0,4);stores;
      us;25;loads;[0,4);stores;
      us;26;loads;;stores;[0,4)
      <-;section;init_complex_grid_loopj;;;;20146
    us;25;loads;[0,4);stores;[0,4)
    <-;section;init_complex_grid_loopk;;;;20154
  us;24;loads;[0,4);stores;[0,4)
    ->;section;init_complex_grid_loopk;;;;20162
    us;25;loads;;stores;[0,4)
      ->;section;init_complex_grid_loopj;;;;20167
      us;0;loads;;stores;[1600,1680)
      us;1;loads;;stores;[1600,1680)
      us;23;loads;[0,8);stores;
      us;24;loads;[0,4);stores;
      us;25;loads;[0,4);stores;
      us;26;loads;;stores;[0,4)
      <-;section;init_complex_grid_loopj;;;;21162
    us;25;loads;[0,4);stores;[0,4)
      ->;section;init_complex_grid_loopj;;;;21170
      us;0;loads;;stores;[1680,1760)
      us;1;loads;;stores;[1680,1760)
      us;23;loads;[0,8);stores;
      us;24;loads;[0,4);stores;
      us;25;loads;[0,4);stores;
      us;26;loads;;stores;[0,4)
      <-;section;init_complex_grid_loopj;;;;22165
    us;25;loads;[0,4);stores;[0,4)
      ->;section;init_complex_grid_loopj;;;;22173
      us;0;loads;;stores;[1760,1840)
      us;1;loads;;stores;[1760,1840)
      us;23;loads;[0,8);stores;
      us;24;loads;[0,4);stores;
      us;25;loads;[0,4);stores;
      us;26;loads;;stores;[0,4)
      <-;section;init_complex_grid_loopj;;;;23168
    us;25;loads;[0,4);stores;[0,4)
      ->;section;init_complex_grid_loopj;;;;23176
      us;0;loads;;stores;[1840,1920)
      us;1;loads;;stores;[1840,1920)
      us;23;loads;[0,8);stores;
      us;24;loads;[0,4);stores;
      us;25;loads;[0,4);stores;
      us;26;loads;;stores;[0,4)
      <-;section;init_complex_grid_loopj;;;;24171
    us;25;loads;[0,4);stores;[0,4)
      ->;section;init_complex_grid_loopj;;;;24179
      us;0;loads;;stores;[1920,2000)
      us;1;loads;;stores;[1920,2000)
      us;23;loads;[0,8);stores;
      us;24;loads;[0,4);stores;
      us;25;loads;[0,4);stores;
      us;26;loads;;stores;[0,4)
      <-;section;init_complex_grid_loopj;;;;25174
    us;25;loads;[0,4);stores;[0,4)
      ->;section;init_complex_grid_loopj;;;;25182
      us;0;loads;;stores;[2000,2080)
      us;1;loads;;stores;[2000,2080)
      us;23;loads;[0,8);stores;
      us;24;loads;[0,4);stores;
      us;25;loads;[0,4);stores;
      us;26;loads;;stores;[0,4)
      <-;section;init_complex_grid_loopj;;;;26177
    us;25;loads;[0,4);stores;[0,4)
      ->;section;init_complex_grid_loopj;;;;26185
      us;0;loads;;stores;[2080,2160)
      us;1;loads;;stores;[2080,2160)
      us;23;loads;[0,8);stores;
      us;24;loads;[0,4);stores;
      us;25;loads;[0,4);stores;
      us;26;loads;;stores;[0,4)
      <-;section;init_complex_grid_loopj;;;;27180
    us;25;loads;[0,4);stores;[0,4)
      ->;section;init_complex_grid_loopj;;;;27188
      us;0;loads;;stores;[2160,2240)
      us;1;loads;;stores;[2160,2240)
      us;23;loads;[0,8);stores;
      us;24;loads;[0,4);stores;
      us;25;loads;[0,4);stores;
      us;26;loads;;stores;[0,4)
      <-;section;init_complex_grid_loopj;;;;28183
    us;25;loads;[0,4);stores;[0,4)
      ->;section;init_complex_grid_loopj;;;;28191
      us;0;loads;;stores;[2240,2320)
      us;1;loads;;stores;[2240,2320)
      us;23;loads;[0,8);stores;
      us;24;loads;[0,4);stores;
      us;25;loads;[0,4);stores;
      us;26;loads;;stores;[0,4)
      <-;section;init_complex_grid_loopj;;;;29186
    us;25;loads;[0,4);stores;[0,4)
      ->;section;init_complex_grid_loopj;;;;29194
      us;0;loads;;stores;[2320,2400)
      us;1;loads;;stores;[2320,2400)
      us;23;loads;[0,8);stores;
      us;24;loads;[0,4);stores;
      us;25;loads;[0,4);stores;
      us;26;loads;;stores;[0,4)
      <-;section;init_complex_grid_loopj;;;;30189
    us;25;loads;[0,4);stores;[0,4)
    <-;section;init_complex_grid_loopk;;;;30197
  us;24;loads;[0,4);stores;[0,4)
    ->;section;init_complex_grid_loopk;;;;30205
    us;25;loads;;stores;[0,4)
      ->;section;init_complex_grid_loopj;;;;30210
      us;0;loads;;stores;[2400,2480)
      us;1;loads;;stores;[2400,2480)
      us;23;loads;[0,8);stores;
      us;24;loads;[0,4);stores;
      us;25;loads;[0,4);stores;
      us;26;loads;;stores;[0,4)
      <-;section;init_complex_grid_loopj;;;;31205
    us;25;loads;[0,4);stores;[0,4)
      ->;section;init_complex_grid_loopj;;;;31213
      us;0;loads;;stores;[2480,2560)
      us;1;loads;;stores;[2480,2560)
      us;23;loads;[0,8);stores;
      us;24;loads;[0,4);stores;
      us;25;loads;[0,4);stores;
      us;26;loads;;stores;[0,4)
      <-;section;init_complex_grid_loopj;;;;32208
    us;25;loads;[0,4);stores;[0,4)
      ->;section;init_complex_grid_loopj;;;;32216
      us;0;loads;;stores;[2560,2640)
      us;1;loads;;stores;[2560,2640)
      us;23;loads;[0,8);stores;
      us;24;loads;[0,4);stores;
      us;25;loads;[0,4);stores;
      us;26;loads;;stores;[0,4)
      <-;section;init_complex_grid_loopj;;;;33211
    us;25;loads;[0,4);stores;[0,4)
      ->;section;init_complex_grid_loopj;;;;33219
      us;0;loads;;stores;[2640,2720)
      us;1;loads;;stores;[2640,2720)
      us;23;loads;[0,8);stores;
      us;24;loads;[0,4);stores;
      us;25;loads;[0,4);stores;
      us;26;loads;;stores;[0,4)
      <-;section;init_complex_grid_loopj;;;;34214
    us;25;loads;[0,4);stores;[0,4)
      ->;section;init_complex_grid_loopj;;;;34222
      us;0;loads;;stores;[2720,2800)
      us;1;loads;;stores;[2720,2800)
      us;23;loads;[0,8);stores;
      us;24;loads;[0,4);stores;
      us;25;loads;[0,4);stores;
      us;26;loads;;stores;[0,4)
      <-;section;init_complex_grid_loopj;;;;35217
    us;25;loads;[0,4);stores;[0,4)
      ->;section;init_complex_grid_loopj;;;;35225
      us;0;loads;;stores;[2800,2880)
      us;1;loads;;stores;[2800,2880)
      us;23;loads;[0,8);stores;
      us;24;loads;[0,4);stores;
      us;25;loads;[0,4);stores;
      us;26;loads;;stores;[0,4)
      <-;section;init_complex_grid_loopj;;;;36220
    us;25;loads;[0,4);stores;[0,4)
      ->;section;init_complex_grid_loopj;;;;36228
      us;0;loads;;stores;[2880,2960)
      us;1;loads;;stores;[2880,2960)
      us;23;loads;[0,8);stores;
      us;24;loads;[0,4);stores;
      us;25;loads;[0,4);stores;
      us;26;loads;;stores;[0,4)
      <-;section;init_complex_grid_loopj;;;;37223
    us;25;loads;[0,4);stores;[0,4)
      ->;section;init_complex_grid_loopj;;;;37231
      us;0;loads;;stores;[2960,3040)
      us;1;loads;;stores;[2960,3040)
      us;23;loads;[0,8);stores;
      us;24;loads;[0,4);stores;
      us;25;loads;[0,4);stores;
      us;26;loads;;stores;[0,4)
      <-;section;init_complex_grid_loopj;;;;38226
    us;25;loads;[0,4);stores;[0,4)
      ->;section;init_complex_grid_loopj;;;;38234
      us;0;loads;;stores;[3040,3120)
      us;1;loads;;stores;[3040,3120)
      us;23;loads;[0,8);stores;
      us;24;loads;[0,4);stores;
      us;25;loads;[0,4);stores;
      us;26;loads;;stores;[0,4)
      <-;section;init_complex_grid_loopj;;;;39229
    us;25;loads;[0,4);stores;[0,4)
      ->;section;init_complex_grid_loopj;;;;39237
      us;0;loads;;stores;[3120,3200)
      us;1;loads;;stores;[3120,3200)
      us;23;loads;[0,8);stores;
      us;24;loads;[0,4);stores;
      us;25;loads;[0,4);stores;
      us;26;loads;;stores;[0,4)
      <-;section;init_complex_grid_loopj;;;;40232
    us;25;loads;[0,4);stores;[0,4)
    <-;section;init_complex_grid_loopk;;;;40240
  us;24;loads;[0,4);stores;[0,4)
    ->;section;init_complex_grid_loopk;;;;40248
    us;25;loads;;stores;[0,4)
      ->;section;init_complex_grid_loopj;;;;40253
      us;0;loads;;stores;[3200,3280)
      us;1;loads;;stores;[3200,3280)
      us;23;loads;[0,8);stores;
      us;24;loads;[0,4);stores;
      us;25;loads;[0,4);stores;
      us;26;loads;;stores;[0,4)
      <-;section;init_complex_grid_loopj;;;;41248
    us;25;loads;[0,4);stores;[0,4)
      ->;section;init_complex_grid_loopj;;;;41256
      us;0;loads;;stores;[3280,3360)
      us;1;loads;;stores;[3280,3360)
      us;23;loads;[0,8);stores;
      us;24;loads;[0,4);stores;
      us;25;loads;[0,4);stores;
      us;26;loads;;stores;[0,4)
      <-;section;init_complex_grid_loopj;;;;42251
    us;25;loads;[0,4);stores;[0,4)
      ->;section;init_complex_grid_loopj;;;;42259
      us;0;loads;;stores;[3360,3440)
      us;1;loads;;stores;[3360,3440)
      us;23;loads;[0,8);stores;
      us;24;loads;[0,4);stores;
      us;25;loads;[0,4);stores;
      us;26;loads;;stores;[0,4)
      <-;section;init_complex_grid_loopj;;;;43254
    us;25;loads;[0,4);stores;[0,4)
      ->;section;init_complex_grid_loopj;;;;43262
      us;0;loads;;stores;[3440,3520)
      us;1;loads;;stores;[3440,3520)
      us;23;loads;[0,8);stores;
      us;24;loads;[0,4);stores;
      us;25;loads;[0,4);stores;
      us;26;loads;;stores;[0,4)
      <-;section;init_complex_grid_loopj;;;;44257
    us;25;loads;[0,4);stores;[0,4)
      ->;section;init_complex_grid_loopj;;;;44265
      us;0;loads;;stores;[3520,3600)
      us;1;loads;;stores;[3520,3600)
      us;23;loads;[0,8);stores;
      us;24;loads;[0,4);stores;
      us;25;loads;[0,4);stores;
      us;26;loads;;stores;[0,4)
      <-;section;init_complex_grid_loopj;;;;45260
    us;25;loads;[0,4);stores;[0,4)
      ->;section;init_complex_grid_loopj;;;;45268
      us;0;loads;;stores;[3600,3680)
      us;1;loads;;stores;[3600,3680)
      us;23;loads;[0,8);stores;
      us;24;loads;[0,4);stores;
      us;25;loads;[0,4);stores;
      us;26;loads;;stores;[0,4)
      <-;section;init_complex_grid_loopj;;;;46263
    us;25;loads;[0,4);stores;[0,4)
      ->;section;init_complex_grid_loopj;;;;46271
      us;0;loads;;stores;[3680,3760)
      us;1;loads;;stores;[3680,3760)
      us;23;loads;[0,8);stores;
      us;24;loads;[0,4);stores;
      us;25;loads;[0,4);stores;
      us;26;loads;;stores;[0,4)
      <-;section;init_complex_grid_loopj;;;;47266
    us;25;loads;[0,4);stores;[0,4)
      ->;section;init_complex_grid_loopj;;;;47274
      us;0;loads;;stores;[3760,3840)
      us;1;loads;;stores;[3760,3840)
      us;23;loads;[0,8);stores;
      us;24;loads;[0,4);stores;
      us;25;loads;[0,4);stores;
      us;26;loads;;stores;[0,4)
      <-;section;init_complex_grid_loopj;;;;48269
    us;25;loads;[0,4);stores;[0,4)
      ->;section;init_complex_grid_loopj;;;;48277
      us;0;loads;;stores;[3840,3920)
      us;1;loads;;stores;[3840,3920)
      us;23;loads;[0,8);stores;
      us;24;loads;[0,4);stores;
      us;25;loads;[0,4);stores;
      us;26;loads;;stores;[0,4)
      <-;section;init_complex_grid_loopj;;;;49272
    us;25;loads;[0,4);stores;[0,4)
      ->;section;init_complex_grid_loopj;;;;49280
      us;0;loads;;stores;[3920,4000)
      us;1;loads;;stores;[3920,4000)
      us;23;loads;[0,8);stores;
      us;24;loads;[0,4);stores;
      us;25;loads;[0,4);stores;
      us;26;loads;;stores;[0,4)
      <-;section;init_complex_grid_loopj;;;;50275
    us;25;loads;[0,4);stores;[0,4)
    <-;section;init_complex_grid_loopk;;;;50283
  us;24;loads;[0,4);stores;[0,4)
    ->;section;init_complex_grid_loopk;;;;50291
    us;25;loads;;stores;[0,4)
      ->;section;init_complex_grid_loopj;;;;50296
      us;0;loads;;stores;[4000,4080)
      us;1;loads;;stores;[4000,4080)
      us;23;loads;[0,8);stores;
      us;24;loads;[0,4);stores;
      us;25;loads;[0,4);stores;
      us;26;loads;;stores;[0,4)
      <-;section;init_complex_grid_loopj;;;;51291
    us;25;loads;[0,4);stores;[0,4)
      ->;section;init_complex_grid_loopj;;;;51299
      us;0;loads;;stores;[4080,4160)
      us;1;loads;;stores;[4080,4160)
      us;23;loads;[0,8);stores;
      us;24;loads;[0,4);stores;
      us;25;loads;[0,4);stores;
      us;26;loads;;stores;[0,4)
      <-;section;init_complex_grid_loopj;;;;52294
    us;25;loads;[0,4);stores;[0,4)
      ->;section;init_complex_grid_loopj;;;;52302
      us;0;loads;;stores;[4160,4240)
      us;1;loads;;stores;[4160,4240)
      us;23;loads;[0,8);stores;
      us;24;loads;[0,4);stores;
      us;25;loads;[0,4);stores;
      us;26;loads;;stores;[0,4)
      <-;section;init_complex_grid_loopj;;;;53297
    us;25;loads;[0,4);stores;[0,4)
      ->;section;init_complex_grid_loopj;;;;53305
      us;0;loads;;stores;[4240,4320)
      us;1;loads;;stores;[4240,4320)
      us;23;loads;[0,8);stores;
      us;24;loads;[0,4);stores;
      us;25;loads;[0,4);stores;
      us;26;loads;;stores;[0,4)
      <-;section;init_complex_grid_loopj;;;;54300
    us;25;loads;[0,4);stores;[0,4)
      ->;section;init_complex_grid_loopj;;;;54308
      us;0;loads;;stores;[4320,4400)
      us;1;loads;;stores;[4320,4400)
      us;23;loads;[0,8);stores;
      us;24;loads;[0,4);stores;
      us;25;loads;[0,4);stores;
      us;26;loads;;stores;[0,4)
      <-;section;init_complex_grid_loopj;;;;55303
    us;25;loads;[0,4);stores;[0,4)
      ->;section;init_complex_grid_loopj;;;;55311
      us;0;loads;;stores;[4400,4480)
      us;1;loads;;stores;[4400,4480)
      us;23;loads;[0,8);stores;
      us;24;loads;[0,4);stores;
      us;25;loads;[0,4);stores;
      us;26;loads;;stores;[0,4)
      <-;section;init_complex_grid_loopj;;;;56306
    us;25;loads;[0,4);stores;[0,4)
      ->;section;init_complex_grid_loopj;;;;56314
      us;0;loads;;stores;[4480,4560)
      us;1;loads;;stores;[4480,4560)
      us;23;loads;[0,8);stores;
      us;24;loads;[0,4);stores;
      us;25;loads;[0,4);stores;
      us;26;loads;;stores;[0,4)
      <-;section;init_complex_grid_loopj;;;;57309
    us;25;loads;[0,4);stores;[0,4)
      ->;section;init_complex_grid_loopj;;;;57317
      us;0;loads;;stores;[4560,4640)
      us;1;loads;;stores;[4560,4640)
      us;23;loads;[0,8);stores;
      us;24;loads;[0,4);stores;
      us;25;loads;[0,4);stores;
      us;26;loads;;stores;[0,4)
      <-;section;init_complex_grid_loopj;;;;58312
    us;25;loads;[0,4);stores;[0,4)
      ->;section;init_complex_grid_loopj;;;;58320
      us;0;loads;;stores;[4640,4720)
      us;1;loads;;stores;[4640,4720)
      us;23;loads;[0,8);stores;
      us;24;loads;[0,4);stores;
      us;25;loads;[0,4);stores;
      us;26;loads;;stores;[0,4)
      <-;section;init_complex_grid_loopj;;;;59315
    us;25;loads;[0,4);stores;[0,4)
      ->;section;init_complex_grid_loopj;;;;59323
      us;0;loads;;stores;[4720,4800)
      us;1;loads;;stores;[4720,4800)
      us;23;loads;[0,8);stores;
      us;24;loads;[0,4);stores;
      us;25;loads;[0,4);stores;
      us;26;loads;;stores;[0,4)
      <-;section;init_complex_grid_loopj;;;;60318
    us;25;loads;[0,4);stores;[0,4)
    <-;section;init_complex_grid_loopk;;;;60326
  us;24;loads;[0,4);stores;[0,4)
    ->;section;init_complex_grid_loopk;;;;60334
    us;25;loads;;stores;[0,4)
      ->;section;init_complex_grid_loopj;;;;60339
      us;0;loads;;stores;[4800,4880)
      us;1;loads;;stores;[4800,4880)
      us;23;loads;[0,8);stores;
      us;24;loads;[0,4);stores;
      us;25;loads;[0,4);stores;
      us;26;loads;;stores;[0,4)
      <-;section;init_complex_grid_loopj;;;;61334
    us;25;loads;[0,4);stores;[0,4)
      ->;section;init_complex_grid_loopj;;;;61342
      us;0;loads;;stores;[4880,4960)
      us;1;loads;;stores;[4880,4960)
      us;23;loads;[0,8);stores;
      us;24;loads;[0,4);stores;
      us;25;loads;[0,4);stores;
      us;26;loads;;stores;[0,4)
      <-;section;init_complex_grid_loopj;;;;62337
    us;25;loads;[0,4);stores;[0,4)
      ->;section;init_complex_grid_loopj;;;;62345
      us;0;loads;;stores;[4960,5040)
      us;1;loads;;stores;[4960,5040)
      us;23;loads;[0,8);stores;
      us;24;loads;[0,4);stores;
      us;25;loads;[0,4);stores;
      us;26;loads;;stores;[0,4)
      <-;section;init_complex_grid_loopj;;;;63340
    us;25;loads;[0,4);stores;[0,4)
      ->;section;init_complex_grid_loopj;;;;63348
      us;0;loads;;stores;[5040,5120)
      us;1;loads;;stores;[5040,5120)
      us;23;loads;[0,8);stores;
      us;24;loads;[0,4);stores;
      us;25;loads;[0,4);stores;
      us;26;loads;;stores;[0,4)
      <-;section;init_complex_grid_loopj;;;;64343
    us;25;loads;[0,4);stores;[0,4)
      ->;section;init_complex_grid_loopj;;;;64351
      us;0;loads;;stores;[5120,5200)
      us;1;loads;;stores;[5120,5200)
      us;23;loads;[0,8);stores;
      us;24;loads;[0,4);stores;
      us;25;loads;[0,4);stores;
      us;26;loads;;stores;[0,4)
      <-;section;init_complex_grid_loopj;;;;65346
    us;25;loads;[0,4);stores;[0,4)
      ->;section;init_complex_grid_loopj;;;;65354
      us;0;loads;;stores;[5200,5280)
      us;1;loads;;stores;[5200,5280)
      us;23;loads;[0,8);stores;
      us;24;loads;[0,4);stores;
      us;25;loads;[0,4);stores;
      us;26;loads;;stores;[0,4)
      <-;section;init_complex_grid_loopj;;;;66349
    us;25;loads;[0,4);stores;[0,4)
      ->;section;init_complex_grid_loopj;;;;66357
      us;0;loads;;stores;[5280,5360)
      us;1;loads;;stores;[5280,5360)
      us;23;loads;[0,8);stores;
      us;24;loads;[0,4);stores;
      us;25;loads;[0,4);stores;
      us;26;loads;;stores;[0,4)
      <-;section;init_complex_grid_loopj;;;;67352
    us;25;loads;[0,4);stores;[0,4)
      ->;section;init_complex_grid_loopj;;;;67360
      us;0;loads;;stores;[5360,5440)
      us;1;loads;;stores;[5360,5440)
      us;23;loads;[0,8);stores;
      us;24;loads;[0,4);stores;
      us;25;loads;[0,4);stores;
      us;26;loads;;stores;[0,4)
      <-;section;init_complex_grid_loopj;;;;68355
    us;25;loads;[0,4);stores;[0,4)
      ->;section;init_complex_grid_loopj;;;;68363
      us;0;loads;;stores;[5440,5520)
      us;1;loads;;stores;[5440,5520)
      us;23;loads;[0,8);stores;
      us;24;loads;[0,4);stores;
      us;25;loads;[0,4);stores;
      us;26;loads;;stores;[0,4)
      <-;section;init_complex_grid_loopj;;;;69358
    us;25;loads;[0,4);stores;[0,4)
      ->;section;init_complex_grid_loopj;;;;69366
      us;0;loads;;stores;[5520,5600)
      us;1;loads;;stores;[5520,5600)
      us;23;loads;[0,8);stores;
      us;24;loads;[0,4);stores;
      us;25;loads;[0,4);stores;
      us;26;loads;;stores;[0,4)
      <-;section;init_complex_grid_loopj;;;;70361
    us;25;loads;[0,4);stores;[0,4)
    <-;section;init_complex_grid_loopk;;;;70369
  us;24;loads;[0,4);stores;[0,4)
    ->;section;init_complex_grid_loopk;;;;70377
    us;25;loads;;stores;[0,4)
      ->;section;init_complex_grid_loopj;;;;70382
      us;0;loads;;stores;[5600,5680)
      us;1;loads;;stores;[5600,5680)
      us;23;loads;[0,8);stores;
      us;24;loads;[0,4);stores;
      us;25;loads;[0,4);stores;
      us;26;loads;;stores;[0,4)
      <-;section;init_complex_grid_loopj;;;;71377
    us;25;loads;[0,4);stores;[0,4)
      ->;section;init_complex_grid_loopj;;;;71385
      us;0;loads;;stores;[5680,5760)
      us;1;loads;;stores;[5680,5760)
      us;23;loads;[0,8);stores;
      us;24;loads;[0,4);stores;
      us;25;loads;[0,4);stores;
      us;26;loads;;stores;[0,4)
      <-;section;init_complex_grid_loopj;;;;72380
    us;25;loads;[0,4);stores;[0,4)
      ->;section;init_complex_grid_loopj;;;;72388
      us;0;loads;;stores;[5760,5840)
      us;1;loads;;stores;[5760,5840)
      us;23;loads;[0,8);stores;
      us;24;loads;[0,4);stores;
      us;25;loads;[0,4);stores;
      us;26;loads;;stores;[0,4)
      <-;section;init_complex_grid_loopj;;;;73383
    us;25;loads;[0,4);stores;[0,4)
      ->;section;init_complex_grid_loopj;;;;73391
      us;0;loads;;stores;[5840,5920)
      us;1;loads;;stores;[5840,5920)
      us;23;loads;[0,8);stores;
      us;24;loads;[0,4);stores;
      us;25;loads;[0,4);stores;
      us;26;loads;;stores;[0,4)
      <-;section;init_complex_grid_loopj;;;;74386
    us;25;loads;[0,4);stores;[0,4)
      ->;section;init_complex_grid_loopj;;;;74394
      us;0;loads;;stores;[5920,6000)
      us;1;loads;;stores;[5920,6000)
      us;23;loads;[0,8);stores;
      us;24;loads;[0,4);stores;
      us;25;loads;[0,4);stores;
      us;26;loads;;stores;[0,4)
      <-;section;init_complex_grid_loopj;;;;75389
    us;25;loads;[0,4);stores;[0,4)
      ->;section;init_complex_grid_loopj;;;;75397
      us;0;loads;;stores;[6000,6080)
      us;1;loads;;stores;[6000,6080)
      us;23;loads;[0,8);stores;
      us;24;loads;[0,4);stores;
      us;25;loads;[0,4);stores;
      us;26;loads;;stores;[0,4)
      <-;section;init_complex_grid_loopj;;;;76392
    us;25;loads;[0,4);stores;[0,4)
      ->;section;init_complex_grid_loopj;;;;76400
      us;0;loads;;stores;[6080,6160)
      us;1;loads;;stores;[6080,6160)
      us;23;loads;[0,8);stores;
      us;24;loads;[0,4);stores;
      us;25;loads;[0,4);stores;
      us;26;loads;;stores;[0,4)
      <-;section;init_complex_grid_loopj;;;;77395
    us;25;loads;[0,4);stores;[0,4)
      ->;section;init_complex_grid_loopj;;;;77403
      us;0;loads;;stores;[6160,6240)
      us;1;loads;;stores;[6160,6240)
      us;23;loads;[0,8);stores;
      us;24;loads;[0,4);stores;
      us;25;loads;[0,4);stores;
      us;26;loads;;stores;[0,4)
      <-;section;init_complex_grid_loopj;;;;78398
    us;25;loads;[0,4);stores;[0,4)
      ->;section;init_complex_grid_loopj;;;;78406
      us;0;loads;;stores;[6240,6320)
      us;1;loads;;stores;[6240,6320)
      us;23;loads;[0,8);stores;
      us;24;loads;[0,4);stores;
      us;25;loads;[0,4);stores;
      us;26;loads;;stores;[0,4)
      <-;section;init_complex_grid_loopj;;;;79401
    us;25;loads;[0,4);stores;[0,4)
      ->;section;init_complex_grid_loopj;;;;79409
      us;0;loads;;stores;[6320,6400)
      us;1;loads;;stores;[6320,6400)
      us;23;loads;[0,8);stores;
      us;24;loads;[0,4);stores;
      us;25;loads;[0,4);stores;
      us;26;loads;;stores;[0,4)
      <-;section;init_complex_grid_loopj;;;;80404
    us;25;loads;[0,4);stores;[0,4)
    <-;section;init_complex_grid_loopk;;;;80412
  us;24;loads;[0,4);stores;[0,4)
    ->;section;init_complex_grid_loopk;;;;80420
    us;25;loads;;stores;[0,4)
      ->;section;init_complex_grid_loopj;;;;80425
      us;0;loads;;stores;[6400,6480)
      us;1;loads;;stores;[6400,6480)
      us;23;loads;[0,8);stores;
      us;24;loads;[0,4);stores;
      us;25;loads;[0,4);stores;
      us;26;loads;;stores;[0,4)
      <-;section;init_complex_grid_loopj;;;;81420
    us;25;loads;[0,4);stores;[0,4)
      ->;section;init_complex_grid_loopj;;;;81428
      us;0;loads;;stores;[6480,6560)
      us;1;loads;;stores;[6480,6560)
      us;23;loads;[0,8);stores;
      us;24;loads;[0,4);stores;
      us;25;loads;[0,4);stores;
      us;26;loads;;stores;[0,4)
      <-;section;init_complex_grid_loopj;;;;82423
    us;25;loads;[0,4);stores;[0,4)
      ->;section;init_complex_grid_loopj;;;;82431
      us;0;loads;;stores;[6560,6640)
      us;1;loads;;stores;[6560,6640)
      us;23;loads;[0,8);stores;
      us;24;loads;[0,4);stores;
      us;25;loads;[0,4);stores;
      us;26;loads;;stores;[0,4)
      <-;section;init_complex_grid_loopj;;;;83426
    us;25;loads;[0,4);stores;[0,4)
      ->;section;init_complex_grid_loopj;;;;83434
      us;0;loads;;stores;[6640,6720)
      us;1;loads;;stores;[6640,6720)
      us;23;loads;[0,8);stores;
      us;24;loads;[0,4);stores;
      us;25;loads;[0,4);stores;
      us;26;loads;;stores;[0,4)
      <-;section;init_complex_grid_loopj;;;;84429
    us;25;loads;[0,4);stores;[0,4)
      ->;section;init_complex_grid_loopj;;;;84437
      us;0;loads;;stores;[6720,6800)
      us;1;loads;;stores;[6720,6800)
      us;23;loads;[0,8);stores;
      us;24;loads;[0,4);stores;
      us;25;loads;[0,4);stores;
      us;26;loads;;stores;[0,4)
      <-;section;init_complex_grid_loopj;;;;85432
    us;25;loads;[0,4);stores;[0,4)
      ->;section;init_complex_grid_loopj;;;;85440
      us;0;loads;;stores;[6800,6880)
      us;1;loads;;stores;[6800,6880)
      us;23;loads;[0,8);stores;
      us;24;loads;[0,4);stores;
      us;25;loads;[0,4);stores;
      us;26;loads;;stores;[0,4)
      <-;section;init_complex_grid_loopj;;;;86435
    us;25;loads;[0,4);stores;[0,4)
      ->;section;init_complex_grid_loopj;;;;86443
      us;0;loads;;stores;[6880,6960)
      us;1;loads;;stores;[6880,6960)
      us;23;loads;[0,8);stores;
      us;24;loads;[0,4);stores;
      us;25;loads;[0,4);stores;
      us;26;loads;;stores;[0,4)
      <-;section;init_complex_grid_loopj;;;;87438
    us;25;loads;[0,4);stores;[0,4)
      ->;section;init_complex_grid_loopj;;;;87446
      us;0;loads;;stores;[6960,7040)
      us;1;loads;;stores;[6960,7040)
      us;23;loads;[0,8);stores;
      us;24;loads;[0,4);stores;
      us;25;loads;[0,4);stores;
      us;26;loads;;stores;[0,4)
      <-;section;init_complex_grid_loopj;;;;88441
    us;25;loads;[0,4);stores;[0,4)
      ->;section;init_complex_grid_loopj;;;;88449
      us;0;loads;;stores;[7040,7120)
      us;1;loads;;stores;[7040,7120)
      us;23;loads;[0,8);stores;
      us;24;loads;[0,4);stores;
      us;25;loads;[0,4);stores;
      us;26;loads;;stores;[0,4)
      <-;section;init_complex_grid_loopj;;;;89444
    us;25;loads;[0,4);stores;[0,4)
      ->;section;init_complex_grid_loopj;;;;89452
      us;0;loads;;stores;[7120,7200)
      us;1;loads;;stores;[7120,7200)
      us;23;loads;[0,8);stores;
      us;24;loads;[0,4);stores;
      us;25;loads;[0,4);stores;
      us;26;loads;;stores;[0,4)
      <-;section;init_complex_grid_loopj;;;;90447
    us;25;loads;[0,4);stores;[0,4)
    <-;section;init_complex_grid_loopk;;;;90455
  us;24;loads;[0,4);stores;[0,4)
    ->;section;init_complex_grid_loopk;;;;90463
    us;25;loads;;stores;[0,4)
      ->;section;init_complex_grid_loopj;;;;90468
      us;0;loads;;stores;[7200,7280)
      us;1;loads;;stores;[7200,7280)
      us;23;loads;[0,8);stores;
      us;24;loads;[0,4);stores;
      us;25;loads;[0,4);stores;
      us;26;loads;;stores;[0,4)
      <-;section;init_complex_grid_loopj;;;;91463
    us;25;loads;[0,4);stores;[0,4)
      ->;section;init_complex_grid_loopj;;;;91471
      us;0;loads;;stores;[7280,7360)
      us;1;loads;;stores;[7280,7360)
      us;23;loads;[0,8);stores;
      us;24;loads;[0,4);stores;
      us;25;loads;[0,4);stores;
      us;26;loads;;stores;[0,4)
      <-;section;init_complex_grid_loopj;;;;92466
    us;25;loads;[0,4);stores;[0,4)
      ->;section;init_complex_grid_loopj;;;;92474
      us;0;loads;;stores;[7360,7440)
      us;1;loads;;stores;[7360,7440)
      us;23;loads;[0,8);stores;
      us;24;loads;[0,4);stores;
      us;25;loads;[0,4);stores;
      us;26;loads;;stores;[0,4)
      <-;section;init_complex_grid_loopj;;;;93469
    us;25;loads;[0,4);stores;[0,4)
      ->;section;init_complex_grid_loopj;;;;93477
      us;0;loads;;stores;[7440,7520)
      us;1;loads;;stores;[7440,7520)
      us;23;loads;[0,8);stores;
      us;24;loads;[0,4);stores;
      us;25;loads;[0,4);stores;
      us;26;loads;;stores;[0,4)
      <-;section;init_complex_grid_loopj;;;;94472
    us;25;loads;[0,4);stores;[0,4)
      ->;section;init_complex_grid_loopj;;;;94480
      us;0;loads;;stores;[7520,7600)
      us;1;loads;;stores;[7520,7600)
      us;23;loads;[0,8);stores;
      us;24;loads;[0,4);stores;
      us;25;loads;[0,4);stores;
      us;26;loads;;stores;[0,4)
      <-;section;init_complex_grid_loopj;;;;95475
    us;25;loads;[0,4);stores;[0,4)
      ->;section;init_complex_grid_loopj;;;;95483
      us;0;loads;;stores;[7600,7680)
      us;1;loads;;stores;[7600,7680)
      us;23;loads;[0,8);stores;
      us;24;loads;[0,4);stores;
      us;25;loads;[0,4);stores;
      us;26;loads;;stores;[0,4)
      <-;section;init_complex_grid_loopj;;;;96478
    us;25;loads;[0,4);stores;[0,4)
      ->;section;init_complex_grid_loopj;;;;96486
      us;0;loads;;stores;[7680,7760)
      us;1;loads;;stores;[7680,7760)
      us;23;loads;[0,8);stores;
      us;24;loads;[0,4);stores;
      us;25;loads;[0,4);stores;
      us;26;loads;;stores;[0,4)
      <-;section;init_complex_grid_loopj;;;;97481
    us;25;loads;[0,4);stores;[0,4)
      ->;section;init_complex_grid_loopj;;;;97489
      us;0;loads;;stores;[7760,7840)
      us;1;loads;;stores;[7760,7840)
      us;23;loads;[0,8);stores;
      us;24;loads;[0,4);stores;
      us;25;loads;[0,4);stores;
      us;26;loads;;stores;[0,4)
      <-;section;init_complex_grid_loopj;;;;98484
    us;25;loads;[0,4);stores;[0,4)
      ->;section;init_complex_grid_loopj;;;;98492
      us;0;loads;;stores;[7840,7920)
      us;1;loads;;stores;[7840,7920)
      us;23;loads;[0,8);stores;
      us;24;loads;[0,4);stores;
      us;25;loads;[0,4);stores;
      us;26;loads;;stores;[0,4)
      <-;section;init_complex_grid_loopj;;;;99487
    us;25;loads;[0,4);stores;[0,4)
      ->;section;init_complex_grid_loopj;;;;99495
      us;0;loads;;stores;[7920,8000)
      us;1;loads;;stores;[7920,8000)
      us;23;loads;[0,8);stores;
      us;24;loads;[0,4);stores;
      us;25;loads;[0,4);stores;
      us;26;loads;;stores;[0,4)
      <-;section;init_complex_grid_loopj;;;;100490
    us;25;loads;[0,4);stores;[0,4)
    <-;section;init_complex_grid_loopk;;;;100498
  us;13;loads;[0,8);stores;[0,8)
  us;24;loads;[0,4);stores;[0,4)
  dl;23;[0x7ffd0e1b9e18,+8);stack;in_fftw;-|
  dl;24;[0x7ffd0e1b9e14,+4);stack;k;-|
  dl;25;[0x7ffd0e1b9e10,+4);stack;j;-|
  dl;26;[0x7ffd0e1b9e0c,+4);stack;i;-|
    ->;section;planes1;;;;100552
    nw;31;[0x7ffd0e1b9e18,+8);stack;p1d;-|
    nw;32;[0x7ffd0e1b9e10,+8);stack;in_fftw;-|
    nw;33;[0x7ffd0e1b9e0c,+4);stack;j;-|
    nw;34;[0x7ffd0e1b9e08,+4);stack;k;-|
    us;2;loads;[0,8);stores;
    us;31;loads;;stores;[0,8)
    us;32;loads;;stores;[0,8)
    us;34;loads;;stores;[0,4)
      ->;section;ffts1_planes_loop_k;;;;100563
      us;33;loads;;stores;[0,4)
        ->;section;ffts1_planes_loop_j;;;;100568
        us;0;loads;[0,80);stores;[0,80)
        us;31;loads;[0,8);stores;
        us;32;loads;[0,8);stores;
        us;33;loads;[0,4);stores;
        us;34;loads;[0,4);stores;
        <-;section;ffts1_planes_loop_j;;;;101590
      us;33;loads;[0,4);stores;[0,4)
        ->;section;ffts1_planes_loop_j;;;;101598
        us;0;loads;[80,160);stores;[80,160)
        us;31;loads;[0,8);stores;
        us;32;loads;[0,8);stores;
        us;33;loads;[0,4);stores;
        us;34;loads;[0,4);stores;
        <-;section;ffts1_planes_loop_j;;;;102620
      us;33;loads;[0,4);stores;[0,4)
        ->;section;ffts1_planes_loop_j;;;;102628
        us;0;loads;[160,240);stores;[160,240)
        us;31;loads;[0,8);stores;
        us;32;loads;[0,8);stores;
        us;33;loads;[0,4);stores;
        us;34;loads;[0,4);stores;
        <-;section;ffts1_planes_loop_j;;;;103650
      us;33;loads;[0,4);stores;[0,4)
        ->;section;ffts1_planes_loop_j;;;;103658
        us;0;loads;[240,320);stores;[240,320)
        us;31;loads;[0,8);stores;
        us;32;loads;[0,8);stores;
        us;33;loads;[0,4);stores;
        us;34;loads;[0,4);stores;
        <-;section;ffts1_planes_loop_j;;;;104680
      us;33;loads;[0,4);stores;[0,4)
        ->;section;ffts1_planes_loop_j;;;;104688
        us;0;loads;[320,400);stores;[320,400)
        us;31;loads;[0,8);stores;
        us;32;loads;[0,8);stores;
        us;33;loads;[0,4);stores;
        us;34;loads;[0,4);stores;
        <-;section;ffts1_planes_loop_j;;;;105710
      us;33;loads;[0,4);stores;[0,4)
        ->;section;ffts1_planes_loop_j;;;;105718
        us;0;loads;[400,480);stores;[400,480)
        us;31;loads;[0,8);stores;
        us;32;loads;[0,8);stores;
        us;33;loads;[0,4);stores;
        us;34;loads;[0,4);stores;
        <-;section;ffts1_planes_loop_j;;;;106740
      us;33;loads;[0,4);stores;[0,4)
        ->;section;ffts1_planes_loop_j;;;;106748
        us;0;loads;[480,560);stores;[480,560)
        us;31;loads;[0,8);stores;
        us;32;loads;[0,8);stores;
        us;33;loads;[0,4);stores;
        us;34;loads;[0,4);stores;
        <-;section;ffts1_planes_loop_j;;;;107770
      us;33;loads;[0,4);stores;[0,4)
        ->;section;ffts1_planes_loop_j;;;;107778
        us;0;loads;[560,640);stores;[560,640)
        us;31;loads;[0,8);stores;
        us;32;loads;[0,8);stores;
        us;33;loads;[0,4);stores;
        us;34;loads;[0,4);stores;
        <-;section;ffts1_planes_loop_j;;;;108800
      us;33;loads;[0,4);stores;[0,4)
        ->;section;ffts1_planes_loop_j;;;;108808
        us;0;loads;[640,720);stores;[640,720)
        us;31;loads;[0,8);stores;
        us;32;loads;[0,8);stores;
        us;33;loads;[0,4);stores;
        us;34;loads;[0,4);stores;
        <-;section;ffts1_planes_loop_j;;;;109830
      us;33;loads;[0,4);stores;[0,4)
        ->;section;ffts1_planes_loop_j;;;;109838
        us;0;loads;[720,800);stores;[720,800)
        us;31;loads;[0,8);stores;
        us;32;loads;[0,8);stores;
        us;33;loads;[0,4);stores;
        us;34;loads;[0,4);stores;
        <-;section;ffts1_planes_loop_j;;;;110860
      us;33;loads;[0,4);stores;[0,4)
      <-;section;ffts1_planes_loop_k;;;;110868
    us;34;loads;[0,4);stores;[0,4)
      ->;section;ffts1_planes_loop_k;;;;110876
      us;33;loads;;stores;[0,4)
        ->;section;ffts1_planes_loop_j;;;;110881
        us;0;loads;[800,880);stores;[800,880)
        us;31;loads;[0,8);stores;
        us;32;loads;[0,8);stores;
        us;33;loads;[0,4);stores;
        us;34;loads;[0,4);stores;
        <-;section;ffts1_planes_loop_j;;;;111903
      us;33;loads;[0,4);stores;[0,4)
        ->;section;ffts1_planes_loop_j;;;;111911
        us;0;loads;[880,960);stores;[880,960)
        us;31;loads;[0,8);stores;
        us;32;loads;[0,8);stores;
        us;33;loads;[0,4);stores;
        us;34;loads;[0,4);stores;
        <-;section;ffts1_planes_loop_j;;;;112933
      us;33;loads;[0,4);stores;[0,4)
        ->;section;ffts1_planes_loop_j;;;;112941
        us;0;loads;[960,1040);stores;[960,1040)
        us;31;loads;[0,8);stores;
        us;32;loads;[0,8);stores;
        us;33;loads;[0,4);stores;
        us;34;loads;[0,4);stores;
        <-;section;ffts1_planes_loop_j;;;;113963
      us;33;loads;[0,4);stores;[0,4)
        ->;section;ffts1_planes_loop_j;;;;113971
        us;0;loads;[1040,1120);stores;[1040,1120)
        us;31;loads;[0,8);stores;
        us;32;loads;[0,8);stores;
        us;33;loads;[0,4);stores;
        us;34;loads;[0,4);stores;
        <-;section;ffts1_planes_loop_j;;;;114993
      us;33;loads;[0,4);stores;[0,4)
        ->;section;ffts1_planes_loop_j;;;;115001
        us;0;loads;[1120,1200);stores;[1120,1200)
        us;31;loads;[0,8);stores;
        us;32;loads;[0,8);stores;
        us;33;loads;[0,4);stores;
        us;34;loads;[0,4);stores;
        <-;section;ffts1_planes_loop_j;;;;116023
      us;33;loads;[0,4);stores;[0,4)
        ->;section;ffts1_planes_loop_j;;;;116031
        us;0;loads;[1200,1280);stores;[1200,1280)
        us;31;loads;[0,8);stores;
        us;32;loads;[0,8);stores;
        us;33;loads;[0,4);stores;
        us;34;loads;[0,4);stores;
        <-;section;ffts1_planes_loop_j;;;;117053
      us;33;loads;[0,4);stores;[0,4)
        ->;section;ffts1_planes_loop_j;;;;117061
        us;0;loads;[1280,1360);stores;[1280,1360)
        us;31;loads;[0,8);stores;
        us;32;loads;[0,8);stores;
        us;33;loads;[0,4);stores;
        us;34;loads;[0,4);stores;
        <-;section;ffts1_planes_loop_j;;;;118083
      us;33;loads;[0,4);stores;[0,4)
        ->;section;ffts1_planes_loop_j;;;;118091
        us;0;loads;[1360,1440);stores;[1360,1440)
        us;31;loads;[0,8);stores;
        us;32;loads;[0,8);stores;
        us;33;loads;[0,4);stores;
        us;34;loads;[0,4);stores;
        <-;section;ffts1_planes_loop_j;;;;119113
      us;33;loads;[0,4);stores;[0,4)
        ->;section;ffts1_planes_loop_j;;;;119121
        us;0;loads;[1440,1520);stores;[1440,1520)
        us;31;loads;[0,8);stores;
        us;32;loads;[0,8);stores;
        us;33;loads;[0,4);stores;
        us;34;loads;[0,4);stores;
        <-;section;ffts1_planes_loop_j;;;;120143
      us;33;loads;[0,4);stores;[0,4)
        ->;section;ffts1_planes_loop_j;;;;120151
        us;0;loads;[1520,1600);stores;[1520,1600)
        us;31;loads;[0,8);stores;
        us;32;loads;[0,8);stores;
        us;33;loads;[0,4);stores;
        us;34;loads;[0,4);stores;
        <-;section;ffts1_planes_loop_j;;;;121173
      us;33;loads;[0,4);stores;[0,4)
      <-;section;ffts1_planes_loop_k;;;;121181
    us;34;loads;[0,4);stores;[0,4)
      ->;section;ffts1_planes_loop_k;;;;121189
      us;33;loads;;stores;[0,4)
        ->;section;ffts1_planes_loop_j;;;;121194
        us;0;loads;[1600,1680);stores;[1600,1680)
        us;31;loads;[0,8);stores;
        us;32;loads;[0,8);stores;
        us;33;loads;[0,4);stores;
        us;34;loads;[0,4);stores;
        <-;section;ffts1_planes_loop_j;;;;122216
      us;33;loads;[0,4);stores;[0,4)
        ->;section;ffts1_planes_loop_j;;;;122224
        us;0;loads;[1680,1760);stores;[1680,1760)
        us;31;loads;[0,8);stores;
        us;32;loads;[0,8);stores;
        us;33;loads;[0,4);stores;
        us;34;loads;[0,4);stores;
        <-;section;ffts1_planes_loop_j;;;;123246
      us;33;loads;[0,4);stores;[0,4)
        ->;section;ffts1_planes_loop_j;;;;123254
        us;0;loads;[1760,1840);stores;[1760,1840)
        us;31;loads;[0,8);stores;
        us;32;loads;[0,8);stores;
        us;33;loads;[0,4);stores;
        us;34;loads;[0,4);stores;
        <-;section;ffts1_planes_loop_j;;;;124276
      us;33;loads;[0,4);stores;[0,4)
        ->;section;ffts1_planes_loop_j;;;;124284
        us;0;loads;[1840,1920);stores;[1840,1920)
        us;31;loads;[0,8);stores;
        us;32;loads;[0,8);stores;
        us;33;loads;[0,4);stores;
        us;34;loads;[0,4);stores;
        <-;section;ffts1_planes_loop_j;;;;125306
      us;33;loads;[0,4);stores;[0,4)
        ->;section;ffts1_planes_loop_j;;;;125314
        us;0;loads;[1920,2000);stores;[1920,2000)
        us;31;loads;[0,8);stores;
        us;32;loads;[0,8);stores;
        us;33;loads;[0,4);stores;
        us;34;loads;[0,4);stores;
        <-;section;ffts1_planes_loop_j;;;;126336
      us;33;loads;[0,4);stores;[0,4)
        ->;section;ffts1_planes_loop_j;;;;126344
        us;0;loads;[2000,2080);stores;[2000,2080)
        us;31;loads;[0,8);stores;
        us;32;loads;[0,8);stores;
        us;33;loads;[0,4);stores;
        us;34;loads;[0,4);stores;
        <-;section;ffts1_planes_loop_j;;;;127366
      us;33;loads;[0,4);stores;[0,4)
        ->;section;ffts1_planes_loop_j;;;;127374
        us;0;loads;[2080,2160);stores;[2080,2160)
        us;31;loads;[0,8);stores;
        us;32;loads;[0,8);stores;
        us;33;loads;[0,4);stores;
        us;34;loads;[0,4);stores;
        <-;section;ffts1_planes_loop_j;;;;128396
      us;33;loads;[0,4);stores;[0,4)
        ->;section;ffts1_planes_loop_j;;;;128404
        us;0;loads;[2160,2240);stores;[2160,2240)
        us;31;loads;[0,8);stores;
        us;32;loads;[0,8);stores;
        us;33;loads;[0,4);stores;
        us;34;loads;[0,4);stores;
        <-;section;ffts1_planes_loop_j;;;;129426
      us;33;loads;[0,4);stores;[0,4)
        ->;section;ffts1_planes_loop_j;;;;129434
        us;0;loads;[2240,2320);stores;[2240,2320)
        us;31;loads;[0,8);stores;
        us;32;loads;[0,8);stores;
        us;33;loads;[0,4);stores;
        us;34;loads;[0,4);stores;
        <-;section;ffts1_planes_loop_j;;;;130456
      us;33;loads;[0,4);stores;[0,4)
        ->;section;ffts1_planes_loop_j;;;;130464
        us;0;loads;[2320,2400);stores;[2320,2400)
        us;31;loads;[0,8);stores;
        us;32;loads;[0,8);stores;
        us;33;loads;[0,4);stores;
        us;34;loads;[0,4);stores;
        <-;section;ffts1_planes_loop_j;;;;131486
      us;33;loads;[0,4);stores;[0,4)
      <-;section;ffts1_planes_loop_k;;;;131494
    us;34;loads;[0,4);stores;[0,4)
      ->;section;ffts1_planes_loop_k;;;;131502
      us;33;loads;;stores;[0,4)
        ->;section;ffts1_planes_loop_j;;;;131507
        us;0;loads;[2400,2480);stores;[2400,2480)
        us;31;loads;[0,8);stores;
        us;32;loads;[0,8);stores;
        us;33;loads;[0,4);stores;
        us;34;loads;[0,4);stores;
        <-;section;ffts1_planes_loop_j;;;;132529
      us;33;loads;[0,4);stores;[0,4)
        ->;section;ffts1_planes_loop_j;;;;132537
        us;0;loads;[2480,2560);stores;[2480,2560)
        us;31;loads;[0,8);stores;
        us;32;loads;[0,8);stores;
        us;33;loads;[0,4);stores;
        us;34;loads;[0,4);stores;
        <-;section;ffts1_planes_loop_j;;;;133559
      us;33;loads;[0,4);stores;[0,4)
        ->;section;ffts1_planes_loop_j;;;;133567
        us;0;loads;[2560,2640);stores;[2560,2640)
        us;31;loads;[0,8);stores;
        us;32;loads;[0,8);stores;
        us;33;loads;[0,4);stores;
        us;34;loads;[0,4);stores;
        <-;section;ffts1_planes_loop_j;;;;134589
      us;33;loads;[0,4);stores;[0,4)
        ->;section;ffts1_planes_loop_j;;;;134597
        us;0;loads;[2640,2720);stores;[2640,2720)
        us;31;loads;[0,8);stores;
        us;32;loads;[0,8);stores;
        us;33;loads;[0,4);stores;
        us;34;loads;[0,4);stores;
        <-;section;ffts1_planes_loop_j;;;;135619
      us;33;loads;[0,4);stores;[0,4)
        ->;section;ffts1_planes_loop_j;;;;135627
        us;0;loads;[2720,2800);stores;[2720,2800)
        us;31;loads;[0,8);stores;
        us;32;loads;[0,8);stores;
        us;33;loads;[0,4);stores;
        us;34;loads;[0,4);stores;
        <-;section;ffts1_planes_loop_j;;;;136649
      us;33;loads;[0,4);stores;[0,4)
        ->;section;ffts1_planes_loop_j;;;;136657
        us;0;loads;[2800,2880);stores;[2800,2880)
        us;31;loads;[0,8);stores;
        us;32;loads;[0,8);stores;
        us;33;loads;[0,4);stores;
        us;34;loads;[0,4);stores;
        <-;section;ffts1_planes_loop_j;;;;137679
      us;33;loads;[0,4);stores;[0,4)
        ->;section;ffts1_planes_loop_j;;;;137687
        us;0;loads;[2880,2960);stores;[2880,2960)
        us;31;loads;[0,8);stores;
        us;32;loads;[0,8);stores;
        us;33;loads;[0,4);stores;
        us;34;loads;[0,4);stores;
        <-;section;ffts1_planes_loop_j;;;;138709
      us;33;loads;[0,4);stores;[0,4)
        ->;section;ffts1_planes_loop_j;;;;138717
        us;0;loads;[2960,3040);stores;[2960,3040)
        us;31;loads;[0,8);stores;
        us;32;loads;[0,8);stores;
        us;33;loads;[0,4);stores;
        us;34;loads;[0,4);stores;
        <-;section;ffts1_planes_loop_j;;;;139739
      us;33;loads;[0,4);stores;[0,4)
        ->;section;ffts1_planes_loop_j;;;;139747
        us;0;loads;[3040,3120);stores;[3040,3120)
        us;31;loads;[0,8);stores;
        us;32;loads;[0,8);stores;
        us;33;loads;[0,4);stores;
        us;34;loads;[0,4);stores;
        <-;section;ffts1_planes_loop_j;;;;140769
      us;33;loads;[0,4);stores;[0,4)
        ->;section;ffts1_planes_loop_j;;;;140777
        us;0;loads;[3120,3200);stores;[3120,3200)
        us;31;loads;[0,8);stores;
        us;32;loads;[0,8);stores;
        us;33;loads;[0,4);stores;
        us;34;loads;[0,4);stores;
        <-;section;ffts1_planes_loop_j;;;;141799
      us;33;loads;[0,4);stores;[0,4)
      <-;section;ffts1_planes_loop_k;;;;141807
    us;34;loads;[0,4);stores;[0,4)
      ->;section;ffts1_planes_loop_k;;;;141815
      us;33;loads;;stores;[0,4)
        ->;section;ffts1_planes_loop_j;;;;141820
        us;0;loads;[3200,3280);stores;[3200,3280)
        us;31;loads;[0,8);stores;
        us;32;loads;[0,8);stores;
        us;33;loads;[0,4);stores;
        us;34;loads;[0,4);stores;
        <-;section;ffts1_planes_loop_j;;;;142842
      us;33;loads;[0,4);stores;[0,4)
        ->;section;ffts1_planes_loop_j;;;;142850
        us;0;loads;[3280,3360);stores;[3280,3360)
        us;31;loads;[0,8);stores;
        us;32;loads;[0,8);stores;
        us;33;loads;[0,4);stores;
        us;34;loads;[0,4);stores;
        <-;section;ffts1_planes_loop_j;;;;143872
      us;33;loads;[0,4);stores;[0,4)
        ->;section;ffts1_planes_loop_j;;;;143880
        us;0;loads;[3360,3440);stores;[3360,3440)
        us;31;loads;[0,8);stores;
        us;32;loads;[0,8);stores;
        us;33;loads;[0,4);stores;
        us;34;loads;[0,4);stores;
        <-;section;ffts1_planes_loop_j;;;;144902
      us;33;loads;[0,4);stores;[0,4)
        ->;section;ffts1_planes_loop_j;;;;144910
        us;0;loads;[3440,3520);stores;[3440,3520)
        us;31;loads;[0,8);stores;
        us;32;loads;[0,8);stores;
        us;33;loads;[0,4);stores;
        us;34;loads;[0,4);stores;
        <-;section;ffts1_planes_loop_j;;;;145932
      us;33;loads;[0,4);stores;[0,4)
        ->;section;ffts1_planes_loop_j;;;;145940
        us;0;loads;[3520,3600);stores;[3520,3600)
        us;31;loads;[0,8);stores;
        us;32;loads;[0,8);stores;
        us;33;loads;[0,4);stores;
        us;34;loads;[0,4);stores;
        <-;section;ffts1_planes_loop_j;;;;146962
      us;33;loads;[0,4);stores;[0,4)
        ->;section;ffts1_planes_loop_j;;;;146970
        us;0;loads;[3600,3680);stores;[3600,3680)
        us;31;loads;[0,8);stores;
        us;32;loads;[0,8);stores;
        us;33;loads;[0,4);stores;
        us;34;loads;[0,4);stores;
        <-;section;ffts1_planes_loop_j;;;;147992
      us;33;loads;[0,4);stores;[0,4)
        ->;section;ffts1_planes_loop_j;;;;148000
        us;0;loads;[3680,3760);stores;[3680,3760)
        us;31;loads;[0,8);stores;
        us;32;loads;[0,8);stores;
        us;33;loads;[0,4);stores;
        us;34;loads;[0,4);stores;
        <-;section;ffts1_planes_loop_j;;;;149022
      us;33;loads;[0,4);stores;[0,4)
        ->;section;ffts1_planes_loop_j;;;;149030
        us;0;loads;[3760,3840);stores;[3760,3840)
        us;31;loads;[0,8);stores;
        us;32;loads;[0,8);stores;
        us;33;loads;[0,4);stores;
        us;34;loads;[0,4);stores;
        <-;section;ffts1_planes_loop_j;;;;150052
      us;33;loads;[0,4);stores;[0,4)
        ->;section;ffts1_planes_loop_j;;;;150060
        us;0;loads;[3840,3920);stores;[3840,3920)
        us;31;loads;[0,8);stores;
        us;32;loads;[0,8);stores;
        us;33;loads;[0,4);stores;
        us;34;loads;[0,4);stores;
        <-;section;ffts1_planes_loop_j;;;;151082
      us;33;loads;[0,4);stores;[0,4)
        ->;section;ffts1_planes_loop_j;;;;151090
        us;0;loads;[3920,4000);stores;[3920,4000)
        us;31;loads;[0,8);stores;
        us;32;loads;[0,8);stores;
        us;33;loads;[0,4);stores;
        us;34;loads;[0,4);stores;
        <-;section;ffts1_planes_loop_j;;;;152112
      us;33;loads;[0,4);stores;[0,4)
      <-;section;ffts1_planes_loop_k;;;;152120
    us;34;loads;[0,4);stores;[0,4)
      ->;section;ffts1_planes_loop_k;;;;152128
      us;33;loads;;stores;[0,4)
        ->;section;ffts1_planes_loop_j;;;;152133
        us;0;loads;[4000,4080);stores;[4000,4080)
        us;31;loads;[0,8);stores;
        us;32;loads;[0,8);stores;
        us;33;loads;[0,4);stores;
        us;34;loads;[0,4);stores;
        <-;section;ffts1_planes_loop_j;;;;153155
      us;33;loads;[0,4);stores;[0,4)
        ->;section;ffts1_planes_loop_j;;;;153163
        us;0;loads;[4080,4160);stores;[4080,4160)
        us;31;loads;[0,8);stores;
        us;32;loads;[0,8);stores;
        us;33;loads;[0,4);stores;
        us;34;loads;[0,4);stores;
        <-;section;ffts1_planes_loop_j;;;;154185
      us;33;loads;[0,4);stores;[0,4)
        ->;section;ffts1_planes_loop_j;;;;154193
        us;0;loads;[4160,4240);stores;[4160,4240)
        us;31;loads;[0,8);stores;
        us;32;loads;[0,8);stores;
        us;33;loads;[0,4);stores;
        us;34;loads;[0,4);stores;
        <-;section;ffts1_planes_loop_j;;;;155215
      us;33;loads;[0,4);stores;[0,4)
        ->;section;ffts1_planes_loop_j;;;;155223
        us;0;loads;[4240,4320);stores;[4240,4320)
        us;31;loads;[0,8);stores;
        us;32;loads;[0,8);stores;
        us;33;loads;[0,4);stores;
        us;34;loads;[0,4);stores;
        <-;section;ffts1_planes_loop_j;;;;156245
      us;33;loads;[0,4);stores;[0,4)
        ->;section;ffts1_planes_loop_j;;;;156253
        us;0;loads;[4320,4400);stores;[4320,4400)
        us;31;loads;[0,8);stores;
        us;32;loads;[0,8);stores;
        us;33;loads;[0,4);stores;
        us;34;loads;[0,4);stores;
        <-;section;ffts1_planes_loop_j;;;;157275
      us;33;loads;[0,4);stores;[0,4)
        ->;section;ffts1_planes_loop_j;;;;157283
        us;0;loads;[4400,4480);stores;[4400,4480)
        us;31;loads;[0,8);stores;
        us;32;loads;[0,8);stores;
        us;33;loads;[0,4);stores;
        us;34;loads;[0,4);stores;
        <-;section;ffts1_planes_loop_j;;;;158305
      us;33;loads;[0,4);stores;[0,4)
        ->;section;ffts1_planes_loop_j;;;;158313
        us;0;loads;[4480,4560);stores;[4480,4560)
        us;31;loads;[0,8);stores;
        us;32;loads;[0,8);stores;
        us;33;loads;[0,4);stores;
        us;34;loads;[0,4);stores;
        <-;section;ffts1_planes_loop_j;;;;159335
      us;33;loads;[0,4);stores;[0,4)
        ->;section;ffts1_planes_loop_j;;;;159343
        us;0;loads;[4560,4640);stores;[4560,4640)
        us;31;loads;[0,8);stores;
        us;32;loads;[0,8);stores;
        us;33;loads;[0,4);stores;
        us;34;loads;[0,4);stores;
        <-;section;ffts1_planes_loop_j;;;;160365
      us;33;loads;[0,4);stores;[0,4)
        ->;section;ffts1_planes_loop_j;;;;160373
        us;0;loads;[4640,4720);stores;[4640,4720)
        us;31;loads;[0,8);stores;
        us;32;loads;[0,8);stores;
        us;33;loads;[0,4);stores;
        us;34;loads;[0,4);stores;
        <-;section;ffts1_planes_loop_j;;;;161395
      us;33;loads;[0,4);stores;[0,4)
        ->;section;ffts1_planes_loop_j;;;;161403
        us;0;loads;[4720,4800);stores;[4720,4800)
        us;31;loads;[0,8);stores;
        us;32;loads;[0,8);stores;
        us;33;loads;[0,4);stores;
        us;34;loads;[0,4);stores;
        <-;section;ffts1_planes_loop_j;;;;162425
      us;33;loads;[0,4);stores;[0,4)
      <-;section;ffts1_planes_loop_k;;;;162433
    us;34;loads;[0,4);stores;[0,4)
      ->;section;ffts1_planes_loop_k;;;;162441
      us;33;loads;;stores;[0,4)
        ->;section;ffts1_planes_loop_j;;;;162446
        us;0;loads;[4800,4880);stores;[4800,4880)
        us;31;loads;[0,8);stores;
        us;32;loads;[0,8);stores;
        us;33;loads;[0,4);stores;
        us;34;loads;[0,4);stores;
        <-;section;ffts1_planes_loop_j;;;;163468
      us;33;loads;[0,4);stores;[0,4)
        ->;section;ffts1_planes_loop_j;;;;163476
        us;0;loads;[4880,4960);stores;[4880,4960)
        us;31;loads;[0,8);stores;
        us;32;loads;[0,8);stores;
        us;33;loads;[0,4);stores;
        us;34;loads;[0,4);stores;
        <-;section;ffts1_planes_loop_j;;;;164498
      us;33;loads;[0,4);stores;[0,4)
        ->;section;ffts1_planes_loop_j;;;;164506
        us;0;loads;[4960,5040);stores;[4960,5040)
        us;31;loads;[0,8);stores;
        us;32;loads;[0,8);stores;
        us;33;loads;[0,4);stores;
        us;34;loads;[0,4);stores;
        <-;section;ffts1_planes_loop_j;;;;165528
      us;33;loads;[0,4);stores;[0,4)
        ->;section;ffts1_planes_loop_j;;;;165536
        us;0;loads;[5040,5120);stores;[5040,5120)
        us;31;loads;[0,8);stores;
        us;32;loads;[0,8);stores;
        us;33;loads;[0,4);stores;
        us;34;loads;[0,4);stores;
        <-;section;ffts1_planes_loop_j;;;;166558
      us;33;loads;[0,4);stores;[0,4)
        ->;section;ffts1_planes_loop_j;;;;166566
        us;0;loads;[5120,5200);stores;[5120,5200)
        us;31;loads;[0,8);stores;
        us;32;loads;[0,8);stores;
        us;33;loads;[0,4);stores;
        us;34;loads;[0,4);stores;
        <-;section;ffts1_planes_loop_j;;;;167588
      us;33;loads;[0,4);stores;[0,4)
        ->;section;ffts1_planes_loop_j;;;;167596
        us;0;loads;[5200,5280);stores;[5200,5280)
        us;31;loads;[0,8);stores;
        us;32;loads;[0,8);stores;
        us;33;loads;[0,4);stores;
        us;34;loads;[0,4);stores;
        <-;section;ffts1_planes_loop_j;;;;168618
      us;33;loads;[0,4);stores;[0,4)
        ->;section;ffts1_planes_loop_j;;;;168626
        us;0;loads;[5280,5360);stores;[5280,5360)
        us;31;loads;[0,8);stores;
        us;32;loads;[0,8);stores;
        us;33;loads;[0,4);stores;
        us;34;loads;[0,4);stores;
        <-;section;ffts1_planes_loop_j;;;;169648
      us;33;loads;[0,4);stores;[0,4)
        ->;section;ffts1_planes_loop_j;;;;169656
        us;0;loads;[5360,5440);stores;[5360,5440)
        us;31;loads;[0,8);stores;
        us;32;loads;[0,8);stores;
        us;33;loads;[0,4);stores;
        us;34;loads;[0,4);stores;
        <-;section;ffts1_planes_loop_j;;;;170678
      us;33;loads;[0,4);stores;[0,4)
        ->;section;ffts1_planes_loop_j;;;;170686
        us;0;loads;[5440,5520);stores;[5440,5520)
        us;31;loads;[0,8);stores;
        us;32;loads;[0,8);stores;
        us;33;loads;[0,4);stores;
        us;34;loads;[0,4);stores;
        <-;section;ffts1_planes_loop_j;;;;171708
      us;33;loads;[0,4);stores;[0,4)
        ->;section;ffts1_planes_loop_j;;;;171716
        us;0;loads;[5520,5600);stores;[5520,5600)
        us;31;loads;[0,8);stores;
        us;32;loads;[0,8);stores;
        us;33;loads;[0,4);stores;
        us;34;loads;[0,4);stores;
        <-;section;ffts1_planes_loop_j;;;;172738
      us;33;loads;[0,4);stores;[0,4)
      <-;section;ffts1_planes_loop_k;;;;172746
    us;34;loads;[0,4);stores;[0,4)
      ->;section;ffts1_planes_loop_k;;;;172754
      us;33;loads;;stores;[0,4)
        ->;section;ffts1_planes_loop_j;;;;172759
        us;0;loads;[5600,5680);stores;[5600,5680)
        us;31;loads;[0,8);stores;
        us;32;loads;[0,8);stores;
        us;33;loads;[0,4);stores;
        us;34;loads;[0,4);stores;
        <-;section;ffts1_planes_loop_j;;;;173781
      us;33;loads;[0,4);stores;[0,4)
        ->;section;ffts1_planes_loop_j;;;;173789
        us;0;loads;[5680,5760);stores;[5680,5760)
        us;31;loads;[0,8);stores;
        us;32;loads;[0,8);stores;
        us;33;loads;[0,4);stores;
        us;34;loads;[0,4);stores;
        <-;section;ffts1_planes_loop_j;;;;174811
      us;33;loads;[0,4);stores;[0,4)
        ->;section;ffts1_planes_loop_j;;;;174819
        us;0;loads;[5760,5840);stores;[5760,5840)
        us;31;loads;[0,8);stores;
        us;32;loads;[0,8);stores;
        us;33;loads;[0,4);stores;
        us;34;loads;[0,4);stores;
        <-;section;ffts1_planes_loop_j;;;;175841
      us;33;loads;[0,4);stores;[0,4)
        ->;section;ffts1_planes_loop_j;;;;175849
        us;0;loads;[5840,5920);stores;[5840,5920)
        us;31;loads;[0,8);stores;
        us;32;loads;[0,8);stores;
        us;33;loads;[0,4);stores;
        us;34;loads;[0,4);stores;
        <-;section;ffts1_planes_loop_j;;;;176871
      us;33;loads;[0,4);stores;[0,4)
        ->;section;ffts1_planes_loop_j;;;;176879
        us;0;loads;[5920,6000);stores;[5920,6000)
        us;31;loads;[0,8);stores;
        us;32;loads;[0,8);stores;
        us;33;loads;[0,4);stores;
        us;34;loads;[0,4);stores;
        <-;section;ffts1_planes_loop_j;;;;177901
      us;33;loads;[0,4);stores;[0,4)
        ->;section;ffts1_planes_loop_j;;;;177909
        us;0;loads;[6000,6080);stores;[6000,6080)
        us;31;loads;[0,8);stores;
        us;32;loads;[0,8);stores;
        us;33;loads;[0,4);stores;
        us;34;loads;[0,4);stores;
        <-;section;ffts1_planes_loop_j;;;;178931
      us;33;loads;[0,4);stores;[0,4)
        ->;section;ffts1_planes_loop_j;;;;178939
        us;0;loads;[6080,6160);stores;[6080,6160)
        us;31;loads;[0,8);stores;
        us;32;loads;[0,8);stores;
        us;33;loads;[0,4);stores;
        us;34;loads;[0,4);stores;
        <-;section;ffts1_planes_loop_j;;;;179961
      us;33;loads;[0,4);stores;[0,4)
        ->;section;ffts1_planes_loop_j;;;;179969
        us;0;loads;[6160,6240);stores;[6160,6240)
        us;31;loads;[0,8);stores;
        us;32;loads;[0,8);stores;
        us;33;loads;[0,4);stores;
        us;34;loads;[0,4);stores;
        <-;section;ffts1_planes_loop_j;;;;180991
      us;33;loads;[0,4);stores;[0,4)
        ->;section;ffts1_planes_loop_j;;;;180999
        us;0;loads;[6240,6320);stores;[6240,6320)
        us;31;loads;[0,8);stores;
        us;32;loads;[0,8);stores;
        us;33;loads;[0,4);stores;
        us;34;loads;[0,4);stores;
        <-;section;ffts1_planes_loop_j;;;;182021
      us;33;loads;[0,4);stores;[0,4)
        ->;section;ffts1_planes_loop_j;;;;182029
        us;0;loads;[6320,6400);stores;[6320,6400)
        us;31;loads;[0,8);stores;
        us;32;loads;[0,8);stores;
        us;33;loads;[0,4);stores;
        us;34;loads;[0,4);stores;
        <-;section;ffts1_planes_loop_j;;;;183051
      us;33;loads;[0,4);stores;[0,4)
      <-;section;ffts1_planes_loop_k;;;;183059
    us;34;loads;[0,4);stores;[0,4)
      ->;section;ffts1_planes_loop_k;;;;183067
      us;33;loads;;stores;[0,4)
        ->;section;ffts1_planes_loop_j;;;;183072
        us;0;loads;[6400,6480);stores;[6400,6480)
        us;31;loads;[0,8);stores;
        us;32;loads;[0,8);stores;
        us;33;loads;[0,4);stores;
        us;34;loads;[0,4);stores;
        <-;section;ffts1_planes_loop_j;;;;184094
      us;33;loads;[0,4);stores;[0,4)
        ->;section;ffts1_planes_loop_j;;;;184102
        us;0;loads;[6480,6560);stores;[6480,6560)
        us;31;loads;[0,8);stores;
        us;32;loads;[0,8);stores;
        us;33;loads;[0,4);stores;
        us;34;loads;[0,4);stores;
        <-;section;ffts1_planes_loop_j;;;;185124
      us;33;loads;[0,4);stores;[0,4)
        ->;section;ffts1_planes_loop_j;;;;185132
        us;0;loads;[6560,6640);stores;[6560,6640)
        us;31;loads;[0,8);stores;
        us;32;loads;[0,8);stores;
        us;33;loads;[0,4);stores;
        us;34;loads;[0,4);stores;
        <-;section;ffts1_planes_loop_j;;;;186154
      us;33;loads;[0,4);stores;[0,4)
        ->;section;ffts1_planes_loop_j;;;;186162
        us;0;loads;[6640,6720);stores;[6640,6720)
        us;31;loads;[0,8);stores;
        us;32;loads;[0,8);stores;
        us;33;loads;[0,4);stores;
        us;34;loads;[0,4);stores;
        <-;section;ffts1_planes_loop_j;;;;187184
      us;33;loads;[0,4);stores;[0,4)
        ->;section;ffts1_planes_loop_j;;;;187192
        us;0;loads;[6720,6800);stores;[6720,6800)
        us;31;loads;[0,8);stores;
        us;32;loads;[0,8);stores;
        us;33;loads;[0,4);stores;
        us;34;loads;[0,4);stores;
        <-;section;ffts1_planes_loop_j;;;;188214
      us;33;loads;[0,4);stores;[0,4)
        ->;section;ffts1_planes_loop_j;;;;188222
        us;0;loads;[6800,6880);stores;[6800,6880)
        us;31;loads;[0,8);stores;
        us;32;loads;[0,8);stores;
        us;33;loads;[0,4);stores;
        us;34;loads;[0,4);stores;
        <-;section;ffts1_planes_loop_j;;;;189244
      us;33;loads;[0,4);stores;[0,4)
        ->;section;ffts1_planes_loop_j;;;;189252
        us;0;loads;[6880,6960);stores;[6880,6960)
        us;31;loads;[0,8);stores;
        us;32;loads;[0,8);stores;
        us;33;loads;[0,4);stores;
        us;34;loads;[0,4);stores;
        <-;section;ffts1_planes_loop_j;;;;190274
      us;33;loads;[0,4);stores;[0,4)
        ->;section;ffts1_planes_loop_j;;;;190282
        us;0;loads;[6960,7040);stores;[6960,7040)
        us;31;loads;[0,8);stores;
        us;32;loads;[0,8);stores;
        us;33;loads;[0,4);stores;
        us;34;loads;[0,4);stores;
        <-;section;ffts1_planes_loop_j;;;;191304
      us;33;loads;[0,4);stores;[0,4)
        ->;section;ffts1_planes_loop_j;;;;191312
        us;0;loads;[7040,7120);stores;[7040,7120)
        us;31;loads;[0,8);stores;
        us;32;loads;[0,8);stores;
        us;33;loads;[0,4);stores;
        us;34;loads;[0,4);stores;
        <-;section;ffts1_planes_loop_j;;;;192334
      us;33;loads;[0,4);stores;[0,4)
        ->;section;ffts1_planes_loop_j;;;;192342
        us;0;loads;[7120,7200);stores;[7120,7200)
        us;31;loads;[0,8);stores;
        us;32;loads;[0,8);stores;
        us;33;loads;[0,4);stores;
        us;34;loads;[0,4);stores;
        <-;section;ffts1_planes_loop_j;;;;193364
      us;33;loads;[0,4);stores;[0,4)
      <-;section;ffts1_planes_loop_k;;;;193372
    us;34;loads;[0,4);stores;[0,4)
      ->;section;ffts1_planes_loop_k;;;;193380
      us;33;loads;;stores;[0,4)
        ->;section;ffts1_planes_loop_j;;;;193385
        us;0;loads;[7200,7280);stores;[7200,7280)
        us;31;loads;[0,8);stores;
        us;32;loads;[0,8);stores;
        us;33;loads;[0,4);stores;
        us;34;loads;[0,4);stores;
        <-;section;ffts1_planes_loop_j;;;;194407
      us;33;loads;[0,4);stores;[0,4)
        ->;section;ffts1_planes_loop_j;;;;194415
        us;0;loads;[7280,7360);stores;[7280,7360)
        us;31;loads;[0,8);stores;
        us;32;loads;[0,8);stores;
        us;33;loads;[0,4);stores;
        us;34;loads;[0,4);stores;
        <-;section;ffts1_planes_loop_j;;;;195437
      us;33;loads;[0,4);stores;[0,4)
        ->;section;ffts1_planes_loop_j;;;;195445
        us;0;loads;[7360,7440);stores;[7360,7440)
        us;31;loads;[0,8);stores;
        us;32;loads;[0,8);stores;
        us;33;loads;[0,4);stores;
        us;34;loads;[0,4);stores;
        <-;section;ffts1_planes_loop_j;;;;196467
      us;33;loads;[0,4);stores;[0,4)
        ->;section;ffts1_planes_loop_j;;;;196475
        us;0;loads;[7440,7520);stores;[7440,7520)
        us;31;loads;[0,8);stores;
        us;32;loads;[0,8);stores;
        us;33;loads;[0,4);stores;
        us;34;loads;[0,4);stores;
        <-;section;ffts1_planes_loop_j;;;;197497
      us;33;loads;[0,4);stores;[0,4)
        ->;section;ffts1_planes_loop_j;;;;197505
        us;0;loads;[7520,7600);stores;[7520,7600)
        us;31;loads;[0,8);stores;
        us;32;loads;[0,8);stores;
        us;33;loads;[0,4);stores;
        us;34;loads;[0,4);stores;
        <-;section;ffts1_planes_loop_j;;;;198527
      us;33;loads;[0,4);stores;[0,4)
        ->;section;ffts1_planes_loop_j;;;;198535
        us;0;loads;[7600,7680);stores;[7600,7680)
        us;31;loads;[0,8);stores;
        us;32;loads;[0,8);stores;
        us;33;loads;[0,4);stores;
        us;34;loads;[0,4);stores;
        <-;section;ffts1_planes_loop_j;;;;199557
      us;33;loads;[0,4);stores;[0,4)
        ->;section;ffts1_planes_loop_j;;;;199565
        us;0;loads;[7680,7760);stores;[7680,7760)
        us;31;loads;[0,8);stores;
        us;32;loads;[0,8);stores;
        us;33;loads;[0,4);stores;
        us;34;loads;[0,4);stores;
        <-;section;ffts1_planes_loop_j;;;;200587
      us;33;loads;[0,4);stores;[0,4)
        ->;section;ffts1_planes_loop_j;;;;200595
        us;0;loads;[7760,7840);stores;[7760,7840)
        us;31;loads;[0,8);stores;
        us;32;loads;[0,8);stores;
        us;33;loads;[0,4);stores;
        us;34;loads;[0,4);stores;
        <-;section;ffts1_planes_loop_j;;;;201617
      us;33;loads;[0,4);stores;[0,4)
        ->;section;ffts1_planes_loop_j;;;;201625
        us;0;loads;[7840,7920);stores;[7840,7920)
        us;31;loads;[0,8);stores;
        us;32;loads;[0,8);stores;
        us;33;loads;[0,4);stores;
        us;34;loads;[0,4);stores;
        <-;section;ffts1_planes_loop_j;;;;202647
      us;33;loads;[0,4);stores;[0,4)
        ->;section;ffts1_planes_loop_j;;;;202655
        us;0;loads;[7920,8000);stores;[7920,8000)
        us;31;loads;[0,8);stores;
        us;32;loads;[0,8);stores;
        us;33;loads;[0,4);stores;
        us;34;loads;[0,4);stores;
        <-;section;ffts1_planes_loop_j;;;;203677
      us;33;loads;[0,4);stores;[0,4)
      <-;section;ffts1_planes_loop_k;;;;203685
    us;34;loads;[0,4);stores;[0,4)
    dl;31;[0x7ffd0e1b9e18,+8);stack;p1d;-|
    dl;32;[0x7ffd0e1b9e10,+8);stack;in_fftw;-|
    dl;33;[0x7ffd0e1b9e0c,+4);stack;j;-|
    dl;34;[0x7ffd0e1b9e08,+4);stack;k;-|
    <-;section;planes1;;;;203696
    ->;section;xy_planes1;;;;203696
    nw;35;[0x7ffd0e1b9e18,+8);stack;tmp_fftw;-|
    nw;36;[0x7ffd0e1b9e10,+8);stack;in_fftw;-|
    nw;37;[0x7ffd0e1b9e0c,+4);stack;k;-|
    nw;38;[0x7ffd0e1b9e08,+4);stack;j;-|
    nw;39;[0x7ffd0e1b9e04,+4);stack;i;-|
    us;35;loads;;stores;[0,8)
    us;36;loads;;stores;[0,8)
    us;37;loads;;stores;[0,4)
      ->;section;xy_planes_loop_k;;;;203708
      us;38;loads;;stores;[0,4)
        ->;section;xy_planes_loop_j;;;;203713
        us;0;loads;[0,80);stores;
        us;5;loads;;stores;[0,8)[80,88)[160,168)[240,248)[320,328)[400,408)[480,488)[560,568)[640,648)[720,728)
        us;35;loads;[0,8);stores;
        us;36;loads;[0,8);stores;
        us;37;loads;[0,4);stores;
        us;38;loads;[0,4);stores;
        us;39;loads;;stores;[0,4)
        <-;section;xy_planes_loop_j;;;;204278
      us;38;loads;[0,4);stores;[0,4)
        ->;section;xy_planes_loop_j;;;;204286
        us;0;loads;[80,160);stores;
        us;5;loads;;stores;[8,16)[88,96)[168,176)[248,256)[328,336)[408,416)[488,496)[568,576)[648,656)[728,736)
        us;35;loads;[0,8);stores;
        us;36;loads;[0,8);stores;
        us;37;loads;[0,4);stores;
        us;38;loads;[0,4);stores;
        us;39;loads;;stores;[0,4)
        <-;section;xy_planes_loop_j;;;;204851
      us;38;loads;[0,4);stores;[0,4)
        ->;section;xy_planes_loop_j;;;;204859
        us;0;loads;[160,240);stores;
        us;5;loads;;stores;[16,24)[96,104)[176,184)[256,264)[336,344)[416,424)[496,504)[576,584)[656,664)[736,744)
        us;35;loads;[0,8);stores;
        us;36;loads;[0,8);stores;
        us;37;loads;[0,4);stores;
        us;38;loads;[0,4);stores;
        us;39;loads;;stores;[0,4)
        <-;section;xy_planes_loop_j;;;;205424
      us;38;loads;[0,4);stores;[0,4)
        ->;section;xy_planes_loop_j;;;;205432
        us;0;loads;[240,320);stores;
        us;5;loads;;stores;[24,32)[104,112)[184,192)[264,272)[344,352)[424,432)[504,512)[584,592)[664,672)[744,752)
        us;35;loads;[0,8);stores;
        us;36;loads;[0,8);stores;
        us;37;loads;[0,4);stores;
        us;38;loads;[0,4);stores;
        us;39;loads;;stores;[0,4)
        <-;section;xy_planes_loop_j;;;;205997
      us;38;loads;[0,4);stores;[0,4)
        ->;section;xy_planes_loop_j;;;;206005
        us;0;loads;[320,400);stores;
        us;5;loads;;stores;[32,40)[112,120)[192,200)[272,280)[352,360)[432,440)[512,520)[592,600)[672,680)[752,760)
        us;35;loads;[0,8);stores;
        us;36;loads;[0,8);stores;
        us;37;loads;[0,4);stores;
        us;38;loads;[0,4);stores;
        us;39;loads;;stores;[0,4)
        <-;section;xy_planes_loop_j;;;;206570
      us;38;loads;[0,4);stores;[0,4)
        ->;section;xy_planes_loop_j;;;;206578
        us;0;loads;[400,480);stores;
        us;5;loads;;stores;[40,48)[120,128)[200,208)[280,288)[360,368)[440,448)[520,528)[600,608)[680,688)[760,768)
        us;35;loads;[0,8);stores;
        us;36;loads;[0,8);stores;
        us;37;loads;[0,4);stores;
        us;38;loads;[0,4);stores;
        us;39;loads;;stores;[0,4)
        <-;section;xy_planes_loop_j;;;;207143
      us;38;loads;[0,4);stores;[0,4)
        ->;section;xy_planes_loop_j;;;;207151
        us;0;loads;[480,560);stores;
        us;5;loads;;stores;[48,56)[128,136)[208,216)[288,296)[368,376)[448,456)[528,536)[608,616)[688,696)[768,776)
        us;35;loads;[0,8);stores;
        us;36;loads;[0,8);stores;
        us;37;loads;[0,4);stores;
        us;38;loads;[0,4);stores;
        us;39;loads;;stores;[0,4)
        <-;section;xy_planes_loop_j;;;;207716
      us;38;loads;[0,4);stores;[0,4)
        ->;section;xy_planes_loop_j;;;;207724
        us;0;loads;[560,640);stores;
        us;5;loads;;stores;[56,64)[136,144)[216,224)[296,304)[376,384)[456,464)[536,544)[616,624)[696,704)[776,784)
        us;35;loads;[0,8);stores;
        us;36;loads;[0,8);stores;
        us;37;loads;[0,4);stores;
        us;38;loads;[0,4);stores;
        us;39;loads;;stores;[0,4)
        <-;section;xy_planes_loop_j;;;;208289
      us;38;loads;[0,4);stores;[0,4)
        ->;section;xy_planes_loop_j;;;;208297
        us;0;loads;[640,720);stores;
        us;5;loads;;stores;[64,72)[144,152)[224,232)[304,312)[384,392)[464,472)[544,552)[624,632)[704,712)[784,792)
        us;35;loads;[0,8);stores;
        us;36;loads;[0,8);stores;
        us;37;loads;[0,4);stores;
        us;38;loads;[0,4);stores;
        us;39;loads;;stores;[0,4)
        <-;section;xy_planes_loop_j;;;;208862
      us;38;loads;[0,4);stores;[0,4)
        ->;section;xy_planes_loop_j;;;;208870
        us;0;loads;[720,800);stores;
        us;5;loads;;stores;[72,80)[152,160)[232,240)[312,320)[392,400)[472,480)[552,560)[632,640)[712,720)[792,800)
        us;35;loads;[0,8);stores;
        us;36;loads;[0,8);stores;
        us;37;loads;[0,4);stores;
        us;38;loads;[0,4);stores;
        us;39;loads;;stores;[0,4)
        <-;section;xy_planes_loop_j;;;;209435
      us;38;loads;[0,4);stores;[0,4)
      <-;section;xy_planes_loop_k;;;;209443
    us;37;loads;[0,4);stores;[0,4)
      ->;section;xy_planes_loop_k;;;;209451
      us;38;loads;;stores;[0,4)
        ->;section;xy_planes_loop_j;;;;209456
        us;0;loads;[800,880);stores;
        us;5;loads;;stores;[800,808)[880,888)[960,968)[1040,1048)[1120,1128)[1200,1208)[1280,1288)[1360,1368)[1440,1448)[1520,1528)
        us;35;loads;[0,8);stores;
        us;36;loads;[0,8);stores;
        us;37;loads;[0,4);stores;
        us;38;loads;[0,4);stores;
        us;39;loads;;stores;[0,4)
        <-;section;xy_planes_loop_j;;;;210021
      us;38;loads;[0,4);stores;[0,4)
        ->;section;xy_planes_loop_j;;;;210029
        us;0;loads;[880,960);stores;
        us;5;loads;;stores;[808,816)[888,896)[968,976)[1048,1056)[1128,1136)[1208,1216)[1288,1296)[1368,1376)[1448,1456)[1528,1536)
        us;35;loads;[0,8);stores;
        us;36;loads;[0,8);stores;
        us;37;loads;[0,4);stores;
        us;38;loads;[0,4);stores;
        us;39;loads;;stores;[0,4)
        <-;section;xy_planes_loop_j;;;;210594
      us;38;loads;[0,4);stores;[0,4)
        ->;section;xy_planes_loop_j;;;;210602
        us;0;loads;[960,1040);stores;
        us;5;loads;;stores;[816,824)[896,904)[976,984)[1056,1064)[1136,1144)[1216,1224)[1296,1304)[1376,1384)[1456,1464)[1536,1544)
        us;35;loads;[0,8);stores;
        us;36;loads;[0,8);stores;
        us;37;loads;[0,4);stores;
        us;38;loads;[0,4);stores;
        us;39;loads;;stores;[0,4)
        <-;section;xy_planes_loop_j;;;;211167
      us;38;loads;[0,4);stores;[0,4)
        ->;section;xy_planes_loop_j;;;;211175
        us;0;loads;[1040,1120);stores;
        us;5;loads;;stores;[824,832)[904,912)[984,992)[1064,1072)[1144,1152)[1224,1232)[1304,1312)[1384,1392)[1464,1472)[1544,1552)
        us;35;loads;[0,8);stores;
        us;36;loads;[0,8);stores;
        us;37;loads;[0,4);stores;
        us;38;loads;[0,4);stores;
        us;39;loads;;stores;[0,4)
        <-;section;xy_planes_loop_j;;;;211740
      us;38;loads;[0,4);stores;[0,4)
        ->;section;xy_planes_loop_j;;;;211748
        us;0;loads;[1120,1200);stores;
        us;5;loads;;stores;[832,840)[912,920)[992,1000)[1072,1080)[1152,1160)[1232,1240)[1312,1320)[1392,1400)[1472,1480)[1552,1560)
        us;35;loads;[0,8);stores;
        us;36;loads;[0,8);stores;
        us;37;loads;[0,4);stores;
        us;38;loads;[0,4);stores;
        us;39;loads;;stores;[0,4)
        <-;section;xy_planes_loop_j;;;;212313
      us;38;loads;[0,4);stores;[0,4)
        ->;section;xy_planes_loop_j;;;;212321
        us;0;loads;[1200,1280);stores;
        us;5;loads;;stores;[840,848)[920,928)[1000,1008)[1080,1088)[1160,1168)[1240,1248)[1320,1328)[1400,1408)[1480,1488)[1560,1568)
        us;35;loads;[0,8);stores;
        us;36;loads;[0,8);stores;
        us;37;loads;[0,4);stores;
        us;38;loads;[0,4);stores;
        us;39;loads;;stores;[0,4)
        <-;section;xy_planes_loop_j;;;;212886
      us;38;loads;[0,4);stores;[0,4)
        ->;section;xy_planes_loop_j;;;;212894
        us;0;loads;[1280,1360);stores;
        us;5;loads;;stores;[848,856)[928,936)[1008,1016)[1088,1096)[1168,1176)[1248,1256)[1328,1336)[1408,1416)[1488,1496)[1568,1576)
        us;35;loads;[0,8);stores;
        us;36;loads;[0,8);stores;
        us;37;loads;[0,4);stores;
        us;38;loads;[0,4);stores;
        us;39;loads;;stores;[0,4)
        <-;section;xy_planes_loop_j;;;;213459
      us;38;loads;[0,4);stores;[0,4)
        ->;section;xy_planes_loop_j;;;;213467
        us;0;loads;[1360,1440);stores;
        us;5;loads;;stores;[856,864)[936,944)[1016,1024)[1096,1104)[1176,1184)[1256,1264)[1336,1344)[1416,1424)[1496,1504)[1576,1584)
        us;35;loads;[0,8);stores;
        us;36;loads;[0,8);stores;
        us;37;loads;[0,4);stores;
        us;38;loads;[0,4);stores;
        us;39;loads;;stores;[0,4)
        <-;section;xy_planes_loop_j;;;;214032
      us;38;loads;[0,4);stores;[0,4)
        ->;section;xy_planes_loop_j;;;;214040
        us;0;loads;[1440,1520);stores;
        us;5;loads;;stores;[864,872)[944,952)[1024,1032)[1104,1112)[1184,1192)[1264,1272)[1344,1352)[1424,1432)[1504,1512)[1584,1592)
        us;35;loads;[0,8);stores;
        us;36;loads;[0,8);stores;
        us;37;loads;[0,4);stores;
        us;38;loads;[0,4);stores;
        us;39;loads;;stores;[0,4)
        <-;section;xy_planes_loop_j;;;;214605
      us;38;loads;[0,4);stores;[0,4)
        ->;section;xy_planes_loop_j;;;;214613
        us;0;loads;[1520,1600);stores;
        us;5;loads;;stores;[872,880)[952,960)[1032,1040)[1112,1120)[1192,1200)[1272,1280)[1352,1360)[1432,1440)[1512,1520)[1592,1600)
        us;35;loads;[0,8);stores;
        us;36;loads;[0,8);stores;
        us;37;loads;[0,4);stores;
        us;38;loads;[0,4);stores;
        us;39;loads;;stores;[0,4)
        <-;section;xy_planes_loop_j;;;;215178
      us;38;loads;[0,4);stores;[0,4)
      <-;section;xy_planes_loop_k;;;;215186
    us;37;loads;[0,4);stores;[0,4)
      ->;section;xy_planes_loop_k;;;;215194
      us;38;loads;;stores;[0,4)
        ->;section;xy_planes_loop_j;;;;215199
        us;0;loads;[1600,1680);stores;
        us;5;loads;;stores;[1600,1608)[1680,1688)[1760,1768)[1840,1848)[1920,1928)[2000,2008)[2080,2088)[2160,2168)[2240,2248)[2320,2328)
        us;35;loads;[0,8);stores;
        us;36;loads;[0,8);stores;
        us;37;loads;[0,4);stores;
        us;38;loads;[0,4);stores;
        us;39;loads;;stores;[0,4)
        <-;section;xy_planes_loop_j;;;;215764
      us;38;loads;[0,4);stores;[0,4)
        ->;section;xy_planes_loop_j;;;;215772
        us;0;loads;[1680,1760);stores;
        us;5;loads;;stores;[1608,1616)[1688,1696)[1768,1776)[1848,1856)[1928,1936)[2008,2016)[2088,2096)[2168,2176)[2248,2256)[2328,2336)
        us;35;loads;[0,8);stores;
        us;36;loads;[0,8);stores;
        us;37;loads;[0,4);stores;
        us;38;loads;[0,4);stores;
        us;39;loads;;stores;[0,4)
        <-;section;xy_planes_loop_j;;;;216337
      us;38;loads;[0,4);stores;[0,4)
        ->;section;xy_planes_loop_j;;;;216345
        us;0;loads;[1760,1840);stores;
        us;5;loads;;stores;[1616,1624)[1696,1704)[1776,1784)[1856,1864)[1936,1944)[2016,2024)[2096,2104)[2176,2184)[2256,2264)[2336,2344)
        us;35;loads;[0,8);stores;
        us;36;loads;[0,8);stores;
        us;37;loads;[0,4);stores;
        us;38;loads;[0,4);stores;
        us;39;loads;;stores;[0,4)
        <-;section;xy_planes_loop_j;;;;216910
      us;38;loads;[0,4);stores;[0,4)
        ->;section;xy_planes_loop_j;;;;216918
        us;0;loads;[1840,1920);stores;
        us;5;loads;;stores;[1624,1632)[1704,1712)[1784,1792)[1864,1872)[1944,1952)[2024,2032)[2104,2112)[2184,2192)[2264,2272)[2344,2352)
        us;35;loads;[0,8);stores;
        us;36;loads;[0,8);stores;
        us;37;loads;[0,4);stores;
        us;38;loads;[0,4);stores;
        us;39;loads;;stores;[0,4)
        <-;section;xy_planes_loop_j;;;;217483
      us;38;loads;[0,4);stores;[0,4)
        ->;section;xy_planes_loop_j;;;;217491
        us;0;loads;[1920,2000);stores;
        us;5;loads;;stores;[1632,1640)[1712,1720)[1792,1800)[1872,1880)[1952,1960)[2032,2040)[2112,2120)[2192,2200)[2272,2280)[2352,2360)
        us;35;loads;[0,8);stores;
        us;36;loads;[0,8);stores;
        us;37;loads;[0,4);stores;
        us;38;loads;[0,4);stores;
        us;39;loads;;stores;[0,4)
        <-;section;xy_planes_loop_j;;;;218056
      us;38;loads;[0,4);stores;[0,4)
        ->;section;xy_planes_loop_j;;;;218064
        us;0;loads;[2000,2080);stores;
        us;5;loads;;stores;[1640,1648)[1720,1728)[1800,1808)[1880,1888)[1960,1968)[2040,2048)[2120,2128)[2200,2208)[2280,2288)[2360,2368)
        us;35;loads;[0,8);stores;
        us;36;loads;[0,8);stores;
        us;37;loads;[0,4);stores;
        us;38;loads;[0,4);stores;
        us;39;loads;;stores;[0,4)
        <-;section;xy_planes_loop_j;;;;218629
      us;38;loads;[0,4);stores;[0,4)
        ->;section;xy_planes_loop_j;;;;218637
        us;0;loads;[2080,2160);stores;
        us;5;loads;;stores;[1648,1656)[1728,1736)[1808,1816)[1888,1896)[1968,1976)[2048,2056)[2128,2136)[2208,2216)[2288,2296)[2368,2376)
        us;35;loads;[0,8);stores;
        us;36;loads;[0,8);stores;
        us;37;loads;[0,4);stores;
        us;38;loads;[0,4);stores;
        us;39;loads;;stores;[0,4)
        <-;section;xy_planes_loop_j;;;;219202
      us;38;loads;[0,4);stores;[0,4)
        ->;section;xy_planes_loop_j;;;;219210
        us;0;loads;[2160,2240);stores;
        us;5;loads;;stores;[1656,1664)[1736,1744)[1816,1824)[1896,1904)[1976,1984)[2056,2064)[2136,2144)[2216,2224)[2296,2304)[2376,2384)
        us;35;loads;[0,8);stores;
        us;36;loads;[0,8);stores;
        us;37;loads;[0,4);stores;
        us;38;loads;[0,4);stores;
        us;39;loads;;stores;[0,4)
        <-;section;xy_planes_loop_j;;;;219775
      us;38;loads;[0,4);stores;[0,4)
        ->;section;xy_planes_loop_j;;;;219783
        us;0;loads;[2240,2320);stores;
        us;5;loads;;stores;[1664,1672)[1744,1752)[1824,1832)[1904,1912)[1984,1992)[2064,2072)[2144,2152)[2224,2232)[2304,2312)[2384,2392)
        us;35;loads;[0,8);stores;
        us;36;loads;[0,8);stores;
        us;37;loads;[0,4);stores;
        us;38;loads;[0,4);stores;
        us;39;loads;;stores;[0,4)
        <-;section;xy_planes_loop_j;;;;220348
      us;38;loads;[0,4);stores;[0,4)
        ->;section;xy_planes_loop_j;;;;220356
        us;0;loads;[2320,2400);stores;
        us;5;loads;;stores;[1672,1680)[1752,1760)[1832,1840)[1912,1920)[1992,2000)[2072,2080)[2152,2160)[2232,2240)[2312,2320)[2392,2400)
        us;35;loads;[0,8);stores;
        us;36;loads;[0,8);stores;
        us;37;loads;[0,4);stores;
        us;38;loads;[0,4);stores;
        us;39;loads;;stores;[0,4)
        <-;section;xy_planes_loop_j;;;;220921
      us;38;loads;[0,4);stores;[0,4)
      <-;section;xy_planes_loop_k;;;;220929
    us;37;loads;[0,4);stores;[0,4)
      ->;section;xy_planes_loop_k;;;;220937
      us;38;loads;;stores;[0,4)
        ->;section;xy_planes_loop_j;;;;220942
        us;0;loads;[2400,2480);stores;
        us;5;loads;;stores;[2400,2408)[2480,2488)[2560,2568)[2640,2648)[2720,2728)[2800,2808)[2880,2888)[2960,2968)[3040,3048)[3120,3128)
        us;35;loads;[0,8);stores;
        us;36;loads;[0,8);stores;
        us;37;loads;[0,4);stores;
        us;38;loads;[0,4);stores;
        us;39;loads;;stores;[0,4)
        <-;section;xy_planes_loop_j;;;;221507
      us;38;loads;[0,4);stores;[0,4)
        ->;section;xy_planes_loop_j;;;;221515
        us;0;loads;[2480,2560);stores;
        us;5;loads;;stores;[2408,2416)[2488,2496)[2568,2576)[2648,2656)[2728,2736)[2808,2816)[2888,2896)[2968,2976)[3048,3056)[3128,3136)
        us;35;loads;[0,8);stores;
        us;36;loads;[0,8);stores;
        us;37;loads;[0,4);stores;
        us;38;loads;[0,4);stores;
        us;39;loads;;stores;[0,4)
        <-;section;xy_planes_loop_j;;;;222080
      us;38;loads;[0,4);stores;[0,4)
        ->;section;xy_planes_loop_j;;;;222088
        us;0;loads;[2560,2640);stores;
        us;5;loads;;stores;[2416,2424)[2496,2504)[2576,2584)[2656,2664)[2736,2744)[2816,2824)[2896,2904)[2976,2984)[3056,3064)[3136,3144)
        us;35;loads;[0,8);stores;
        us;36;loads;[0,8);stores;
        us;37;loads;[0,4);stores;
        us;38;loads;[0,4);stores;
        us;39;loads;;stores;[0,4)
        <-;section;xy_planes_loop_j;;;;222653
      us;38;loads;[0,4);stores;[0,4)
        ->;section;xy_planes_loop_j;;;;222661
        us;0;loads;[2640,2720);stores;
        us;5;loads;;stores;[2424,2432)[2504,2512)[2584,2592)[2664,2672)[2744,2752)[2824,2832)[2904,2912)[2984,2992)[3064,3072)[3144,3152)
        us;35;loads;[0,8);stores;
        us;36;loads;[0,8);stores;
        us;37;loads;[0,4);stores;
        us;38;loads;[0,4);stores;
        us;39;loads;;stores;[0,4)
        <-;section;xy_planes_loop_j;;;;223226
      us;38;loads;[0,4);stores;[0,4)
        ->;section;xy_planes_loop_j;;;;223234
        us;0;loads;[2720,2800);stores;
        us;5;loads;;stores;[2432,2440)[2512,2520)[2592,2600)[2672,2680)[2752,2760)[2832,2840)[2912,2920)[2992,3000)[3072,3080)[3152,3160)
        us;35;loads;[0,8);stores;
        us;36;loads;[0,8);stores;
        us;37;loads;[0,4);stores;
        us;38;loads;[0,4);stores;
        us;39;loads;;stores;[0,4)
        <-;section;xy_planes_loop_j;;;;223799
      us;38;loads;[0,4);stores;[0,4)
        ->;section;xy_planes_loop_j;;;;223807
        us;0;loads;[2800,2880);stores;
        us;5;loads;;stores;[2440,2448)[2520,2528)[2600,2608)[2680,2688)[2760,2768)[2840,2848)[2920,2928)[3000,3008)[3080,3088)[3160,3168)
        us;35;loads;[0,8);stores;
        us;36;loads;[0,8);stores;
        us;37;loads;[0,4);stores;
        us;38;loads;[0,4);stores;
        us;39;loads;;stores;[0,4)
        <-;section;xy_planes_loop_j;;;;224372
      us;38;loads;[0,4);stores;[0,4)
        ->;section;xy_planes_loop_j;;;;224380
        us;0;loads;[2880,2960);stores;
        us;5;loads;;stores;[2448,2456)[2528,2536)[2608,2616)[2688,2696)[2768,2776)[2848,2856)[2928,2936)[3008,3016)[3088,3096)[3168,3176)
        us;35;loads;[0,8);stores;
        us;36;loads;[0,8);stores;
        us;37;loads;[0,4);stores;
        us;38;loads;[0,4);stores;
        us;39;loads;;stores;[0,4)
        <-;section;xy_planes_loop_j;;;;224945
      us;38;loads;[0,4);stores;[0,4)
        ->;section;xy_planes_loop_j;;;;224953
        us;0;loads;[2960,3040);stores;
        us;5;loads;;stores;[2456,2464)[2536,2544)[2616,2624)[2696,2704)[2776,2784)[2856,2864)[2936,2944)[3016,3024)[3096,3104)[3176,3184)
        us;35;loads;[0,8);stores;
        us;36;loads;[0,8);stores;
        us;37;loads;[0,4);stores;
        us;38;loads;[0,4);stores;
        us;39;loads;;stores;[0,4)
        <-;section;xy_planes_loop_j;;;;225518
      us;38;loads;[0,4);stores;[0,4)
        ->;section;xy_planes_loop_j;;;;225526
        us;0;loads;[3040,3120);stores;
        us;5;loads;;stores;[2464,2472)[2544,2552)[2624,2632)[2704,2712)[2784,2792)[2864,2872)[2944,2952)[3024,3032)[3104,3112)[3184,3192)
        us;35;loads;[0,8);stores;
        us;36;loads;[0,8);stores;
        us;37;loads;[0,4);stores;
        us;38;loads;[0,4);stores;
        us;39;loads;;stores;[0,4)
        <-;section;xy_planes_loop_j;;;;226091
      us;38;loads;[0,4);stores;[0,4)
        ->;section;xy_planes_loop_j;;;;226099
        us;0;loads;[3120,3200);stores;
        us;5;loads;;stores;[2472,2480)[2552,2560)[2632,2640)[2712,2720)[2792,2800)[2872,2880)[2952,2960)[3032,3040)[3112,3120)[3192,3200)
        us;35;loads;[0,8);stores;
        us;36;loads;[0,8);stores;
        us;37;loads;[0,4);stores;
        us;38;loads;[0,4);stores;
        us;39;loads;;stores;[0,4)
        <-;section;xy_planes_loop_j;;;;226664
      us;38;loads;[0,4);stores;[0,4)
      <-;section;xy_planes_loop_k;;;;226672
    us;37;loads;[0,4);stores;[0,4)
      ->;section;xy_planes_loop_k;;;;226680
      us;38;loads;;stores;[0,4)
        ->;section;xy_planes_loop_j;;;;226685
        us;0;loads;[3200,3280);stores;
        us;5;loads;;stores;[3200,3208)[3280,3288)[3360,3368)[3440,3448)[3520,3528)[3600,3608)[3680,3688)[3760,3768)[3840,3848)[3920,3928)
        us;35;loads;[0,8);stores;
        us;36;loads;[0,8);stores;
        us;37;loads;[0,4);stores;
        us;38;loads;[0,4);stores;
        us;39;loads;;stores;[0,4)
        <-;section;xy_planes_loop_j;;;;227250
      us;38;loads;[0,4);stores;[0,4)
        ->;section;xy_planes_loop_j;;;;227258
        us;0;loads;[3280,3360);stores;
        us;5;loads;;stores;[3208,3216)[3288,3296)[3368,3376)[3448,3456)[3528,3536)[3608,3616)[3688,3696)[3768,3776)[3848,3856)[3928,3936)
        us;35;loads;[0,8);stores;
        us;36;loads;[0,8);stores;
        us;37;loads;[0,4);stores;
        us;38;loads;[0,4);stores;
        us;39;loads;;stores;[0,4)
        <-;section;xy_planes_loop_j;;;;227823
      us;38;loads;[0,4);stores;[0,4)
        ->;section;xy_planes_loop_j;;;;227831
        us;0;loads;[3360,3440);stores;
        us;5;loads;;stores;[3216,3224)[3296,3304)[3376,3384)[3456,3464)[3536,3544)[3616,3624)[3696,3704)[3776,3784)[3856,3864)[3936,3944)
        us;35;loads;[0,8);stores;
        us;36;loads;[0,8);stores;
        us;37;loads;[0,4);stores;
        us;38;loads;[0,4);stores;
        us;39;loads;;stores;[0,4)
        <-;section;xy_planes_loop_j;;;;228396
      us;38;loads;[0,4);stores;[0,4)
        ->;section;xy_planes_loop_j;;;;228404
        us;0;loads;[3440,3520);stores;
        us;5;loads;;stores;[3224,3232)[3304,3312)[3384,3392)[3464,3472)[3544,3552)[3624,3632)[3704,3712)[3784,3792)[3864,3872)[3944,3952)
        us;35;loads;[0,8);stores;
        us;36;loads;[0,8);stores;
        us;37;loads;[0,4);stores;
        us;38;loads;[0,4);stores;
        us;39;loads;;stores;[0,4)
        <-;section;xy_planes_loop_j;;;;228969
      us;38;loads;[0,4);stores;[0,4)
        ->;section;xy_planes_loop_j;;;;228977
        us;0;loads;[3520,3600);stores;
        us;5;loads;;stores;[3232,3240)[3312,3320)[3392,3400)[3472,3480)[3552,3560)[3632,3640)[3712,3720)[3792,3800)[3872,3880)[3952,3960)
        us;35;loads;[0,8);stores;
        us;36;loads;[0,8);stores;
        us;37;loads;[0,4);stores;
        us;38;loads;[0,4);stores;
        us;39;loads;;stores;[0,4)
        <-;section;xy_planes_loop_j;;;;229542
      us;38;loads;[0,4);stores;[0,4)
        ->;section;xy_planes_loop_j;;;;229550
        us;0;loads;[3600,3680);stores;
        us;5;loads;;stores;[3240,3248)[3320,3328)[3400,3408)[3480,3488)[3560,3568)[3640,3648)[3720,3728)[3800,3808)[3880,3888)[3960,3968)
        us;35;loads;[0,8);stores;
        us;36;loads;[0,8);stores;
        us;37;loads;[0,4);stores;
        us;38;loads;[0,4);stores;
        us;39;loads;;stores;[0,4)
        <-;section;xy_planes_loop_j;;;;230115
      us;38;loads;[0,4);stores;[0,4)
        ->;section;xy_planes_loop_j;;;;230123
        us;0;loads;[3680,3760);stores;
        us;5;loads;;stores;[3248,3256)[3328,3336)[3408,3416)[3488,3496)[3568,3576)[3648,3656)[3728,3736)[3808,3816)[3888,3896)[3968,3976)
        us;35;loads;[0,8);stores;
        us;36;loads;[0,8);stores;
        us;37;loads;[0,4);stores;
        us;38;loads;[0,4);stores;
        us;39;loads;;stores;[0,4)
        <-;section;xy_planes_loop_j;;;;230688
      us;38;loads;[0,4);stores;[0,4)
        ->;section;xy_planes_loop_j;;;;230696
        us;0;loads;[3760,3840);stores;
        us;5;loads;;stores;[3256,3264)[3336,3344)[3416,3424)[3496,3504)[3576,3584)[3656,3664)[3736,3744)[3816,3824)[3896,3904)[3976,3984)
        us;35;loads;[0,8);stores;
        us;36;loads;[0,8);stores;
        us;37;loads;[0,4);stores;
        us;38;loads;[0,4);stores;
        us;39;loads;;stores;[0,4)
        <-;section;xy_planes_loop_j;;;;231261
      us;38;loads;[0,4);stores;[0,4)
        ->;section;xy_planes_loop_j;;;;231269
        us;0;loads;[3840,3920);stores;
        us;5;loads;;stores;[3264,3272)[3344,3352)[3424,3432)[3504,3512)[3584,3592)[3664,3672)[3744,3752)[3824,3832)[3904,3912)[3984,3992)
        us;35;loads;[0,8);stores;
        us;36;loads;[0,8);stores;
        us;37;loads;[0,4);stores;
        us;38;loads;[0,4);stores;
        us;39;loads;;stores;[0,4)
        <-;section;xy_planes_loop_j;;;;231834
      us;38;loads;[0,4);stores;[0,4)
        ->;section;xy_planes_loop_j;;;;231842
        us;0;loads;[3920,4000);stores;
        us;5;loads;;stores;[3272,3280)[3352,3360)[3432,3440)[3512,3520)[3592,3600)[3672,3680)[3752,3760)[3832,3840)[3912,3920)[3992,4000)
        us;35;loads;[0,8);stores;
        us;36;loads;[0,8);stores;
        us;37;loads;[0,4);stores;
        us;38;loads;[0,4);stores;
        us;39;loads;;stores;[0,4)
        <-;section;xy_planes_loop_j;;;;232407
      us;38;loads;[0,4);stores;[0,4)
      <-;section;xy_planes_loop_k;;;;232415
    us;37;loads;[0,4);stores;[0,4)
      ->;section;xy_planes_loop_k;;;;232423
      us;38;loads;;stores;[0,4)
        ->;section;xy_planes_loop_j;;;;232428
        us;0;loads;[4000,4080);stores;
        us;5;loads;;stores;[4000,4008)[4080,4088)[4160,4168)[4240,4248)[4320,4328)[4400,4408)[4480,4488)[4560,4568)[4640,4648)[4720,4728)
        us;35;loads;[0,8);stores;
        us;36;loads;[0,8);stores;
        us;37;loads;[0,4);stores;
        us;38;loads;[0,4);stores;
        us;39;loads;;stores;[0,4)
        <-;section;xy_planes_loop_j;;;;232993
      us;38;loads;[0,4);stores;[0,4)
        ->;section;xy_planes_loop_j;;;;233001
        us;0;loads;[4080,4160);stores;
        us;5;loads;;stores;[4008,4016)[4088,4096)[4168,4176)[4248,4256)[4328,4336)[4408,4416)[4488,4496)[4568,4576)[4648,4656)[4728,4736)
        us;35;loads;[0,8);stores;
        us;36;loads;[0,8);stores;
        us;37;loads;[0,4);stores;
        us;38;loads;[0,4);stores;
        us;39;loads;;stores;[0,4)
        <-;section;xy_planes_loop_j;;;;233566
      us;38;loads;[0,4);stores;[0,4)
        ->;section;xy_planes_loop_j;;;;233574
        us;0;loads;[4160,4240);stores;
        us;5;loads;;stores;[4016,4024)[4096,4104)[4176,4184)[4256,4264)[4336,4344)[4416,4424)[4496,4504)[4576,4584)[4656,4664)[4736,4744)
        us;35;loads;[0,8);stores;
        us;36;loads;[0,8);stores;
        us;37;loads;[0,4);stores;
        us;38;loads;[0,4);stores;
        us;39;loads;;stores;[0,4)
        <-;section;xy_planes_loop_j;;;;234139
      us;38;loads;[0,4);stores;[0,4)
        ->;section;xy_planes_loop_j;;;;234147
        us;0;loads;[4240,4320);stores;
        us;5;loads;;stores;[4024,4032)[4104,4112)[4184,4192)[4264,4272)[4344,4352)[4424,4432)[4504,4512)[4584,4592)[4664,4672)[4744,4752)
        us;35;loads;[0,8);stores;
        us;36;loads;[0,8);stores;
        us;37;loads;[0,4);stores;
        us;38;loads;[0,4);stores;
        us;39;loads;;stores;[0,4)
        <-;section;xy_planes_loop_j;;;;234712
      us;38;loads;[0,4);stores;[0,4)
        ->;section;xy_planes_loop_j;;;;234720
        us;0;loads;[4320,4400);stores;
        us;5;loads;;stores;[4032,4040)[4112,4120)[4192,4200)[4272,4280)[4352,4360)[4432,4440)[4512,4520)[4592,4600)[4672,4680)[4752,4760)
        us;35;loads;[0,8);stores;
        us;36;loads;[0,8);stores;
        us;37;loads;[0,4);stores;
        us;38;loads;[0,4);stores;
        us;39;loads;;stores;[0,4)
        <-;section;xy_planes_loop_j;;;;235285
      us;38;loads;[0,4);stores;[0,4)
        ->;section;xy_planes_loop_j;;;;235293
        us;0;loads;[4400,4480);stores;
        us;5;loads;;stores;[4040,4048)[4120,4128)[4200,4208)[4280,4288)[4360,4368)[4440,4448)[4520,4528)[4600,4608)[4680,4688)[4760,4768)
        us;35;loads;[0,8);stores;
        us;36;loads;[0,8);stores;
        us;37;loads;[0,4);stores;
        us;38;loads;[0,4);stores;
        us;39;loads;;stores;[0,4)
        <-;section;xy_planes_loop_j;;;;235858
      us;38;loads;[0,4);stores;[0,4)
        ->;section;xy_planes_loop_j;;;;235866
        us;0;loads;[4480,4560);stores;
        us;5;loads;;stores;[4048,4056)[4128,4136)[4208,4216)[4288,4296)[4368,4376)[4448,4456)[4528,4536)[4608,4616)[4688,4696)[4768,4776)
        us;35;loads;[0,8);stores;
        us;36;loads;[0,8);stores;
        us;37;loads;[0,4);stores;
        us;38;loads;[0,4);stores;
        us;39;loads;;stores;[0,4)
        <-;section;xy_planes_loop_j;;;;236431
      us;38;loads;[0,4);stores;[0,4)
        ->;section;xy_planes_loop_j;;;;236439
        us;0;loads;[4560,4640);stores;
        us;5;loads;;stores;[4056,4064)[4136,4144)[4216,4224)[4296,4304)[4376,4384)[4456,4464)[4536,4544)[4616,4624)[4696,4704)[4776,4784)
        us;35;loads;[0,8);stores;
        us;36;loads;[0,8);stores;
        us;37;loads;[0,4);stores;
        us;38;loads;[0,4);stores;
        us;39;loads;;stores;[0,4)
        <-;section;xy_planes_loop_j;;;;237004
      us;38;loads;[0,4);stores;[0,4)
        ->;section;xy_planes_loop_j;;;;237012
        us;0;loads;[4640,4720);stores;
        us;5;loads;;stores;[4064,4072)[4144,4152)[4224,4232)[4304,4312)[4384,4392)[4464,4472)[4544,4552)[4624,4632)[4704,4712)[4784,4792)
        us;35;loads;[0,8);stores;
        us;36;loads;[0,8);stores;
        us;37;loads;[0,4);stores;
        us;38;loads;[0,4);stores;
        us;39;loads;;stores;[0,4)
        <-;section;xy_planes_loop_j;;;;237577
      us;38;loads;[0,4);stores;[0,4)
        ->;section;xy_planes_loop_j;;;;237585
        us;0;loads;[4720,4800);stores;
        us;5;loads;;stores;[4072,4080)[4152,4160)[4232,4240)[4312,4320)[4392,4400)[4472,4480)[4552,4560)[4632,4640)[4712,4720)[4792,4800)
        us;35;loads;[0,8);stores;
        us;36;loads;[0,8);stores;
        us;37;loads;[0,4);stores;
        us;38;loads;[0,4);stores;
        us;39;loads;;stores;[0,4)
        <-;section;xy_planes_loop_j;;;;238150
      us;38;loads;[0,4);stores;[0,4)
      <-;section;xy_planes_loop_k;;;;238158
    us;37;loads;[0,4);stores;[0,4)
      ->;section;xy_planes_loop_k;;;;238166
      us;38;loads;;stores;[0,4)
        ->;section;xy_planes_loop_j;;;;238171
        us;0;loads;[4800,4880);stores;
        us;5;loads;;stores;[4800,4808)[4880,4888)[4960,4968)[5040,5048)[5120,5128)[5200,5208)[5280,5288)[5360,5368)[5440,5448)[5520,5528)
        us;35;loads;[0,8);stores;
        us;36;loads;[0,8);stores;
        us;37;loads;[0,4);stores;
        us;38;loads;[0,4);stores;
        us;39;loads;;stores;[0,4)
        <-;section;xy_planes_loop_j;;;;238736
      us;38;loads;[0,4);stores;[0,4)
        ->;section;xy_planes_loop_j;;;;238744
        us;0;loads;[4880,4960);stores;
        us;5;loads;;stores;[4808,4816)[4888,4896)[4968,4976)[5048,5056)[5128,5136)[5208,5216)[5288,5296)[5368,5376)[5448,5456)[5528,5536)
        us;35;loads;[0,8);stores;
        us;36;loads;[0,8);stores;
        us;37;loads;[0,4);stores;
        us;38;loads;[0,4);stores;
        us;39;loads;;stores;[0,4)
        <-;section;xy_planes_loop_j;;;;239309
      us;38;loads;[0,4);stores;[0,4)
        ->;section;xy_planes_loop_j;;;;239317
        us;0;loads;[4960,5040);stores;
        us;5;loads;;stores;[4816,4824)[4896,4904)[4976,4984)[5056,5064)[5136,5144)[5216,5224)[5296,5304)[5376,5384)[5456,5464)[5536,5544)
        us;35;loads;[0,8);stores;
        us;36;loads;[0,8);stores;
        us;37;loads;[0,4);stores;
        us;38;loads;[0,4);stores;
        us;39;loads;;stores;[0,4)
        <-;section;xy_planes_loop_j;;;;239882
      us;38;loads;[0,4);stores;[0,4)
        ->;section;xy_planes_loop_j;;;;239890
        us;0;loads;[5040,5120);stores;
        us;5;loads;;stores;[4824,4832)[4904,4912)[4984,4992)[5064,5072)[5144,5152)[5224,5232)[5304,5312)[5384,5392)[5464,5472)[5544,5552)
        us;35;loads;[0,8);stores;
        us;36;loads;[0,8);stores;
        us;37;loads;[0,4);stores;
        us;38;loads;[0,4);stores;
        us;39;loads;;stores;[0,4)
        <-;section;xy_planes_loop_j;;;;240455
      us;38;loads;[0,4);stores;[0,4)
        ->;section;xy_planes_loop_j;;;;240463
        us;0;loads;[5120,5200);stores;
        us;5;loads;;stores;[4832,4840)[4912,4920)[4992,5000)[5072,5080)[5152,5160)[5232,5240)[5312,5320)[5392,5400)[5472,5480)[5552,5560)
        us;35;loads;[0,8);stores;
        us;36;loads;[0,8);stores;
        us;37;loads;[0,4);stores;
        us;38;loads;[0,4);stores;
        us;39;loads;;stores;[0,4)
        <-;section;xy_planes_loop_j;;;;241028
      us;38;loads;[0,4);stores;[0,4)
        ->;section;xy_planes_loop_j;;;;241036
        us;0;loads;[5200,5280);stores;
        us;5;loads;;stores;[4840,4848)[4920,4928)[5000,5008)[5080,5088)[5160,5168)[5240,5248)[5320,5328)[5400,5408)[5480,5488)[5560,5568)
        us;35;loads;[0,8);stores;
        us;36;loads;[0,8);stores;
        us;37;loads;[0,4);stores;
        us;38;loads;[0,4);stores;
        us;39;loads;;stores;[0,4)
        <-;section;xy_planes_loop_j;;;;241601
      us;38;loads;[0,4);stores;[0,4)
        ->;section;xy_planes_loop_j;;;;241609
        us;0;loads;[5280,5360);stores;
        us;5;loads;;stores;[4848,4856)[4928,4936)[5008,5016)[5088,5096)[5168,5176)[5248,5256)[5328,5336)[5408,5416)[5488,5496)[5568,5576)
        us;35;loads;[0,8);stores;
        us;36;loads;[0,8);stores;
        us;37;loads;[0,4);stores;
        us;38;loads;[0,4);stores;
        us;39;loads;;stores;[0,4)
        <-;section;xy_planes_loop_j;;;;242174
      us;38;loads;[0,4);stores;[0,4)
        ->;section;xy_planes_loop_j;;;;242182
        us;0;loads;[5360,5440);stores;
        us;5;loads;;stores;[4856,4864)[4936,4944)[5016,5024)[5096,5104)[5176,5184)[5256,5264)[5336,5344)[5416,5424)[5496,5504)[5576,5584)
        us;35;loads;[0,8);stores;
        us;36;loads;[0,8);stores;
        us;37;loads;[0,4);stores;
        us;38;loads;[0,4);stores;
        us;39;loads;;stores;[0,4)
        <-;section;xy_planes_loop_j;;;;242747
      us;38;loads;[0,4);stores;[0,4)
        ->;section;xy_planes_loop_j;;;;242755
        us;0;loads;[5440,5520);stores;
        us;5;loads;;stores;[4864,4872)[4944,4952)[5024,5032)[5104,5112)[5184,5192)[5264,5272)[5344,5352)[5424,5432)[5504,5512)[5584,5592)
        us;35;loads;[0,8);stores;
        us;36;loads;[0,8);stores;
        us;37;loads;[0,4);stores;
        us;38;loads;[0,4);stores;
        us;39;loads;;stores;[0,4)
        <-;section;xy_planes_loop_j;;;;243320
      us;38;loads;[0,4);stores;[0,4)
        ->;section;xy_planes_loop_j;;;;243328
        us;0;loads;[5520,5600);stores;
        us;5;loads;;stores;[4872,4880)[4952,4960)[5032,5040)[5112,5120)[5192,5200)[5272,5280)[5352,5360)[5432,5440)[5512,5520)[5592,5600)
        us;35;loads;[0,8);stores;
        us;36;loads;[0,8);stores;
        us;37;loads;[0,4);stores;
        us;38;loads;[0,4);stores;
        us;39;loads;;stores;[0,4)
        <-;section;xy_planes_loop_j;;;;243893
      us;38;loads;[0,4);stores;[0,4)
      <-;section;xy_planes_loop_k;;;;243901
    us;37;loads;[0,4);stores;[0,4)
      ->;section;xy_planes_loop_k;;;;243909
      us;38;loads;;stores;[0,4)
        ->;section;xy_planes_loop_j;;;;243914
        us;0;loads;[5600,5680);stores;
        us;5;loads;;stores;[5600,5608)[5680,5688)[5760,5768)[5840,5848)[5920,5928)[6000,6008)[6080,6088)[6160,6168)[6240,6248)[6320,6328)
        us;35;loads;[0,8);stores;
        us;36;loads;[0,8);stores;
        us;37;loads;[0,4);stores;
        us;38;loads;[0,4);stores;
        us;39;loads;;stores;[0,4)
        <-;section;xy_planes_loop_j;;;;244479
      us;38;loads;[0,4);stores;[0,4)
        ->;section;xy_planes_loop_j;;;;244487
        us;0;loads;[5680,5760);stores;
        us;5;loads;;stores;[5608,5616)[5688,5696)[5768,5776)[5848,5856)[5928,5936)[6008,6016)[6088,6096)[6168,6176)[6248,6256)[6328,6336)
        us;35;loads;[0,8);stores;
        us;36;loads;[0,8);stores;
        us;37;loads;[0,4);stores;
        us;38;loads;[0,4);stores;
        us;39;loads;;stores;[0,4)
        <-;section;xy_planes_loop_j;;;;245052
      us;38;loads;[0,4);stores;[0,4)
        ->;section;xy_planes_loop_j;;;;245060
        us;0;loads;[5760,5840);stores;
        us;5;loads;;stores;[5616,5624)[5696,5704)[5776,5784)[5856,5864)[5936,5944)[6016,6024)[6096,6104)[6176,6184)[6256,6264)[6336,6344)
        us;35;loads;[0,8);stores;
        us;36;loads;[0,8);stores;
        us;37;loads;[0,4);stores;
        us;38;loads;[0,4);stores;
        us;39;loads;;stores;[0,4)
        <-;section;xy_planes_loop_j;;;;245625
      us;38;loads;[0,4);stores;[0,4)
        ->;section;xy_planes_loop_j;;;;245633
        us;0;loads;[5840,5920);stores;
        us;5;loads;;stores;[5624,5632)[5704,5712)[5784,5792)[5864,5872)[5944,5952)[6024,6032)[6104,6112)[6184,6192)[6264,6272)[6344,6352)
        us;35;loads;[0,8);stores;
        us;36;loads;[0,8);stores;
        us;37;loads;[0,4);stores;
        us;38;loads;[0,4);stores;
        us;39;loads;;stores;[0,4)
        <-;section;xy_planes_loop_j;;;;246198
      us;38;loads;[0,4);stores;[0,4)
        ->;section;xy_planes_loop_j;;;;246206
        us;0;loads;[5920,6000);stores;
        us;5;loads;;stores;[5632,5640)[5712,5720)[5792,5800)[5872,5880)[5952,5960)[6032,6040)[6112,6120)[6192,6200)[6272,6280)[6352,6360)
        us;35;loads;[0,8);stores;
        us;36;loads;[0,8);stores;
        us;37;loads;[0,4);stores;
        us;38;loads;[0,4);stores;
        us;39;loads;;stores;[0,4)
        <-;section;xy_planes_loop_j;;;;246771
      us;38;loads;[0,4);stores;[0,4)
        ->;section;xy_planes_loop_j;;;;246779
        us;0;loads;[6000,6080);stores;
        us;5;loads;;stores;[5640,5648)[5720,5728)[5800,5808)[5880,5888)[5960,5968)[6040,6048)[6120,6128)[6200,6208)[6280,6288)[6360,6368)
        us;35;loads;[0,8);stores;
        us;36;loads;[0,8);stores;
        us;37;loads;[0,4);stores;
        us;38;loads;[0,4);stores;
        us;39;loads;;stores;[0,4)
        <-;section;xy_planes_loop_j;;;;247344
      us;38;loads;[0,4);stores;[0,4)
        ->;section;xy_planes_loop_j;;;;247352
        us;0;loads;[6080,6160);stores;
        us;5;loads;;stores;[5648,5656)[5728,5736)[5808,5816)[5888,5896)[5968,5976)[6048,6056)[6128,6136)[6208,6216)[6288,6296)[6368,6376)
        us;35;loads;[0,8);stores;
        us;36;loads;[0,8);stores;
        us;37;loads;[0,4);stores;
        us;38;loads;[0,4);stores;
        us;39;loads;;stores;[0,4)
        <-;section;xy_planes_loop_j;;;;247917
      us;38;loads;[0,4);stores;[0,4)
        ->;section;xy_planes_loop_j;;;;247925
        us;0;loads;[6160,6240);stores;
        us;5;loads;;stores;[5656,5664)[5736,5744)[5816,5824)[5896,5904)[5976,5984)[6056,6064)[6136,6144)[6216,6224)[6296,6304)[6376,6384)
        us;35;loads;[0,8);stores;
        us;36;loads;[0,8);stores;
        us;37;loads;[0,4);stores;
        us;38;loads;[0,4);stores;
        us;39;loads;;stores;[0,4)
        <-;section;xy_planes_loop_j;;;;248490
      us;38;loads;[0,4);stores;[0,4)
        ->;section;xy_planes_loop_j;;;;248498
        us;0;loads;[6240,6320);stores;
        us;5;loads;;stores;[5664,5672)[5744,5752)[5824,5832)[5904,5912)[5984,5992)[6064,6072)[6144,6152)[6224,6232)[6304,6312)[6384,6392)
        us;35;loads;[0,8);stores;
        us;36;loads;[0,8);stores;
        us;37;loads;[0,4);stores;
        us;38;loads;[0,4);stores;
        us;39;loads;;stores;[0,4)
        <-;section;xy_planes_loop_j;;;;249063
      us;38;loads;[0,4);stores;[0,4)
        ->;section;xy_planes_loop_j;;;;249071
        us;0;loads;[6320,6400);stores;
        us;5;loads;;stores;[5672,5680)[5752,5760)[5832,5840)[5912,5920)[5992,6000)[6072,6080)[6152,6160)[6232,6240)[6312,6320)[6392,6400)
        us;35;loads;[0,8);stores;
        us;36;loads;[0,8);stores;
        us;37;loads;[0,4);stores;
        us;38;loads;[0,4);stores;
        us;39;loads;;stores;[0,4)
        <-;section;xy_planes_loop_j;;;;249636
      us;38;loads;[0,4);stores;[0,4)
      <-;section;xy_planes_loop_k;;;;249644
    us;37;loads;[0,4);stores;[0,4)
      ->;section;xy_planes_loop_k;;;;249652
      us;38;loads;;stores;[0,4)
        ->;section;xy_planes_loop_j;;;;249657
        us;0;loads;[6400,6480);stores;
        us;5;loads;;stores;[6400,6408)[6480,6488)[6560,6568)[6640,6648)[6720,6728)[6800,6808)[6880,6888)[6960,6968)[7040,7048)[7120,7128)
        us;35;loads;[0,8);stores;
        us;36;loads;[0,8);stores;
        us;37;loads;[0,4);stores;
        us;38;loads;[0,4);stores;
        us;39;loads;;stores;[0,4)
        <-;section;xy_planes_loop_j;;;;250222
      us;38;loads;[0,4);stores;[0,4)
        ->;section;xy_planes_loop_j;;;;250230
        us;0;loads;[6480,6560);stores;
        us;5;loads;;stores;[6408,6416)[6488,6496)[6568,6576)[6648,6656)[6728,6736)[6808,6816)[6888,6896)[6968,6976)[7048,7056)[7128,7136)
        us;35;loads;[0,8);stores;
        us;36;loads;[0,8);stores;
        us;37;loads;[0,4);stores;
        us;38;loads;[0,4);stores;
        us;39;loads;;stores;[0,4)
        <-;section;xy_planes_loop_j;;;;250795
      us;38;loads;[0,4);stores;[0,4)
        ->;section;xy_planes_loop_j;;;;250803
        us;0;loads;[6560,6640);stores;
        us;5;loads;;stores;[6416,6424)[6496,6504)[6576,6584)[6656,6664)[6736,6744)[6816,6824)[6896,6904)[6976,6984)[7056,7064)[7136,7144)
        us;35;loads;[0,8);stores;
        us;36;loads;[0,8);stores;
        us;37;loads;[0,4);stores;
        us;38;loads;[0,4);stores;
        us;39;loads;;stores;[0,4)
        <-;section;xy_planes_loop_j;;;;251368
      us;38;loads;[0,4);stores;[0,4)
        ->;section;xy_planes_loop_j;;;;251376
        us;0;loads;[6640,6720);stores;
        us;5;loads;;stores;[6424,6432)[6504,6512)[6584,6592)[6664,6672)[6744,6752)[6824,6832)[6904,6912)[6984,6992)[7064,7072)[7144,7152)
        us;35;loads;[0,8);stores;
        us;36;loads;[0,8);stores;
        us;37;loads;[0,4);stores;
        us;38;loads;[0,4);stores;
        us;39;loads;;stores;[0,4)
        <-;section;xy_planes_loop_j;;;;251941
      us;38;loads;[0,4);stores;[0,4)
        ->;section;xy_planes_loop_j;;;;251949
        us;0;loads;[6720,6800);stores;
        us;5;loads;;stores;[6432,6440)[6512,6520)[6592,6600)[6672,6680)[6752,6760)[6832,6840)[6912,6920)[6992,7000)[7072,7080)[7152,7160)
        us;35;loads;[0,8);stores;
        us;36;loads;[0,8);stores;
        us;37;loads;[0,4);stores;
        us;38;loads;[0,4);stores;
        us;39;loads;;stores;[0,4)
        <-;section;xy_planes_loop_j;;;;252514
      us;38;loads;[0,4);stores;[0,4)
        ->;section;xy_planes_loop_j;;;;252522
        us;0;loads;[6800,6880);stores;
        us;5;loads;;stores;[6440,6448)[6520,6528)[6600,6608)[6680,6688)[6760,6768)[6840,6848)[6920,6928)[7000,7008)[7080,7088)[7160,7168)
        us;35;loads;[0,8);stores;
        us;36;loads;[0,8);stores;
        us;37;loads;[0,4);stores;
        us;38;loads;[0,4);stores;
        us;39;loads;;stores;[0,4)
        <-;section;xy_planes_loop_j;;;;253087
      us;38;loads;[0,4);stores;[0,4)
        ->;section;xy_planes_loop_j;;;;253095
        us;0;loads;[6880,6960);stores;
        us;5;loads;;stores;[6448,6456)[6528,6536)[6608,6616)[6688,6696)[6768,6776)[6848,6856)[6928,6936)[7008,7016)[7088,7096)[7168,7176)
        us;35;loads;[0,8);stores;
        us;36;loads;[0,8);stores;
        us;37;loads;[0,4);stores;
        us;38;loads;[0,4);stores;
        us;39;loads;;stores;[0,4)
        <-;section;xy_planes_loop_j;;;;253660
      us;38;loads;[0,4);stores;[0,4)
        ->;section;xy_planes_loop_j;;;;253668
        us;0;loads;[6960,7040);stores;
        us;5;loads;;stores;[6456,6464)[6536,6544)[6616,6624)[6696,6704)[6776,6784)[6856,6864)[6936,6944)[7016,7024)[7096,7104)[7176,7184)
        us;35;loads;[0,8);stores;
        us;36;loads;[0,8);stores;
        us;37;loads;[0,4);stores;
        us;38;loads;[0,4);stores;
        us;39;loads;;stores;[0,4)
        <-;section;xy_planes_loop_j;;;;254233
      us;38;loads;[0,4);stores;[0,4)
        ->;section;xy_planes_loop_j;;;;254241
        us;0;loads;[7040,7120);stores;
        us;5;loads;;stores;[6464,6472)[6544,6552)[6624,6632)[6704,6712)[6784,6792)[6864,6872)[6944,6952)[7024,7032)[7104,7112)[7184,7192)
        us;35;loads;[0,8);stores;
        us;36;loads;[0,8);stores;
        us;37;loads;[0,4);stores;
        us;38;loads;[0,4);stores;
        us;39;loads;;stores;[0,4)
        <-;section;xy_planes_loop_j;;;;254806
      us;38;loads;[0,4);stores;[0,4)
        ->;section;xy_planes_loop_j;;;;254814
        us;0;loads;[7120,7200);stores;
        us;5;loads;;stores;[6472,6480)[6552,6560)[6632,6640)[6712,6720)[6792,6800)[6872,6880)[6952,6960)[7032,7040)[7112,7120)[7192,7200)
        us;35;loads;[0,8);stores;
        us;36;loads;[0,8);stores;
        us;37;loads;[0,4);stores;
        us;38;loads;[0,4);stores;
        us;39;loads;;stores;[0,4)
        <-;section;xy_planes_loop_j;;;;255379
      us;38;loads;[0,4);stores;[0,4)
      <-;section;xy_planes_loop_k;;;;255387
    us;37;loads;[0,4);stores;[0,4)
      ->;section;xy_planes_loop_k;;;;255395
      us;38;loads;;stores;[0,4)
        ->;section;xy_planes_loop_j;;;;255400
        us;0;loads;[7200,7280);stores;
        us;5;loads;;stores;[7200,7208)[7280,7288)[7360,7368)[7440,7448)[7520,7528)[7600,7608)[7680,7688)[7760,7768)[7840,7848)[7920,7928)
        us;35;loads;[0,8);stores;
        us;36;loads;[0,8);stores;
        us;37;loads;[0,4);stores;
        us;38;loads;[0,4);stores;
        us;39;loads;;stores;[0,4)
        <-;section;xy_planes_loop_j;;;;255965
      us;38;loads;[0,4);stores;[0,4)
        ->;section;xy_planes_loop_j;;;;255973
        us;0;loads;[7280,7360);stores;
        us;5;loads;;stores;[7208,7216)[7288,7296)[7368,7376)[7448,7456)[7528,7536)[7608,7616)[7688,7696)[7768,7776)[7848,7856)[7928,7936)
        us;35;loads;[0,8);stores;
        us;36;loads;[0,8);stores;
        us;37;loads;[0,4);stores;
        us;38;loads;[0,4);stores;
        us;39;loads;;stores;[0,4)
        <-;section;xy_planes_loop_j;;;;256538
      us;38;loads;[0,4);stores;[0,4)
        ->;section;xy_planes_loop_j;;;;256546
        us;0;loads;[7360,7440);stores;
        us;5;loads;;stores;[7216,7224)[7296,7304)[7376,7384)[7456,7464)[7536,7544)[7616,7624)[7696,7704)[7776,7784)[7856,7864)[7936,7944)
        us;35;loads;[0,8);stores;
        us;36;loads;[0,8);stores;
        us;37;loads;[0,4);stores;
        us;38;loads;[0,4);stores;
        us;39;loads;;stores;[0,4)
        <-;section;xy_planes_loop_j;;;;257111
      us;38;loads;[0,4);stores;[0,4)
        ->;section;xy_planes_loop_j;;;;257119
        us;0;loads;[7440,7520);stores;
        us;5;loads;;stores;[7224,7232)[7304,7312)[7384,7392)[7464,7472)[7544,7552)[7624,7632)[7704,7712)[7784,7792)[7864,7872)[7944,7952)
        us;35;loads;[0,8);stores;
        us;36;loads;[0,8);stores;
        us;37;loads;[0,4);stores;
        us;38;loads;[0,4);stores;
        us;39;loads;;stores;[0,4)
        <-;section;xy_planes_loop_j;;;;257684
      us;38;loads;[0,4);stores;[0,4)
        ->;section;xy_planes_loop_j;;;;257692
        us;0;loads;[7520,7600);stores;
        us;5;loads;;stores;[7232,7240)[7312,7320)[7392,7400)[7472,7480)[7552,7560)[7632,7640)[7712,7720)[7792,7800)[7872,7880)[7952,7960)
        us;35;loads;[0,8);stores;
        us;36;loads;[0,8);stores;
        us;37;loads;[0,4);stores;
        us;38;loads;[0,4);stores;
        us;39;loads;;stores;[0,4)
        <-;section;xy_planes_loop_j;;;;258257
      us;38;loads;[0,4);stores;[0,4)
        ->;section;xy_planes_loop_j;;;;258265
        us;0;loads;[7600,7680);stores;
        us;5;loads;;stores;[7240,7248)[7320,7328)[7400,7408)[7480,7488)[7560,7568)[7640,7648)[7720,7728)[7800,7808)[7880,7888)[7960,7968)
        us;35;loads;[0,8);stores;
        us;36;loads;[0,8);stores;
        us;37;loads;[0,4);stores;
        us;38;loads;[0,4);stores;
        us;39;loads;;stores;[0,4)
        <-;section;xy_planes_loop_j;;;;258830
      us;38;loads;[0,4);stores;[0,4)
        ->;section;xy_planes_loop_j;;;;258838
        us;0;loads;[7680,7760);stores;
        us;5;loads;;stores;[7248,7256)[7328,7336)[7408,7416)[7488,7496)[7568,7576)[7648,7656)[7728,7736)[7808,7816)[7888,7896)[7968,7976)
        us;35;loads;[0,8);stores;
        us;36;loads;[0,8);stores;
        us;37;loads;[0,4);stores;
        us;38;loads;[0,4);stores;
        us;39;loads;;stores;[0,4)
        <-;section;xy_planes_loop_j;;;;259403
      us;38;loads;[0,4);stores;[0,4)
        ->;section;xy_planes_loop_j;;;;259411
        us;0;loads;[7760,7840);stores;
        us;5;loads;;stores;[7256,7264)[7336,7344)[7416,7424)[7496,7504)[7576,7584)[7656,7664)[7736,7744)[7816,7824)[7896,7904)[7976,7984)
        us;35;loads;[0,8);stores;
        us;36;loads;[0,8);stores;
        us;37;loads;[0,4);stores;
        us;38;loads;[0,4);stores;
        us;39;loads;;stores;[0,4)
        <-;section;xy_planes_loop_j;;;;259976
      us;38;loads;[0,4);stores;[0,4)
        ->;section;xy_planes_loop_j;;;;259984
        us;0;loads;[7840,7920);stores;
        us;5;loads;;stores;[7264,7272)[7344,7352)[7424,7432)[7504,7512)[7584,7592)[7664,7672)[7744,7752)[7824,7832)[7904,7912)[7984,7992)
        us;35;loads;[0,8);stores;
        us;36;loads;[0,8);stores;
        us;37;loads;[0,4);stores;
        us;38;loads;[0,4);stores;
        us;39;loads;;stores;[0,4)
        <-;section;xy_planes_loop_j;;;;260549
      us;38;loads;[0,4);stores;[0,4)
        ->;section;xy_planes_loop_j;;;;260557
        us;0;loads;[7920,8000);stores;
        us;5;loads;;stores;[7272,7280)[7352,7360)[7432,7440)[7512,7520)[7592,7600)[7672,7680)[7752,7760)[7832,7840)[7912,7920)[7992,8000)
        us;35;loads;[0,8);stores;
        us;36;loads;[0,8);stores;
        us;37;loads;[0,4);stores;
        us;38;loads;[0,4);stores;
        us;39;loads;;stores;[0,4)
        <-;section;xy_planes_loop_j;;;;261122
      us;38;loads;[0,4);stores;[0,4)
      <-;section;xy_planes_loop_k;;;;261130
    us;37;loads;[0,4);stores;[0,4)
    dl;35;[0x7ffd0e1b9e18,+8);stack;tmp_fftw;-|
    dl;36;[0x7ffd0e1b9e10,+8);stack;in_fftw;-|
    dl;37;[0x7ffd0e1b9e0c,+4);stack;k;-|
    dl;38;[0x7ffd0e1b9e08,+4);stack;j;-|
    dl;39;[0x7ffd0e1b9e04,+4);stack;i;-|
    <-;section;xy_planes1;;;;261140
    ->;section;planes2;;;;261140
    nw;40;[0x7ffd0e1b9e18,+8);stack;p1d;-|
    nw;41;[0x7ffd0e1b9e10,+8);stack;in_fftw;-|
    nw;42;[0x7ffd0e1b9e0c,+4);stack;j;-|
    nw;43;[0x7ffd0e1b9e08,+4);stack;k;-|
    us;2;loads;[0,8);stores;
    us;40;loads;;stores;[0,8)
    us;41;loads;;stores;[0,8)
    us;43;loads;;stores;[0,4)
      ->;section;ffts1_planes_loop_k;;;;261151
      us;42;loads;;stores;[0,4)
        ->;section;ffts1_planes_loop_j;;;;261156
        us;5;loads;[0,80);stores;[0,80)
        us;40;loads;[0,8);stores;
        us;41;loads;[0,8);stores;
        us;42;loads;[0,4);stores;
        us;43;loads;[0,4);stores;
        <-;section;ffts1_planes_loop_j;;;;262178
      us;42;loads;[0,4);stores;[0,4)
        ->;section;ffts1_planes_loop_j;;;;262186
        us;5;loads;[80,160);stores;[80,160)
        us;40;loads;[0,8);stores;
        us;41;loads;[0,8);stores;
        us;42;loads;[0,4);stores;
        us;43;loads;[0,4);stores;
        <-;section;ffts1_planes_loop_j;;;;263208
      us;42;loads;[0,4);stores;[0,4)
        ->;section;ffts1_planes_loop_j;;;;263216
        us;5;loads;[160,240);stores;[160,240)
        us;40;loads;[0,8);stores;
        us;41;loads;[0,8);stores;
        us;42;loads;[0,4);stores;
        us;43;loads;[0,4);stores;
        <-;section;ffts1_planes_loop_j;;;;264238
      us;42;loads;[0,4);stores;[0,4)
        ->;section;ffts1_planes_loop_j;;;;264246
        us;5;loads;[240,320);stores;[240,320)
        us;40;loads;[0,8);stores;
        us;41;loads;[0,8);stores;
        us;42;loads;[0,4);stores;
        us;43;loads;[0,4);stores;
        <-;section;ffts1_planes_loop_j;;;;265268
      us;42;loads;[0,4);stores;[0,4)
        ->;section;ffts1_planes_loop_j;;;;265276
        us;5;loads;[320,400);stores;[320,400)
        us;40;loads;[0,8);stores;
        us;41;loads;[0,8);stores;
        us;42;loads;[0,4);stores;
        us;43;loads;[0,4);stores;
        <-;section;ffts1_planes_loop_j;;;;266298
      us;42;loads;[0,4);stores;[0,4)
        ->;section;ffts1_planes_loop_j;;;;266306
        us;5;loads;[400,480);stores;[400,480)
        us;40;loads;[0,8);stores;
        us;41;loads;[0,8);stores;
        us;42;loads;[0,4);stores;
        us;43;loads;[0,4);stores;
        <-;section;ffts1_planes_loop_j;;;;267328
      us;42;loads;[0,4);stores;[0,4)
        ->;section;ffts1_planes_loop_j;;;;267336
        us;5;loads;[480,560);stores;[480,560)
        us;40;loads;[0,8);stores;
        us;41;loads;[0,8);stores;
        us;42;loads;[0,4);stores;
        us;43;loads;[0,4);stores;
        <-;section;ffts1_planes_loop_j;;;;268358
      us;42;loads;[0,4);stores;[0,4)
        ->;section;ffts1_planes_loop_j;;;;268366
        us;5;loads;[560,640);stores;[560,640)
        us;40;loads;[0,8);stores;
        us;41;loads;[0,8);stores;
        us;42;loads;[0,4);stores;
        us;43;loads;[0,4);stores;
        <-;section;ffts1_planes_loop_j;;;;269388
      us;42;loads;[0,4);stores;[0,4)
        ->;section;ffts1_planes_loop_j;;;;269396
        us;5;loads;[640,720);stores;[640,720)
        us;40;loads;[0,8);stores;
        us;41;loads;[0,8);stores;
        us;42;loads;[0,4);stores;
        us;43;loads;[0,4);stores;
        <-;section;ffts1_planes_loop_j;;;;270418
      us;42;loads;[0,4);stores;[0,4)
        ->;section;ffts1_planes_loop_j;;;;270426
        us;5;loads;[720,800);stores;[720,800)
        us;40;loads;[0,8);stores;
        us;41;loads;[0,8);stores;
        us;42;loads;[0,4);stores;
        us;43;loads;[0,4);stores;
        <-;section;ffts1_planes_loop_j;;;;271448
      us;42;loads;[0,4);stores;[0,4)
      <-;section;ffts1_planes_loop_k;;;;271456
    us;43;loads;[0,4);stores;[0,4)
      ->;section;ffts1_planes_loop_k;;;;271464
      us;42;loads;;stores;[0,4)
        ->;section;ffts1_planes_loop_j;;;;271469
        us;5;loads;[800,880);stores;[800,880)
        us;40;loads;[0,8);stores;
        us;41;loads;[0,8);stores;
        us;42;loads;[0,4);stores;
        us;43;loads;[0,4);stores;
        <-;section;ffts1_planes_loop_j;;;;272491
      us;42;loads;[0,4);stores;[0,4)
        ->;section;ffts1_planes_loop_j;;;;272499
        us;5;loads;[880,960);stores;[880,960)
        us;40;loads;[0,8);stores;
        us;41;loads;[0,8);stores;
        us;42;loads;[0,4);stores;
        us;43;loads;[0,4);stores;
        <-;section;ffts1_planes_loop_j;;;;273521
      us;42;loads;[0,4);stores;[0,4)
        ->;section;ffts1_planes_loop_j;;;;273529
        us;5;loads;[960,1040);stores;[960,1040)
        us;40;loads;[0,8);stores;
        us;41;loads;[0,8);stores;
        us;42;loads;[0,4);stores;
        us;43;loads;[0,4);stores;
        <-;section;ffts1_planes_loop_j;;;;274551
      us;42;loads;[0,4);stores;[0,4)
        ->;section;ffts1_planes_loop_j;;;;274559
        us;5;loads;[1040,1120);stores;[1040,1120)
        us;40;loads;[0,8);stores;
        us;41;loads;[0,8);stores;
        us;42;loads;[0,4);stores;
        us;43;loads;[0,4);stores;
        <-;section;ffts1_planes_loop_j;;;;275581
      us;42;loads;[0,4);stores;[0,4)
        ->;section;ffts1_planes_loop_j;;;;275589
        us;5;loads;[1120,1200);stores;[1120,1200)
        us;40;loads;[0,8);stores;
        us;41;loads;[0,8);stores;
        us;42;loads;[0,4);stores;
        us;43;loads;[0,4);stores;
        <-;section;ffts1_planes_loop_j;;;;276611
      us;42;loads;[0,4);stores;[0,4)
        ->;section;ffts1_planes_loop_j;;;;276619
        us;5;loads;[1200,1280);stores;[1200,1280)
        us;40;loads;[0,8);stores;
        us;41;loads;[0,8);stores;
        us;42;loads;[0,4);stores;
        us;43;loads;[0,4);stores;
        <-;section;ffts1_planes_loop_j;;;;277641
      us;42;loads;[0,4);stores;[0,4)
        ->;section;ffts1_planes_loop_j;;;;277649
        us;5;loads;[1280,1360);stores;[1280,1360)
        us;40;loads;[0,8);stores;
        us;41;loads;[0,8);stores;
        us;42;loads;[0,4);stores;
        us;43;loads;[0,4);stores;
        <-;section;ffts1_planes_loop_j;;;;278671
      us;42;loads;[0,4);stores;[0,4)
        ->;section;ffts1_planes_loop_j;;;;278679
        us;5;loads;[1360,1440);stores;[1360,1440)
        us;40;loads;[0,8);stores;
        us;41;loads;[0,8);stores;
        us;42;loads;[0,4);stores;
        us;43;loads;[0,4);stores;
        <-;section;ffts1_planes_loop_j;;;;279701
      us;42;loads;[0,4);stores;[0,4)
        ->;section;ffts1_planes_loop_j;;;;279709
        us;5;loads;[1440,1520);stores;[1440,1520)
        us;40;loads;[0,8);stores;
        us;41;loads;[0,8);stores;
        us;42;loads;[0,4);stores;
        us;43;loads;[0,4);stores;
        <-;section;ffts1_planes_loop_j;;;;280731
      us;42;loads;[0,4);stores;[0,4)
        ->;section;ffts1_planes_loop_j;;;;280739
        us;5;loads;[1520,1600);stores;[1520,1600)
        us;40;loads;[0,8);stores;
        us;41;loads;[0,8);stores;
        us;42;loads;[0,4);stores;
        us;43;loads;[0,4);stores;
        <-;section;ffts1_planes_loop_j;;;;281761
      us;42;loads;[0,4);stores;[0,4)
      <-;section;ffts1_planes_loop_k;;;;281769
    us;43;loads;[0,4);stores;[0,4)
      ->;section;ffts1_planes_loop_k;;;;281777
      us;42;loads;;stores;[0,4)
        ->;section;ffts1_planes_loop_j;;;;281782
        us;5;loads;[1600,1680);stores;[1600,1680)
        us;40;loads;[0,8);stores;
        us;41;loads;[0,8);stores;
        us;42;loads;[0,4);stores;
        us;43;loads;[0,4);stores;
        <-;section;ffts1_planes_loop_j;;;;282804
      us;42;loads;[0,4);stores;[0,4)
        ->;section;ffts1_planes_loop_j;;;;282812
        us;5;loads;[1680,1760);stores;[1680,1760)
        us;40;loads;[0,8);stores;
        us;41;loads;[0,8);stores;
        us;42;loads;[0,4);stores;
        us;43;loads;[0,4);stores;
        <-;section;ffts1_planes_loop_j;;;;283834
      us;42;loads;[0,4);stores;[0,4)
        ->;section;ffts1_planes_loop_j;;;;283842
        us;5;loads;[1760,1840);stores;[1760,1840)
        us;40;loads;[0,8);stores;
        us;41;loads;[0,8);stores;
        us;42;loads;[0,4);stores;
        us;43;loads;[0,4);stores;
        <-;section;ffts1_planes_loop_j;;;;284864
      us;42;loads;[0,4);stores;[0,4)
        ->;section;ffts1_planes_loop_j;;;;284872
        us;5;loads;[1840,1920);stores;[1840,1920)
        us;40;loads;[0,8);stores;
        us;41;loads;[0,8);stores;
        us;42;loads;[0,4);stores;
        us;43;loads;[0,4);stores;
        <-;section;ffts1_planes_loop_j;;;;285894
      us;42;loads;[0,4);stores;[0,4)
        ->;section;ffts1_planes_loop_j;;;;285902
        us;5;loads;[1920,2000);stores;[1920,2000)
        us;40;loads;[0,8);stores;
        us;41;loads;[0,8);stores;
        us;42;loads;[0,4);stores;
        us;43;loads;[0,4);stores;
        <-;section;ffts1_planes_loop_j;;;;286924
      us;42;loads;[0,4);stores;[0,4)
        ->;section;ffts1_planes_loop_j;;;;286932
        us;5;loads;[2000,2080);stores;[2000,2080)
        us;40;loads;[0,8);stores;
        us;41;loads;[0,8);stores;
        us;42;loads;[0,4);stores;
        us;43;loads;[0,4);stores;
        <-;section;ffts1_planes_loop_j;;;;287954
      us;42;loads;[0,4);stores;[0,4)
        ->;section;ffts1_planes_loop_j;;;;287962
        us;5;loads;[2080,2160);stores;[2080,2160)
        us;40;loads;[0,8);stores;
        us;41;loads;[0,8);stores;
        us;42;loads;[0,4);stores;
        us;43;loads;[0,4);stores;
        <-;section;ffts1_planes_loop_j;;;;288984
      us;42;loads;[0,4);stores;[0,4)
        ->;section;ffts1_planes_loop_j;;;;288992
        us;5;loads;[2160,2240);stores;[2160,2240)
        us;40;loads;[0,8);stores;
        us;41;loads;[0,8);stores;
        us;42;loads;[0,4);stores;
        us;43;loads;[0,4);stores;
        <-;section;ffts1_planes_loop_j;;;;290014
      us;42;loads;[0,4);stores;[0,4)
        ->;section;ffts1_planes_loop_j;;;;290022
        us;5;loads;[2240,2320);stores;[2240,2320)
        us;40;loads;[0,8);stores;
        us;41;loads;[0,8);stores;
        us;42;loads;[0,4);stores;
        us;43;loads;[0,4);stores;
        <-;section;ffts1_planes_loop_j;;;;291044
      us;42;loads;[0,4);stores;[0,4)
        ->;section;ffts1_planes_loop_j;;;;291052
        us;5;loads;[2320,2400);stores;[2320,2400)
        us;40;loads;[0,8);stores;
        us;41;loads;[0,8);stores;
        us;42;loads;[0,4);stores;
        us;43;loads;[0,4);stores;
        <-;section;ffts1_planes_loop_j;;;;292074
      us;42;loads;[0,4);stores;[0,4)
      <-;section;ffts1_planes_loop_k;;;;292082
    us;43;loads;[0,4);stores;[0,4)
      ->;section;ffts1_planes_loop_k;;;;292090
      us;42;loads;;stores;[0,4)
        ->;section;ffts1_planes_loop_j;;;;292095
        us;5;loads;[2400,2480);stores;[2400,2480)
        us;40;loads;[0,8);stores;
        us;41;loads;[0,8);stores;
        us;42;loads;[0,4);stores;
        us;43;loads;[0,4);stores;
        <-;section;ffts1_planes_loop_j;;;;293117
      us;42;loads;[0,4);stores;[0,4)
        ->;section;ffts1_planes_loop_j;;;;293125
        us;5;loads;[2480,2560);stores;[2480,2560)
        us;40;loads;[0,8);stores;
        us;41;loads;[0,8);stores;
        us;42;loads;[0,4);stores;
        us;43;loads;[0,4);stores;
        <-;section;ffts1_planes_loop_j;;;;294147
      us;42;loads;[0,4);stores;[0,4)
        ->;section;ffts1_planes_loop_j;;;;294155
        us;5;loads;[2560,2640);stores;[2560,2640)
        us;40;loads;[0,8);stores;
        us;41;loads;[0,8);stores;
        us;42;loads;[0,4);stores;
        us;43;loads;[0,4);stores;
        <-;section;ffts1_planes_loop_j;;;;295177
      us;42;loads;[0,4);stores;[0,4)
        ->;section;ffts1_planes_loop_j;;;;295185
        us;5;loads;[2640,2720);stores;[2640,2720)
        us;40;loads;[0,8);stores;
        us;41;loads;[0,8);stores;
        us;42;loads;[0,4);stores;
        us;43;loads;[0,4);stores;
        <-;section;ffts1_planes_loop_j;;;;296207
      us;42;loads;[0,4);stores;[0,4)
        ->;section;ffts1_planes_loop_j;;;;296215
        us;5;loads;[2720,2800);stores;[2720,2800)
        us;40;loads;[0,8);stores;
        us;41;loads;[0,8);stores;
        us;42;loads;[0,4);stores;
        us;43;loads;[0,4);stores;
        <-;section;ffts1_planes_loop_j;;;;297237
      us;42;loads;[0,4);stores;[0,4)
        ->;section;ffts1_planes_loop_j;;;;297245
        us;5;loads;[2800,2880);stores;[2800,2880)
        us;40;loads;[0,8);stores;
        us;41;loads;[0,8);stores;
        us;42;loads;[0,4);stores;
        us;43;loads;[0,4);stores;
        <-;section;ffts1_planes_loop_j;;;;298267
      us;42;loads;[0,4);stores;[0,4)
        ->;section;ffts1_planes_loop_j;;;;298275
        us;5;loads;[2880,2960);stores;[2880,2960)
        us;40;loads;[0,8);stores;
        us;41;loads;[0,8);stores;
        us;42;loads;[0,4);stores;
        us;43;loads;[0,4);stores;
        <-;section;ffts1_planes_loop_j;;;;299297
      us;42;loads;[0,4);stores;[0,4)
        ->;section;ffts1_planes_loop_j;;;;299305
        us;5;loads;[2960,3040);stores;[2960,3040)
        us;40;loads;[0,8);stores;
        us;41;loads;[0,8);stores;
        us;42;loads;[0,4);stores;
        us;43;loads;[0,4);stores;
        <-;section;ffts1_planes_loop_j;;;;300327
      us;42;loads;[0,4);stores;[0,4)
        ->;section;ffts1_planes_loop_j;;;;300335
        us;5;loads;[3040,3120);stores;[3040,3120)
        us;40;loads;[0,8);stores;
        us;41;loads;[0,8);stores;
        us;42;loads;[0,4);stores;
        us;43;loads;[0,4);stores;
        <-;section;ffts1_planes_loop_j;;;;301357
      us;42;loads;[0,4);stores;[0,4)
        ->;section;ffts1_planes_loop_j;;;;301365
        us;5;loads;[3120,3200);stores;[3120,3200)
        us;40;loads;[0,8);stores;
        us;41;loads;[0,8);stores;
        us;42;loads;[0,4);stores;
        us;43;loads;[0,4);stores;
        <-;section;ffts1_planes_loop_j;;;;302387
      us;42;loads;[0,4);stores;[0,4)
      <-;section;ffts1_planes_loop_k;;;;302395
    us;43;loads;[0,4);stores;[0,4)
      ->;section;ffts1_planes_loop_k;;;;302403
      us;42;loads;;stores;[0,4)
        ->;section;ffts1_planes_loop_j;;;;302408
        us;5;loads;[3200,3280);stores;[3200,3280)
        us;40;loads;[0,8);stores;
        us;41;loads;[0,8);stores;
        us;42;loads;[0,4);stores;
        us;43;loads;[0,4);stores;
        <-;section;ffts1_planes_loop_j;;;;303430
      us;42;loads;[0,4);stores;[0,4)
        ->;section;ffts1_planes_loop_j;;;;303438
        us;5;loads;[3280,3360);stores;[3280,3360)
        us;40;loads;[0,8);stores;
        us;41;loads;[0,8);stores;
        us;42;loads;[0,4);stores;
        us;43;loads;[0,4);stores;
        <-;section;ffts1_planes_loop_j;;;;304460
      us;42;loads;[0,4);stores;[0,4)
        ->;section;ffts1_planes_loop_j;;;;304468
        us;5;loads;[3360,3440);stores;[3360,3440)
        us;40;loads;[0,8);stores;
        us;41;loads;[0,8);stores;
        us;42;loads;[0,4);stores;
        us;43;loads;[0,4);stores;
        <-;section;ffts1_planes_loop_j;;;;305490
      us;42;loads;[0,4);stores;[0,4)
        ->;section;ffts1_planes_loop_j;;;;305498
        us;5;loads;[3440,3520);stores;[3440,3520)
        us;40;loads;[0,8);stores;
        us;41;loads;[0,8);stores;
        us;42;loads;[0,4);stores;
        us;43;loads;[0,4);stores;
        <-;section;ffts1_planes_loop_j;;;;306520
      us;42;loads;[0,4);stores;[0,4)
        ->;section;ffts1_planes_loop_j;;;;306528
        us;5;loads;[3520,3600);stores;[3520,3600)
        us;40;loads;[0,8);stores;
        us;41;loads;[0,8);stores;
        us;42;loads;[0,4);stores;
        us;43;loads;[0,4);stores;
        <-;section;ffts1_planes_loop_j;;;;307550
      us;42;loads;[0,4);stores;[0,4)
        ->;section;ffts1_planes_loop_j;;;;307558
        us;5;loads;[3600,3680);stores;[3600,3680)
        us;40;loads;[0,8);stores;
        us;41;loads;[0,8);stores;
        us;42;loads;[0,4);stores;
        us;43;loads;[0,4);stores;
        <-;section;ffts1_planes_loop_j;;;;308580
      us;42;loads;[0,4);stores;[0,4)
        ->;section;ffts1_planes_loop_j;;;;308588
        us;5;loads;[3680,3760);stores;[3680,3760)
        us;40;loads;[0,8);stores;
        us;41;loads;[0,8);stores;
        us;42;loads;[0,4);stores;
        us;43;loads;[0,4);stores;
        <-;section;ffts1_planes_loop_j;;;;309610
      us;42;loads;[0,4);stores;[0,4)
        ->;section;ffts1_planes_loop_j;;;;309618
        us;5;loads;[3760,3840);stores;[3760,3840)
        us;40;loads;[0,8);stores;
        us;41;loads;[0,8);stores;
        us;42;loads;[0,4);stores;
        us;43;loads;[0,4);stores;
        <-;section;ffts1_planes_loop_j;;;;310640
      us;42;loads;[0,4);stores;[0,4)
        ->;section;ffts1_planes_loop_j;;;;310648
        us;5;loads;[3840,3920);stores;[3840,3920)
        us;40;loads;[0,8);stores;
        us;41;loads;[0,8);stores;
        us;42;loads;[0,4);stores;
        us;43;loads;[0,4);stores;
        <-;section;ffts1_planes_loop_j;;;;311670
      us;42;loads;[0,4);stores;[0,4)
        ->;section;ffts1_planes_loop_j;;;;311678
        us;5;loads;[3920,4000);stores;[3920,4000)
        us;40;loads;[0,8);stores;
        us;41;loads;[0,8);stores;
        us;42;loads;[0,4);stores;
        us;43;loads;[0,4);stores;
        <-;section;ffts1_planes_loop_j;;;;312700
      us;42;loads;[0,4);stores;[0,4)
      <-;section;ffts1_planes_loop_k;;;;312708
    us;43;loads;[0,4);stores;[0,4)
      ->;section;ffts1_planes_loop_k;;;;312716
      us;42;loads;;stores;[0,4)
        ->;section;ffts1_planes_loop_j;;;;312721
        us;5;loads;[4000,4080);stores;[4000,4080)
        us;40;loads;[0,8);stores;
        us;41;loads;[0,8);stores;
        us;42;loads;[0,4);stores;
        us;43;loads;[0,4);stores;
        <-;section;ffts1_planes_loop_j;;;;313743
      us;42;loads;[0,4);stores;[0,4)
        ->;section;ffts1_planes_loop_j;;;;313751
        us;5;loads;[4080,4160);stores;[4080,4160)
        us;40;loads;[0,8);stores;
        us;41;loads;[0,8);stores;
        us;42;loads;[0,4);stores;
        us;43;loads;[0,4);stores;
        <-;section;ffts1_planes_loop_j;;;;314773
      us;42;loads;[0,4);stores;[0,4)
        ->;section;ffts1_planes_loop_j;;;;314781
        us;5;loads;[4160,4240);stores;[4160,4240)
        us;40;loads;[0,8);stores;
        us;41;loads;[0,8);stores;
        us;42;loads;[0,4);stores;
        us;43;loads;[0,4);stores;
        <-;section;ffts1_planes_loop_j;;;;315803
      us;42;loads;[0,4);stores;[0,4)
        ->;section;ffts1_planes_loop_j;;;;315811
        us;5;loads;[4240,4320);stores;[4240,4320)
        us;40;loads;[0,8);stores;
        us;41;loads;[0,8);stores;
        us;42;loads;[0,4);stores;
        us;43;loads;[0,4);stores;
        <-;section;ffts1_planes_loop_j;;;;316833
      us;42;loads;[0,4);stores;[0,4)
        ->;section;ffts1_planes_loop_j;;;;316841
        us;5;loads;[4320,4400);stores;[4320,4400)
        us;40;loads;[0,8);stores;
        us;41;loads;[0,8);stores;
        us;42;loads;[0,4);stores;
        us;43;loads;[0,4);stores;
        <-;section;ffts1_planes_loop_j;;;;317863
      us;42;loads;[0,4);stores;[0,4)
        ->;section;ffts1_planes_loop_j;;;;317871
        us;5;loads;[4400,4480);stores;[4400,4480)
        us;40;loads;[0,8);stores;
        us;41;loads;[0,8);stores;
        us;42;loads;[0,4);stores;
        us;43;loads;[0,4);stores;
        <-;section;ffts1_planes_loop_j;;;;318893
      us;42;loads;[0,4);stores;[0,4)
        ->;section;ffts1_planes_loop_j;;;;318901
        us;5;loads;[4480,4560);stores;[4480,4560)
        us;40;loads;[0,8);stores;
        us;41;loads;[0,8);stores;
        us;42;loads;[0,4);stores;
        us;43;loads;[0,4);stores;
        <-;section;ffts1_planes_loop_j;;;;319923
      us;42;loads;[0,4);stores;[0,4)
        ->;section;ffts1_planes_loop_j;;;;319931
        us;5;loads;[4560,4640);stores;[4560,4640)
        us;40;loads;[0,8);stores;
        us;41;loads;[0,8);stores;
        us;42;loads;[0,4);stores;
        us;43;loads;[0,4);stores;
        <-;section;ffts1_planes_loop_j;;;;320953
      us;42;loads;[0,4);stores;[0,4)
        ->;section;ffts1_planes_loop_j;;;;320961
        us;5;loads;[4640,4720);stores;[4640,4720)
        us;40;loads;[0,8);stores;
        us;41;loads;[0,8);stores;
        us;42;loads;[0,4);stores;
        us;43;loads;[0,4);stores;
        <-;section;ffts1_planes_loop_j;;;;321983
      us;42;loads;[0,4);stores;[0,4)
        ->;section;ffts1_planes_loop_j;;;;321991
        us;5;loads;[4720,4800);stores;[4720,4800)
        us;40;loads;[0,8);stores;
        us;41;loads;[0,8);stores;
        us;42;loads;[0,4);stores;
        us;43;loads;[0,4);stores;
        <-;section;ffts1_planes_loop_j;;;;323013
      us;42;loads;[0,4);stores;[0,4)
      <-;section;ffts1_planes_loop_k;;;;323021
    us;43;loads;[0,4);stores;[0,4)
      ->;section;ffts1_planes_loop_k;;;;323029
      us;42;loads;;stores;[0,4)
        ->;section;ffts1_planes_loop_j;;;;323034
        us;5;loads;[4800,4880);stores;[4800,4880)
        us;40;loads;[0,8);stores;
        us;41;loads;[0,8);stores;
        us;42;loads;[0,4);stores;
        us;43;loads;[0,4);stores;
        <-;section;ffts1_planes_loop_j;;;;324056
      us;42;loads;[0,4);stores;[0,4)
        ->;section;ffts1_planes_loop_j;;;;324064
        us;5;loads;[4880,4960);stores;[4880,4960)
        us;40;loads;[0,8);stores;
        us;41;loads;[0,8);stores;
        us;42;loads;[0,4);stores;
        us;43;loads;[0,4);stores;
        <-;section;ffts1_planes_loop_j;;;;325086
      us;42;loads;[0,4);stores;[0,4)
        ->;section;ffts1_planes_loop_j;;;;325094
        us;5;loads;[4960,5040);stores;[4960,5040)
        us;40;loads;[0,8);stores;
        us;41;loads;[0,8);stores;
        us;42;loads;[0,4);stores;
        us;43;loads;[0,4);stores;
        <-;section;ffts1_planes_loop_j;;;;326116
      us;42;loads;[0,4);stores;[0,4)
        ->;section;ffts1_planes_loop_j;;;;326124
        us;5;loads;[5040,5120);stores;[5040,5120)
        us;40;loads;[0,8);stores;
        us;41;loads;[0,8);stores;
        us;42;loads;[0,4);stores;
        us;43;loads;[0,4);stores;
        <-;section;ffts1_planes_loop_j;;;;327146
      us;42;loads;[0,4);stores;[0,4)
        ->;section;ffts1_planes_loop_j;;;;327154
        us;5;loads;[5120,5200);stores;[5120,5200)
        us;40;loads;[0,8);stores;
        us;41;loads;[0,8);stores;
        us;42;loads;[0,4);stores;
        us;43;loads;[0,4);stores;
        <-;section;ffts1_planes_loop_j;;;;328176
      us;42;loads;[0,4);stores;[0,4)
        ->;section;ffts1_planes_loop_j;;;;328184
        us;5;loads;[5200,5280);stores;[5200,5280)
        us;40;loads;[0,8);stores;
        us;41;loads;[0,8);stores;
        us;42;loads;[0,4);stores;
        us;43;loads;[0,4);stores;
        <-;section;ffts1_planes_loop_j;;;;329206
      us;42;loads;[0,4);stores;[0,4)
        ->;section;ffts1_planes_loop_j;;;;329214
        us;5;loads;[5280,5360);stores;[5280,5360)
        us;40;loads;[0,8);stores;
        us;41;loads;[0,8);stores;
        us;42;loads;[0,4);stores;
        us;43;loads;[0,4);stores;
        <-;section;ffts1_planes_loop_j;;;;330236
      us;42;loads;[0,4);stores;[0,4)
        ->;section;ffts1_planes_loop_j;;;;330244
        us;5;loads;[5360,5440);stores;[5360,5440)
        us;40;loads;[0,8);stores;
        us;41;loads;[0,8);stores;
        us;42;loads;[0,4);stores;
        us;43;loads;[0,4);stores;
        <-;section;ffts1_planes_loop_j;;;;331266
      us;42;loads;[0,4);stores;[0,4)
        ->;section;ffts1_planes_loop_j;;;;331274
        us;5;loads;[5440,5520);stores;[5440,5520)
        us;40;loads;[0,8);stores;
        us;41;loads;[0,8);stores;
        us;42;loads;[0,4);stores;
        us;43;loads;[0,4);stores;
        <-;section;ffts1_planes_loop_j;;;;332296
      us;42;loads;[0,4);stores;[0,4)
        ->;section;ffts1_planes_loop_j;;;;332304
        us;5;loads;[5520,5600);stores;[5520,5600)
        us;40;loads;[0,8);stores;
        us;41;loads;[0,8);stores;
        us;42;loads;[0,4);stores;
        us;43;loads;[0,4);stores;
        <-;section;ffts1_planes_loop_j;;;;333326
      us;42;loads;[0,4);stores;[0,4)
      <-;section;ffts1_planes_loop_k;;;;333334
    us;43;loads;[0,4);stores;[0,4)
      ->;section;ffts1_planes_loop_k;;;;333342
      us;42;loads;;stores;[0,4)
        ->;section;ffts1_planes_loop_j;;;;333347
        us;5;loads;[5600,5680);stores;[5600,5680)
        us;40;loads;[0,8);stores;
        us;41;loads;[0,8);stores;
        us;42;loads;[0,4);stores;
        us;43;loads;[0,4);stores;
        <-;section;ffts1_planes_loop_j;;;;334369
      us;42;loads;[0,4);stores;[0,4)
        ->;section;ffts1_planes_loop_j;;;;334377
        us;5;loads;[5680,5760);stores;[5680,5760)
        us;40;loads;[0,8);stores;
        us;41;loads;[0,8);stores;
        us;42;loads;[0,4);stores;
        us;43;loads;[0,4);stores;
        <-;section;ffts1_planes_loop_j;;;;335399
      us;42;loads;[0,4);stores;[0,4)
        ->;section;ffts1_planes_loop_j;;;;335407
        us;5;loads;[5760,5840);stores;[5760,5840)
        us;40;loads;[0,8);stores;
        us;41;loads;[0,8);stores;
        us;42;loads;[0,4);stores;
        us;43;loads;[0,4);stores;
        <-;section;ffts1_planes_loop_j;;;;336429
      us;42;loads;[0,4);stores;[0,4)
        ->;section;ffts1_planes_loop_j;;;;336437
        us;5;loads;[5840,5920);stores;[5840,5920)
        us;40;loads;[0,8);stores;
        us;41;loads;[0,8);stores;
        us;42;loads;[0,4);stores;
        us;43;loads;[0,4);stores;
        <-;section;ffts1_planes_loop_j;;;;337459
      us;42;loads;[0,4);stores;[0,4)
        ->;section;ffts1_planes_loop_j;;;;337467
        us;5;loads;[5920,6000);stores;[5920,6000)
        us;40;loads;[0,8);stores;
        us;41;loads;[0,8);stores;
        us;42;loads;[0,4);stores;
        us;43;loads;[0,4);stores;
        <-;section;ffts1_planes_loop_j;;;;338489
      us;42;loads;[0,4);stores;[0,4)
        ->;section;ffts1_planes_loop_j;;;;338497
        us;5;loads;[6000,6080);stores;[6000,6080)
        us;40;loads;[0,8);stores;
        us;41;loads;[0,8);stores;
        us;42;loads;[0,4);stores;
        us;43;loads;[0,4);stores;
        <-;section;ffts1_planes_loop_j;;;;339519
      us;42;loads;[0,4);stores;[0,4)
        ->;section;ffts1_planes_loop_j;;;;339527
        us;5;loads;[6080,6160);stores;[6080,6160)
        us;40;loads;[0,8);stores;
        us;41;loads;[0,8);stores;
        us;42;loads;[0,4);stores;
        us;43;loads;[0,4);stores;
        <-;section;ffts1_planes_loop_j;;;;340549
      us;42;loads;[0,4);stores;[0,4)
        ->;section;ffts1_planes_loop_j;;;;340557
        us;5;loads;[6160,6240);stores;[6160,6240)
        us;40;loads;[0,8);stores;
        us;41;loads;[0,8);stores;
        us;42;loads;[0,4);stores;
        us;43;loads;[0,4);stores;
        <-;section;ffts1_planes_loop_j;;;;341579
      us;42;loads;[0,4);stores;[0,4)
        ->;section;ffts1_planes_loop_j;;;;341587
        us;5;loads;[6240,6320);stores;[6240,6320)
        us;40;loads;[0,8);stores;
        us;41;loads;[0,8);stores;
        us;42;loads;[0,4);stores;
        us;43;loads;[0,4);stores;
        <-;section;ffts1_planes_loop_j;;;;342609
      us;42;loads;[0,4);stores;[0,4)
        ->;section;ffts1_planes_loop_j;;;;342617
        us;5;loads;[6320,6400);stores;[6320,6400)
        us;40;loads;[0,8);stores;
        us;41;loads;[0,8);stores;
        us;42;loads;[0,4);stores;
        us;43;loads;[0,4);stores;
        <-;section;ffts1_planes_loop_j;;;;343639
      us;42;loads;[0,4);stores;[0,4)
      <-;section;ffts1_planes_loop_k;;;;343647
    us;43;loads;[0,4);stores;[0,4)
      ->;section;ffts1_planes_loop_k;;;;343655
      us;42;loads;;stores;[0,4)
        ->;section;ffts1_planes_loop_j;;;;343660
        us;5;loads;[6400,6480);stores;[6400,6480)
        us;40;loads;[0,8);stores;
        us;41;loads;[0,8);stores;
        us;42;loads;[0,4);stores;
        us;43;loads;[0,4);stores;
        <-;section;ffts1_planes_loop_j;;;;344682
      us;42;loads;[0,4);stores;[0,4)
        ->;section;ffts1_planes_loop_j;;;;344690
        us;5;loads;[6480,6560);stores;[6480,6560)
        us;40;loads;[0,8);stores;
        us;41;loads;[0,8);stores;
        us;42;loads;[0,4);stores;
        us;43;loads;[0,4);stores;
        <-;section;ffts1_planes_loop_j;;;;345712
      us;42;loads;[0,4);stores;[0,4)
        ->;section;ffts1_planes_loop_j;;;;345720
        us;5;loads;[6560,6640);stores;[6560,6640)
        us;40;loads;[0,8);stores;
        us;41;loads;[0,8);stores;
        us;42;loads;[0,4);stores;
        us;43;loads;[0,4);stores;
        <-;section;ffts1_planes_loop_j;;;;346742
      us;42;loads;[0,4);stores;[0,4)
        ->;section;ffts1_planes_loop_j;;;;346750
        us;5;loads;[6640,6720);stores;[6640,6720)
        us;40;loads;[0,8);stores;
        us;41;loads;[0,8);stores;
        us;42;loads;[0,4);stores;
        us;43;loads;[0,4);stores;
        <-;section;ffts1_planes_loop_j;;;;347772
      us;42;loads;[0,4);stores;[0,4)
        ->;section;ffts1_planes_loop_j;;;;347780
        us;5;loads;[6720,6800);stores;[6720,6800)
        us;40;loads;[0,8);stores;
        us;41;loads;[0,8);stores;
        us;42;loads;[0,4);stores;
        us;43;loads;[0,4);stores;
        <-;section;ffts1_planes_loop_j;;;;348802
      us;42;loads;[0,4);stores;[0,4)
        ->;section;ffts1_planes_loop_j;;;;348810
        us;5;loads;[6800,6880);stores;[6800,6880)
        us;40;loads;[0,8);stores;
        us;41;loads;[0,8);stores;
        us;42;loads;[0,4);stores;
        us;43;loads;[0,4);stores;
        <-;section;ffts1_planes_loop_j;;;;349832
      us;42;loads;[0,4);stores;[0,4)
        ->;section;ffts1_planes_loop_j;;;;349840
        us;5;loads;[6880,6960);stores;[6880,6960)
        us;40;loads;[0,8);stores;
        us;41;loads;[0,8);stores;
        us;42;loads;[0,4);stores;
        us;43;loads;[0,4);stores;
        <-;section;ffts1_planes_loop_j;;;;350862
      us;42;loads;[0,4);stores;[0,4)
        ->;section;ffts1_planes_loop_j;;;;350870
        us;5;loads;[6960,7040);stores;[6960,7040)
        us;40;loads;[0,8);stores;
        us;41;loads;[0,8);stores;
        us;42;loads;[0,4);stores;
        us;43;loads;[0,4);stores;
        <-;section;ffts1_planes_loop_j;;;;351892
      us;42;loads;[0,4);stores;[0,4)
        ->;section;ffts1_planes_loop_j;;;;351900
        us;5;loads;[7040,7120);stores;[7040,7120)
        us;40;loads;[0,8);stores;
        us;41;loads;[0,8);stores;
        us;42;loads;[0,4);stores;
        us;43;loads;[0,4);stores;
        <-;section;ffts1_planes_loop_j;;;;352922
      us;42;loads;[0,4);stores;[0,4)
        ->;section;ffts1_planes_loop_j;;;;352930
        us;5;loads;[7120,7200);stores;[7120,7200)
        us;40;loads;[0,8);stores;
        us;41;loads;[0,8);stores;
        us;42;loads;[0,4);stores;
        us;43;loads;[0,4);stores;
        <-;section;ffts1_planes_loop_j;;;;353952
      us;42;loads;[0,4);stores;[0,4)
      <-;section;ffts1_planes_loop_k;;;;353960
    us;43;loads;[0,4);stores;[0,4)
      ->;section;ffts1_planes_loop_k;;;;353968
      us;42;loads;;stores;[0,4)
        ->;section;ffts1_planes_loop_j;;;;353973
        us;5;loads;[7200,7280);stores;[7200,7280)
        us;40;loads;[0,8);stores;
        us;41;loads;[0,8);stores;
        us;42;loads;[0,4);stores;
        us;43;loads;[0,4);stores;
        <-;section;ffts1_planes_loop_j;;;;354995
      us;42;loads;[0,4);stores;[0,4)
        ->;section;ffts1_planes_loop_j;;;;355003
        us;5;loads;[7280,7360);stores;[7280,7360)
        us;40;loads;[0,8);stores;
        us;41;loads;[0,8);stores;
        us;42;loads;[0,4);stores;
        us;43;loads;[0,4);stores;
        <-;section;ffts1_planes_loop_j;;;;356025
      us;42;loads;[0,4);stores;[0,4)
        ->;section;ffts1_planes_loop_j;;;;356033
        us;5;loads;[7360,7440);stores;[7360,7440)
        us;40;loads;[0,8);stores;
        us;41;loads;[0,8);stores;
        us;42;loads;[0,4);stores;
        us;43;loads;[0,4);stores;
        <-;section;ffts1_planes_loop_j;;;;357055
      us;42;loads;[0,4);stores;[0,4)
        ->;section;ffts1_planes_loop_j;;;;357063
        us;5;loads;[7440,7520);stores;[7440,7520)
        us;40;loads;[0,8);stores;
        us;41;loads;[0,8);stores;
        us;42;loads;[0,4);stores;
        us;43;loads;[0,4);stores;
        <-;section;ffts1_planes_loop_j;;;;358085
      us;42;loads;[0,4);stores;[0,4)
        ->;section;ffts1_planes_loop_j;;;;358093
        us;5;loads;[7520,7600);stores;[7520,7600)
        us;40;loads;[0,8);stores;
        us;41;loads;[0,8);stores;
        us;42;loads;[0,4);stores;
        us;43;loads;[0,4);stores;
        <-;section;ffts1_planes_loop_j;;;;359115
      us;42;loads;[0,4);stores;[0,4)
        ->;section;ffts1_planes_loop_j;;;;359123
        us;5;loads;[7600,7680);stores;[7600,7680)
        us;40;loads;[0,8);stores;
        us;41;loads;[0,8);stores;
        us;42;loads;[0,4);stores;
        us;43;loads;[0,4);stores;
        <-;section;ffts1_planes_loop_j;;;;360145
      us;42;loads;[0,4);stores;[0,4)
        ->;section;ffts1_planes_loop_j;;;;360153
        us;5;loads;[7680,7760);stores;[7680,7760)
        us;40;loads;[0,8);stores;
        us;41;loads;[0,8);stores;
        us;42;loads;[0,4);stores;
        us;43;loads;[0,4);stores;
        <-;section;ffts1_planes_loop_j;;;;361175
      us;42;loads;[0,4);stores;[0,4)
        ->;section;ffts1_planes_loop_j;;;;361183
        us;5;loads;[7760,7840);stores;[7760,7840)
        us;40;loads;[0,8);stores;
        us;41;loads;[0,8);stores;
        us;42;loads;[0,4);stores;
        us;43;loads;[0,4);stores;
        <-;section;ffts1_planes_loop_j;;;;362205
      us;42;loads;[0,4);stores;[0,4)
        ->;section;ffts1_planes_loop_j;;;;362213
        us;5;loads;[7840,7920);stores;[7840,7920)
        us;40;loads;[0,8);stores;
        us;41;loads;[0,8);stores;
        us;42;loads;[0,4);stores;
        us;43;loads;[0,4);stores;
        <-;section;ffts1_planes_loop_j;;;;363235
      us;42;loads;[0,4);stores;[0,4)
        ->;section;ffts1_planes_loop_j;;;;363243
        us;5;loads;[7920,8000);stores;[7920,8000)
        us;40;loads;[0,8);stores;
        us;41;loads;[0,8);stores;
        us;42;loads;[0,4);stores;
        us;43;loads;[0,4);stores;
        <-;section;ffts1_planes_loop_j;;;;364265
      us;42;loads;[0,4);stores;[0,4)
      <-;section;ffts1_planes_loop_k;;;;364273
    us;43;loads;[0,4);stores;[0,4)
    dl;40;[0x7ffd0e1b9e18,+8);stack;p1d;-|
    dl;41;[0x7ffd0e1b9e10,+8);stack;in_fftw;-|
    dl;42;[0x7ffd0e1b9e0c,+4);stack;j;-|
    dl;43;[0x7ffd0e1b9e08,+4);stack;k;-|
    <-;section;planes2;;;;364284
    ->;section;zx_planes;;;;364284
    nw;44;[0x7ffd0e1b9e18,+8);stack;in_fftw;-|
    nw;45;[0x7ffd0e1b9e10,+8);stack;tmp_fftw;-|
    nw;46;[0x7ffd0e1b9e0c,+4);stack;k;-|
    nw;47;[0x7ffd0e1b9e08,+4);stack;j;-|
    nw;48;[0x7ffd0e1b9e04,+4);stack;i;-|
    us;44;loads;;stores;[0,8)
    us;45;loads;;stores;[0,8)
    us;46;loads;;stores;[0,4)
      ->;section;zx_planes_loop_k;;;;364296
      us;47;loads;;stores;[0,4)
        ->;section;zx_planes_loop_j;;;;364301
        us;0;loads;;stores;[0,8)[800,808)[1600,1608)[2400,2408)[3200,3208)[4000,4008)[4800,4808)[5600,5608)[6400,6408)[7200,7208)
        us;5;loads;[0,80);stores;
        us;44;loads;[0,8);stores;
        us;45;loads;[0,8);stores;
        us;46;loads;[0,4);stores;
        us;47;loads;[0,4);stores;
        us;48;loads;;stores;[0,4)
        <-;section;zx_planes_loop_j;;;;364866
      us;47;loads;[0,4);stores;[0,4)
        ->;section;zx_planes_loop_j;;;;364874
        us;0;loads;;stores;[80,88)[880,888)[1680,1688)[2480,2488)[3280,3288)[4080,4088)[4880,4888)[5680,5688)[6480,6488)[7280,7288)
        us;5;loads;[80,160);stores;
        us;44;loads;[0,8);stores;
        us;45;loads;[0,8);stores;
        us;46;loads;[0,4);stores;
        us;47;loads;[0,4);stores;
        us;48;loads;;stores;[0,4)
        <-;section;zx_planes_loop_j;;;;365439
      us;47;loads;[0,4);stores;[0,4)
        ->;section;zx_planes_loop_j;;;;365447
        us;0;loads;;stores;[160,168)[960,968)[1760,1768)[2560,2568)[3360,3368)[4160,4168)[4960,4968)[5760,5768)[6560,6568)[7360,7368)
        us;5;loads;[160,240);stores;
        us;44;loads;[0,8);stores;
        us;45;loads;[0,8);stores;
        us;46;loads;[0,4);stores;
        us;47;loads;[0,4);stores;
        us;48;loads;;stores;[0,4)
        <-;section;zx_planes_loop_j;;;;366012
      us;47;loads;[0,4);stores;[0,4)
        ->;section;zx_planes_loop_j;;;;366020
        us;0;loads;;stores;[240,248)[1040,1048)[1840,1848)[2640,2648)[3440,3448)[4240,4248)[5040,5048)[5840,5848)[6640,6648)[7440,7448)
        us;5;loads;[240,320);stores;
        us;44;loads;[0,8);stores;
        us;45;loads;[0,8);stores;
        us;46;loads;[0,4);stores;
        us;47;loads;[0,4);stores;
        us;48;loads;;stores;[0,4)
        <-;section;zx_planes_loop_j;;;;366585
      us;47;loads;[0,4);stores;[0,4)
        ->;section;zx_planes_loop_j;;;;366593
        us;0;loads;;stores;[320,328)[1120,1128)[1920,1928)[2720,2728)[3520,3528)[4320,4328)[5120,5128)[5920,5928)[6720,6728)[7520,7528)
        us;5;loads;[320,400);stores;
        us;44;loads;[0,8);stores;
        us;45;loads;[0,8);stores;
        us;46;loads;[0,4);stores;
        us;47;loads;[0,4);stores;
        us;48;loads;;stores;[0,4)
        <-;section;zx_planes_loop_j;;;;367158
      us;47;loads;[0,4);stores;[0,4)
        ->;section;zx_planes_loop_j;;;;367166
        us;0;loads;;stores;[400,408)[1200,1208)[2000,2008)[2800,2808)[3600,3608)[4400,4408)[5200,5208)[6000,6008)[6800,6808)[7600,7608)
        us;5;loads;[400,480);stores;
        us;44;loads;[0,8);stores;
        us;45;loads;[0,8);stores;
        us;46;loads;[0,4);stores;
        us;47;loads;[0,4);stores;
        us;48;loads;;stores;[0,4)
        <-;section;zx_planes_loop_j;;;;367731
      us;47;loads;[0,4);stores;[0,4)
        ->;section;zx_planes_loop_j;;;;367739
        us;0;loads;;stores;[480,488)[1280,1288)[2080,2088)[2880,2888)[3680,3688)[4480,4488)[5280,5288)[6080,6088)[6880,6888)[7680,7688)
        us;5;loads;[480,560);stores;
        us;44;loads;[0,8);stores;
        us;45;loads;[0,8);stores;
        us;46;loads;[0,4);stores;
        us;47;loads;[0,4);stores;
        us;48;loads;;stores;[0,4)
        <-;section;zx_planes_loop_j;;;;368304
      us;47;loads;[0,4);stores;[0,4)
        ->;section;zx_planes_loop_j;;;;368312
        us;0;loads;;stores;[560,568)[1360,1368)[2160,2168)[2960,2968)[3760,3768)[4560,4568)[5360,5368)[6160,6168)[6960,6968)[7760,7768)
        us;5;loads;[560,640);stores;
        us;44;loads;[0,8);stores;
        us;45;loads;[0,8);stores;
        us;46;loads;[0,4);stores;
        us;47;loads;[0,4);stores;
        us;48;loads;;stores;[0,4)
        <-;section;zx_planes_loop_j;;;;368877
      us;47;loads;[0,4);stores;[0,4)
        ->;section;zx_planes_loop_j;;;;368885
        us;0;loads;;stores;[640,648)[1440,1448)[2240,2248)[3040,3048)[3840,3848)[4640,4648)[5440,5448)[6240,6248)[7040,7048)[7840,7848)
        us;5;loads;[640,720);stores;
        us;44;loads;[0,8);stores;
        us;45;loads;[0,8);stores;
        us;46;loads;[0,4);stores;
        us;47;loads;[0,4);stores;
        us;48;loads;;stores;[0,4)
        <-;section;zx_planes_loop_j;;;;369450
      us;47;loads;[0,4);stores;[0,4)
        ->;section;zx_planes_loop_j;;;;369458
        us;0;loads;;stores;[720,728)[1520,1528)[2320,2328)[3120,3128)[3920,3928)[4720,4728)[5520,5528)[6320,6328)[7120,7128)[7920,7928)
        us;5;loads;[720,800);stores;
        us;44;loads;[0,8);stores;
        us;45;loads;[0,8);stores;
        us;46;loads;[0,4);stores;
        us;47;loads;[0,4);stores;
        us;48;loads;;stores;[0,4)
        <-;section;zx_planes_loop_j;;;;370023
      us;47;loads;[0,4);stores;[0,4)
      <-;section;zx_planes_loop_k;;;;370031
    us;46;loads;[0,4);stores;[0,4)
      ->;section;zx_planes_loop_k;;;;370039
      us;47;loads;;stores;[0,4)
        ->;section;zx_planes_loop_j;;;;370044
        us;0;loads;;stores;[8,16)[808,816)[1608,1616)[2408,2416)[3208,3216)[4008,4016)[4808,4816)[5608,5616)[6408,6416)[7208,7216)
        us;5;loads;[800,880);stores;
        us;44;loads;[0,8);stores;
        us;45;loads;[0,8);stores;
        us;46;loads;[0,4);stores;
        us;47;loads;[0,4);stores;
        us;48;loads;;stores;[0,4)
        <-;section;zx_planes_loop_j;;;;370609
      us;47;loads;[0,4);stores;[0,4)
        ->;section;zx_planes_loop_j;;;;370617
        us;0;loads;;stores;[88,96)[888,896)[1688,1696)[2488,2496)[3288,3296)[4088,4096)[4888,4896)[5688,5696)[6488,6496)[7288,7296)
        us;5;loads;[880,960);stores;
        us;44;loads;[0,8);stores;
        us;45;loads;[0,8);stores;
        us;46;loads;[0,4);stores;
        us;47;loads;[0,4);stores;
        us;48;loads;;stores;[0,4)
        <-;section;zx_planes_loop_j;;;;371182
      us;47;loads;[0,4);stores;[0,4)
        ->;section;zx_planes_loop_j;;;;371190
        us;0;loads;;stores;[168,176)[968,976)[1768,1776)[2568,2576)[3368,3376)[4168,4176)[4968,4976)[5768,5776)[6568,6576)[7368,7376)
        us;5;loads;[960,1040);stores;
        us;44;loads;[0,8);stores;
        us;45;loads;[0,8);stores;
        us;46;loads;[0,4);stores;
        us;47;loads;[0,4);stores;
        us;48;loads;;stores;[0,4)
        <-;section;zx_planes_loop_j;;;;371755
      us;47;loads;[0,4);stores;[0,4)
        ->;section;zx_planes_loop_j;;;;371763
        us;0;loads;;stores;[248,256)[1048,1056)[1848,1856)[2648,2656)[3448,3456)[4248,4256)[5048,5056)[5848,5856)[6648,6656)[7448,7456)
        us;5;loads;[1040,1120);stores;
        us;44;loads;[0,8);stores;
        us;45;loads;[0,8);stores;
        us;46;loads;[0,4);stores;
        us;47;loads;[0,4);stores;
        us;48;loads;;stores;[0,4)
        <-;section;zx_planes_loop_j;;;;372328
      us;47;loads;[0,4);stores;[0,4)
        ->;section;zx_planes_loop_j;;;;372336
        us;0;loads;;stores;[328,336)[1128,1136)[1928,1936)[2728,2736)[3528,3536)[4328,4336)[5128,5136)[5928,5936)[6728,6736)[7528,7536)
        us;5;loads;[1120,1200);stores;
        us;44;loads;[0,8);stores;
        us;45;loads;[0,8);stores;
        us;46;loads;[0,4);stores;
        us;47;loads;[0,4);stores;
        us;48;loads;;stores;[0,4)
        <-;section;zx_planes_loop_j;;;;372901
      us;47;loads;[0,4);stores;[0,4)
        ->;section;zx_planes_loop_j;;;;372909
        us;0;loads;;stores;[408,416)[1208,1216)[2008,2016)[2808,2816)[3608,3616)[4408,4416)[5208,5216)[6008,6016)[6808,6816)[7608,7616)
        us;5;loads;[1200,1280);stores;
        us;44;loads;[0,8);stores;
        us;45;loads;[0,8);stores;
        us;46;loads;[0,4);stores;
        us;47;loads;[0,4);stores;
        us;48;loads;;stores;[0,4)
        <-;section;zx_planes_loop_j;;;;373474
      us;47;loads;[0,4);stores;[0,4)
        ->;section;zx_planes_loop_j;;;;373482
        us;0;loads;;stores;[488,496)[1288,1296)[2088,2096)[2888,2896)[3688,3696)[4488,4496)[5288,5296)[6088,6096)[6888,6896)[7688,7696)
        us;5;loads;[1280,1360);stores;
        us;44;loads;[0,8);stores;
        us;45;loads;[0,8);stores;
        us;46;loads;[0,4);stores;
        us;47;loads;[0,4);stores;
        us;48;loads;;stores;[0,4)
        <-;section;zx_planes_loop_j;;;;374047
      us;47;loads;[0,4);stores;[0,4)
        ->;section;zx_planes_loop_j;;;;374055
        us;0;loads;;stores;[568,576)[1368,1376)[2168,2176)[2968,2976)[3768,3776)[4568,4576)[5368,5376)[6168,6176)[6968,6976)[7768,7776)
        us;5;loads;[1360,1440);stores;
        us;44;loads;[0,8);stores;
        us;45;loads;[0,8);stores;
        us;46;loads;[0,4);stores;
        us;47;loads;[0,4);stores;
        us;48;loads;;stores;[0,4)
        <-;section;zx_planes_loop_j;;;;374620
      us;47;loads;[0,4);stores;[0,4)
        ->;section;zx_planes_loop_j;;;;374628
        us;0;loads;;stores;[648,656)[1448,1456)[2248,2256)[3048,3056)[3848,3856)[4648,4656)[5448,5456)[6248,6256)[7048,7056)[7848,7856)
        us;5;loads;[1440,1520);stores;
        us;44;loads;[0,8);stores;
        us;45;loads;[0,8);stores;
        us;46;loads;[0,4);stores;
        us;47;loads;[0,4);stores;
        us;48;loads;;stores;[0,4)
        <-;section;zx_planes_loop_j;;;;375193
      us;47;loads;[0,4);stores;[0,4)
        ->;section;zx_planes_loop_j;;;;375201
        us;0;loads;;stores;[728,736)[1528,1536)[2328,2336)[3128,3136)[3928,3936)[4728,4736)[5528,5536)[6328,6336)[7128,7136)[7928,7936)
        us;5;loads;[1520,1600);stores;
        us;44;loads;[0,8);stores;
        us;45;loads;[0,8);stores;
        us;46;loads;[0,4);stores;
        us;47;loads;[0,4);stores;
        us;48;loads;;stores;[0,4)
        <-;section;zx_planes_loop_j;;;;375766
      us;47;loads;[0,4);stores;[0,4)
      <-;section;zx_planes_loop_k;;;;375774
    us;46;loads;[0,4);stores;[0,4)
      ->;section;zx_planes_loop_k;;;;375782
      us;47;loads;;stores;[0,4)
        ->;section;zx_planes_loop_j;;;;375787
        us;0;loads;;stores;[16,24)[816,824)[1616,1624)[2416,2424)[3216,3224)[4016,4024)[4816,4824)[5616,5624)[6416,6424)[7216,7224)
        us;5;loads;[1600,1680);stores;
        us;44;loads;[0,8);stores;
        us;45;loads;[0,8);stores;
        us;46;loads;[0,4);stores;
        us;47;loads;[0,4);stores;
        us;48;loads;;stores;[0,4)
        <-;section;zx_planes_loop_j;;;;376352
      us;47;loads;[0,4);stores;[0,4)
        ->;section;zx_planes_loop_j;;;;376360
        us;0;loads;;stores;[96,104)[896,904)[1696,1704)[2496,2504)[3296,3304)[4096,4104)[4896,4904)[5696,5704)[6496,6504)[7296,7304)
        us;5;loads;[1680,1760);stores;
        us;44;loads;[0,8);stores;
        us;45;loads;[0,8);stores;
        us;46;loads;[0,4);stores;
        us;47;loads;[0,4);stores;
        us;48;loads;;stores;[0,4)
        <-;section;zx_planes_loop_j;;;;376925
      us;47;loads;[0,4);stores;[0,4)
        ->;section;zx_planes_loop_j;;;;376933
        us;0;loads;;stores;[176,184)[976,984)[1776,1784)[2576,2584)[3376,3384)[4176,4184)[4976,4984)[5776,5784)[6576,6584)[7376,7384)
        us;5;loads;[1760,1840);stores;
        us;44;loads;[0,8);stores;
        us;45;loads;[0,8);stores;
        us;46;loads;[0,4);stores;
        us;47;loads;[0,4);stores;
        us;48;loads;;stores;[0,4)
        <-;section;zx_planes_loop_j;;;;377498
      us;47;loads;[0,4);stores;[0,4)
        ->;section;zx_planes_loop_j;;;;377506
        us;0;loads;;stores;[256,264)[1056,1064)[1856,1864)[2656,2664)[3456,3464)[4256,4264)[5056,5064)[5856,5864)[6656,6664)[7456,7464)
        us;5;loads;[1840,1920);stores;
        us;44;loads;[0,8);stores;
        us;45;loads;[0,8);stores;
        us;46;loads;[0,4);stores;
        us;47;loads;[0,4);stores;
        us;48;loads;;stores;[0,4)
        <-;section;zx_planes_loop_j;;;;378071
      us;47;loads;[0,4);stores;[0,4)
        ->;section;zx_planes_loop_j;;;;378079
        us;0;loads;;stores;[336,344)[1136,1144)[1936,1944)[2736,2744)[3536,3544)[4336,4344)[5136,5144)[5936,5944)[6736,6744)[7536,7544)
        us;5;loads;[1920,2000);stores;
        us;44;loads;[0,8);stores;
        us;45;loads;[0,8);stores;
        us;46;loads;[0,4);stores;
        us;47;loads;[0,4);stores;
        us;48;loads;;stores;[0,4)
        <-;section;zx_planes_loop_j;;;;378644
      us;47;loads;[0,4);stores;[0,4)
        ->;section;zx_planes_loop_j;;;;378652
        us;0;loads;;stores;[416,424)[1216,1224)[2016,2024)[2816,2824)[3616,3624)[4416,4424)[5216,5224)[6016,6024)[6816,6824)[7616,7624)
        us;5;loads;[2000,2080);stores;
        us;44;loads;[0,8);stores;
        us;45;loads;[0,8);stores;
        us;46;loads;[0,4);stores;
        us;47;loads;[0,4);stores;
        us;48;loads;;stores;[0,4)
        <-;section;zx_planes_loop_j;;;;379217
      us;47;loads;[0,4);stores;[0,4)
        ->;section;zx_planes_loop_j;;;;379225
        us;0;loads;;stores;[496,504)[1296,1304)[2096,2104)[2896,2904)[3696,3704)[4496,4504)[5296,5304)[6096,6104)[6896,6904)[7696,7704)
        us;5;loads;[2080,2160);stores;
        us;44;loads;[0,8);stores;
        us;45;loads;[0,8);stores;
        us;46;loads;[0,4);stores;
        us;47;loads;[0,4);stores;
        us;48;loads;;stores;[0,4)
        <-;section;zx_planes_loop_j;;;;379790
      us;47;loads;[0,4);stores;[0,4)
        ->;section;zx_planes_loop_j;;;;379798
        us;0;loads;;stores;[576,584)[1376,1384)[2176,2184)[2976,2984)[3776,3784)[4576,4584)[5376,5384)[6176,6184)[6976,6984)[7776,7784)
        us;5;loads;[2160,2240);stores;
        us;44;loads;[0,8);stores;
        us;45;loads;[0,8);stores;
        us;46;loads;[0,4);stores;
        us;47;loads;[0,4);stores;
        us;48;loads;;stores;[0,4)
        <-;section;zx_planes_loop_j;;;;380363
      us;47;loads;[0,4);stores;[0,4)
        ->;section;zx_planes_loop_j;;;;380371
        us;0;loads;;stores;[656,664)[1456,1464)[2256,2264)[3056,3064)[3856,3864)[4656,4664)[5456,5464)[6256,6264)[7056,7064)[7856,7864)
        us;5;loads;[2240,2320);stores;
        us;44;loads;[0,8);stores;
        us;45;loads;[0,8);stores;
        us;46;loads;[0,4);stores;
        us;47;loads;[0,4);stores;
        us;48;loads;;stores;[0,4)
        <-;section;zx_planes_loop_j;;;;380936
      us;47;loads;[0,4);stores;[0,4)
        ->;section;zx_planes_loop_j;;;;380944
        us;0;loads;;stores;[736,744)[1536,1544)[2336,2344)[3136,3144)[3936,3944)[4736,4744)[5536,5544)[6336,6344)[7136,7144)[7936,7944)
        us;5;loads;[2320,2400);stores;
        us;44;loads;[0,8);stores;
        us;45;loads;[0,8);stores;
        us;46;loads;[0,4);stores;
        us;47;loads;[0,4);stores;
        us;48;loads;;stores;[0,4)
        <-;section;zx_planes_loop_j;;;;381509
      us;47;loads;[0,4);stores;[0,4)
      <-;section;zx_planes_loop_k;;;;381517
    us;46;loads;[0,4);stores;[0,4)
      ->;section;zx_planes_loop_k;;;;381525
      us;47;loads;;stores;[0,4)
        ->;section;zx_planes_loop_j;;;;381530
        us;0;loads;;stores;[24,32)[824,832)[1624,1632)[2424,2432)[3224,3232)[4024,4032)[4824,4832)[5624,5632)[6424,6432)[7224,7232)
        us;5;loads;[2400,2480);stores;
        us;44;loads;[0,8);stores;
        us;45;loads;[0,8);stores;
        us;46;loads;[0,4);stores;
        us;47;loads;[0,4);stores;
        us;48;loads;;stores;[0,4)
        <-;section;zx_planes_loop_j;;;;382095
      us;47;loads;[0,4);stores;[0,4)
        ->;section;zx_planes_loop_j;;;;382103
        us;0;loads;;stores;[104,112)[904,912)[1704,1712)[2504,2512)[3304,3312)[4104,4112)[4904,4912)[5704,5712)[6504,6512)[7304,7312)
        us;5;loads;[2480,2560);stores;
        us;44;loads;[0,8);stores;
        us;45;loads;[0,8);stores;
        us;46;loads;[0,4);stores;
        us;47;loads;[0,4);stores;
        us;48;loads;;stores;[0,4)
        <-;section;zx_planes_loop_j;;;;382668
      us;47;loads;[0,4);stores;[0,4)
        ->;section;zx_planes_loop_j;;;;382676
        us;0;loads;;stores;[184,192)[984,992)[1784,1792)[2584,2592)[3384,3392)[4184,4192)[4984,4992)[5784,5792)[6584,6592)[7384,7392)
        us;5;loads;[2560,2640);stores;
        us;44;loads;[0,8);stores;
        us;45;loads;[0,8);stores;
        us;46;loads;[0,4);stores;
        us;47;loads;[0,4);stores;
        us;48;loads;;stores;[0,4)
        <-;section;zx_planes_loop_j;;;;383241
      us;47;loads;[0,4);stores;[0,4)
        ->;section;zx_planes_loop_j;;;;383249
        us;0;loads;;stores;[264,272)[1064,1072)[1864,1872)[2664,2672)[3464,3472)[4264,4272)[5064,5072)[5864,5872)[6664,6672)[7464,7472)
        us;5;loads;[2640,2720);stores;
        us;44;loads;[0,8);stores;
        us;45;loads;[0,8);stores;
        us;46;loads;[0,4);stores;
        us;47;loads;[0,4);stores;
        us;48;loads;;stores;[0,4)
        <-;section;zx_planes_loop_j;;;;383814
      us;47;loads;[0,4);stores;[0,4)
        ->;section;zx_planes_loop_j;;;;383822
        us;0;loads;;stores;[344,352)[1144,1152)[1944,1952)[2744,2752)[3544,3552)[4344,4352)[5144,5152)[5944,5952)[6744,6752)[7544,7552)
        us;5;loads;[2720,2800);stores;
        us;44;loads;[0,8);stores;
        us;45;loads;[0,8);stores;
        us;46;loads;[0,4);stores;
        us;47;loads;[0,4);stores;
        us;48;loads;;stores;[0,4)
        <-;section;zx_planes_loop_j;;;;384387
      us;47;loads;[0,4);stores;[0,4)
        ->;section;zx_planes_loop_j;;;;384395
        us;0;loads;;stores;[424,432)[1224,1232)[2024,2032)[2824,2832)[3624,3632)[4424,4432)[5224,5232)[6024,6032)[6824,6832)[7624,7632)
        us;5;loads;[2800,2880);stores;
        us;44;loads;[0,8);stores;
        us;45;loads;[0,8);stores;
        us;46;loads;[0,4);stores;
        us;47;loads;[0,4);stores;
        us;48;loads;;stores;[0,4)
        <-;section;zx_planes_loop_j;;;;384960
      us;47;loads;[0,4);stores;[0,4)
        ->;section;zx_planes_loop_j;;;;384968
        us;0;loads;;stores;[504,512)[1304,1312)[2104,2112)[2904,2912)[3704,3712)[4504,4512)[5304,5312)[6104,6112)[6904,6912)[7704,7712)
        us;5;loads;[2880,2960);stores;
        us;44;loads;[0,8);stores;
        us;45;loads;[0,8);stores;
        us;46;loads;[0,4);stores;
        us;47;loads;[0,4);stores;
        us;48;loads;;stores;[0,4)
        <-;section;zx_planes_loop_j;;;;385533
      us;47;loads;[0,4);stores;[0,4)
        ->;section;zx_planes_loop_j;;;;385541
        us;0;loads;;stores;[584,592)[1384,1392)[2184,2192)[2984,2992)[3784,3792)[4584,4592)[5384,5392)[6184,6192)[6984,6992)[7784,7792)
        us;5;loads;[2960,3040);stores;
        us;44;loads;[0,8);stores;
        us;45;loads;[0,8);stores;
        us;46;loads;[0,4);stores;
        us;47;loads;[0,4);stores;
        us;48;loads;;stores;[0,4)
        <-;section;zx_planes_loop_j;;;;386106
      us;47;loads;[0,4);stores;[0,4)
        ->;section;zx_planes_loop_j;;;;386114
        us;0;loads;;stores;[664,672)[1464,1472)[2264,2272)[3064,3072)[3864,3872)[4664,4672)[5464,5472)[6264,6272)[7064,7072)[7864,7872)
        us;5;loads;[3040,3120);stores;
        us;44;loads;[0,8);stores;
        us;45;loads;[0,8);stores;
        us;46;loads;[0,4);stores;
        us;47;loads;[0,4);stores;
        us;48;loads;;stores;[0,4)
        <-;section;zx_planes_loop_j;;;;386679
      us;47;loads;[0,4);stores;[0,4)
        ->;section;zx_planes_loop_j;;;;386687
        us;0;loads;;stores;[744,752)[1544,1552)[2344,2352)[3144,3152)[3944,3952)[4744,4752)[5544,5552)[6344,6352)[7144,7152)[7944,7952)
        us;5;loads;[3120,3200);stores;
        us;44;loads;[0,8);stores;
        us;45;loads;[0,8);stores;
        us;46;loads;[0,4);stores;
        us;47;loads;[0,4);stores;
        us;48;loads;;stores;[0,4)
        <-;section;zx_planes_loop_j;;;;387252
      us;47;loads;[0,4);stores;[0,4)
      <-;section;zx_planes_loop_k;;;;387260
    us;46;loads;[0,4);stores;[0,4)
      ->;section;zx_planes_loop_k;;;;387268
      us;47;loads;;stores;[0,4)
        ->;section;zx_planes_loop_j;;;;387273
        us;0;loads;;stores;[32,40)[832,840)[1632,1640)[2432,2440)[3232,3240)[4032,4040)[4832,4840)[5632,5640)[6432,6440)[7232,7240)
        us;5;loads;[3200,3280);stores;
        us;44;loads;[0,8);stores;
        us;45;loads;[0,8);stores;
        us;46;loads;[0,4);stores;
        us;47;loads;[0,4);stores;
        us;48;loads;;stores;[0,4)
        <-;section;zx_planes_loop_j;;;;387838
      us;47;loads;[0,4);stores;[0,4)
        ->;section;zx_planes_loop_j;;;;387846
        us;0;loads;;stores;[112,120)[912,920)[1712,1720)[2512,2520)[3312,3320)[4112,4120)[4912,4920)[5712,5720)[6512,6520)[7312,7320)
        us;5;loads;[3280,3360);stores;
        us;44;loads;[0,8);stores;
        us;45;loads;[0,8);stores;
        us;46;loads;[0,4);stores;
        us;47;loads;[0,4);stores;
        us;48;loads;;stores;[0,4)
        <-;section;zx_planes_loop_j;;;;388411
      us;47;loads;[0,4);stores;[0,4)
        ->;section;zx_planes_loop_j;;;;388419
        us;0;loads;;stores;[192,200)[992,1000)[1792,1800)[2592,2600)[3392,3400)[4192,4200)[4992,5000)[5792,5800)[6592,6600)[7392,7400)
        us;5;loads;[3360,3440);stores;
        us;44;loads;[0,8);stores;
        us;45;loads;[0,8);stores;
        us;46;loads;[0,4);stores;
        us;47;loads;[0,4);stores;
        us;48;loads;;stores;[0,4)
        <-;section;zx_planes_loop_j;;;;388984
      us;47;loads;[0,4);stores;[0,4)
        ->;section;zx_planes_loop_j;;;;388992
        us;0;loads;;stores;[272,280)[1072,1080)[1872,1880)[2672,2680)[3472,3480)[4272,4280)[5072,5080)[5872,5880)[6672,6680)[7472,7480)
        us;5;loads;[3440,3520);stores;
        us;44;loads;[0,8);stores;
        us;45;loads;[0,8);stores;
        us;46;loads;[0,4);stores;
        us;47;loads;[0,4);stores;
        us;48;loads;;stores;[0,4)
        <-;section;zx_planes_loop_j;;;;389557
      us;47;loads;[0,4);stores;[0,4)
        ->;section;zx_planes_loop_j;;;;389565
        us;0;loads;;stores;[352,360)[1152,1160)[1952,1960)[2752,2760)[3552,3560)[4352,4360)[5152,5160)[5952,5960)[6752,6760)[7552,7560)
        us;5;loads;[3520,3600);stores;
        us;44;loads;[0,8);stores;
        us;45;loads;[0,8);stores;
        us;46;loads;[0,4);stores;
        us;47;loads;[0,4);stores;
        us;48;loads;;stores;[0,4)
        <-;section;zx_planes_loop_j;;;;390130
      us;47;loads;[0,4);stores;[0,4)
        ->;section;zx_planes_loop_j;;;;390138
        us;0;loads;;stores;[432,440)[1232,1240)[2032,2040)[2832,2840)[3632,3640)[4432,4440)[5232,5240)[6032,6040)[6832,6840)[7632,7640)
        us;5;loads;[3600,3680);stores;
        us;44;loads;[0,8);stores;
        us;45;loads;[0,8);stores;
        us;46;loads;[0,4);stores;
        us;47;loads;[0,4);stores;
        us;48;loads;;stores;[0,4)
        <-;section;zx_planes_loop_j;;;;390703
      us;47;loads;[0,4);stores;[0,4)
        ->;section;zx_planes_loop_j;;;;390711
        us;0;loads;;stores;[512,520)[1312,1320)[2112,2120)[2912,2920)[3712,3720)[4512,4520)[5312,5320)[6112,6120)[6912,6920)[7712,7720)
        us;5;loads;[3680,3760);stores;
        us;44;loads;[0,8);stores;
        us;45;loads;[0,8);stores;
        us;46;loads;[0,4);stores;
        us;47;loads;[0,4);stores;
        us;48;loads;;stores;[0,4)
        <-;section;zx_planes_loop_j;;;;391276
      us;47;loads;[0,4);stores;[0,4)
        ->;section;zx_planes_loop_j;;;;391284
        us;0;loads;;stores;[592,600)[1392,1400)[2192,2200)[2992,3000)[3792,3800)[4592,4600)[5392,5400)[6192,6200)[6992,7000)[7792,7800)
        us;5;loads;[3760,3840);stores;
        us;44;loads;[0,8);stores;
        us;45;loads;[0,8);stores;
        us;46;loads;[0,4);stores;
        us;47;loads;[0,4);stores;
        us;48;loads;;stores;[0,4)
        <-;section;zx_planes_loop_j;;;;391849
      us;47;loads;[0,4);stores;[0,4)
        ->;section;zx_planes_loop_j;;;;391857
        us;0;loads;;stores;[672,680)[1472,1480)[2272,2280)[3072,3080)[3872,3880)[4672,4680)[5472,5480)[6272,6280)[7072,7080)[7872,7880)
        us;5;loads;[3840,3920);stores;
        us;44;loads;[0,8);stores;
        us;45;loads;[0,8);stores;
        us;46;loads;[0,4);stores;
        us;47;loads;[0,4);stores;
        us;48;loads;;stores;[0,4)
        <-;section;zx_planes_loop_j;;;;392422
      us;47;loads;[0,4);stores;[0,4)
        ->;section;zx_planes_loop_j;;;;392430
        us;0;loads;;stores;[752,760)[1552,1560)[2352,2360)[3152,3160)[3952,3960)[4752,4760)[5552,5560)[6352,6360)[7152,7160)[7952,7960)
        us;5;loads;[3920,4000);stores;
        us;44;loads;[0,8);stores;
        us;45;loads;[0,8);stores;
        us;46;loads;[0,4);stores;
        us;47;loads;[0,4);stores;
        us;48;loads;;stores;[0,4)
        <-;section;zx_planes_loop_j;;;;392995
      us;47;loads;[0,4);stores;[0,4)
      <-;section;zx_planes_loop_k;;;;393003
    us;46;loads;[0,4);stores;[0,4)
      ->;section;zx_planes_loop_k;;;;393011
      us;47;loads;;stores;[0,4)
        ->;section;zx_planes_loop_j;;;;393016
        us;0;loads;;stores;[40,48)[840,848)[1640,1648)[2440,2448)[3240,3248)[4040,4048)[4840,4848)[5640,5648)[6440,6448)[7240,7248)
        us;5;loads;[4000,4080);stores;
        us;44;loads;[0,8);stores;
        us;45;loads;[0,8);stores;
        us;46;loads;[0,4);stores;
        us;47;loads;[0,4);stores;
        us;48;loads;;stores;[0,4)
        <-;section;zx_planes_loop_j;;;;393581
      us;47;loads;[0,4);stores;[0,4)
        ->;section;zx_planes_loop_j;;;;393589
        us;0;loads;;stores;[120,128)[920,928)[1720,1728)[2520,2528)[3320,3328)[4120,4128)[4920,4928)[5720,5728)[6520,6528)[7320,7328)
        us;5;loads;[4080,4160);stores;
        us;44;loads;[0,8);stores;
        us;45;loads;[0,8);stores;
        us;46;loads;[0,4);stores;
        us;47;loads;[0,4);stores;
        us;48;loads;;stores;[0,4)
        <-;section;zx_planes_loop_j;;;;394154
      us;47;loads;[0,4);stores;[0,4)
        ->;section;zx_planes_loop_j;;;;394162
        us;0;loads;;stores;[200,208)[1000,1008)[1800,1808)[2600,2608)[3400,3408)[4200,4208)[5000,5008)[5800,5808)[6600,6608)[7400,7408)
        us;5;loads;[4160,4240);stores;
        us;44;loads;[0,8);stores;
        us;45;loads;[0,8);stores;
        us;46;loads;[0,4);stores;
        us;47;loads;[0,4);stores;
        us;48;loads;;stores;[0,4)
        <-;section;zx_planes_loop_j;;;;394727
      us;47;loads;[0,4);stores;[0,4)
        ->;section;zx_planes_loop_j;;;;394735
        us;0;loads;;stores;[280,288)[1080,1088)[1880,1888)[2680,2688)[3480,3488)[4280,4288)[5080,5088)[5880,5888)[6680,6688)[7480,7488)
        us;5;loads;[4240,4320);stores;
        us;44;loads;[0,8);stores;
        us;45;loads;[0,8);stores;
        us;46;loads;[0,4);stores;
        us;47;loads;[0,4);stores;
        us;48;loads;;stores;[0,4)
        <-;section;zx_planes_loop_j;;;;395300
      us;47;loads;[0,4);stores;[0,4)
        ->;section;zx_planes_loop_j;;;;395308
        us;0;loads;;stores;[360,368)[1160,1168)[1960,1968)[2760,2768)[3560,3568)[4360,4368)[5160,5168)[5960,5968)[6760,6768)[7560,7568)
        us;5;loads;[4320,4400);stores;
        us;44;loads;[0,8);stores;
        us;45;loads;[0,8);stores;
        us;46;loads;[0,4);stores;
        us;47;loads;[0,4);stores;
        us;48;loads;;stores;[0,4)
        <-;section;zx_planes_loop_j;;;;395873
      us;47;loads;[0,4);stores;[0,4)
        ->;section;zx_planes_loop_j;;;;395881
        us;0;loads;;stores;[440,448)[1240,1248)[2040,2048)[2840,2848)[3640,3648)[4440,4448)[5240,5248)[6040,6048)[6840,6848)[7640,7648)
        us;5;loads;[4400,4480);stores;
        us;44;loads;[0,8);stores;
        us;45;loads;[0,8);stores;
        us;46;loads;[0,4);stores;
        us;47;loads;[0,4);stores;
        us;48;loads;;stores;[0,4)
        <-;section;zx_planes_loop_j;;;;396446
      us;47;loads;[0,4);stores;[0,4)
        ->;section;zx_planes_loop_j;;;;396454
        us;0;loads;;stores;[520,528)[1320,1328)[2120,2128)[2920,2928)[3720,3728)[4520,4528)[5320,5328)[6120,6128)[6920,6928)[7720,7728)
        us;5;loads;[4480,4560);stores;
        us;44;loads;[0,8);stores;
        us;45;loads;[0,8);stores;
        us;46;loads;[0,4);stores;
        us;47;loads;[0,4);stores;
        us;48;loads;;stores;[0,4)
        <-;section;zx_planes_loop_j;;;;397019
      us;47;loads;[0,4);stores;[0,4)
        ->;section;zx_planes_loop_j;;;;397027
        us;0;loads;;stores;[600,608)[1400,1408)[2200,2208)[3000,3008)[3800,3808)[4600,4608)[5400,5408)[6200,6208)[7000,7008)[7800,7808)
        us;5;loads;[4560,4640);stores;
        us;44;loads;[0,8);stores;
        us;45;loads;[0,8);stores;
        us;46;loads;[0,4);stores;
        us;47;loads;[0,4);stores;
        us;48;loads;;stores;[0,4)
        <-;section;zx_planes_loop_j;;;;397592
      us;47;loads;[0,4);stores;[0,4)
        ->;section;zx_planes_loop_j;;;;397600
        us;0;loads;;stores;[680,688)[1480,1488)[2280,2288)[3080,3088)[3880,3888)[4680,4688)[5480,5488)[6280,6288)[7080,7088)[7880,7888)
        us;5;loads;[4640,4720);stores;
        us;44;loads;[0,8);stores;
        us;45;loads;[0,8);stores;
        us;46;loads;[0,4);stores;
        us;47;loads;[0,4);stores;
        us;48;loads;;stores;[0,4)
        <-;section;zx_planes_loop_j;;;;398165
      us;47;loads;[0,4);stores;[0,4)
        ->;section;zx_planes_loop_j;;;;398173
        us;0;loads;;stores;[760,768)[1560,1568)[2360,2368)[3160,3168)[3960,3968)[4760,4768)[5560,5568)[6360,6368)[7160,7168)[7960,7968)
        us;5;loads;[4720,4800);stores;
        us;44;loads;[0,8);stores;
        us;45;loads;[0,8);stores;
        us;46;loads;[0,4);stores;
        us;47;loads;[0,4);stores;
        us;48;loads;;stores;[0,4)
        <-;section;zx_planes_loop_j;;;;398738
      us;47;loads;[0,4);stores;[0,4)
      <-;section;zx_planes_loop_k;;;;398746
    us;46;loads;[0,4);stores;[0,4)
      ->;section;zx_planes_loop_k;;;;398754
      us;47;loads;;stores;[0,4)
        ->;section;zx_planes_loop_j;;;;398759
        us;0;loads;;stores;[48,56)[848,856)[1648,1656)[2448,2456)[3248,3256)[4048,4056)[4848,4856)[5648,5656)[6448,6456)[7248,7256)
        us;5;loads;[4800,4880);stores;
        us;44;loads;[0,8);stores;
        us;45;loads;[0,8);stores;
        us;46;loads;[0,4);stores;
        us;47;loads;[0,4);stores;
        us;48;loads;;stores;[0,4)
        <-;section;zx_planes_loop_j;;;;399324
      us;47;loads;[0,4);stores;[0,4)
        ->;section;zx_planes_loop_j;;;;399332
        us;0;loads;;stores;[128,136)[928,936)[1728,1736)[2528,2536)[3328,3336)[4128,4136)[4928,4936)[5728,5736)[6528,6536)[7328,7336)
        us;5;loads;[4880,4960);stores;
        us;44;loads;[0,8);stores;
        us;45;loads;[0,8);stores;
        us;46;loads;[0,4);stores;
        us;47;loads;[0,4);stores;
        us;48;loads;;stores;[0,4)
        <-;section;zx_planes_loop_j;;;;399897
      us;47;loads;[0,4);stores;[0,4)
        ->;section;zx_planes_loop_j;;;;399905
        us;0;loads;;stores;[208,216)[1008,1016)[1808,1816)[2608,2616)[3408,3416)[4208,4216)[5008,5016)[5808,5816)[6608,6616)[7408,7416)
        us;5;loads;[4960,5040);stores;
        us;44;loads;[0,8);stores;
        us;45;loads;[0,8);stores;
        us;46;loads;[0,4);stores;
        us;47;loads;[0,4);stores;
        us;48;loads;;stores;[0,4)
        <-;section;zx_planes_loop_j;;;;400470
      us;47;loads;[0,4);stores;[0,4)
        ->;section;zx_planes_loop_j;;;;400478
        us;0;loads;;stores;[288,296)[1088,1096)[1888,1896)[2688,2696)[3488,3496)[4288,4296)[5088,5096)[5888,5896)[6688,6696)[7488,7496)
        us;5;loads;[5040,5120);stores;
        us;44;loads;[0,8);stores;
        us;45;loads;[0,8);stores;
        us;46;loads;[0,4);stores;
        us;47;loads;[0,4);stores;
        us;48;loads;;stores;[0,4)
        <-;section;zx_planes_loop_j;;;;401043
      us;47;loads;[0,4);stores;[0,4)
        ->;section;zx_planes_loop_j;;;;401051
        us;0;loads;;stores;[368,376)[1168,1176)[1968,1976)[2768,2776)[3568,3576)[4368,4376)[5168,5176)[5968,5976)[6768,6776)[7568,7576)
        us;5;loads;[5120,5200);stores;
        us;44;loads;[0,8);stores;
        us;45;loads;[0,8);stores;
        us;46;loads;[0,4);stores;
        us;47;loads;[0,4);stores;
        us;48;loads;;stores;[0,4)
        <-;section;zx_planes_loop_j;;;;401616
      us;47;loads;[0,4);stores;[0,4)
        ->;section;zx_planes_loop_j;;;;401624
        us;0;loads;;stores;[448,456)[1248,1256)[2048,2056)[2848,2856)[3648,3656)[4448,4456)[5248,5256)[6048,6056)[6848,6856)[7648,7656)
        us;5;loads;[5200,5280);stores;
        us;44;loads;[0,8);stores;
        us;45;loads;[0,8);stores;
        us;46;loads;[0,4);stores;
        us;47;loads;[0,4);stores;
        us;48;loads;;stores;[0,4)
        <-;section;zx_planes_loop_j;;;;402189
      us;47;loads;[0,4);stores;[0,4)
        ->;section;zx_planes_loop_j;;;;402197
        us;0;loads;;stores;[528,536)[1328,1336)[2128,2136)[2928,2936)[3728,3736)[4528,4536)[5328,5336)[6128,6136)[6928,6936)[7728,7736)
        us;5;loads;[5280,5360);stores;
        us;44;loads;[0,8);stores;
        us;45;loads;[0,8);stores;
        us;46;loads;[0,4);stores;
        us;47;loads;[0,4);stores;
        us;48;loads;;stores;[0,4)
        <-;section;zx_planes_loop_j;;;;402762
      us;47;loads;[0,4);stores;[0,4)
        ->;section;zx_planes_loop_j;;;;402770
        us;0;loads;;stores;[608,616)[1408,1416)[2208,2216)[3008,3016)[3808,3816)[4608,4616)[5408,5416)[6208,6216)[7008,7016)[7808,7816)
        us;5;loads;[5360,5440);stores;
        us;44;loads;[0,8);stores;
        us;45;loads;[0,8);stores;
        us;46;loads;[0,4);stores;
        us;47;loads;[0,4);stores;
        us;48;loads;;stores;[0,4)
        <-;section;zx_planes_loop_j;;;;403335
      us;47;loads;[0,4);stores;[0,4)
        ->;section;zx_planes_loop_j;;;;403343
        us;0;loads;;stores;[688,696)[1488,1496)[2288,2296)[3088,3096)[3888,3896)[4688,4696)[5488,5496)[6288,6296)[7088,7096)[7888,7896)
        us;5;loads;[5440,5520);stores;
        us;44;loads;[0,8);stores;
        us;45;loads;[0,8);stores;
        us;46;loads;[0,4);stores;
        us;47;loads;[0,4);stores;
        us;48;loads;;stores;[0,4)
        <-;section;zx_planes_loop_j;;;;403908
      us;47;loads;[0,4);stores;[0,4)
        ->;section;zx_planes_loop_j;;;;403916
        us;0;loads;;stores;[768,776)[1568,1576)[2368,2376)[3168,3176)[3968,3976)[4768,4776)[5568,5576)[6368,6376)[7168,7176)[7968,7976)
        us;5;loads;[5520,5600);stores;
        us;44;loads;[0,8);stores;
        us;45;loads;[0,8);stores;
        us;46;loads;[0,4);stores;
        us;47;loads;[0,4);stores;
        us;48;loads;;stores;[0,4)
        <-;section;zx_planes_loop_j;;;;404481
      us;47;loads;[0,4);stores;[0,4)
      <-;section;zx_planes_loop_k;;;;404489
    us;46;loads;[0,4);stores;[0,4)
      ->;section;zx_planes_loop_k;;;;404497
      us;47;loads;;stores;[0,4)
        ->;section;zx_planes_loop_j;;;;404502
        us;0;loads;;stores;[56,64)[856,864)[1656,1664)[2456,2464)[3256,3264)[4056,4064)[4856,4864)[5656,5664)[6456,6464)[7256,7264)
        us;5;loads;[5600,5680);stores;
        us;44;loads;[0,8);stores;
        us;45;loads;[0,8);stores;
        us;46;loads;[0,4);stores;
        us;47;loads;[0,4);stores;
        us;48;loads;;stores;[0,4)
        <-;section;zx_planes_loop_j;;;;405067
      us;47;loads;[0,4);stores;[0,4)
        ->;section;zx_planes_loop_j;;;;405075
        us;0;loads;;stores;[136,144)[936,944)[1736,1744)[2536,2544)[3336,3344)[4136,4144)[4936,4944)[5736,5744)[6536,6544)[7336,7344)
        us;5;loads;[5680,5760);stores;
        us;44;loads;[0,8);stores;
        us;45;loads;[0,8);stores;
        us;46;loads;[0,4);stores;
        us;47;loads;[0,4);stores;
        us;48;loads;;stores;[0,4)
        <-;section;zx_planes_loop_j;;;;405640
      us;47;loads;[0,4);stores;[0,4)
        ->;section;zx_planes_loop_j;;;;405648
        us;0;loads;;stores;[216,224)[1016,1024)[1816,1824)[2616,2624)[3416,3424)[4216,4224)[5016,5024)[5816,5824)[6616,6624)[7416,7424)
        us;5;loads;[5760,5840);stores;
        us;44;loads;[0,8);stores;
        us;45;loads;[0,8);stores;
        us;46;loads;[0,4);stores;
        us;47;loads;[0,4);stores;
        us;48;loads;;stores;[0,4)
        <-;section;zx_planes_loop_j;;;;406213
      us;47;loads;[0,4);stores;[0,4)
        ->;section;zx_planes_loop_j;;;;406221
        us;0;loads;;stores;[296,304)[1096,1104)[1896,1904)[2696,2704)[3496,3504)[4296,4304)[5096,5104)[5896,5904)[6696,6704)[7496,7504)
        us;5;loads;[5840,5920);stores;
        us;44;loads;[0,8);stores;
        us;45;loads;[0,8);stores;
        us;46;loads;[0,4);stores;
        us;47;loads;[0,4);stores;
        us;48;loads;;stores;[0,4)
        <-;section;zx_planes_loop_j;;;;406786
      us;47;loads;[0,4);stores;[0,4)
        ->;section;zx_planes_loop_j;;;;406794
        us;0;loads;;stores;[376,384)[1176,1184)[1976,1984)[2776,2784)[3576,3584)[4376,4384)[5176,5184)[5976,5984)[6776,6784)[7576,7584)
        us;5;loads;[5920,6000);stores;
        us;44;loads;[0,8);stores;
        us;45;loads;[0,8);stores;
        us;46;loads;[0,4);stores;
        us;47;loads;[0,4);stores;
        us;48;loads;;stores;[0,4)
        <-;section;zx_planes_loop_j;;;;407359
      us;47;loads;[0,4);stores;[0,4)
        ->;section;zx_planes_loop_j;;;;407367
        us;0;loads;;stores;[456,464)[1256,1264)[2056,2064)[2856,2864)[3656,3664)[4456,4464)[5256,5264)[6056,6064)[6856,6864)[7656,7664)
        us;5;loads;[6000,6080);stores;
        us;44;loads;[0,8);stores;
        us;45;loads;[0,8);stores;
        us;46;loads;[0,4);stores;
        us;47;loads;[0,4);stores;
        us;48;loads;;stores;[0,4)
        <-;section;zx_planes_loop_j;;;;407932
      us;47;loads;[0,4);stores;[0,4)
        ->;section;zx_planes_loop_j;;;;407940
        us;0;loads;;stores;[536,544)[1336,1344)[2136,2144)[2936,2944)[3736,3744)[4536,4544)[5336,5344)[6136,6144)[6936,6944)[7736,7744)
        us;5;loads;[6080,6160);stores;
        us;44;loads;[0,8);stores;
        us;45;loads;[0,8);stores;
        us;46;loads;[0,4);stores;
        us;47;loads;[0,4);stores;
        us;48;loads;;stores;[0,4)
        <-;section;zx_planes_loop_j;;;;408505
      us;47;loads;[0,4);stores;[0,4)
        ->;section;zx_planes_loop_j;;;;408513
        us;0;loads;;stores;[616,624)[1416,1424)[2216,2224)[3016,3024)[3816,3824)[4616,4624)[5416,5424)[6216,6224)[7016,7024)[7816,7824)
        us;5;loads;[6160,6240);stores;
        us;44;loads;[0,8);stores;
        us;45;loads;[0,8);stores;
        us;46;loads;[0,4);stores;
        us;47;loads;[0,4);stores;
        us;48;loads;;stores;[0,4)
        <-;section;zx_planes_loop_j;;;;409078
      us;47;loads;[0,4);stores;[0,4)
        ->;section;zx_planes_loop_j;;;;409086
        us;0;loads;;stores;[696,704)[1496,1504)[2296,2304)[3096,3104)[3896,3904)[4696,4704)[5496,5504)[6296,6304)[7096,7104)[7896,7904)
        us;5;loads;[6240,6320);stores;
        us;44;loads;[0,8);stores;
        us;45;loads;[0,8);stores;
        us;46;loads;[0,4);stores;
        us;47;loads;[0,4);stores;
        us;48;loads;;stores;[0,4)
        <-;section;zx_planes_loop_j;;;;409651
      us;47;loads;[0,4);stores;[0,4)
        ->;section;zx_planes_loop_j;;;;409659
        us;0;loads;;stores;[776,784)[1576,1584)[2376,2384)[3176,3184)[3976,3984)[4776,4784)[5576,5584)[6376,6384)[7176,7184)[7976,7984)
        us;5;loads;[6320,6400);stores;
        us;44;loads;[0,8);stores;
        us;45;loads;[0,8);stores;
        us;46;loads;[0,4);stores;
        us;47;loads;[0,4);stores;
        us;48;loads;;stores;[0,4)
        <-;section;zx_planes_loop_j;;;;410224
      us;47;loads;[0,4);stores;[0,4)
      <-;section;zx_planes_loop_k;;;;410232
    us;46;loads;[0,4);stores;[0,4)
      ->;section;zx_planes_loop_k;;;;410240
      us;47;loads;;stores;[0,4)
        ->;section;zx_planes_loop_j;;;;410245
        us;0;loads;;stores;[64,72)[864,872)[1664,1672)[2464,2472)[3264,3272)[4064,4072)[4864,4872)[5664,5672)[6464,6472)[7264,7272)
        us;5;loads;[6400,6480);stores;
        us;44;loads;[0,8);stores;
        us;45;loads;[0,8);stores;
        us;46;loads;[0,4);stores;
        us;47;loads;[0,4);stores;
        us;48;loads;;stores;[0,4)
        <-;section;zx_planes_loop_j;;;;410810
      us;47;loads;[0,4);stores;[0,4)
        ->;section;zx_planes_loop_j;;;;410818
        us;0;loads;;stores;[144,152)[944,952)[1744,1752)[2544,2552)[3344,3352)[4144,4152)[4944,4952)[5744,5752)[6544,6552)[7344,7352)
        us;5;loads;[6480,6560);stores;
        us;44;loads;[0,8);stores;
        us;45;loads;[0,8);stores;
        us;46;loads;[0,4);stores;
        us;47;loads;[0,4);stores;
        us;48;loads;;stores;[0,4)
        <-;section;zx_planes_loop_j;;;;411383
      us;47;loads;[0,4);stores;[0,4)
        ->;section;zx_planes_loop_j;;;;411391
        us;0;loads;;stores;[224,232)[1024,1032)[1824,1832)[2624,2632)[3424,3432)[4224,4232)[5024,5032)[5824,5832)[6624,6632)[7424,7432)
        us;5;loads;[6560,6640);stores;
        us;44;loads;[0,8);stores;
        us;45;loads;[0,8);stores;
        us;46;loads;[0,4);stores;
        us;47;loads;[0,4);stores;
        us;48;loads;;stores;[0,4)
        <-;section;zx_planes_loop_j;;;;411956
      us;47;loads;[0,4);stores;[0,4)
        ->;section;zx_planes_loop_j;;;;411964
        us;0;loads;;stores;[304,312)[1104,1112)[1904,1912)[2704,2712)[3504,3512)[4304,4312)[5104,5112)[5904,5912)[6704,6712)[7504,7512)
        us;5;loads;[6640,6720);stores;
        us;44;loads;[0,8);stores;
        us;45;loads;[0,8);stores;
        us;46;loads;[0,4);stores;
        us;47;loads;[0,4);stores;
        us;48;loads;;stores;[0,4)
        <-;section;zx_planes_loop_j;;;;412529
      us;47;loads;[0,4);stores;[0,4)
        ->;section;zx_planes_loop_j;;;;412537
        us;0;loads;;stores;[384,392)[1184,1192)[1984,1992)[2784,2792)[3584,3592)[4384,4392)[5184,5192)[5984,5992)[6784,6792)[7584,7592)
        us;5;loads;[6720,6800);stores;
        us;44;loads;[0,8);stores;
        us;45;loads;[0,8);stores;
        us;46;loads;[0,4);stores;
        us;47;loads;[0,4);stores;
        us;48;loads;;stores;[0,4)
        <-;section;zx_planes_loop_j;;;;413102
      us;47;loads;[0,4);stores;[0,4)
        ->;section;zx_planes_loop_j;;;;413110
        us;0;loads;;stores;[464,472)[1264,1272)[2064,2072)[2864,2872)[3664,3672)[4464,4472)[5264,5272)[6064,6072)[6864,6872)[7664,7672)
        us;5;loads;[6800,6880);stores;
        us;44;loads;[0,8);stores;
        us;45;loads;[0,8);stores;
        us;46;loads;[0,4);stores;
        us;47;loads;[0,4);stores;
        us;48;loads;;stores;[0,4)
        <-;section;zx_planes_loop_j;;;;413675
      us;47;loads;[0,4);stores;[0,4)
        ->;section;zx_planes_loop_j;;;;413683
        us;0;loads;;stores;[544,552)[1344,1352)[2144,2152)[2944,2952)[3744,3752)[4544,4552)[5344,5352)[6144,6152)[6944,6952)[7744,7752)
        us;5;loads;[6880,6960);stores;
        us;44;loads;[0,8);stores;
        us;45;loads;[0,8);stores;
        us;46;loads;[0,4);stores;
        us;47;loads;[0,4);stores;
        us;48;loads;;stores;[0,4)
        <-;section;zx_planes_loop_j;;;;414248
      us;47;loads;[0,4);stores;[0,4)
        ->;section;zx_planes_loop_j;;;;414256
        us;0;loads;;stores;[624,632)[1424,1432)[2224,2232)[3024,3032)[3824,3832)[4624,4632)[5424,5432)[6224,6232)[7024,7032)[7824,7832)
        us;5;loads;[6960,7040);stores;
        us;44;loads;[0,8);stores;
        us;45;loads;[0,8);stores;
        us;46;loads;[0,4);stores;
        us;47;loads;[0,4);stores;
        us;48;loads;;stores;[0,4)
        <-;section;zx_planes_loop_j;;;;414821
      us;47;loads;[0,4);stores;[0,4)
        ->;section;zx_planes_loop_j;;;;414829
        us;0;loads;;stores;[704,712)[1504,1512)[2304,2312)[3104,3112)[3904,3912)[4704,4712)[5504,5512)[6304,6312)[7104,7112)[7904,7912)
        us;5;loads;[7040,7120);stores;
        us;44;loads;[0,8);stores;
        us;45;loads;[0,8);stores;
        us;46;loads;[0,4);stores;
        us;47;loads;[0,4);stores;
        us;48;loads;;stores;[0,4)
        <-;section;zx_planes_loop_j;;;;415394
      us;47;loads;[0,4);stores;[0,4)
        ->;section;zx_planes_loop_j;;;;415402
        us;0;loads;;stores;[784,792)[1584,1592)[2384,2392)[3184,3192)[3984,3992)[4784,4792)[5584,5592)[6384,6392)[7184,7192)[7984,7992)
        us;5;loads;[7120,7200);stores;
        us;44;loads;[0,8);stores;
        us;45;loads;[0,8);stores;
        us;46;loads;[0,4);stores;
        us;47;loads;[0,4);stores;
        us;48;loads;;stores;[0,4)
        <-;section;zx_planes_loop_j;;;;415967
      us;47;loads;[0,4);stores;[0,4)
      <-;section;zx_planes_loop_k;;;;415975
    us;46;loads;[0,4);stores;[0,4)
      ->;section;zx_planes_loop_k;;;;415983
      us;47;loads;;stores;[0,4)
        ->;section;zx_planes_loop_j;;;;415988
        us;0;loads;;stores;[72,80)[872,880)[1672,1680)[2472,2480)[3272,3280)[4072,4080)[4872,4880)[5672,5680)[6472,6480)[7272,7280)
        us;5;loads;[7200,7280);stores;
        us;44;loads;[0,8);stores;
        us;45;loads;[0,8);stores;
        us;46;loads;[0,4);stores;
        us;47;loads;[0,4);stores;
        us;48;loads;;stores;[0,4)
        <-;section;zx_planes_loop_j;;;;416553
      us;47;loads;[0,4);stores;[0,4)
        ->;section;zx_planes_loop_j;;;;416561
        us;0;loads;;stores;[152,160)[952,960)[1752,1760)[2552,2560)[3352,3360)[4152,4160)[4952,4960)[5752,5760)[6552,6560)[7352,7360)
        us;5;loads;[7280,7360);stores;
        us;44;loads;[0,8);stores;
        us;45;loads;[0,8);stores;
        us;46;loads;[0,4);stores;
        us;47;loads;[0,4);stores;
        us;48;loads;;stores;[0,4)
        <-;section;zx_planes_loop_j;;;;417126
      us;47;loads;[0,4);stores;[0,4)
        ->;section;zx_planes_loop_j;;;;417134
        us;0;loads;;stores;[232,240)[1032,1040)[1832,1840)[2632,2640)[3432,3440)[4232,4240)[5032,5040)[5832,5840)[6632,6640)[7432,7440)
        us;5;loads;[7360,7440);stores;
        us;44;loads;[0,8);stores;
        us;45;loads;[0,8);stores;
        us;46;loads;[0,4);stores;
        us;47;loads;[0,4);stores;
        us;48;loads;;stores;[0,4)
        <-;section;zx_planes_loop_j;;;;417699
      us;47;loads;[0,4);stores;[0,4)
        ->;section;zx_planes_loop_j;;;;417707
        us;0;loads;;stores;[312,320)[1112,1120)[1912,1920)[2712,2720)[3512,3520)[4312,4320)[5112,5120)[5912,5920)[6712,6720)[7512,7520)
        us;5;loads;[7440,7520);stores;
        us;44;loads;[0,8);stores;
        us;45;loads;[0,8);stores;
        us;46;loads;[0,4);stores;
        us;47;loads;[0,4);stores;
        us;48;loads;;stores;[0,4)
        <-;section;zx_planes_loop_j;;;;418272
      us;47;loads;[0,4);stores;[0,4)
        ->;section;zx_planes_loop_j;;;;418280
        us;0;loads;;stores;[392,400)[1192,1200)[1992,2000)[2792,2800)[3592,3600)[4392,4400)[5192,5200)[5992,6000)[6792,6800)[7592,7600)
        us;5;loads;[7520,7600);stores;
        us;44;loads;[0,8);stores;
        us;45;loads;[0,8);stores;
        us;46;loads;[0,4);stores;
        us;47;loads;[0,4);stores;
        us;48;loads;;stores;[0,4)
        <-;section;zx_planes_loop_j;;;;418845
      us;47;loads;[0,4);stores;[0,4)
        ->;section;zx_planes_loop_j;;;;418853
        us;0;loads;;stores;[472,480)[1272,1280)[2072,2080)[2872,2880)[3672,3680)[4472,4480)[5272,5280)[6072,6080)[6872,6880)[7672,7680)
        us;5;loads;[7600,7680);stores;
        us;44;loads;[0,8);stores;
        us;45;loads;[0,8);stores;
        us;46;loads;[0,4);stores;
        us;47;loads;[0,4);stores;
        us;48;loads;;stores;[0,4)
        <-;section;zx_planes_loop_j;;;;419418
      us;47;loads;[0,4);stores;[0,4)
        ->;section;zx_planes_loop_j;;;;419426
        us;0;loads;;stores;[552,560)[1352,1360)[2152,2160)[2952,2960)[3752,3760)[4552,4560)[5352,5360)[6152,6160)[6952,6960)[7752,7760)
        us;5;loads;[7680,7760);stores;
        us;44;loads;[0,8);stores;
        us;45;loads;[0,8);stores;
        us;46;loads;[0,4);stores;
        us;47;loads;[0,4);stores;
        us;48;loads;;stores;[0,4)
        <-;section;zx_planes_loop_j;;;;419991
      us;47;loads;[0,4);stores;[0,4)
        ->;section;zx_planes_loop_j;;;;419999
        us;0;loads;;stores;[632,640)[1432,1440)[2232,2240)[3032,3040)[3832,3840)[4632,4640)[5432,5440)[6232,6240)[7032,7040)[7832,7840)
        us;5;loads;[7760,7840);stores;
        us;44;loads;[0,8);stores;
        us;45;loads;[0,8);stores;
        us;46;loads;[0,4);stores;
        us;47;loads;[0,4);stores;
        us;48;loads;;stores;[0,4)
        <-;section;zx_planes_loop_j;;;;420564
      us;47;loads;[0,4);stores;[0,4)
        ->;section;zx_planes_loop_j;;;;420572
        us;0;loads;;stores;[712,720)[1512,1520)[2312,2320)[3112,3120)[3912,3920)[4712,4720)[5512,5520)[6312,6320)[7112,7120)[7912,7920)
        us;5;loads;[7840,7920);stores;
        us;44;loads;[0,8);stores;
        us;45;loads;[0,8);stores;
        us;46;loads;[0,4);stores;
        us;47;loads;[0,4);stores;
        us;48;loads;;stores;[0,4)
        <-;section;zx_planes_loop_j;;;;421137
      us;47;loads;[0,4);stores;[0,4)
        ->;section;zx_planes_loop_j;;;;421145
        us;0;loads;;stores;[792,800)[1592,1600)[2392,2400)[3192,3200)[3992,4000)[4792,4800)[5592,5600)[6392,6400)[7192,7200)[7992,8000)
        us;5;loads;[7920,8000);stores;
        us;44;loads;[0,8);stores;
        us;45;loads;[0,8);stores;
        us;46;loads;[0,4);stores;
        us;47;loads;[0,4);stores;
        us;48;loads;;stores;[0,4)
        <-;section;zx_planes_loop_j;;;;421710
      us;47;loads;[0,4);stores;[0,4)
      <-;section;zx_planes_loop_k;;;;421718
    us;46;loads;[0,4);stores;[0,4)
    dl;44;[0x7ffd0e1b9e18,+8);stack;in_fftw;-|
    dl;45;[0x7ffd0e1b9e10,+8);stack;tmp_fftw;-|
    dl;46;[0x7ffd0e1b9e0c,+4);stack;k;-|
    dl;47;[0x7ffd0e1b9e08,+4);stack;j;-|
    dl;48;[0x7ffd0e1b9e04,+4);stack;i;-|
    <-;section;zx_planes;;;;421728
    ->;section;planes3;;;;421728
    nw;49;[0x7ffd0e1b9e18,+8);stack;p1d;-|
    nw;50;[0x7ffd0e1b9e10,+8);stack;in_fftw;-|
    nw;51;[0x7ffd0e1b9e0c,+4);stack;j;-|
    nw;52;[0x7ffd0e1b9e08,+4);stack;k;-|
    us;2;loads;[0,8);stores;
    us;49;loads;;stores;[0,8)
    us;50;loads;;stores;[0,8)
    us;52;loads;;stores;[0,4)
      ->;section;ffts1_planes_loop_k;;;;421739
      us;51;loads;;stores;[0,4)
        ->;section;ffts1_planes_loop_j;;;;421744
        us;0;loads;[0,80);stores;[0,80)
        us;49;loads;[0,8);stores;
        us;50;loads;[0,8);stores;
        us;51;loads;[0,4);stores;
        us;52;loads;[0,4);stores;
        <-;section;ffts1_planes_loop_j;;;;422766
      us;51;loads;[0,4);stores;[0,4)
        ->;section;ffts1_planes_loop_j;;;;422774
        us;0;loads;[80,160);stores;[80,160)
        us;49;loads;[0,8);stores;
        us;50;loads;[0,8);stores;
        us;51;loads;[0,4);stores;
        us;52;loads;[0,4);stores;
        <-;section;ffts1_planes_loop_j;;;;423796
      us;51;loads;[0,4);stores;[0,4)
        ->;section;ffts1_planes_loop_j;;;;423804
        us;0;loads;[160,240);stores;[160,240)
        us;49;loads;[0,8);stores;
        us;50;loads;[0,8);stores;
        us;51;loads;[0,4);stores;
        us;52;loads;[0,4);stores;
        <-;section;ffts1_planes_loop_j;;;;424826
      us;51;loads;[0,4);stores;[0,4)
        ->;section;ffts1_planes_loop_j;;;;424834
        us;0;loads;[240,320);stores;[240,320)
        us;49;loads;[0,8);stores;
        us;50;loads;[0,8);stores;
        us;51;loads;[0,4);stores;
        us;52;loads;[0,4);stores;
        <-;section;ffts1_planes_loop_j;;;;425856
      us;51;loads;[0,4);stores;[0,4)
        ->;section;ffts1_planes_loop_j;;;;425864
        us;0;loads;[320,400);stores;[320,400)
        us;49;loads;[0,8);stores;
        us;50;loads;[0,8);stores;
        us;51;loads;[0,4);stores;
        us;52;loads;[0,4);stores;
        <-;section;ffts1_planes_loop_j;;;;426886
      us;51;loads;[0,4);stores;[0,4)
        ->;section;ffts1_planes_loop_j;;;;426894
        us;0;loads;[400,480);stores;[400,480)
        us;49;loads;[0,8);stores;
        us;50;loads;[0,8);stores;
        us;51;loads;[0,4);stores;
        us;52;loads;[0,4);stores;
        <-;section;ffts1_planes_loop_j;;;;427916
      us;51;loads;[0,4);stores;[0,4)
        ->;section;ffts1_planes_loop_j;;;;427924
        us;0;loads;[480,560);stores;[480,560)
        us;49;loads;[0,8);stores;
        us;50;loads;[0,8);stores;
        us;51;loads;[0,4);stores;
        us;52;loads;[0,4);stores;
        <-;section;ffts1_planes_loop_j;;;;428946
      us;51;loads;[0,4);stores;[0,4)
        ->;section;ffts1_planes_loop_j;;;;428954
        us;0;loads;[560,640);stores;[560,640)
        us;49;loads;[0,8);stores;
        us;50;loads;[0,8);stores;
        us;51;loads;[0,4);stores;
        us;52;loads;[0,4);stores;
        <-;section;ffts1_planes_loop_j;;;;429976
      us;51;loads;[0,4);stores;[0,4)
        ->;section;ffts1_planes_loop_j;;;;429984
        us;0;loads;[640,720);stores;[640,720)
        us;49;loads;[0,8);stores;
        us;50;loads;[0,8);stores;
        us;51;loads;[0,4);stores;
        us;52;loads;[0,4);stores;
        <-;section;ffts1_planes_loop_j;;;;431006
      us;51;loads;[0,4);stores;[0,4)
        ->;section;ffts1_planes_loop_j;;;;431014
        us;0;loads;[720,800);stores;[720,800)
        us;49;loads;[0,8);stores;
        us;50;loads;[0,8);stores;
        us;51;loads;[0,4);stores;
        us;52;loads;[0,4);stores;
        <-;section;ffts1_planes_loop_j;;;;432036
      us;51;loads;[0,4);stores;[0,4)
      <-;section;ffts1_planes_loop_k;;;;432044
    us;52;loads;[0,4);stores;[0,4)
      ->;section;ffts1_planes_loop_k;;;;432052
      us;51;loads;;stores;[0,4)
        ->;section;ffts1_planes_loop_j;;;;432057
        us;0;loads;[800,880);stores;[800,880)
        us;49;loads;[0,8);stores;
        us;50;loads;[0,8);stores;
        us;51;loads;[0,4);stores;
        us;52;loads;[0,4);stores;
        <-;section;ffts1_planes_loop_j;;;;433079
      us;51;loads;[0,4);stores;[0,4)
        ->;section;ffts1_planes_loop_j;;;;433087
        us;0;loads;[880,960);stores;[880,960)
        us;49;loads;[0,8);stores;
        us;50;loads;[0,8);stores;
        us;51;loads;[0,4);stores;
        us;52;loads;[0,4);stores;
        <-;section;ffts1_planes_loop_j;;;;434109
      us;51;loads;[0,4);stores;[0,4)
        ->;section;ffts1_planes_loop_j;;;;434117
        us;0;loads;[960,1040);stores;[960,1040)
        us;49;loads;[0,8);stores;
        us;50;loads;[0,8);stores;
        us;51;loads;[0,4);stores;
        us;52;loads;[0,4);stores;
        <-;section;ffts1_planes_loop_j;;;;435139
      us;51;loads;[0,4);stores;[0,4)
        ->;section;ffts1_planes_loop_j;;;;435147
        us;0;loads;[1040,1120);stores;[1040,1120)
        us;49;loads;[0,8);stores;
        us;50;loads;[0,8);stores;
        us;51;loads;[0,4);stores;
        us;52;loads;[0,4);stores;
        <-;section;ffts1_planes_loop_j;;;;436169
      us;51;loads;[0,4);stores;[0,4)
        ->;section;ffts1_planes_loop_j;;;;436177
        us;0;loads;[1120,1200);stores;[1120,1200)
        us;49;loads;[0,8);stores;
        us;50;loads;[0,8);stores;
        us;51;loads;[0,4);stores;
        us;52;loads;[0,4);stores;
        <-;section;ffts1_planes_loop_j;;;;437199
      us;51;loads;[0,4);stores;[0,4)
        ->;section;ffts1_planes_loop_j;;;;437207
        us;0;loads;[1200,1280);stores;[1200,1280)
        us;49;loads;[0,8);stores;
        us;50;loads;[0,8);stores;
        us;51;loads;[0,4);stores;
        us;52;loads;[0,4);stores;
        <-;section;ffts1_planes_loop_j;;;;438229
      us;51;loads;[0,4);stores;[0,4)
        ->;section;ffts1_planes_loop_j;;;;438237
        us;0;loads;[1280,1360);stores;[1280,1360)
        us;49;loads;[0,8);stores;
        us;50;loads;[0,8);stores;
        us;51;loads;[0,4);stores;
        us;52;loads;[0,4);stores;
        <-;section;ffts1_planes_loop_j;;;;439259
      us;51;loads;[0,4);stores;[0,4)
        ->;section;ffts1_planes_loop_j;;;;439267
        us;0;loads;[1360,1440);stores;[1360,1440)
        us;49;loads;[0,8);stores;
        us;50;loads;[0,8);stores;
        us;51;loads;[0,4);stores;
        us;52;loads;[0,4);stores;
        <-;section;ffts1_planes_loop_j;;;;440289
      us;51;loads;[0,4);stores;[0,4)
        ->;section;ffts1_planes_loop_j;;;;440297
        us;0;loads;[1440,1520);stores;[1440,1520)
        us;49;loads;[0,8);stores;
        us;50;loads;[0,8);stores;
        us;51;loads;[0,4);stores;
        us;52;loads;[0,4);stores;
        <-;section;ffts1_planes_loop_j;;;;441319
      us;51;loads;[0,4);stores;[0,4)
        ->;section;ffts1_planes_loop_j;;;;441327
        us;0;loads;[1520,1600);stores;[1520,1600)
        us;49;loads;[0,8);stores;
        us;50;loads;[0,8);stores;
        us;51;loads;[0,4);stores;
        us;52;loads;[0,4);stores;
        <-;section;ffts1_planes_loop_j;;;;442349
      us;51;loads;[0,4);stores;[0,4)
      <-;section;ffts1_planes_loop_k;;;;442357
    us;52;loads;[0,4);stores;[0,4)
      ->;section;ffts1_planes_loop_k;;;;442365
      us;51;loads;;stores;[0,4)
        ->;section;ffts1_planes_loop_j;;;;442370
        us;0;loads;[1600,1680);stores;[1600,1680)
        us;49;loads;[0,8);stores;
        us;50;loads;[0,8);stores;
        us;51;loads;[0,4);stores;
        us;52;loads;[0,4);stores;
        <-;section;ffts1_planes_loop_j;;;;443392
      us;51;loads;[0,4);stores;[0,4)
        ->;section;ffts1_planes_loop_j;;;;443400
        us;0;loads;[1680,1760);stores;[1680,1760)
        us;49;loads;[0,8);stores;
        us;50;loads;[0,8);stores;
        us;51;loads;[0,4);stores;
        us;52;loads;[0,4);stores;
        <-;section;ffts1_planes_loop_j;;;;444422
      us;51;loads;[0,4);stores;[0,4)
        ->;section;ffts1_planes_loop_j;;;;444430
        us;0;loads;[1760,1840);stores;[1760,1840)
        us;49;loads;[0,8);stores;
        us;50;loads;[0,8);stores;
        us;51;loads;[0,4);stores;
        us;52;loads;[0,4);stores;
        <-;section;ffts1_planes_loop_j;;;;445452
      us;51;loads;[0,4);stores;[0,4)
        ->;section;ffts1_planes_loop_j;;;;445460
        us;0;loads;[1840,1920);stores;[1840,1920)
        us;49;loads;[0,8);stores;
        us;50;loads;[0,8);stores;
        us;51;loads;[0,4);stores;
        us;52;loads;[0,4);stores;
        <-;section;ffts1_planes_loop_j;;;;446482
      us;51;loads;[0,4);stores;[0,4)
        ->;section;ffts1_planes_loop_j;;;;446490
        us;0;loads;[1920,2000);stores;[1920,2000)
        us;49;loads;[0,8);stores;
        us;50;loads;[0,8);stores;
        us;51;loads;[0,4);stores;
        us;52;loads;[0,4);stores;
        <-;section;ffts1_planes_loop_j;;;;447512
      us;51;loads;[0,4);stores;[0,4)
        ->;section;ffts1_planes_loop_j;;;;447520
        us;0;loads;[2000,2080);stores;[2000,2080)
        us;49;loads;[0,8);stores;
        us;50;loads;[0,8);stores;
        us;51;loads;[0,4);stores;
        us;52;loads;[0,4);stores;
        <-;section;ffts1_planes_loop_j;;;;448542
      us;51;loads;[0,4);stores;[0,4)
        ->;section;ffts1_planes_loop_j;;;;448550
        us;0;loads;[2080,2160);stores;[2080,2160)
        us;49;loads;[0,8);stores;
        us;50;loads;[0,8);stores;
        us;51;loads;[0,4);stores;
        us;52;loads;[0,4);stores;
        <-;section;ffts1_planes_loop_j;;;;449572
      us;51;loads;[0,4);stores;[0,4)
        ->;section;ffts1_planes_loop_j;;;;449580
        us;0;loads;[2160,2240);stores;[2160,2240)
        us;49;loads;[0,8);stores;
        us;50;loads;[0,8);stores;
        us;51;loads;[0,4);stores;
        us;52;loads;[0,4);stores;
        <-;section;ffts1_planes_loop_j;;;;450602
      us;51;loads;[0,4);stores;[0,4)
        ->;section;ffts1_planes_loop_j;;;;450610
        us;0;loads;[2240,2320);stores;[2240,2320)
        us;49;loads;[0,8);stores;
        us;50;loads;[0,8);stores;
        us;51;loads;[0,4);stores;
        us;52;loads;[0,4);stores;
        <-;section;ffts1_planes_loop_j;;;;451632
      us;51;loads;[0,4);stores;[0,4)
        ->;section;ffts1_planes_loop_j;;;;451640
        us;0;loads;[2320,2400);stores;[2320,2400)
        us;49;loads;[0,8);stores;
        us;50;loads;[0,8);stores;
        us;51;loads;[0,4);stores;
        us;52;loads;[0,4);stores;
        <-;section;ffts1_planes_loop_j;;;;452662
      us;51;loads;[0,4);stores;[0,4)
      <-;section;ffts1_planes_loop_k;;;;452670
    us;52;loads;[0,4);stores;[0,4)
      ->;section;ffts1_planes_loop_k;;;;452678
      us;51;loads;;stores;[0,4)
        ->;section;ffts1_planes_loop_j;;;;452683
        us;0;loads;[2400,2480);stores;[2400,2480)
        us;49;loads;[0,8);stores;
        us;50;loads;[0,8);stores;
        us;51;loads;[0,4);stores;
        us;52;loads;[0,4);stores;
        <-;section;ffts1_planes_loop_j;;;;453705
      us;51;loads;[0,4);stores;[0,4)
        ->;section;ffts1_planes_loop_j;;;;453713
        us;0;loads;[2480,2560);stores;[2480,2560)
        us;49;loads;[0,8);stores;
        us;50;loads;[0,8);stores;
        us;51;loads;[0,4);stores;
        us;52;loads;[0,4);stores;
        <-;section;ffts1_planes_loop_j;;;;454735
      us;51;loads;[0,4);stores;[0,4)
        ->;section;ffts1_planes_loop_j;;;;454743
        us;0;loads;[2560,2640);stores;[2560,2640)
        us;49;loads;[0,8);stores;
        us;50;loads;[0,8);stores;
        us;51;loads;[0,4);stores;
        us;52;loads;[0,4);stores;
        <-;section;ffts1_planes_loop_j;;;;455765
      us;51;loads;[0,4);stores;[0,4)
        ->;section;ffts1_planes_loop_j;;;;455773
        us;0;loads;[2640,2720);stores;[2640,2720)
        us;49;loads;[0,8);stores;
        us;50;loads;[0,8);stores;
        us;51;loads;[0,4);stores;
        us;52;loads;[0,4);stores;
        <-;section;ffts1_planes_loop_j;;;;456795
      us;51;loads;[0,4);stores;[0,4)
        ->;section;ffts1_planes_loop_j;;;;456803
        us;0;loads;[2720,2800);stores;[2720,2800)
        us;49;loads;[0,8);stores;
        us;50;loads;[0,8);stores;
        us;51;loads;[0,4);stores;
        us;52;loads;[0,4);stores;
        <-;section;ffts1_planes_loop_j;;;;457825
      us;51;loads;[0,4);stores;[0,4)
        ->;section;ffts1_planes_loop_j;;;;457833
        us;0;loads;[2800,2880);stores;[2800,2880)
        us;49;loads;[0,8);stores;
        us;50;loads;[0,8);stores;
        us;51;loads;[0,4);stores;
        us;52;loads;[0,4);stores;
        <-;section;ffts1_planes_loop_j;;;;458855
      us;51;loads;[0,4);stores;[0,4)
        ->;section;ffts1_planes_loop_j;;;;458863
        us;0;loads;[2880,2960);stores;[2880,2960)
        us;49;loads;[0,8);stores;
        us;50;loads;[0,8);stores;
        us;51;loads;[0,4);stores;
        us;52;loads;[0,4);stores;
        <-;section;ffts1_planes_loop_j;;;;459885
      us;51;loads;[0,4);stores;[0,4)
        ->;section;ffts1_planes_loop_j;;;;459893
        us;0;loads;[2960,3040);stores;[2960,3040)
        us;49;loads;[0,8);stores;
        us;50;loads;[0,8);stores;
        us;51;loads;[0,4);stores;
        us;52;loads;[0,4);stores;
        <-;section;ffts1_planes_loop_j;;;;460915
      us;51;loads;[0,4);stores;[0,4)
        ->;section;ffts1_planes_loop_j;;;;460923
        us;0;loads;[3040,3120);stores;[3040,3120)
        us;49;loads;[0,8);stores;
        us;50;loads;[0,8);stores;
        us;51;loads;[0,4);stores;
        us;52;loads;[0,4);stores;
        <-;section;ffts1_planes_loop_j;;;;461945
      us;51;loads;[0,4);stores;[0,4)
        ->;section;ffts1_planes_loop_j;;;;461953
        us;0;loads;[3120,3200);stores;[3120,3200)
        us;49;loads;[0,8);stores;
        us;50;loads;[0,8);stores;
        us;51;loads;[0,4);stores;
        us;52;loads;[0,4);stores;
        <-;section;ffts1_planes_loop_j;;;;462975
      us;51;loads;[0,4);stores;[0,4)
      <-;section;ffts1_planes_loop_k;;;;462983
    us;52;loads;[0,4);stores;[0,4)
      ->;section;ffts1_planes_loop_k;;;;462991
      us;51;loads;;stores;[0,4)
        ->;section;ffts1_planes_loop_j;;;;462996
        us;0;loads;[3200,3280);stores;[3200,3280)
        us;49;loads;[0,8);stores;
        us;50;loads;[0,8);stores;
        us;51;loads;[0,4);stores;
        us;52;loads;[0,4);stores;
        <-;section;ffts1_planes_loop_j;;;;464018
      us;51;loads;[0,4);stores;[0,4)
        ->;section;ffts1_planes_loop_j;;;;464026
        us;0;loads;[3280,3360);stores;[3280,3360)
        us;49;loads;[0,8);stores;
        us;50;loads;[0,8);stores;
        us;51;loads;[0,4);stores;
        us;52;loads;[0,4);stores;
        <-;section;ffts1_planes_loop_j;;;;465048
      us;51;loads;[0,4);stores;[0,4)
        ->;section;ffts1_planes_loop_j;;;;465056
        us;0;loads;[3360,3440);stores;[3360,3440)
        us;49;loads;[0,8);stores;
        us;50;loads;[0,8);stores;
        us;51;loads;[0,4);stores;
        us;52;loads;[0,4);stores;
        <-;section;ffts1_planes_loop_j;;;;466078
      us;51;loads;[0,4);stores;[0,4)
        ->;section;ffts1_planes_loop_j;;;;466086
        us;0;loads;[3440,3520);stores;[3440,3520)
        us;49;loads;[0,8);stores;
        us;50;loads;[0,8);stores;
        us;51;loads;[0,4);stores;
        us;52;loads;[0,4);stores;
        <-;section;ffts1_planes_loop_j;;;;467108
      us;51;loads;[0,4);stores;[0,4)
        ->;section;ffts1_planes_loop_j;;;;467116
        us;0;loads;[3520,3600);stores;[3520,3600)
        us;49;loads;[0,8);stores;
        us;50;loads;[0,8);stores;
        us;51;loads;[0,4);stores;
        us;52;loads;[0,4);stores;
        <-;section;ffts1_planes_loop_j;;;;468138
      us;51;loads;[0,4);stores;[0,4)
        ->;section;ffts1_planes_loop_j;;;;468146
        us;0;loads;[3600,3680);stores;[3600,3680)
        us;49;loads;[0,8);stores;
        us;50;loads;[0,8);stores;
        us;51;loads;[0,4);stores;
        us;52;loads;[0,4);stores;
        <-;section;ffts1_planes_loop_j;;;;469168
      us;51;loads;[0,4);stores;[0,4)
        ->;section;ffts1_planes_loop_j;;;;469176
        us;0;loads;[3680,3760);stores;[3680,3760)
        us;49;loads;[0,8);stores;
        us;50;loads;[0,8);stores;
        us;51;loads;[0,4);stores;
        us;52;loads;[0,4);stores;
        <-;section;ffts1_planes_loop_j;;;;470198
      us;51;loads;[0,4);stores;[0,4)
        ->;section;ffts1_planes_loop_j;;;;470206
        us;0;loads;[3760,3840);stores;[3760,3840)
        us;49;loads;[0,8);stores;
        us;50;loads;[0,8);stores;
        us;51;loads;[0,4);stores;
        us;52;loads;[0,4);stores;
        <-;section;ffts1_planes_loop_j;;;;471228
      us;51;loads;[0,4);stores;[0,4)
        ->;section;ffts1_planes_loop_j;;;;471236
        us;0;loads;[3840,3920);stores;[3840,3920)
        us;49;loads;[0,8);stores;
        us;50;loads;[0,8);stores;
        us;51;loads;[0,4);stores;
        us;52;loads;[0,4);stores;
        <-;section;ffts1_planes_loop_j;;;;472258
      us;51;loads;[0,4);stores;[0,4)
        ->;section;ffts1_planes_loop_j;;;;472266
        us;0;loads;[3920,4000);stores;[3920,4000)
        us;49;loads;[0,8);stores;
        us;50;loads;[0,8);stores;
        us;51;loads;[0,4);stores;
        us;52;loads;[0,4);stores;
        <-;section;ffts1_planes_loop_j;;;;473288
      us;51;loads;[0,4);stores;[0,4)
      <-;section;ffts1_planes_loop_k;;;;473296
    us;52;loads;[0,4);stores;[0,4)
      ->;section;ffts1_planes_loop_k;;;;473304
      us;51;loads;;stores;[0,4)
        ->;section;ffts1_planes_loop_j;;;;473309
        us;0;loads;[4000,4080);stores;[4000,4080)
        us;49;loads;[0,8);stores;
        us;50;loads;[0,8);stores;
        us;51;loads;[0,4);stores;
        us;52;loads;[0,4);stores;
        <-;section;ffts1_planes_loop_j;;;;474331
      us;51;loads;[0,4);stores;[0,4)
        ->;section;ffts1_planes_loop_j;;;;474339
        us;0;loads;[4080,4160);stores;[4080,4160)
        us;49;loads;[0,8);stores;
        us;50;loads;[0,8);stores;
        us;51;loads;[0,4);stores;
        us;52;loads;[0,4);stores;
        <-;section;ffts1_planes_loop_j;;;;475361
      us;51;loads;[0,4);stores;[0,4)
        ->;section;ffts1_planes_loop_j;;;;475369
        us;0;loads;[4160,4240);stores;[4160,4240)
        us;49;loads;[0,8);stores;
        us;50;loads;[0,8);stores;
        us;51;loads;[0,4);stores;
        us;52;loads;[0,4);stores;
        <-;section;ffts1_planes_loop_j;;;;476391
      us;51;loads;[0,4);stores;[0,4)
        ->;section;ffts1_planes_loop_j;;;;476399
        us;0;loads;[4240,4320);stores;[4240,4320)
        us;49;loads;[0,8);stores;
        us;50;loads;[0,8);stores;
        us;51;loads;[0,4);stores;
        us;52;loads;[0,4);stores;
        <-;section;ffts1_planes_loop_j;;;;477421
      us;51;loads;[0,4);stores;[0,4)
        ->;section;ffts1_planes_loop_j;;;;477429
        us;0;loads;[4320,4400);stores;[4320,4400)
        us;49;loads;[0,8);stores;
        us;50;loads;[0,8);stores;
        us;51;loads;[0,4);stores;
        us;52;loads;[0,4);stores;
        <-;section;ffts1_planes_loop_j;;;;478451
      us;51;loads;[0,4);stores;[0,4)
        ->;section;ffts1_planes_loop_j;;;;478459
        us;0;loads;[4400,4480);stores;[4400,4480)
        us;49;loads;[0,8);stores;
        us;50;loads;[0,8);stores;
        us;51;loads;[0,4);stores;
        us;52;loads;[0,4);stores;
        <-;section;ffts1_planes_loop_j;;;;479481
      us;51;loads;[0,4);stores;[0,4)
        ->;section;ffts1_planes_loop_j;;;;479489
        us;0;loads;[4480,4560);stores;[4480,4560)
        us;49;loads;[0,8);stores;
        us;50;loads;[0,8);stores;
        us;51;loads;[0,4);stores;
        us;52;loads;[0,4);stores;
        <-;section;ffts1_planes_loop_j;;;;480511
      us;51;loads;[0,4);stores;[0,4)
        ->;section;ffts1_planes_loop_j;;;;480519
        us;0;loads;[4560,4640);stores;[4560,4640)
        us;49;loads;[0,8);stores;
        us;50;loads;[0,8);stores;
        us;51;loads;[0,4);stores;
        us;52;loads;[0,4);stores;
        <-;section;ffts1_planes_loop_j;;;;481541
      us;51;loads;[0,4);stores;[0,4)
        ->;section;ffts1_planes_loop_j;;;;481549
        us;0;loads;[4640,4720);stores;[4640,4720)
        us;49;loads;[0,8);stores;
        us;50;loads;[0,8);stores;
        us;51;loads;[0,4);stores;
        us;52;loads;[0,4);stores;
        <-;section;ffts1_planes_loop_j;;;;482571
      us;51;loads;[0,4);stores;[0,4)
        ->;section;ffts1_planes_loop_j;;;;482579
        us;0;loads;[4720,4800);stores;[4720,4800)
        us;49;loads;[0,8);stores;
        us;50;loads;[0,8);stores;
        us;51;loads;[0,4);stores;
        us;52;loads;[0,4);stores;
        <-;section;ffts1_planes_loop_j;;;;483601
      us;51;loads;[0,4);stores;[0,4)
      <-;section;ffts1_planes_loop_k;;;;483609
    us;52;loads;[0,4);stores;[0,4)
      ->;section;ffts1_planes_loop_k;;;;483617
      us;51;loads;;stores;[0,4)
        ->;section;ffts1_planes_loop_j;;;;483622
        us;0;loads;[4800,4880);stores;[4800,4880)
        us;49;loads;[0,8);stores;
        us;50;loads;[0,8);stores;
        us;51;loads;[0,4);stores;
        us;52;loads;[0,4);stores;
        <-;section;ffts1_planes_loop_j;;;;484644
      us;51;loads;[0,4);stores;[0,4)
        ->;section;ffts1_planes_loop_j;;;;484652
        us;0;loads;[4880,4960);stores;[4880,4960)
        us;49;loads;[0,8);stores;
        us;50;loads;[0,8);stores;
        us;51;loads;[0,4);stores;
        us;52;loads;[0,4);stores;
        <-;section;ffts1_planes_loop_j;;;;485674
      us;51;loads;[0,4);stores;[0,4)
        ->;section;ffts1_planes_loop_j;;;;485682
        us;0;loads;[4960,5040);stores;[4960,5040)
        us;49;loads;[0,8);stores;
        us;50;loads;[0,8);stores;
        us;51;loads;[0,4);stores;
        us;52;loads;[0,4);stores;
        <-;section;ffts1_planes_loop_j;;;;486704
      us;51;loads;[0,4);stores;[0,4)
        ->;section;ffts1_planes_loop_j;;;;486712
        us;0;loads;[5040,5120);stores;[5040,5120)
        us;49;loads;[0,8);stores;
        us;50;loads;[0,8);stores;
        us;51;loads;[0,4);stores;
        us;52;loads;[0,4);stores;
        <-;section;ffts1_planes_loop_j;;;;487734
      us;51;loads;[0,4);stores;[0,4)
        ->;section;ffts1_planes_loop_j;;;;487742
        us;0;loads;[5120,5200);stores;[5120,5200)
        us;49;loads;[0,8);stores;
        us;50;loads;[0,8);stores;
        us;51;loads;[0,4);stores;
        us;52;loads;[0,4);stores;
        <-;section;ffts1_planes_loop_j;;;;488764
      us;51;loads;[0,4);stores;[0,4)
        ->;section;ffts1_planes_loop_j;;;;488772
        us;0;loads;[5200,5280);stores;[5200,5280)
        us;49;loads;[0,8);stores;
        us;50;loads;[0,8);stores;
        us;51;loads;[0,4);stores;
        us;52;loads;[0,4);stores;
        <-;section;ffts1_planes_loop_j;;;;489794
      us;51;loads;[0,4);stores;[0,4)
        ->;section;ffts1_planes_loop_j;;;;489802
        us;0;loads;[5280,5360);stores;[5280,5360)
        us;49;loads;[0,8);stores;
        us;50;loads;[0,8);stores;
        us;51;loads;[0,4);stores;
        us;52;loads;[0,4);stores;
        <-;section;ffts1_planes_loop_j;;;;490824
      us;51;loads;[0,4);stores;[0,4)
        ->;section;ffts1_planes_loop_j;;;;490832
        us;0;loads;[5360,5440);stores;[5360,5440)
        us;49;loads;[0,8);stores;
        us;50;loads;[0,8);stores;
        us;51;loads;[0,4);stores;
        us;52;loads;[0,4);stores;
        <-;section;ffts1_planes_loop_j;;;;491854
      us;51;loads;[0,4);stores;[0,4)
        ->;section;ffts1_planes_loop_j;;;;491862
        us;0;loads;[5440,5520);stores;[5440,5520)
        us;49;loads;[0,8);stores;
        us;50;loads;[0,8);stores;
        us;51;loads;[0,4);stores;
        us;52;loads;[0,4);stores;
        <-;section;ffts1_planes_loop_j;;;;492884
      us;51;loads;[0,4);stores;[0,4)
        ->;section;ffts1_planes_loop_j;;;;492892
        us;0;loads;[5520,5600);stores;[5520,5600)
        us;49;loads;[0,8);stores;
        us;50;loads;[0,8);stores;
        us;51;loads;[0,4);stores;
        us;52;loads;[0,4);stores;
        <-;section;ffts1_planes_loop_j;;;;493914
      us;51;loads;[0,4);stores;[0,4)
      <-;section;ffts1_planes_loop_k;;;;493922
    us;52;loads;[0,4);stores;[0,4)
      ->;section;ffts1_planes_loop_k;;;;493930
      us;51;loads;;stores;[0,4)
        ->;section;ffts1_planes_loop_j;;;;493935
        us;0;loads;[5600,5680);stores;[5600,5680)
        us;49;loads;[0,8);stores;
        us;50;loads;[0,8);stores;
        us;51;loads;[0,4);stores;
        us;52;loads;[0,4);stores;
        <-;section;ffts1_planes_loop_j;;;;494957
      us;51;loads;[0,4);stores;[0,4)
        ->;section;ffts1_planes_loop_j;;;;494965
        us;0;loads;[5680,5760);stores;[5680,5760)
        us;49;loads;[0,8);stores;
        us;50;loads;[0,8);stores;
        us;51;loads;[0,4);stores;
        us;52;loads;[0,4);stores;
        <-;section;ffts1_planes_loop_j;;;;495987
      us;51;loads;[0,4);stores;[0,4)
        ->;section;ffts1_planes_loop_j;;;;495995
        us;0;loads;[5760,5840);stores;[5760,5840)
        us;49;loads;[0,8);stores;
        us;50;loads;[0,8);stores;
        us;51;loads;[0,4);stores;
        us;52;loads;[0,4);stores;
        <-;section;ffts1_planes_loop_j;;;;497017
      us;51;loads;[0,4);stores;[0,4)
        ->;section;ffts1_planes_loop_j;;;;497025
        us;0;loads;[5840,5920);stores;[5840,5920)
        us;49;loads;[0,8);stores;
        us;50;loads;[0,8);stores;
        us;51;loads;[0,4);stores;
        us;52;loads;[0,4);stores;
        <-;section;ffts1_planes_loop_j;;;;498047
      us;51;loads;[0,4);stores;[0,4)
        ->;section;ffts1_planes_loop_j;;;;498055
        us;0;loads;[5920,6000);stores;[5920,6000)
        us;49;loads;[0,8);stores;
        us;50;loads;[0,8);stores;
        us;51;loads;[0,4);stores;
        us;52;loads;[0,4);stores;
        <-;section;ffts1_planes_loop_j;;;;499077
      us;51;loads;[0,4);stores;[0,4)
        ->;section;ffts1_planes_loop_j;;;;499085
        us;0;loads;[6000,6080);stores;[6000,6080)
        us;49;loads;[0,8);stores;
        us;50;loads;[0,8);stores;
        us;51;loads;[0,4);stores;
        us;52;loads;[0,4);stores;
        <-;section;ffts1_planes_loop_j;;;;500107
      us;51;loads;[0,4);stores;[0,4)
        ->;section;ffts1_planes_loop_j;;;;500115
        us;0;loads;[6080,6160);stores;[6080,6160)
        us;49;loads;[0,8);stores;
        us;50;loads;[0,8);stores;
        us;51;loads;[0,4);stores;
        us;52;loads;[0,4);stores;
        <-;section;ffts1_planes_loop_j;;;;501137
      us;51;loads;[0,4);stores;[0,4)
        ->;section;ffts1_planes_loop_j;;;;501145
        us;0;loads;[6160,6240);stores;[6160,6240)
        us;49;loads;[0,8);stores;
        us;50;loads;[0,8);stores;
        us;51;loads;[0,4);stores;
        us;52;loads;[0,4);stores;
        <-;section;ffts1_planes_loop_j;;;;502167
      us;51;loads;[0,4);stores;[0,4)
        ->;section;ffts1_planes_loop_j;;;;502175
        us;0;loads;[6240,6320);stores;[6240,6320)
        us;49;loads;[0,8);stores;
        us;50;loads;[0,8);stores;
        us;51;loads;[0,4);stores;
        us;52;loads;[0,4);stores;
        <-;section;ffts1_planes_loop_j;;;;503197
      us;51;loads;[0,4);stores;[0,4)
        ->;section;ffts1_planes_loop_j;;;;503205
        us;0;loads;[6320,6400);stores;[6320,6400)
        us;49;loads;[0,8);stores;
        us;50;loads;[0,8);stores;
        us;51;loads;[0,4);stores;
        us;52;loads;[0,4);stores;
        <-;section;ffts1_planes_loop_j;;;;504227
      us;51;loads;[0,4);stores;[0,4)
      <-;section;ffts1_planes_loop_k;;;;504235
    us;52;loads;[0,4);stores;[0,4)
      ->;section;ffts1_planes_loop_k;;;;504243
      us;51;loads;;stores;[0,4)
        ->;section;ffts1_planes_loop_j;;;;504248
        us;0;loads;[6400,6480);stores;[6400,6480)
        us;49;loads;[0,8);stores;
        us;50;loads;[0,8);stores;
        us;51;loads;[0,4);stores;
        us;52;loads;[0,4);stores;
        <-;section;ffts1_planes_loop_j;;;;505270
      us;51;loads;[0,4);stores;[0,4)
        ->;section;ffts1_planes_loop_j;;;;505278
        us;0;loads;[6480,6560);stores;[6480,6560)
        us;49;loads;[0,8);stores;
        us;50;loads;[0,8);stores;
        us;51;loads;[0,4);stores;
        us;52;loads;[0,4);stores;
        <-;section;ffts1_planes_loop_j;;;;506300
      us;51;loads;[0,4);stores;[0,4)
        ->;section;ffts1_planes_loop_j;;;;506308
        us;0;loads;[6560,6640);stores;[6560,6640)
        us;49;loads;[0,8);stores;
        us;50;loads;[0,8);stores;
        us;51;loads;[0,4);stores;
        us;52;loads;[0,4);stores;
        <-;section;ffts1_planes_loop_j;;;;507330
      us;51;loads;[0,4);stores;[0,4)
        ->;section;ffts1_planes_loop_j;;;;507338
        us;0;loads;[6640,6720);stores;[6640,6720)
        us;49;loads;[0,8);stores;
        us;50;loads;[0,8);stores;
        us;51;loads;[0,4);stores;
        us;52;loads;[0,4);stores;
        <-;section;ffts1_planes_loop_j;;;;508360
      us;51;loads;[0,4);stores;[0,4)
        ->;section;ffts1_planes_loop_j;;;;508368
        us;0;loads;[6720,6800);stores;[6720,6800)
        us;49;loads;[0,8);stores;
        us;50;loads;[0,8);stores;
        us;51;loads;[0,4);stores;
        us;52;loads;[0,4);stores;
        <-;section;ffts1_planes_loop_j;;;;509390
      us;51;loads;[0,4);stores;[0,4)
        ->;section;ffts1_planes_loop_j;;;;509398
        us;0;loads;[6800,6880);stores;[6800,6880)
        us;49;loads;[0,8);stores;
        us;50;loads;[0,8);stores;
        us;51;loads;[0,4);stores;
        us;52;loads;[0,4);stores;
        <-;section;ffts1_planes_loop_j;;;;510420
      us;51;loads;[0,4);stores;[0,4)
        ->;section;ffts1_planes_loop_j;;;;510428
        us;0;loads;[6880,6960);stores;[6880,6960)
        us;49;loads;[0,8);stores;
        us;50;loads;[0,8);stores;
        us;51;loads;[0,4);stores;
        us;52;loads;[0,4);stores;
        <-;section;ffts1_planes_loop_j;;;;511450
      us;51;loads;[0,4);stores;[0,4)
        ->;section;ffts1_planes_loop_j;;;;511458
        us;0;loads;[6960,7040);stores;[6960,7040)
        us;49;loads;[0,8);stores;
        us;50;loads;[0,8);stores;
        us;51;loads;[0,4);stores;
        us;52;loads;[0,4);stores;
        <-;section;ffts1_planes_loop_j;;;;512480
      us;51;loads;[0,4);stores;[0,4)
        ->;section;ffts1_planes_loop_j;;;;512488
        us;0;loads;[7040,7120);stores;[7040,7120)
        us;49;loads;[0,8);stores;
        us;50;loads;[0,8);stores;
        us;51;loads;[0,4);stores;
        us;52;loads;[0,4);stores;
        <-;section;ffts1_planes_loop_j;;;;513510
      us;51;loads;[0,4);stores;[0,4)
        ->;section;ffts1_planes_loop_j;;;;513518
        us;0;loads;[7120,7200);stores;[7120,7200)
        us;49;loads;[0,8);stores;
        us;50;loads;[0,8);stores;
        us;51;loads;[0,4);stores;
        us;52;loads;[0,4);stores;
        <-;section;ffts1_planes_loop_j;;;;514540
      us;51;loads;[0,4);stores;[0,4)
      <-;section;ffts1_planes_loop_k;;;;514548
    us;52;loads;[0,4);stores;[0,4)
      ->;section;ffts1_planes_loop_k;;;;514556
      us;51;loads;;stores;[0,4)
        ->;section;ffts1_planes_loop_j;;;;514561
        us;0;loads;[7200,7280);stores;[7200,7280)
        us;49;loads;[0,8);stores;
        us;50;loads;[0,8);stores;
        us;51;loads;[0,4);stores;
        us;52;loads;[0,4);stores;
        <-;section;ffts1_planes_loop_j;;;;515583
      us;51;loads;[0,4);stores;[0,4)
        ->;section;ffts1_planes_loop_j;;;;515591
        us;0;loads;[7280,7360);stores;[7280,7360)
        us;49;loads;[0,8);stores;
        us;50;loads;[0,8);stores;
        us;51;loads;[0,4);stores;
        us;52;loads;[0,4);stores;
        <-;section;ffts1_planes_loop_j;;;;516613
      us;51;loads;[0,4);stores;[0,4)
        ->;section;ffts1_planes_loop_j;;;;516621
        us;0;loads;[7360,7440);stores;[7360,7440)
        us;49;loads;[0,8);stores;
        us;50;loads;[0,8);stores;
        us;51;loads;[0,4);stores;
        us;52;loads;[0,4);stores;
        <-;section;ffts1_planes_loop_j;;;;517643
      us;51;loads;[0,4);stores;[0,4)
        ->;section;ffts1_planes_loop_j;;;;517651
        us;0;loads;[7440,7520);stores;[7440,7520)
        us;49;loads;[0,8);stores;
        us;50;loads;[0,8);stores;
        us;51;loads;[0,4);stores;
        us;52;loads;[0,4);stores;
        <-;section;ffts1_planes_loop_j;;;;518673
      us;51;loads;[0,4);stores;[0,4)
        ->;section;ffts1_planes_loop_j;;;;518681
        us;0;loads;[7520,7600);stores;[7520,7600)
        us;49;loads;[0,8);stores;
        us;50;loads;[0,8);stores;
        us;51;loads;[0,4);stores;
        us;52;loads;[0,4);stores;
        <-;section;ffts1_planes_loop_j;;;;519703
      us;51;loads;[0,4);stores;[0,4)
        ->;section;ffts1_planes_loop_j;;;;519711
        us;0;loads;[7600,7680);stores;[7600,7680)
        us;49;loads;[0,8);stores;
        us;50;loads;[0,8);stores;
        us;51;loads;[0,4);stores;
        us;52;loads;[0,4);stores;
        <-;section;ffts1_planes_loop_j;;;;520733
      us;51;loads;[0,4);stores;[0,4)
        ->;section;ffts1_planes_loop_j;;;;520741
        us;0;loads;[7680,7760);stores;[7680,7760)
        us;49;loads;[0,8);stores;
        us;50;loads;[0,8);stores;
        us;51;loads;[0,4);stores;
        us;52;loads;[0,4);stores;
        <-;section;ffts1_planes_loop_j;;;;521763
      us;51;loads;[0,4);stores;[0,4)
        ->;section;ffts1_planes_loop_j;;;;521771
        us;0;loads;[7760,7840);stores;[7760,7840)
        us;49;loads;[0,8);stores;
        us;50;loads;[0,8);stores;
        us;51;loads;[0,4);stores;
        us;52;loads;[0,4);stores;
        <-;section;ffts1_planes_loop_j;;;;522793
      us;51;loads;[0,4);stores;[0,4)
        ->;section;ffts1_planes_loop_j;;;;522801
        us;0;loads;[7840,7920);stores;[7840,7920)
        us;49;loads;[0,8);stores;
        us;50;loads;[0,8);stores;
        us;51;loads;[0,4);stores;
        us;52;loads;[0,4);stores;
        <-;section;ffts1_planes_loop_j;;;;523823
      us;51;loads;[0,4);stores;[0,4)
        ->;section;ffts1_planes_loop_j;;;;523831
        us;0;loads;[7920,8000);stores;[7920,8000)
        us;49;loads;[0,8);stores;
        us;50;loads;[0,8);stores;
        us;51;loads;[0,4);stores;
        us;52;loads;[0,4);stores;
        <-;section;ffts1_planes_loop_j;;;;524853
      us;51;loads;[0,4);stores;[0,4)
      <-;section;ffts1_planes_loop_k;;;;524861
    us;52;loads;[0,4);stores;[0,4)
    dl;49;[0x7ffd0e1b9e18,+8);stack;p1d;-|
    dl;50;[0x7ffd0e1b9e10,+8);stack;in_fftw;-|
    dl;51;[0x7ffd0e1b9e0c,+4);stack;j;-|
    dl;52;[0x7ffd0e1b9e08,+4);stack;k;-|
    <-;section;planes3;;;;524872
    ->;section;zx_planes2;;;;524872
    nw;53;[0x7ffd0e1b9e18,+8);stack;in_fftw;-|
    nw;54;[0x7ffd0e1b9e10,+8);stack;tmp_fftw;-|
    nw;55;[0x7ffd0e1b9e0c,+4);stack;k;-|
    nw;56;[0x7ffd0e1b9e08,+4);stack;j;-|
    nw;57;[0x7ffd0e1b9e04,+4);stack;i;-|
    us;53;loads;;stores;[0,8)
    us;54;loads;;stores;[0,8)
    us;55;loads;;stores;[0,4)
      ->;section;zx_planes_loop_k;;;;524884
      us;56;loads;;stores;[0,4)
        ->;section;zx_planes_loop_j;;;;524889
        us;0;loads;[0,80);stores;
        us;5;loads;;stores;[0,8)[800,808)[1600,1608)[2400,2408)[3200,3208)[4000,4008)[4800,4808)[5600,5608)[6400,6408)[7200,7208)
        us;53;loads;[0,8);stores;
        us;54;loads;[0,8);stores;
        us;55;loads;[0,4);stores;
        us;56;loads;[0,4);stores;
        us;57;loads;;stores;[0,4)
        <-;section;zx_planes_loop_j;;;;525454
      us;56;loads;[0,4);stores;[0,4)
        ->;section;zx_planes_loop_j;;;;525462
        us;0;loads;[80,160);stores;
        us;5;loads;;stores;[80,88)[880,888)[1680,1688)[2480,2488)[3280,3288)[4080,4088)[4880,4888)[5680,5688)[6480,6488)[7280,7288)
        us;53;loads;[0,8);stores;
        us;54;loads;[0,8);stores;
        us;55;loads;[0,4);stores;
        us;56;loads;[0,4);stores;
        us;57;loads;;stores;[0,4)
        <-;section;zx_planes_loop_j;;;;526027
      us;56;loads;[0,4);stores;[0,4)
        ->;section;zx_planes_loop_j;;;;526035
        us;0;loads;[160,240);stores;
        us;5;loads;;stores;[160,168)[960,968)[1760,1768)[2560,2568)[3360,3368)[4160,4168)[4960,4968)[5760,5768)[6560,6568)[7360,7368)
        us;53;loads;[0,8);stores;
        us;54;loads;[0,8);stores;
        us;55;loads;[0,4);stores;
        us;56;loads;[0,4);stores;
        us;57;loads;;stores;[0,4)
        <-;section;zx_planes_loop_j;;;;526600
      us;56;loads;[0,4);stores;[0,4)
        ->;section;zx_planes_loop_j;;;;526608
        us;0;loads;[240,320);stores;
        us;5;loads;;stores;[240,248)[1040,1048)[1840,1848)[2640,2648)[3440,3448)[4240,4248)[5040,5048)[5840,5848)[6640,6648)[7440,7448)
        us;53;loads;[0,8);stores;
        us;54;loads;[0,8);stores;
        us;55;loads;[0,4);stores;
        us;56;loads;[0,4);stores;
        us;57;loads;;stores;[0,4)
        <-;section;zx_planes_loop_j;;;;527173
      us;56;loads;[0,4);stores;[0,4)
        ->;section;zx_planes_loop_j;;;;527181
        us;0;loads;[320,400);stores;
        us;5;loads;;stores;[320,328)[1120,1128)[1920,1928)[2720,2728)[3520,3528)[4320,4328)[5120,5128)[5920,5928)[6720,6728)[7520,7528)
        us;53;loads;[0,8);stores;
        us;54;loads;[0,8);stores;
        us;55;loads;[0,4);stores;
        us;56;loads;[0,4);stores;
        us;57;loads;;stores;[0,4)
        <-;section;zx_planes_loop_j;;;;527746
      us;56;loads;[0,4);stores;[0,4)
        ->;section;zx_planes_loop_j;;;;527754
        us;0;loads;[400,480);stores;
        us;5;loads;;stores;[400,408)[1200,1208)[2000,2008)[2800,2808)[3600,3608)[4400,4408)[5200,5208)[6000,6008)[6800,6808)[7600,7608)
        us;53;loads;[0,8);stores;
        us;54;loads;[0,8);stores;
        us;55;loads;[0,4);stores;
        us;56;loads;[0,4);stores;
        us;57;loads;;stores;[0,4)
        <-;section;zx_planes_loop_j;;;;528319
      us;56;loads;[0,4);stores;[0,4)
        ->;section;zx_planes_loop_j;;;;528327
        us;0;loads;[480,560);stores;
        us;5;loads;;stores;[480,488)[1280,1288)[2080,2088)[2880,2888)[3680,3688)[4480,4488)[5280,5288)[6080,6088)[6880,6888)[7680,7688)
        us;53;loads;[0,8);stores;
        us;54;loads;[0,8);stores;
        us;55;loads;[0,4);stores;
        us;56;loads;[0,4);stores;
        us;57;loads;;stores;[0,4)
        <-;section;zx_planes_loop_j;;;;528892
      us;56;loads;[0,4);stores;[0,4)
        ->;section;zx_planes_loop_j;;;;528900
        us;0;loads;[560,640);stores;
        us;5;loads;;stores;[560,568)[1360,1368)[2160,2168)[2960,2968)[3760,3768)[4560,4568)[5360,5368)[6160,6168)[6960,6968)[7760,7768)
        us;53;loads;[0,8);stores;
        us;54;loads;[0,8);stores;
        us;55;loads;[0,4);stores;
        us;56;loads;[0,4);stores;
        us;57;loads;;stores;[0,4)
        <-;section;zx_planes_loop_j;;;;529465
      us;56;loads;[0,4);stores;[0,4)
        ->;section;zx_planes_loop_j;;;;529473
        us;0;loads;[640,720);stores;
        us;5;loads;;stores;[640,648)[1440,1448)[2240,2248)[3040,3048)[3840,3848)[4640,4648)[5440,5448)[6240,6248)[7040,7048)[7840,7848)
        us;53;loads;[0,8);stores;
        us;54;loads;[0,8);stores;
        us;55;loads;[0,4);stores;
        us;56;loads;[0,4);stores;
        us;57;loads;;stores;[0,4)
        <-;section;zx_planes_loop_j;;;;530038
      us;56;loads;[0,4);stores;[0,4)
        ->;section;zx_planes_loop_j;;;;530046
        us;0;loads;[720,800);stores;
        us;5;loads;;stores;[720,728)[1520,1528)[2320,2328)[3120,3128)[3920,3928)[4720,4728)[5520,5528)[6320,6328)[7120,7128)[7920,7928)
        us;53;loads;[0,8);stores;
        us;54;loads;[0,8);stores;
        us;55;loads;[0,4);stores;
        us;56;loads;[0,4);stores;
        us;57;loads;;stores;[0,4)
        <-;section;zx_planes_loop_j;;;;530611
      us;56;loads;[0,4);stores;[0,4)
      <-;section;zx_planes_loop_k;;;;530619
    us;55;loads;[0,4);stores;[0,4)
      ->;section;zx_planes_loop_k;;;;530627
      us;56;loads;;stores;[0,4)
        ->;section;zx_planes_loop_j;;;;530632
        us;0;loads;[800,880);stores;
        us;5;loads;;stores;[8,16)[808,816)[1608,1616)[2408,2416)[3208,3216)[4008,4016)[4808,4816)[5608,5616)[6408,6416)[7208,7216)
        us;53;loads;[0,8);stores;
        us;54;loads;[0,8);stores;
        us;55;loads;[0,4);stores;
        us;56;loads;[0,4);stores;
        us;57;loads;;stores;[0,4)
        <-;section;zx_planes_loop_j;;;;531197
      us;56;loads;[0,4);stores;[0,4)
        ->;section;zx_planes_loop_j;;;;531205
        us;0;loads;[880,960);stores;
        us;5;loads;;stores;[88,96)[888,896)[1688,1696)[2488,2496)[3288,3296)[4088,4096)[4888,4896)[5688,5696)[6488,6496)[7288,7296)
        us;53;loads;[0,8);stores;
        us;54;loads;[0,8);stores;
        us;55;loads;[0,4);stores;
        us;56;loads;[0,4);stores;
        us;57;loads;;stores;[0,4)
        <-;section;zx_planes_loop_j;;;;531770
      us;56;loads;[0,4);stores;[0,4)
        ->;section;zx_planes_loop_j;;;;531778
        us;0;loads;[960,1040);stores;
        us;5;loads;;stores;[168,176)[968,976)[1768,1776)[2568,2576)[3368,3376)[4168,4176)[4968,4976)[5768,5776)[6568,6576)[7368,7376)
        us;53;loads;[0,8);stores;
        us;54;loads;[0,8);stores;
        us;55;loads;[0,4);stores;
        us;56;loads;[0,4);stores;
        us;57;loads;;stores;[0,4)
        <-;section;zx_planes_loop_j;;;;532343
      us;56;loads;[0,4);stores;[0,4)
        ->;section;zx_planes_loop_j;;;;532351
        us;0;loads;[1040,1120);stores;
        us;5;loads;;stores;[248,256)[1048,1056)[1848,1856)[2648,2656)[3448,3456)[4248,4256)[5048,5056)[5848,5856)[6648,6656)[7448,7456)
        us;53;loads;[0,8);stores;
        us;54;loads;[0,8);stores;
        us;55;loads;[0,4);stores;
        us;56;loads;[0,4);stores;
        us;57;loads;;stores;[0,4)
        <-;section;zx_planes_loop_j;;;;532916
      us;56;loads;[0,4);stores;[0,4)
        ->;section;zx_planes_loop_j;;;;532924
        us;0;loads;[1120,1200);stores;
        us;5;loads;;stores;[328,336)[1128,1136)[1928,1936)[2728,2736)[3528,3536)[4328,4336)[5128,5136)[5928,5936)[6728,6736)[7528,7536)
        us;53;loads;[0,8);stores;
        us;54;loads;[0,8);stores;
        us;55;loads;[0,4);stores;
        us;56;loads;[0,4);stores;
        us;57;loads;;stores;[0,4)
        <-;section;zx_planes_loop_j;;;;533489
      us;56;loads;[0,4);stores;[0,4)
        ->;section;zx_planes_loop_j;;;;533497
        us;0;loads;[1200,1280);stores;
        us;5;loads;;stores;[408,416)[1208,1216)[2008,2016)[2808,2816)[3608,3616)[4408,4416)[5208,5216)[6008,6016)[6808,6816)[7608,7616)
        us;53;loads;[0,8);stores;
        us;54;loads;[0,8);stores;
        us;55;loads;[0,4);stores;
        us;56;loads;[0,4);stores;
        us;57;loads;;stores;[0,4)
        <-;section;zx_planes_loop_j;;;;534062
      us;56;loads;[0,4);stores;[0,4)
        ->;section;zx_planes_loop_j;;;;534070
        us;0;loads;[1280,1360);stores;
        us;5;loads;;stores;[488,496)[1288,1296)[2088,2096)[2888,2896)[3688,3696)[4488,4496)[5288,5296)[6088,6096)[6888,6896)[7688,7696)
        us;53;loads;[0,8);stores;
        us;54;loads;[0,8);stores;
        us;55;loads;[0,4);stores;
        us;56;loads;[0,4);stores;
        us;57;loads;;stores;[0,4)
        <-;section;zx_planes_loop_j;;;;534635
      us;56;loads;[0,4);stores;[0,4)
        ->;section;zx_planes_loop_j;;;;534643
        us;0;loads;[1360,1440);stores;
        us;5;loads;;stores;[568,576)[1368,1376)[2168,2176)[2968,2976)[3768,3776)[4568,4576)[5368,5376)[6168,6176)[6968,6976)[7768,7776)
        us;53;loads;[0,8);stores;
        us;54;loads;[0,8);stores;
        us;55;loads;[0,4);stores;
        us;56;loads;[0,4);stores;
        us;57;loads;;stores;[0,4)
        <-;section;zx_planes_loop_j;;;;535208
      us;56;loads;[0,4);stores;[0,4)
        ->;section;zx_planes_loop_j;;;;535216
        us;0;loads;[1440,1520);stores;
        us;5;loads;;stores;[648,656)[1448,1456)[2248,2256)[3048,3056)[3848,3856)[4648,4656)[5448,5456)[6248,6256)[7048,7056)[7848,7856)
        us;53;loads;[0,8);stores;
        us;54;loads;[0,8);stores;
        us;55;loads;[0,4);stores;
        us;56;loads;[0,4);stores;
        us;57;loads;;stores;[0,4)
        <-;section;zx_planes_loop_j;;;;535781
      us;56;loads;[0,4);stores;[0,4)
        ->;section;zx_planes_loop_j;;;;535789
        us;0;loads;[1520,1600);stores;
        us;5;loads;;stores;[728,736)[1528,1536)[2328,2336)[3128,3136)[3928,3936)[4728,4736)[5528,5536)[6328,6336)[7128,7136)[7928,7936)
        us;53;loads;[0,8);stores;
        us;54;loads;[0,8);stores;
        us;55;loads;[0,4);stores;
        us;56;loads;[0,4);stores;
        us;57;loads;;stores;[0,4)
        <-;section;zx_planes_loop_j;;;;536354
      us;56;loads;[0,4);stores;[0,4)
      <-;section;zx_planes_loop_k;;;;536362
    us;55;loads;[0,4);stores;[0,4)
      ->;section;zx_planes_loop_k;;;;536370
      us;56;loads;;stores;[0,4)
        ->;section;zx_planes_loop_j;;;;536375
        us;0;loads;[1600,1680);stores;
        us;5;loads;;stores;[16,24)[816,824)[1616,1624)[2416,2424)[3216,3224)[4016,4024)[4816,4824)[5616,5624)[6416,6424)[7216,7224)
        us;53;loads;[0,8);stores;
        us;54;loads;[0,8);stores;
        us;55;loads;[0,4);stores;
        us;56;loads;[0,4);stores;
        us;57;loads;;stores;[0,4)
        <-;section;zx_planes_loop_j;;;;536940
      us;56;loads;[0,4);stores;[0,4)
        ->;section;zx_planes_loop_j;;;;536948
        us;0;loads;[1680,1760);stores;
        us;5;loads;;stores;[96,104)[896,904)[1696,1704)[2496,2504)[3296,3304)[4096,4104)[4896,4904)[5696,5704)[6496,6504)[7296,7304)
        us;53;loads;[0,8);stores;
        us;54;loads;[0,8);stores;
        us;55;loads;[0,4);stores;
        us;56;loads;[0,4);stores;
        us;57;loads;;stores;[0,4)
        <-;section;zx_planes_loop_j;;;;537513
      us;56;loads;[0,4);stores;[0,4)
        ->;section;zx_planes_loop_j;;;;537521
        us;0;loads;[1760,1840);stores;
        us;5;loads;;stores;[176,184)[976,984)[1776,1784)[2576,2584)[3376,3384)[4176,4184)[4976,4984)[5776,5784)[6576,6584)[7376,7384)
        us;53;loads;[0,8);stores;
        us;54;loads;[0,8);stores;
        us;55;loads;[0,4);stores;
        us;56;loads;[0,4);stores;
        us;57;loads;;stores;[0,4)
        <-;section;zx_planes_loop_j;;;;538086
      us;56;loads;[0,4);stores;[0,4)
        ->;section;zx_planes_loop_j;;;;538094
        us;0;loads;[1840,1920);stores;
        us;5;loads;;stores;[256,264)[1056,1064)[1856,1864)[2656,2664)[3456,3464)[4256,4264)[5056,5064)[5856,5864)[6656,6664)[7456,7464)
        us;53;loads;[0,8);stores;
        us;54;loads;[0,8);stores;
        us;55;loads;[0,4);stores;
        us;56;loads;[0,4);stores;
        us;57;loads;;stores;[0,4)
        <-;section;zx_planes_loop_j;;;;538659
      us;56;loads;[0,4);stores;[0,4)
        ->;section;zx_planes_loop_j;;;;538667
        us;0;loads;[1920,2000);stores;
        us;5;loads;;stores;[336,344)[1136,1144)[1936,1944)[2736,2744)[3536,3544)[4336,4344)[5136,5144)[5936,5944)[6736,6744)[7536,7544)
        us;53;loads;[0,8);stores;
        us;54;loads;[0,8);stores;
        us;55;loads;[0,4);stores;
        us;56;loads;[0,4);stores;
        us;57;loads;;stores;[0,4)
        <-;section;zx_planes_loop_j;;;;539232
      us;56;loads;[0,4);stores;[0,4)
        ->;section;zx_planes_loop_j;;;;539240
        us;0;loads;[2000,2080);stores;
        us;5;loads;;stores;[416,424)[1216,1224)[2016,2024)[2816,2824)[3616,3624)[4416,4424)[5216,5224)[6016,6024)[6816,6824)[7616,7624)
        us;53;loads;[0,8);stores;
        us;54;loads;[0,8);stores;
        us;55;loads;[0,4);stores;
        us;56;loads;[0,4);stores;
        us;57;loads;;stores;[0,4)
        <-;section;zx_planes_loop_j;;;;539805
      us;56;loads;[0,4);stores;[0,4)
        ->;section;zx_planes_loop_j;;;;539813
        us;0;loads;[2080,2160);stores;
        us;5;loads;;stores;[496,504)[1296,1304)[2096,2104)[2896,2904)[3696,3704)[4496,4504)[5296,5304)[6096,6104)[6896,6904)[7696,7704)
        us;53;loads;[0,8);stores;
        us;54;loads;[0,8);stores;
        us;55;loads;[0,4);stores;
        us;56;loads;[0,4);stores;
        us;57;loads;;stores;[0,4)
        <-;section;zx_planes_loop_j;;;;540378
      us;56;loads;[0,4);stores;[0,4)
        ->;section;zx_planes_loop_j;;;;540386
        us;0;loads;[2160,2240);stores;
        us;5;loads;;stores;[576,584)[1376,1384)[2176,2184)[2976,2984)[3776,3784)[4576,4584)[5376,5384)[6176,6184)[6976,6984)[7776,7784)
        us;53;loads;[0,8);stores;
        us;54;loads;[0,8);stores;
        us;55;loads;[0,4);stores;
        us;56;loads;[0,4);stores;
        us;57;loads;;stores;[0,4)
        <-;section;zx_planes_loop_j;;;;540951
      us;56;loads;[0,4);stores;[0,4)
        ->;section;zx_planes_loop_j;;;;540959
        us;0;loads;[2240,2320);stores;
        us;5;loads;;stores;[656,664)[1456,1464)[2256,2264)[3056,3064)[3856,3864)[4656,4664)[5456,5464)[6256,6264)[7056,7064)[7856,7864)
        us;53;loads;[0,8);stores;
        us;54;loads;[0,8);stores;
        us;55;loads;[0,4);stores;
        us;56;loads;[0,4);stores;
        us;57;loads;;stores;[0,4)
        <-;section;zx_planes_loop_j;;;;541524
      us;56;loads;[0,4);stores;[0,4)
        ->;section;zx_planes_loop_j;;;;541532
        us;0;loads;[2320,2400);stores;
        us;5;loads;;stores;[736,744)[1536,1544)[2336,2344)[3136,3144)[3936,3944)[4736,4744)[5536,5544)[6336,6344)[7136,7144)[7936,7944)
        us;53;loads;[0,8);stores;
        us;54;loads;[0,8);stores;
        us;55;loads;[0,4);stores;
        us;56;loads;[0,4);stores;
        us;57;loads;;stores;[0,4)
        <-;section;zx_planes_loop_j;;;;542097
      us;56;loads;[0,4);stores;[0,4)
      <-;section;zx_planes_loop_k;;;;542105
    us;55;loads;[0,4);stores;[0,4)
      ->;section;zx_planes_loop_k;;;;542113
      us;56;loads;;stores;[0,4)
        ->;section;zx_planes_loop_j;;;;542118
        us;0;loads;[2400,2480);stores;
        us;5;loads;;stores;[24,32)[824,832)[1624,1632)[2424,2432)[3224,3232)[4024,4032)[4824,4832)[5624,5632)[6424,6432)[7224,7232)
        us;53;loads;[0,8);stores;
        us;54;loads;[0,8);stores;
        us;55;loads;[0,4);stores;
        us;56;loads;[0,4);stores;
        us;57;loads;;stores;[0,4)
        <-;section;zx_planes_loop_j;;;;542683
      us;56;loads;[0,4);stores;[0,4)
        ->;section;zx_planes_loop_j;;;;542691
        us;0;loads;[2480,2560);stores;
        us;5;loads;;stores;[104,112)[904,912)[1704,1712)[2504,2512)[3304,3312)[4104,4112)[4904,4912)[5704,5712)[6504,6512)[7304,7312)
        us;53;loads;[0,8);stores;
        us;54;loads;[0,8);stores;
        us;55;loads;[0,4);stores;
        us;56;loads;[0,4);stores;
        us;57;loads;;stores;[0,4)
        <-;section;zx_planes_loop_j;;;;543256
      us;56;loads;[0,4);stores;[0,4)
        ->;section;zx_planes_loop_j;;;;543264
        us;0;loads;[2560,2640);stores;
        us;5;loads;;stores;[184,192)[984,992)[1784,1792)[2584,2592)[3384,3392)[4184,4192)[4984,4992)[5784,5792)[6584,6592)[7384,7392)
        us;53;loads;[0,8);stores;
        us;54;loads;[0,8);stores;
        us;55;loads;[0,4);stores;
        us;56;loads;[0,4);stores;
        us;57;loads;;stores;[0,4)
        <-;section;zx_planes_loop_j;;;;543829
      us;56;loads;[0,4);stores;[0,4)
        ->;section;zx_planes_loop_j;;;;543837
        us;0;loads;[2640,2720);stores;
        us;5;loads;;stores;[264,272)[1064,1072)[1864,1872)[2664,2672)[3464,3472)[4264,4272)[5064,5072)[5864,5872)[6664,6672)[7464,7472)
        us;53;loads;[0,8);stores;
        us;54;loads;[0,8);stores;
        us;55;loads;[0,4);stores;
        us;56;loads;[0,4);stores;
        us;57;loads;;stores;[0,4)
        <-;section;zx_planes_loop_j;;;;544402
      us;56;loads;[0,4);stores;[0,4)
        ->;section;zx_planes_loop_j;;;;544410
        us;0;loads;[2720,2800);stores;
        us;5;loads;;stores;[344,352)[1144,1152)[1944,1952)[2744,2752)[3544,3552)[4344,4352)[5144,5152)[5944,5952)[6744,6752)[7544,7552)
        us;53;loads;[0,8);stores;
        us;54;loads;[0,8);stores;
        us;55;loads;[0,4);stores;
        us;56;loads;[0,4);stores;
        us;57;loads;;stores;[0,4)
        <-;section;zx_planes_loop_j;;;;544975
      us;56;loads;[0,4);stores;[0,4)
        ->;section;zx_planes_loop_j;;;;544983
        us;0;loads;[2800,2880);stores;
        us;5;loads;;stores;[424,432)[1224,1232)[2024,2032)[2824,2832)[3624,3632)[4424,4432)[5224,5232)[6024,6032)[6824,6832)[7624,7632)
        us;53;loads;[0,8);stores;
        us;54;loads;[0,8);stores;
        us;55;loads;[0,4);stores;
        us;56;loads;[0,4);stores;
        us;57;loads;;stores;[0,4)
        <-;section;zx_planes_loop_j;;;;545548
      us;56;loads;[0,4);stores;[0,4)
        ->;section;zx_planes_loop_j;;;;545556
        us;0;loads;[2880,2960);stores;
        us;5;loads;;stores;[504,512)[1304,1312)[2104,2112)[2904,2912)[3704,3712)[4504,4512)[5304,5312)[6104,6112)[6904,6912)[7704,7712)
        us;53;loads;[0,8);stores;
        us;54;loads;[0,8);stores;
        us;55;loads;[0,4);stores;
        us;56;loads;[0,4);stores;
        us;57;loads;;stores;[0,4)
        <-;section;zx_planes_loop_j;;;;546121
      us;56;loads;[0,4);stores;[0,4)
        ->;section;zx_planes_loop_j;;;;546129
        us;0;loads;[2960,3040);stores;
        us;5;loads;;stores;[584,592)[1384,1392)[2184,2192)[2984,2992)[3784,3792)[4584,4592)[5384,5392)[6184,6192)[6984,6992)[7784,7792)
        us;53;loads;[0,8);stores;
        us;54;loads;[0,8);stores;
        us;55;loads;[0,4);stores;
        us;56;loads;[0,4);stores;
        us;57;loads;;stores;[0,4)
        <-;section;zx_planes_loop_j;;;;546694
      us;56;loads;[0,4);stores;[0,4)
        ->;section;zx_planes_loop_j;;;;546702
        us;0;loads;[3040,3120);stores;
        us;5;loads;;stores;[664,672)[1464,1472)[2264,2272)[3064,3072)[3864,3872)[4664,4672)[5464,5472)[6264,6272)[7064,7072)[7864,7872)
        us;53;loads;[0,8);stores;
        us;54;loads;[0,8);stores;
        us;55;loads;[0,4);stores;
        us;56;loads;[0,4);stores;
        us;57;loads;;stores;[0,4)
        <-;section;zx_planes_loop_j;;;;547267
      us;56;loads;[0,4);stores;[0,4)
        ->;section;zx_planes_loop_j;;;;547275
        us;0;loads;[3120,3200);stores;
        us;5;loads;;stores;[744,752)[1544,1552)[2344,2352)[3144,3152)[3944,3952)[4744,4752)[5544,5552)[6344,6352)[7144,7152)[7944,7952)
        us;53;loads;[0,8);stores;
        us;54;loads;[0,8);stores;
        us;55;loads;[0,4);stores;
        us;56;loads;[0,4);stores;
        us;57;loads;;stores;[0,4)
        <-;section;zx_planes_loop_j;;;;547840
      us;56;loads;[0,4);stores;[0,4)
      <-;section;zx_planes_loop_k;;;;547848
    us;55;loads;[0,4);stores;[0,4)
      ->;section;zx_planes_loop_k;;;;547856
      us;56;loads;;stores;[0,4)
        ->;section;zx_planes_loop_j;;;;547861
        us;0;loads;[3200,3280);stores;
        us;5;loads;;stores;[32,40)[832,840)[1632,1640)[2432,2440)[3232,3240)[4032,4040)[4832,4840)[5632,5640)[6432,6440)[7232,7240)
        us;53;loads;[0,8);stores;
        us;54;loads;[0,8);stores;
        us;55;loads;[0,4);stores;
        us;56;loads;[0,4);stores;
        us;57;loads;;stores;[0,4)
        <-;section;zx_planes_loop_j;;;;548426
      us;56;loads;[0,4);stores;[0,4)
        ->;section;zx_planes_loop_j;;;;548434
        us;0;loads;[3280,3360);stores;
        us;5;loads;;stores;[112,120)[912,920)[1712,1720)[2512,2520)[3312,3320)[4112,4120)[4912,4920)[5712,5720)[6512,6520)[7312,7320)
        us;53;loads;[0,8);stores;
        us;54;loads;[0,8);stores;
        us;55;loads;[0,4);stores;
        us;56;loads;[0,4);stores;
        us;57;loads;;stores;[0,4)
        <-;section;zx_planes_loop_j;;;;548999
      us;56;loads;[0,4);stores;[0,4)
        ->;section;zx_planes_loop_j;;;;549007
        us;0;loads;[3360,3440);stores;
        us;5;loads;;stores;[192,200)[992,1000)[1792,1800)[2592,2600)[3392,3400)[4192,4200)[4992,5000)[5792,5800)[6592,6600)[7392,7400)
        us;53;loads;[0,8);stores;
        us;54;loads;[0,8);stores;
        us;55;loads;[0,4);stores;
        us;56;loads;[0,4);stores;
        us;57;loads;;stores;[0,4)
        <-;section;zx_planes_loop_j;;;;549572
      us;56;loads;[0,4);stores;[0,4)
        ->;section;zx_planes_loop_j;;;;549580
        us;0;loads;[3440,3520);stores;
        us;5;loads;;stores;[272,280)[1072,1080)[1872,1880)[2672,2680)[3472,3480)[4272,4280)[5072,5080)[5872,5880)[6672,6680)[7472,7480)
        us;53;loads;[0,8);stores;
        us;54;loads;[0,8);stores;
        us;55;loads;[0,4);stores;
        us;56;loads;[0,4);stores;
        us;57;loads;;stores;[0,4)
        <-;section;zx_planes_loop_j;;;;550145
      us;56;loads;[0,4);stores;[0,4)
        ->;section;zx_planes_loop_j;;;;550153
        us;0;loads;[3520,3600);stores;
        us;5;loads;;stores;[352,360)[1152,1160)[1952,1960)[2752,2760)[3552,3560)[4352,4360)[5152,5160)[5952,5960)[6752,6760)[7552,7560)
        us;53;loads;[0,8);stores;
        us;54;loads;[0,8);stores;
        us;55;loads;[0,4);stores;
        us;56;loads;[0,4);stores;
        us;57;loads;;stores;[0,4)
        <-;section;zx_planes_loop_j;;;;550718
      us;56;loads;[0,4);stores;[0,4)
        ->;section;zx_planes_loop_j;;;;550726
        us;0;loads;[3600,3680);stores;
        us;5;loads;;stores;[432,440)[1232,1240)[2032,2040)[2832,2840)[3632,3640)[4432,4440)[5232,5240)[6032,6040)[6832,6840)[7632,7640)
        us;53;loads;[0,8);stores;
        us;54;loads;[0,8);stores;
        us;55;loads;[0,4);stores;
        us;56;loads;[0,4);stores;
        us;57;loads;;stores;[0,4)
        <-;section;zx_planes_loop_j;;;;551291
      us;56;loads;[0,4);stores;[0,4)
        ->;section;zx_planes_loop_j;;;;551299
        us;0;loads;[3680,3760);stores;
        us;5;loads;;stores;[512,520)[1312,1320)[2112,2120)[2912,2920)[3712,3720)[4512,4520)[5312,5320)[6112,6120)[6912,6920)[7712,7720)
        us;53;loads;[0,8);stores;
        us;54;loads;[0,8);stores;
        us;55;loads;[0,4);stores;
        us;56;loads;[0,4);stores;
        us;57;loads;;stores;[0,4)
        <-;section;zx_planes_loop_j;;;;551864
      us;56;loads;[0,4);stores;[0,4)
        ->;section;zx_planes_loop_j;;;;551872
        us;0;loads;[3760,3840);stores;
        us;5;loads;;stores;[592,600)[1392,1400)[2192,2200)[2992,3000)[3792,3800)[4592,4600)[5392,5400)[6192,6200)[6992,7000)[7792,7800)
        us;53;loads;[0,8);stores;
        us;54;loads;[0,8);stores;
        us;55;loads;[0,4);stores;
        us;56;loads;[0,4);stores;
        us;57;loads;;stores;[0,4)
        <-;section;zx_planes_loop_j;;;;552437
      us;56;loads;[0,4);stores;[0,4)
        ->;section;zx_planes_loop_j;;;;552445
        us;0;loads;[3840,3920);stores;
        us;5;loads;;stores;[672,680)[1472,1480)[2272,2280)[3072,3080)[3872,3880)[4672,4680)[5472,5480)[6272,6280)[7072,7080)[7872,7880)
        us;53;loads;[0,8);stores;
        us;54;loads;[0,8);stores;
        us;55;loads;[0,4);stores;
        us;56;loads;[0,4);stores;
        us;57;loads;;stores;[0,4)
        <-;section;zx_planes_loop_j;;;;553010
      us;56;loads;[0,4);stores;[0,4)
        ->;section;zx_planes_loop_j;;;;553018
        us;0;loads;[3920,4000);stores;
        us;5;loads;;stores;[752,760)[1552,1560)[2352,2360)[3152,3160)[3952,3960)[4752,4760)[5552,5560)[6352,6360)[7152,7160)[7952,7960)
        us;53;loads;[0,8);stores;
        us;54;loads;[0,8);stores;
        us;55;loads;[0,4);stores;
        us;56;loads;[0,4);stores;
        us;57;loads;;stores;[0,4)
        <-;section;zx_planes_loop_j;;;;553583
      us;56;loads;[0,4);stores;[0,4)
      <-;section;zx_planes_loop_k;;;;553591
    us;55;loads;[0,4);stores;[0,4)
      ->;section;zx_planes_loop_k;;;;553599
      us;56;loads;;stores;[0,4)
        ->;section;zx_planes_loop_j;;;;553604
        us;0;loads;[4000,4080);stores;
        us;5;loads;;stores;[40,48)[840,848)[1640,1648)[2440,2448)[3240,3248)[4040,4048)[4840,4848)[5640,5648)[6440,6448)[7240,7248)
        us;53;loads;[0,8);stores;
        us;54;loads;[0,8);stores;
        us;55;loads;[0,4);stores;
        us;56;loads;[0,4);stores;
        us;57;loads;;stores;[0,4)
        <-;section;zx_planes_loop_j;;;;554169
      us;56;loads;[0,4);stores;[0,4)
        ->;section;zx_planes_loop_j;;;;554177
        us;0;loads;[4080,4160);stores;
        us;5;loads;;stores;[120,128)[920,928)[1720,1728)[2520,2528)[3320,3328)[4120,4128)[4920,4928)[5720,5728)[6520,6528)[7320,7328)
        us;53;loads;[0,8);stores;
        us;54;loads;[0,8);stores;
        us;55;loads;[0,4);stores;
        us;56;loads;[0,4);stores;
        us;57;loads;;stores;[0,4)
        <-;section;zx_planes_loop_j;;;;554742
      us;56;loads;[0,4);stores;[0,4)
        ->;section;zx_planes_loop_j;;;;554750
        us;0;loads;[4160,4240);stores;
        us;5;loads;;stores;[200,208)[1000,1008)[1800,1808)[2600,2608)[3400,3408)[4200,4208)[5000,5008)[5800,5808)[6600,6608)[7400,7408)
        us;53;loads;[0,8);stores;
        us;54;loads;[0,8);stores;
        us;55;loads;[0,4);stores;
        us;56;loads;[0,4);stores;
        us;57;loads;;stores;[0,4)
        <-;section;zx_planes_loop_j;;;;555315
      us;56;loads;[0,4);stores;[0,4)
        ->;section;zx_planes_loop_j;;;;555323
        us;0;loads;[4240,4320);stores;
        us;5;loads;;stores;[280,288)[1080,1088)[1880,1888)[2680,2688)[3480,3488)[4280,4288)[5080,5088)[5880,5888)[6680,6688)[7480,7488)
        us;53;loads;[0,8);stores;
        us;54;loads;[0,8);stores;
        us;55;loads;[0,4);stores;
        us;56;loads;[0,4);stores;
        us;57;loads;;stores;[0,4)
        <-;section;zx_planes_loop_j;;;;555888
      us;56;loads;[0,4);stores;[0,4)
        ->;section;zx_planes_loop_j;;;;555896
        us;0;loads;[4320,4400);stores;
        us;5;loads;;stores;[360,368)[1160,1168)[1960,1968)[2760,2768)[3560,3568)[4360,4368)[5160,5168)[5960,5968)[6760,6768)[7560,7568)
        us;53;loads;[0,8);stores;
        us;54;loads;[0,8);stores;
        us;55;loads;[0,4);stores;
        us;56;loads;[0,4);stores;
        us;57;loads;;stores;[0,4)
        <-;section;zx_planes_loop_j;;;;556461
      us;56;loads;[0,4);stores;[0,4)
        ->;section;zx_planes_loop_j;;;;556469
        us;0;loads;[4400,4480);stores;
        us;5;loads;;stores;[440,448)[1240,1248)[2040,2048)[2840,2848)[3640,3648)[4440,4448)[5240,5248)[6040,6048)[6840,6848)[7640,7648)
        us;53;loads;[0,8);stores;
        us;54;loads;[0,8);stores;
        us;55;loads;[0,4);stores;
        us;56;loads;[0,4);stores;
        us;57;loads;;stores;[0,4)
        <-;section;zx_planes_loop_j;;;;557034
      us;56;loads;[0,4);stores;[0,4)
        ->;section;zx_planes_loop_j;;;;557042
        us;0;loads;[4480,4560);stores;
        us;5;loads;;stores;[520,528)[1320,1328)[2120,2128)[2920,2928)[3720,3728)[4520,4528)[5320,5328)[6120,6128)[6920,6928)[7720,7728)
        us;53;loads;[0,8);stores;
        us;54;loads;[0,8);stores;
        us;55;loads;[0,4);stores;
        us;56;loads;[0,4);stores;
        us;57;loads;;stores;[0,4)
        <-;section;zx_planes_loop_j;;;;557607
      us;56;loads;[0,4);stores;[0,4)
        ->;section;zx_planes_loop_j;;;;557615
        us;0;loads;[4560,4640);stores;
        us;5;loads;;stores;[600,608)[1400,1408)[2200,2208)[3000,3008)[3800,3808)[4600,4608)[5400,5408)[6200,6208)[7000,7008)[7800,7808)
        us;53;loads;[0,8);stores;
        us;54;loads;[0,8);stores;
        us;55;loads;[0,4);stores;
        us;56;loads;[0,4);stores;
        us;57;loads;;stores;[0,4)
        <-;section;zx_planes_loop_j;;;;558180
      us;56;loads;[0,4);stores;[0,4)
        ->;section;zx_planes_loop_j;;;;558188
        us;0;loads;[4640,4720);stores;
        us;5;loads;;stores;[680,688)[1480,1488)[2280,2288)[3080,3088)[3880,3888)[4680,4688)[5480,5488)[6280,6288)[7080,7088)[7880,7888)
        us;53;loads;[0,8);stores;
        us;54;loads;[0,8);stores;
        us;55;loads;[0,4);stores;
        us;56;loads;[0,4);stores;
        us;57;loads;;stores;[0,4)
        <-;section;zx_planes_loop_j;;;;558753
      us;56;loads;[0,4);stores;[0,4)
        ->;section;zx_planes_loop_j;;;;558761
        us;0;loads;[4720,4800);stores;
        us;5;loads;;stores;[760,768)[1560,1568)[2360,2368)[3160,3168)[3960,3968)[4760,4768)[5560,5568)[6360,6368)[7160,7168)[7960,7968)
        us;53;loads;[0,8);stores;
        us;54;loads;[0,8);stores;
        us;55;loads;[0,4);stores;
        us;56;loads;[0,4);stores;
        us;57;loads;;stores;[0,4)
        <-;section;zx_planes_loop_j;;;;559326
      us;56;loads;[0,4);stores;[0,4)
      <-;section;zx_planes_loop_k;;;;559334
    us;55;loads;[0,4);stores;[0,4)
      ->;section;zx_planes_loop_k;;;;559342
      us;56;loads;;stores;[0,4)
        ->;section;zx_planes_loop_j;;;;559347
        us;0;loads;[4800,4880);stores;
        us;5;loads;;stores;[48,56)[848,856)[1648,1656)[2448,2456)[3248,3256)[4048,4056)[4848,4856)[5648,5656)[6448,6456)[7248,7256)
        us;53;loads;[0,8);stores;
        us;54;loads;[0,8);stores;
        us;55;loads;[0,4);stores;
        us;56;loads;[0,4);stores;
        us;57;loads;;stores;[0,4)
        <-;section;zx_planes_loop_j;;;;559912
      us;56;loads;[0,4);stores;[0,4)
        ->;section;zx_planes_loop_j;;;;559920
        us;0;loads;[4880,4960);stores;
        us;5;loads;;stores;[128,136)[928,936)[1728,1736)[2528,2536)[3328,3336)[4128,4136)[4928,4936)[5728,5736)[6528,6536)[7328,7336)
        us;53;loads;[0,8);stores;
        us;54;loads;[0,8);stores;
        us;55;loads;[0,4);stores;
        us;56;loads;[0,4);stores;
        us;57;loads;;stores;[0,4)
        <-;section;zx_planes_loop_j;;;;560485
      us;56;loads;[0,4);stores;[0,4)
        ->;section;zx_planes_loop_j;;;;560493
        us;0;loads;[4960,5040);stores;
        us;5;loads;;stores;[208,216)[1008,1016)[1808,1816)[2608,2616)[3408,3416)[4208,4216)[5008,5016)[5808,5816)[6608,6616)[7408,7416)
        us;53;loads;[0,8);stores;
        us;54;loads;[0,8);stores;
        us;55;loads;[0,4);stores;
        us;56;loads;[0,4);stores;
        us;57;loads;;stores;[0,4)
        <-;section;zx_planes_loop_j;;;;561058
      us;56;loads;[0,4);stores;[0,4)
        ->;section;zx_planes_loop_j;;;;561066
        us;0;loads;[5040,5120);stores;
        us;5;loads;;stores;[288,296)[1088,1096)[1888,1896)[2688,2696)[3488,3496)[4288,4296)[5088,5096)[5888,5896)[6688,6696)[7488,7496)
        us;53;loads;[0,8);stores;
        us;54;loads;[0,8);stores;
        us;55;loads;[0,4);stores;
        us;56;loads;[0,4);stores;
        us;57;loads;;stores;[0,4)
        <-;section;zx_planes_loop_j;;;;561631
      us;56;loads;[0,4);stores;[0,4)
        ->;section;zx_planes_loop_j;;;;561639
        us;0;loads;[5120,5200);stores;
        us;5;loads;;stores;[368,376)[1168,1176)[1968,1976)[2768,2776)[3568,3576)[4368,4376)[5168,5176)[5968,5976)[6768,6776)[7568,7576)
        us;53;loads;[0,8);stores;
        us;54;loads;[0,8);stores;
        us;55;loads;[0,4);stores;
        us;56;loads;[0,4);stores;
        us;57;loads;;stores;[0,4)
        <-;section;zx_planes_loop_j;;;;562204
      us;56;loads;[0,4);stores;[0,4)
        ->;section;zx_planes_loop_j;;;;562212
        us;0;loads;[5200,5280);stores;
        us;5;loads;;stores;[448,456)[1248,1256)[2048,2056)[2848,2856)[3648,3656)[4448,4456)[5248,5256)[6048,6056)[6848,6856)[7648,7656)
        us;53;loads;[0,8);stores;
        us;54;loads;[0,8);stores;
        us;55;loads;[0,4);stores;
        us;56;loads;[0,4);stores;
        us;57;loads;;stores;[0,4)
        <-;section;zx_planes_loop_j;;;;562777
      us;56;loads;[0,4);stores;[0,4)
        ->;section;zx_planes_loop_j;;;;562785
        us;0;loads;[5280,5360);stores;
        us;5;loads;;stores;[528,536)[1328,1336)[2128,2136)[2928,2936)[3728,3736)[4528,4536)[5328,5336)[6128,6136)[6928,6936)[7728,7736)
        us;53;loads;[0,8);stores;
        us;54;loads;[0,8);stores;
        us;55;loads;[0,4);stores;
        us;56;loads;[0,4);stores;
        us;57;loads;;stores;[0,4)
        <-;section;zx_planes_loop_j;;;;563350
      us;56;loads;[0,4);stores;[0,4)
        ->;section;zx_planes_loop_j;;;;563358
        us;0;loads;[5360,5440);stores;
        us;5;loads;;stores;[608,616)[1408,1416)[2208,2216)[3008,3016)[3808,3816)[4608,4616)[5408,5416)[6208,6216)[7008,7016)[7808,7816)
        us;53;loads;[0,8);stores;
        us;54;loads;[0,8);stores;
        us;55;loads;[0,4);stores;
        us;56;loads;[0,4);stores;
        us;57;loads;;stores;[0,4)
        <-;section;zx_planes_loop_j;;;;563923
      us;56;loads;[0,4);stores;[0,4)
        ->;section;zx_planes_loop_j;;;;563931
        us;0;loads;[5440,5520);stores;
        us;5;loads;;stores;[688,696)[1488,1496)[2288,2296)[3088,3096)[3888,3896)[4688,4696)[5488,5496)[6288,6296)[7088,7096)[7888,7896)
        us;53;loads;[0,8);stores;
        us;54;loads;[0,8);stores;
        us;55;loads;[0,4);stores;
        us;56;loads;[0,4);stores;
        us;57;loads;;stores;[0,4)
        <-;section;zx_planes_loop_j;;;;564496
      us;56;loads;[0,4);stores;[0,4)
        ->;section;zx_planes_loop_j;;;;564504
        us;0;loads;[5520,5600);stores;
        us;5;loads;;stores;[768,776)[1568,1576)[2368,2376)[3168,3176)[3968,3976)[4768,4776)[5568,5576)[6368,6376)[7168,7176)[7968,7976)
        us;53;loads;[0,8);stores;
        us;54;loads;[0,8);stores;
        us;55;loads;[0,4);stores;
        us;56;loads;[0,4);stores;
        us;57;loads;;stores;[0,4)
        <-;section;zx_planes_loop_j;;;;565069
      us;56;loads;[0,4);stores;[0,4)
      <-;section;zx_planes_loop_k;;;;565077
    us;55;loads;[0,4);stores;[0,4)
      ->;section;zx_planes_loop_k;;;;565085
      us;56;loads;;stores;[0,4)
        ->;section;zx_planes_loop_j;;;;565090
        us;0;loads;[5600,5680);stores;
        us;5;loads;;stores;[56,64)[856,864)[1656,1664)[2456,2464)[3256,3264)[4056,4064)[4856,4864)[5656,5664)[6456,6464)[7256,7264)
        us;53;loads;[0,8);stores;
        us;54;loads;[0,8);stores;
        us;55;loads;[0,4);stores;
        us;56;loads;[0,4);stores;
        us;57;loads;;stores;[0,4)
        <-;section;zx_planes_loop_j;;;;565655
      us;56;loads;[0,4);stores;[0,4)
        ->;section;zx_planes_loop_j;;;;565663
        us;0;loads;[5680,5760);stores;
        us;5;loads;;stores;[136,144)[936,944)[1736,1744)[2536,2544)[3336,3344)[4136,4144)[4936,4944)[5736,5744)[6536,6544)[7336,7344)
        us;53;loads;[0,8);stores;
        us;54;loads;[0,8);stores;
        us;55;loads;[0,4);stores;
        us;56;loads;[0,4);stores;
        us;57;loads;;stores;[0,4)
        <-;section;zx_planes_loop_j;;;;566228
      us;56;loads;[0,4);stores;[0,4)
        ->;section;zx_planes_loop_j;;;;566236
        us;0;loads;[5760,5840);stores;
        us;5;loads;;stores;[216,224)[1016,1024)[1816,1824)[2616,2624)[3416,3424)[4216,4224)[5016,5024)[5816,5824)[6616,6624)[7416,7424)
        us;53;loads;[0,8);stores;
        us;54;loads;[0,8);stores;
        us;55;loads;[0,4);stores;
        us;56;loads;[0,4);stores;
        us;57;loads;;stores;[0,4)
        <-;section;zx_planes_loop_j;;;;566801
      us;56;loads;[0,4);stores;[0,4)
        ->;section;zx_planes_loop_j;;;;566809
        us;0;loads;[5840,5920);stores;
        us;5;loads;;stores;[296,304)[1096,1104)[1896,1904)[2696,2704)[3496,3504)[4296,4304)[5096,5104)[5896,5904)[6696,6704)[7496,7504)
        us;53;loads;[0,8);stores;
        us;54;loads;[0,8);stores;
        us;55;loads;[0,4);stores;
        us;56;loads;[0,4);stores;
        us;57;loads;;stores;[0,4)
        <-;section;zx_planes_loop_j;;;;567374
      us;56;loads;[0,4);stores;[0,4)
        ->;section;zx_planes_loop_j;;;;567382
        us;0;loads;[5920,6000);stores;
        us;5;loads;;stores;[376,384)[1176,1184)[1976,1984)[2776,2784)[3576,3584)[4376,4384)[5176,5184)[5976,5984)[6776,6784)[7576,7584)
        us;53;loads;[0,8);stores;
        us;54;loads;[0,8);stores;
        us;55;loads;[0,4);stores;
        us;56;loads;[0,4);stores;
        us;57;loads;;stores;[0,4)
        <-;section;zx_planes_loop_j;;;;567947
      us;56;loads;[0,4);stores;[0,4)
        ->;section;zx_planes_loop_j;;;;567955
        us;0;loads;[6000,6080);stores;
        us;5;loads;;stores;[456,464)[1256,1264)[2056,2064)[2856,2864)[3656,3664)[4456,4464)[5256,5264)[6056,6064)[6856,6864)[7656,7664)
        us;53;loads;[0,8);stores;
        us;54;loads;[0,8);stores;
        us;55;loads;[0,4);stores;
        us;56;loads;[0,4);stores;
        us;57;loads;;stores;[0,4)
        <-;section;zx_planes_loop_j;;;;568520
      us;56;loads;[0,4);stores;[0,4)
        ->;section;zx_planes_loop_j;;;;568528
        us;0;loads;[6080,6160);stores;
        us;5;loads;;stores;[536,544)[1336,1344)[2136,2144)[2936,2944)[3736,3744)[4536,4544)[5336,5344)[6136,6144)[6936,6944)[7736,7744)
        us;53;loads;[0,8);stores;
        us;54;loads;[0,8);stores;
        us;55;loads;[0,4);stores;
        us;56;loads;[0,4);stores;
        us;57;loads;;stores;[0,4)
        <-;section;zx_planes_loop_j;;;;569093
      us;56;loads;[0,4);stores;[0,4)
        ->;section;zx_planes_loop_j;;;;569101
        us;0;loads;[6160,6240);stores;
        us;5;loads;;stores;[616,624)[1416,1424)[2216,2224)[3016,3024)[3816,3824)[4616,4624)[5416,5424)[6216,6224)[7016,7024)[7816,7824)
        us;53;loads;[0,8);stores;
        us;54;loads;[0,8);stores;
        us;55;loads;[0,4);stores;
        us;56;loads;[0,4);stores;
        us;57;loads;;stores;[0,4)
        <-;section;zx_planes_loop_j;;;;569666
      us;56;loads;[0,4);stores;[0,4)
        ->;section;zx_planes_loop_j;;;;569674
        us;0;loads;[6240,6320);stores;
        us;5;loads;;stores;[696,704)[1496,1504)[2296,2304)[3096,3104)[3896,3904)[4696,4704)[5496,5504)[6296,6304)[7096,7104)[7896,7904)
        us;53;loads;[0,8);stores;
        us;54;loads;[0,8);stores;
        us;55;loads;[0,4);stores;
        us;56;loads;[0,4);stores;
        us;57;loads;;stores;[0,4)
        <-;section;zx_planes_loop_j;;;;570239
      us;56;loads;[0,4);stores;[0,4)
        ->;section;zx_planes_loop_j;;;;570247
        us;0;loads;[6320,6400);stores;
        us;5;loads;;stores;[776,784)[1576,1584)[2376,2384)[3176,3184)[3976,3984)[4776,4784)[5576,5584)[6376,6384)[7176,7184)[7976,7984)
        us;53;loads;[0,8);stores;
        us;54;loads;[0,8);stores;
        us;55;loads;[0,4);stores;
        us;56;loads;[0,4);stores;
        us;57;loads;;stores;[0,4)
        <-;section;zx_planes_loop_j;;;;570812
      us;56;loads;[0,4);stores;[0,4)
      <-;section;zx_planes_loop_k;;;;570820
    us;55;loads;[0,4);stores;[0,4)
      ->;section;zx_planes_loop_k;;;;570828
      us;56;loads;;stores;[0,4)
        ->;section;zx_planes_loop_j;;;;570833
        us;0;loads;[6400,6480);stores;
        us;5;loads;;stores;[64,72)[864,872)[1664,1672)[2464,2472)[3264,3272)[4064,4072)[4864,4872)[5664,5672)[6464,6472)[7264,7272)
        us;53;loads;[0,8);stores;
        us;54;loads;[0,8);stores;
        us;55;loads;[0,4);stores;
        us;56;loads;[0,4);stores;
        us;57;loads;;stores;[0,4)
        <-;section;zx_planes_loop_j;;;;571398
      us;56;loads;[0,4);stores;[0,4)
        ->;section;zx_planes_loop_j;;;;571406
        us;0;loads;[6480,6560);stores;
        us;5;loads;;stores;[144,152)[944,952)[1744,1752)[2544,2552)[3344,3352)[4144,4152)[4944,4952)[5744,5752)[6544,6552)[7344,7352)
        us;53;loads;[0,8);stores;
        us;54;loads;[0,8);stores;
        us;55;loads;[0,4);stores;
        us;56;loads;[0,4);stores;
        us;57;loads;;stores;[0,4)
        <-;section;zx_planes_loop_j;;;;571971
      us;56;loads;[0,4);stores;[0,4)
        ->;section;zx_planes_loop_j;;;;571979
        us;0;loads;[6560,6640);stores;
        us;5;loads;;stores;[224,232)[1024,1032)[1824,1832)[2624,2632)[3424,3432)[4224,4232)[5024,5032)[5824,5832)[6624,6632)[7424,7432)
        us;53;loads;[0,8);stores;
        us;54;loads;[0,8);stores;
        us;55;loads;[0,4);stores;
        us;56;loads;[0,4);stores;
        us;57;loads;;stores;[0,4)
        <-;section;zx_planes_loop_j;;;;572544
      us;56;loads;[0,4);stores;[0,4)
        ->;section;zx_planes_loop_j;;;;572552
        us;0;loads;[6640,6720);stores;
        us;5;loads;;stores;[304,312)[1104,1112)[1904,1912)[2704,2712)[3504,3512)[4304,4312)[5104,5112)[5904,5912)[6704,6712)[7504,7512)
        us;53;loads;[0,8);stores;
        us;54;loads;[0,8);stores;
        us;55;loads;[0,4);stores;
        us;56;loads;[0,4);stores;
        us;57;loads;;stores;[0,4)
        <-;section;zx_planes_loop_j;;;;573117
      us;56;loads;[0,4);stores;[0,4)
        ->;section;zx_planes_loop_j;;;;573125
        us;0;loads;[6720,6800);stores;
        us;5;loads;;stores;[384,392)[1184,1192)[1984,1992)[2784,2792)[3584,3592)[4384,4392)[5184,5192)[5984,5992)[6784,6792)[7584,7592)
        us;53;loads;[0,8);stores;
        us;54;loads;[0,8);stores;
        us;55;loads;[0,4);stores;
        us;56;loads;[0,4);stores;
        us;57;loads;;stores;[0,4)
        <-;section;zx_planes_loop_j;;;;573690
      us;56;loads;[0,4);stores;[0,4)
        ->;section;zx_planes_loop_j;;;;573698
        us;0;loads;[6800,6880);stores;
        us;5;loads;;stores;[464,472)[1264,1272)[2064,2072)[2864,2872)[3664,3672)[4464,4472)[5264,5272)[6064,6072)[6864,6872)[7664,7672)
        us;53;loads;[0,8);stores;
        us;54;loads;[0,8);stores;
        us;55;loads;[0,4);stores;
        us;56;loads;[0,4);stores;
        us;57;loads;;stores;[0,4)
        <-;section;zx_planes_loop_j;;;;574263
      us;56;loads;[0,4);stores;[0,4)
        ->;section;zx_planes_loop_j;;;;574271
        us;0;loads;[6880,6960);stores;
        us;5;loads;;stores;[544,552)[1344,1352)[2144,2152)[2944,2952)[3744,3752)[4544,4552)[5344,5352)[6144,6152)[6944,6952)[7744,7752)
        us;53;loads;[0,8);stores;
        us;54;loads;[0,8);stores;
        us;55;loads;[0,4);stores;
        us;56;loads;[0,4);stores;
        us;57;loads;;stores;[0,4)
        <-;section;zx_planes_loop_j;;;;574836
      us;56;loads;[0,4);stores;[0,4)
        ->;section;zx_planes_loop_j;;;;574844
        us;0;loads;[6960,7040);stores;
        us;5;loads;;stores;[624,632)[1424,1432)[2224,2232)[3024,3032)[3824,3832)[4624,4632)[5424,5432)[6224,6232)[7024,7032)[7824,7832)
        us;53;loads;[0,8);stores;
        us;54;loads;[0,8);stores;
        us;55;loads;[0,4);stores;
        us;56;loads;[0,4);stores;
        us;57;loads;;stores;[0,4)
        <-;section;zx_planes_loop_j;;;;575409
      us;56;loads;[0,4);stores;[0,4)
        ->;section;zx_planes_loop_j;;;;575417
        us;0;loads;[7040,7120);stores;
        us;5;loads;;stores;[704,712)[1504,1512)[2304,2312)[3104,3112)[3904,3912)[4704,4712)[5504,5512)[6304,6312)[7104,7112)[7904,7912)
        us;53;loads;[0,8);stores;
        us;54;loads;[0,8);stores;
        us;55;loads;[0,4);stores;
        us;56;loads;[0,4);stores;
        us;57;loads;;stores;[0,4)
        <-;section;zx_planes_loop_j;;;;575982
      us;56;loads;[0,4);stores;[0,4)
        ->;section;zx_planes_loop_j;;;;575990
        us;0;loads;[7120,7200);stores;
        us;5;loads;;stores;[784,792)[1584,1592)[2384,2392)[3184,3192)[3984,3992)[4784,4792)[5584,5592)[6384,6392)[7184,7192)[7984,7992)
        us;53;loads;[0,8);stores;
        us;54;loads;[0,8);stores;
        us;55;loads;[0,4);stores;
        us;56;loads;[0,4);stores;
        us;57;loads;;stores;[0,4)
        <-;section;zx_planes_loop_j;;;;576555
      us;56;loads;[0,4);stores;[0,4)
      <-;section;zx_planes_loop_k;;;;576563
    us;55;loads;[0,4);stores;[0,4)
      ->;section;zx_planes_loop_k;;;;576571
      us;56;loads;;stores;[0,4)
        ->;section;zx_planes_loop_j;;;;576576
        us;0;loads;[7200,7280);stores;
        us;5;loads;;stores;[72,80)[872,880)[1672,1680)[2472,2480)[3272,3280)[4072,4080)[4872,4880)[5672,5680)[6472,6480)[7272,7280)
        us;53;loads;[0,8);stores;
        us;54;loads;[0,8);stores;
        us;55;loads;[0,4);stores;
        us;56;loads;[0,4);stores;
        us;57;loads;;stores;[0,4)
        <-;section;zx_planes_loop_j;;;;577141
      us;56;loads;[0,4);stores;[0,4)
        ->;section;zx_planes_loop_j;;;;577149
        us;0;loads;[7280,7360);stores;
        us;5;loads;;stores;[152,160)[952,960)[1752,1760)[2552,2560)[3352,3360)[4152,4160)[4952,4960)[5752,5760)[6552,6560)[7352,7360)
        us;53;loads;[0,8);stores;
        us;54;loads;[0,8);stores;
        us;55;loads;[0,4);stores;
        us;56;loads;[0,4);stores;
        us;57;loads;;stores;[0,4)
        <-;section;zx_planes_loop_j;;;;577714
      us;56;loads;[0,4);stores;[0,4)
        ->;section;zx_planes_loop_j;;;;577722
        us;0;loads;[7360,7440);stores;
        us;5;loads;;stores;[232,240)[1032,1040)[1832,1840)[2632,2640)[3432,3440)[4232,4240)[5032,5040)[5832,5840)[6632,6640)[7432,7440)
        us;53;loads;[0,8);stores;
        us;54;loads;[0,8);stores;
        us;55;loads;[0,4);stores;
        us;56;loads;[0,4);stores;
        us;57;loads;;stores;[0,4)
        <-;section;zx_planes_loop_j;;;;578287
      us;56;loads;[0,4);stores;[0,4)
        ->;section;zx_planes_loop_j;;;;578295
        us;0;loads;[7440,7520);stores;
        us;5;loads;;stores;[312,320)[1112,1120)[1912,1920)[2712,2720)[3512,3520)[4312,4320)[5112,5120)[5912,5920)[6712,6720)[7512,7520)
        us;53;loads;[0,8);stores;
        us;54;loads;[0,8);stores;
        us;55;loads;[0,4);stores;
        us;56;loads;[0,4);stores;
        us;57;loads;;stores;[0,4)
        <-;section;zx_planes_loop_j;;;;578860
      us;56;loads;[0,4);stores;[0,4)
        ->;section;zx_planes_loop_j;;;;578868
        us;0;loads;[7520,7600);stores;
        us;5;loads;;stores;[392,400)[1192,1200)[1992,2000)[2792,2800)[3592,3600)[4392,4400)[5192,5200)[5992,6000)[6792,6800)[7592,7600)
        us;53;loads;[0,8);stores;
        us;54;loads;[0,8);stores;
        us;55;loads;[0,4);stores;
        us;56;loads;[0,4);stores;
        us;57;loads;;stores;[0,4)
        <-;section;zx_planes_loop_j;;;;579433
      us;56;loads;[0,4);stores;[0,4)
        ->;section;zx_planes_loop_j;;;;579441
        us;0;loads;[7600,7680);stores;
        us;5;loads;;stores;[472,480)[1272,1280)[2072,2080)[2872,2880)[3672,3680)[4472,4480)[5272,5280)[6072,6080)[6872,6880)[7672,7680)
        us;53;loads;[0,8);stores;
        us;54;loads;[0,8);stores;
        us;55;loads;[0,4);stores;
        us;56;loads;[0,4);stores;
        us;57;loads;;stores;[0,4)
        <-;section;zx_planes_loop_j;;;;580006
      us;56;loads;[0,4);stores;[0,4)
        ->;section;zx_planes_loop_j;;;;580014
        us;0;loads;[7680,7760);stores;
        us;5;loads;;stores;[552,560)[1352,1360)[2152,2160)[2952,2960)[3752,3760)[4552,4560)[5352,5360)[6152,6160)[6952,6960)[7752,7760)
        us;53;loads;[0,8);stores;
        us;54;loads;[0,8);stores;
        us;55;loads;[0,4);stores;
        us;56;loads;[0,4);stores;
        us;57;loads;;stores;[0,4)
        <-;section;zx_planes_loop_j;;;;580579
      us;56;loads;[0,4);stores;[0,4)
        ->;section;zx_planes_loop_j;;;;580587
        us;0;loads;[7760,7840);stores;
        us;5;loads;;stores;[632,640)[1432,1440)[2232,2240)[3032,3040)[3832,3840)[4632,4640)[5432,5440)[6232,6240)[7032,7040)[7832,7840)
        us;53;loads;[0,8);stores;
        us;54;loads;[0,8);stores;
        us;55;loads;[0,4);stores;
        us;56;loads;[0,4);stores;
        us;57;loads;;stores;[0,4)
        <-;section;zx_planes_loop_j;;;;581152
      us;56;loads;[0,4);stores;[0,4)
        ->;section;zx_planes_loop_j;;;;581160
        us;0;loads;[7840,7920);stores;
        us;5;loads;;stores;[712,720)[1512,1520)[2312,2320)[3112,3120)[3912,3920)[4712,4720)[5512,5520)[6312,6320)[7112,7120)[7912,7920)
        us;53;loads;[0,8);stores;
        us;54;loads;[0,8);stores;
        us;55;loads;[0,4);stores;
        us;56;loads;[0,4);stores;
        us;57;loads;;stores;[0,4)
        <-;section;zx_planes_loop_j;;;;581725
      us;56;loads;[0,4);stores;[0,4)
        ->;section;zx_planes_loop_j;;;;581733
        us;0;loads;[7920,8000);stores;
        us;5;loads;;stores;[792,800)[1592,1600)[2392,2400)[3192,3200)[3992,4000)[4792,4800)[5592,5600)[6392,6400)[7192,7200)[7992,8000)
        us;53;loads;[0,8);stores;
        us;54;loads;[0,8);stores;
        us;55;loads;[0,4);stores;
        us;56;loads;[0,4);stores;
        us;57;loads;;stores;[0,4)
        <-;section;zx_planes_loop_j;;;;582298
      us;56;loads;[0,4);stores;[0,4)
      <-;section;zx_planes_loop_k;;;;582306
    us;55;loads;[0,4);stores;[0,4)
    dl;53;[0x7ffd0e1b9e18,+8);stack;in_fftw;-|
    dl;54;[0x7ffd0e1b9e10,+8);stack;tmp_fftw;-|
    dl;55;[0x7ffd0e1b9e0c,+4);stack;k;-|
    dl;56;[0x7ffd0e1b9e08,+4);stack;j;-|
    dl;57;[0x7ffd0e1b9e04,+4);stack;i;-|
    <-;section;zx_planes2;;;;582316
    ->;section;xy_planes2;;;;582316
    nw;58;[0x7ffd0e1b9e18,+8);stack;tmp_fftw;-|
    nw;59;[0x7ffd0e1b9e10,+8);stack;in_fftw;-|
    nw;60;[0x7ffd0e1b9e0c,+4);stack;k;-|
    nw;61;[0x7ffd0e1b9e08,+4);stack;j;-|
    nw;62;[0x7ffd0e1b9e04,+4);stack;i;-|
    us;58;loads;;stores;[0,8)
    us;59;loads;;stores;[0,8)
    us;60;loads;;stores;[0,4)
      ->;section;xy_planes_loop_k;;;;582328
      us;61;loads;;stores;[0,4)
        ->;section;xy_planes_loop_j;;;;582333
        us;0;loads;;stores;[0,8)[80,88)[160,168)[240,248)[320,328)[400,408)[480,488)[560,568)[640,648)[720,728)
        us;5;loads;[0,80);stores;
        us;58;loads;[0,8);stores;
        us;59;loads;[0,8);stores;
        us;60;loads;[0,4);stores;
        us;61;loads;[0,4);stores;
        us;62;loads;;stores;[0,4)
        <-;section;xy_planes_loop_j;;;;582898
      us;61;loads;[0,4);stores;[0,4)
        ->;section;xy_planes_loop_j;;;;582906
        us;0;loads;;stores;[8,16)[88,96)[168,176)[248,256)[328,336)[408,416)[488,496)[568,576)[648,656)[728,736)
        us;5;loads;[80,160);stores;
        us;58;loads;[0,8);stores;
        us;59;loads;[0,8);stores;
        us;60;loads;[0,4);stores;
        us;61;loads;[0,4);stores;
        us;62;loads;;stores;[0,4)
        <-;section;xy_planes_loop_j;;;;583471
      us;61;loads;[0,4);stores;[0,4)
        ->;section;xy_planes_loop_j;;;;583479
        us;0;loads;;stores;[16,24)[96,104)[176,184)[256,264)[336,344)[416,424)[496,504)[576,584)[656,664)[736,744)
        us;5;loads;[160,240);stores;
        us;58;loads;[0,8);stores;
        us;59;loads;[0,8);stores;
        us;60;loads;[0,4);stores;
        us;61;loads;[0,4);stores;
        us;62;loads;;stores;[0,4)
        <-;section;xy_planes_loop_j;;;;584044
      us;61;loads;[0,4);stores;[0,4)
        ->;section;xy_planes_loop_j;;;;584052
        us;0;loads;;stores;[24,32)[104,112)[184,192)[264,272)[344,352)[424,432)[504,512)[584,592)[664,672)[744,752)
        us;5;loads;[240,320);stores;
        us;58;loads;[0,8);stores;
        us;59;loads;[0,8);stores;
        us;60;loads;[0,4);stores;
        us;61;loads;[0,4);stores;
        us;62;loads;;stores;[0,4)
        <-;section;xy_planes_loop_j;;;;584617
      us;61;loads;[0,4);stores;[0,4)
        ->;section;xy_planes_loop_j;;;;584625
        us;0;loads;;stores;[32,40)[112,120)[192,200)[272,280)[352,360)[432,440)[512,520)[592,600)[672,680)[752,760)
        us;5;loads;[320,400);stores;
        us;58;loads;[0,8);stores;
        us;59;loads;[0,8);stores;
        us;60;loads;[0,4);stores;
        us;61;loads;[0,4);stores;
        us;62;loads;;stores;[0,4)
        <-;section;xy_planes_loop_j;;;;585190
      us;61;loads;[0,4);stores;[0,4)
        ->;section;xy_planes_loop_j;;;;585198
        us;0;loads;;stores;[40,48)[120,128)[200,208)[280,288)[360,368)[440,448)[520,528)[600,608)[680,688)[760,768)
        us;5;loads;[400,480);stores;
        us;58;loads;[0,8);stores;
        us;59;loads;[0,8);stores;
        us;60;loads;[0,4);stores;
        us;61;loads;[0,4);stores;
        us;62;loads;;stores;[0,4)
        <-;section;xy_planes_loop_j;;;;585763
      us;61;loads;[0,4);stores;[0,4)
        ->;section;xy_planes_loop_j;;;;585771
        us;0;loads;;stores;[48,56)[128,136)[208,216)[288,296)[368,376)[448,456)[528,536)[608,616)[688,696)[768,776)
        us;5;loads;[480,560);stores;
        us;58;loads;[0,8);stores;
        us;59;loads;[0,8);stores;
        us;60;loads;[0,4);stores;
        us;61;loads;[0,4);stores;
        us;62;loads;;stores;[0,4)
        <-;section;xy_planes_loop_j;;;;586336
      us;61;loads;[0,4);stores;[0,4)
        ->;section;xy_planes_loop_j;;;;586344
        us;0;loads;;stores;[56,64)[136,144)[216,224)[296,304)[376,384)[456,464)[536,544)[616,624)[696,704)[776,784)
        us;5;loads;[560,640);stores;
        us;58;loads;[0,8);stores;
        us;59;loads;[0,8);stores;
        us;60;loads;[0,4);stores;
        us;61;loads;[0,4);stores;
        us;62;loads;;stores;[0,4)
        <-;section;xy_planes_loop_j;;;;586909
      us;61;loads;[0,4);stores;[0,4)
        ->;section;xy_planes_loop_j;;;;586917
        us;0;loads;;stores;[64,72)[144,152)[224,232)[304,312)[384,392)[464,472)[544,552)[624,632)[704,712)[784,792)
        us;5;loads;[640,720);stores;
        us;58;loads;[0,8);stores;
        us;59;loads;[0,8);stores;
        us;60;loads;[0,4);stores;
        us;61;loads;[0,4);stores;
        us;62;loads;;stores;[0,4)
        <-;section;xy_planes_loop_j;;;;587482
      us;61;loads;[0,4);stores;[0,4)
        ->;section;xy_planes_loop_j;;;;587490
        us;0;loads;;stores;[72,80)[152,160)[232,240)[312,320)[392,400)[472,480)[552,560)[632,640)[712,720)[792,800)
        us;5;loads;[720,800);stores;
        us;58;loads;[0,8);stores;
        us;59;loads;[0,8);stores;
        us;60;loads;[0,4);stores;
        us;61;loads;[0,4);stores;
        us;62;loads;;stores;[0,4)
        <-;section;xy_planes_loop_j;;;;588055
      us;61;loads;[0,4);stores;[0,4)
      <-;section;xy_planes_loop_k;;;;588063
    us;60;loads;[0,4);stores;[0,4)
      ->;section;xy_planes_loop_k;;;;588071
      us;61;loads;;stores;[0,4)
        ->;section;xy_planes_loop_j;;;;588076
        us;0;loads;;stores;[800,808)[880,888)[960,968)[1040,1048)[1120,1128)[1200,1208)[1280,1288)[1360,1368)[1440,1448)[1520,1528)
        us;5;loads;[800,880);stores;
        us;58;loads;[0,8);stores;
        us;59;loads;[0,8);stores;
        us;60;loads;[0,4);stores;
        us;61;loads;[0,4);stores;
        us;62;loads;;stores;[0,4)
        <-;section;xy_planes_loop_j;;;;588641
      us;61;loads;[0,4);stores;[0,4)
        ->;section;xy_planes_loop_j;;;;588649
        us;0;loads;;stores;[808,816)[888,896)[968,976)[1048,1056)[1128,1136)[1208,1216)[1288,1296)[1368,1376)[1448,1456)[1528,1536)
        us;5;loads;[880,960);stores;
        us;58;loads;[0,8);stores;
        us;59;loads;[0,8);stores;
        us;60;loads;[0,4);stores;
        us;61;loads;[0,4);stores;
        us;62;loads;;stores;[0,4)
        <-;section;xy_planes_loop_j;;;;589214
      us;61;loads;[0,4);stores;[0,4)
        ->;section;xy_planes_loop_j;;;;589222
        us;0;loads;;stores;[816,824)[896,904)[976,984)[1056,1064)[1136,1144)[1216,1224)[1296,1304)[1376,1384)[1456,1464)[1536,1544)
        us;5;loads;[960,1040);stores;
        us;58;loads;[0,8);stores;
        us;59;loads;[0,8);stores;
        us;60;loads;[0,4);stores;
        us;61;loads;[0,4);stores;
        us;62;loads;;stores;[0,4)
        <-;section;xy_planes_loop_j;;;;589787
      us;61;loads;[0,4);stores;[0,4)
        ->;section;xy_planes_loop_j;;;;589795
        us;0;loads;;stores;[824,832)[904,912)[984,992)[1064,1072)[1144,1152)[1224,1232)[1304,1312)[1384,1392)[1464,1472)[1544,1552)
        us;5;loads;[1040,1120);stores;
        us;58;loads;[0,8);stores;
        us;59;loads;[0,8);stores;
        us;60;loads;[0,4);stores;
        us;61;loads;[0,4);stores;
        us;62;loads;;stores;[0,4)
        <-;section;xy_planes_loop_j;;;;590360
      us;61;loads;[0,4);stores;[0,4)
        ->;section;xy_planes_loop_j;;;;590368
        us;0;loads;;stores;[832,840)[912,920)[992,1000)[1072,1080)[1152,1160)[1232,1240)[1312,1320)[1392,1400)[1472,1480)[1552,1560)
        us;5;loads;[1120,1200);stores;
        us;58;loads;[0,8);stores;
        us;59;loads;[0,8);stores;
        us;60;loads;[0,4);stores;
        us;61;loads;[0,4);stores;
        us;62;loads;;stores;[0,4)
        <-;section;xy_planes_loop_j;;;;590933
      us;61;loads;[0,4);stores;[0,4)
        ->;section;xy_planes_loop_j;;;;590941
        us;0;loads;;stores;[840,848)[920,928)[1000,1008)[1080,1088)[1160,1168)[1240,1248)[1320,1328)[1400,1408)[1480,1488)[1560,1568)
        us;5;loads;[1200,1280);stores;
        us;58;loads;[0,8);stores;
        us;59;loads;[0,8);stores;
        us;60;loads;[0,4);stores;
        us;61;loads;[0,4);stores;
        us;62;loads;;stores;[0,4)
        <-;section;xy_planes_loop_j;;;;591506
      us;61;loads;[0,4);stores;[0,4)
        ->;section;xy_planes_loop_j;;;;591514
        us;0;loads;;stores;[848,856)[928,936)[1008,1016)[1088,1096)[1168,1176)[1248,1256)[1328,1336)[1408,1416)[1488,1496)[1568,1576)
        us;5;loads;[1280,1360);stores;
        us;58;loads;[0,8);stores;
        us;59;loads;[0,8);stores;
        us;60;loads;[0,4);stores;
        us;61;loads;[0,4);stores;
        us;62;loads;;stores;[0,4)
        <-;section;xy_planes_loop_j;;;;592079
      us;61;loads;[0,4);stores;[0,4)
        ->;section;xy_planes_loop_j;;;;592087
        us;0;loads;;stores;[856,864)[936,944)[1016,1024)[1096,1104)[1176,1184)[1256,1264)[1336,1344)[1416,1424)[1496,1504)[1576,1584)
        us;5;loads;[1360,1440);stores;
        us;58;loads;[0,8);stores;
        us;59;loads;[0,8);stores;
        us;60;loads;[0,4);stores;
        us;61;loads;[0,4);stores;
        us;62;loads;;stores;[0,4)
        <-;section;xy_planes_loop_j;;;;592652
      us;61;loads;[0,4);stores;[0,4)
        ->;section;xy_planes_loop_j;;;;592660
        us;0;loads;;stores;[864,872)[944,952)[1024,1032)[1104,1112)[1184,1192)[1264,1272)[1344,1352)[1424,1432)[1504,1512)[1584,1592)
        us;5;loads;[1440,1520);stores;
        us;58;loads;[0,8);stores;
        us;59;loads;[0,8);stores;
        us;60;loads;[0,4);stores;
        us;61;loads;[0,4);stores;
        us;62;loads;;stores;[0,4)
        <-;section;xy_planes_loop_j;;;;593225
      us;61;loads;[0,4);stores;[0,4)
        ->;section;xy_planes_loop_j;;;;593233
        us;0;loads;;stores;[872,880)[952,960)[1032,1040)[1112,1120)[1192,1200)[1272,1280)[1352,1360)[1432,1440)[1512,1520)[1592,1600)
        us;5;loads;[1520,1600);stores;
        us;58;loads;[0,8);stores;
        us;59;loads;[0,8);stores;
        us;60;loads;[0,4);stores;
        us;61;loads;[0,4);stores;
        us;62;loads;;stores;[0,4)
        <-;section;xy_planes_loop_j;;;;593798
      us;61;loads;[0,4);stores;[0,4)
      <-;section;xy_planes_loop_k;;;;593806
    us;60;loads;[0,4);stores;[0,4)
      ->;section;xy_planes_loop_k;;;;593814
      us;61;loads;;stores;[0,4)
        ->;section;xy_planes_loop_j;;;;593819
        us;0;loads;;stores;[1600,1608)[1680,1688)[1760,1768)[1840,1848)[1920,1928)[2000,2008)[2080,2088)[2160,2168)[2240,2248)[2320,2328)
        us;5;loads;[1600,1680);stores;
        us;58;loads;[0,8);stores;
        us;59;loads;[0,8);stores;
        us;60;loads;[0,4);stores;
        us;61;loads;[0,4);stores;
        us;62;loads;;stores;[0,4)
        <-;section;xy_planes_loop_j;;;;594384
      us;61;loads;[0,4);stores;[0,4)
        ->;section;xy_planes_loop_j;;;;594392
        us;0;loads;;stores;[1608,1616)[1688,1696)[1768,1776)[1848,1856)[1928,1936)[2008,2016)[2088,2096)[2168,2176)[2248,2256)[2328,2336)
        us;5;loads;[1680,1760);stores;
        us;58;loads;[0,8);stores;
        us;59;loads;[0,8);stores;
        us;60;loads;[0,4);stores;
        us;61;loads;[0,4);stores;
        us;62;loads;;stores;[0,4)
        <-;section;xy_planes_loop_j;;;;594957
      us;61;loads;[0,4);stores;[0,4)
        ->;section;xy_planes_loop_j;;;;594965
        us;0;loads;;stores;[1616,1624)[1696,1704)[1776,1784)[1856,1864)[1936,1944)[2016,2024)[2096,2104)[2176,2184)[2256,2264)[2336,2344)
        us;5;loads;[1760,1840);stores;
        us;58;loads;[0,8);stores;
        us;59;loads;[0,8);stores;
        us;60;loads;[0,4);stores;
        us;61;loads;[0,4);stores;
        us;62;loads;;stores;[0,4)
        <-;section;xy_planes_loop_j;;;;595530
      us;61;loads;[0,4);stores;[0,4)
        ->;section;xy_planes_loop_j;;;;595538
        us;0;loads;;stores;[1624,1632)[1704,1712)[1784,1792)[1864,1872)[1944,1952)[2024,2032)[2104,2112)[2184,2192)[2264,2272)[2344,2352)
        us;5;loads;[1840,1920);stores;
        us;58;loads;[0,8);stores;
        us;59;loads;[0,8);stores;
        us;60;loads;[0,4);stores;
        us;61;loads;[0,4);stores;
        us;62;loads;;stores;[0,4)
        <-;section;xy_planes_loop_j;;;;596103
      us;61;loads;[0,4);stores;[0,4)
        ->;section;xy_planes_loop_j;;;;596111
        us;0;loads;;stores;[1632,1640)[1712,1720)[1792,1800)[1872,1880)[1952,1960)[2032,2040)[2112,2120)[2192,2200)[2272,2280)[2352,2360)
        us;5;loads;[1920,2000);stores;
        us;58;loads;[0,8);stores;
        us;59;loads;[0,8);stores;
        us;60;loads;[0,4);stores;
        us;61;loads;[0,4);stores;
        us;62;loads;;stores;[0,4)
        <-;section;xy_planes_loop_j;;;;596676
      us;61;loads;[0,4);stores;[0,4)
        ->;section;xy_planes_loop_j;;;;596684
        us;0;loads;;stores;[1640,1648)[1720,1728)[1800,1808)[1880,1888)[1960,1968)[2040,2048)[2120,2128)[2200,2208)[2280,2288)[2360,2368)
        us;5;loads;[2000,2080);stores;
        us;58;loads;[0,8);stores;
        us;59;loads;[0,8);stores;
        us;60;loads;[0,4);stores;
        us;61;loads;[0,4);stores;
        us;62;loads;;stores;[0,4)
        <-;section;xy_planes_loop_j;;;;597249
      us;61;loads;[0,4);stores;[0,4)
        ->;section;xy_planes_loop_j;;;;597257
        us;0;loads;;stores;[1648,1656)[1728,1736)[1808,1816)[1888,1896)[1968,1976)[2048,2056)[2128,2136)[2208,2216)[2288,2296)[2368,2376)
        us;5;loads;[2080,2160);stores;
        us;58;loads;[0,8);stores;
        us;59;loads;[0,8);stores;
        us;60;loads;[0,4);stores;
        us;61;loads;[0,4);stores;
        us;62;loads;;stores;[0,4)
        <-;section;xy_planes_loop_j;;;;597822
      us;61;loads;[0,4);stores;[0,4)
        ->;section;xy_planes_loop_j;;;;597830
        us;0;loads;;stores;[1656,1664)[1736,1744)[1816,1824)[1896,1904)[1976,1984)[2056,2064)[2136,2144)[2216,2224)[2296,2304)[2376,2384)
        us;5;loads;[2160,2240);stores;
        us;58;loads;[0,8);stores;
        us;59;loads;[0,8);stores;
        us;60;loads;[0,4);stores;
        us;61;loads;[0,4);stores;
        us;62;loads;;stores;[0,4)
        <-;section;xy_planes_loop_j;;;;598395
      us;61;loads;[0,4);stores;[0,4)
        ->;section;xy_planes_loop_j;;;;598403
        us;0;loads;;stores;[1664,1672)[1744,1752)[1824,1832)[1904,1912)[1984,1992)[2064,2072)[2144,2152)[2224,2232)[2304,2312)[2384,2392)
        us;5;loads;[2240,2320);stores;
        us;58;loads;[0,8);stores;
        us;59;loads;[0,8);stores;
        us;60;loads;[0,4);stores;
        us;61;loads;[0,4);stores;
        us;62;loads;;stores;[0,4)
        <-;section;xy_planes_loop_j;;;;598968
      us;61;loads;[0,4);stores;[0,4)
        ->;section;xy_planes_loop_j;;;;598976
        us;0;loads;;stores;[1672,1680)[1752,1760)[1832,1840)[1912,1920)[1992,2000)[2072,2080)[2152,2160)[2232,2240)[2312,2320)[2392,2400)
        us;5;loads;[2320,2400);stores;
        us;58;loads;[0,8);stores;
        us;59;loads;[0,8);stores;
        us;60;loads;[0,4);stores;
        us;61;loads;[0,4);stores;
        us;62;loads;;stores;[0,4)
        <-;section;xy_planes_loop_j;;;;599541
      us;61;loads;[0,4);stores;[0,4)
      <-;section;xy_planes_loop_k;;;;599549
    us;60;loads;[0,4);stores;[0,4)
      ->;section;xy_planes_loop_k;;;;599557
      us;61;loads;;stores;[0,4)
        ->;section;xy_planes_loop_j;;;;599562
        us;0;loads;;stores;[2400,2408)[2480,2488)[2560,2568)[2640,2648)[2720,2728)[2800,2808)[2880,2888)[2960,2968)[3040,3048)[3120,3128)
        us;5;loads;[2400,2480);stores;
        us;58;loads;[0,8);stores;
        us;59;loads;[0,8);stores;
        us;60;loads;[0,4);stores;
        us;61;loads;[0,4);stores;
        us;62;loads;;stores;[0,4)
        <-;section;xy_planes_loop_j;;;;600127
      us;61;loads;[0,4);stores;[0,4)
        ->;section;xy_planes_loop_j;;;;600135
        us;0;loads;;stores;[2408,2416)[2488,2496)[2568,2576)[2648,2656)[2728,2736)[2808,2816)[2888,2896)[2968,2976)[3048,3056)[3128,3136)
        us;5;loads;[2480,2560);stores;
        us;58;loads;[0,8);stores;
        us;59;loads;[0,8);stores;
        us;60;loads;[0,4);stores;
        us;61;loads;[0,4);stores;
        us;62;loads;;stores;[0,4)
        <-;section;xy_planes_loop_j;;;;600700
      us;61;loads;[0,4);stores;[0,4)
        ->;section;xy_planes_loop_j;;;;600708
        us;0;loads;;stores;[2416,2424)[2496,2504)[2576,2584)[2656,2664)[2736,2744)[2816,2824)[2896,2904)[2976,2984)[3056,3064)[3136,3144)
        us;5;loads;[2560,2640);stores;
        us;58;loads;[0,8);stores;
        us;59;loads;[0,8);stores;
        us;60;loads;[0,4);stores;
        us;61;loads;[0,4);stores;
        us;62;loads;;stores;[0,4)
        <-;section;xy_planes_loop_j;;;;601273
      us;61;loads;[0,4);stores;[0,4)
        ->;section;xy_planes_loop_j;;;;601281
        us;0;loads;;stores;[2424,2432)[2504,2512)[2584,2592)[2664,2672)[2744,2752)[2824,2832)[2904,2912)[2984,2992)[3064,3072)[3144,3152)
        us;5;loads;[2640,2720);stores;
        us;58;loads;[0,8);stores;
        us;59;loads;[0,8);stores;
        us;60;loads;[0,4);stores;
        us;61;loads;[0,4);stores;
        us;62;loads;;stores;[0,4)
        <-;section;xy_planes_loop_j;;;;601846
      us;61;loads;[0,4);stores;[0,4)
        ->;section;xy_planes_loop_j;;;;601854
        us;0;loads;;stores;[2432,2440)[2512,2520)[2592,2600)[2672,2680)[2752,2760)[2832,2840)[2912,2920)[2992,3000)[3072,3080)[3152,3160)
        us;5;loads;[2720,2800);stores;
        us;58;loads;[0,8);stores;
        us;59;loads;[0,8);stores;
        us;60;loads;[0,4);stores;
        us;61;loads;[0,4);stores;
        us;62;loads;;stores;[0,4)
        <-;section;xy_planes_loop_j;;;;602419
      us;61;loads;[0,4);stores;[0,4)
        ->;section;xy_planes_loop_j;;;;602427
        us;0;loads;;stores;[2440,2448)[2520,2528)[2600,2608)[2680,2688)[2760,2768)[2840,2848)[2920,2928)[3000,3008)[3080,3088)[3160,3168)
        us;5;loads;[2800,2880);stores;
        us;58;loads;[0,8);stores;
        us;59;loads;[0,8);stores;
        us;60;loads;[0,4);stores;
        us;61;loads;[0,4);stores;
        us;62;loads;;stores;[0,4)
        <-;section;xy_planes_loop_j;;;;602992
      us;61;loads;[0,4);stores;[0,4)
        ->;section;xy_planes_loop_j;;;;603000
        us;0;loads;;stores;[2448,2456)[2528,2536)[2608,2616)[2688,2696)[2768,2776)[2848,2856)[2928,2936)[3008,3016)[3088,3096)[3168,3176)
        us;5;loads;[2880,2960);stores;
        us;58;loads;[0,8);stores;
        us;59;loads;[0,8);stores;
        us;60;loads;[0,4);stores;
        us;61;loads;[0,4);stores;
        us;62;loads;;stores;[0,4)
        <-;section;xy_planes_loop_j;;;;603565
      us;61;loads;[0,4);stores;[0,4)
        ->;section;xy_planes_loop_j;;;;603573
        us;0;loads;;stores;[2456,2464)[2536,2544)[2616,2624)[2696,2704)[2776,2784)[2856,2864)[2936,2944)[3016,3024)[3096,3104)[3176,3184)
        us;5;loads;[2960,3040);stores;
        us;58;loads;[0,8);stores;
        us;59;loads;[0,8);stores;
        us;60;loads;[0,4);stores;
        us;61;loads;[0,4);stores;
        us;62;loads;;stores;[0,4)
        <-;section;xy_planes_loop_j;;;;604138
      us;61;loads;[0,4);stores;[0,4)
        ->;section;xy_planes_loop_j;;;;604146
        us;0;loads;;stores;[2464,2472)[2544,2552)[2624,2632)[2704,2712)[2784,2792)[2864,2872)[2944,2952)[3024,3032)[3104,3112)[3184,3192)
        us;5;loads;[3040,3120);stores;
        us;58;loads;[0,8);stores;
        us;59;loads;[0,8);stores;
        us;60;loads;[0,4);stores;
        us;61;loads;[0,4);stores;
        us;62;loads;;stores;[0,4)
        <-;section;xy_planes_loop_j;;;;604711
      us;61;loads;[0,4);stores;[0,4)
        ->;section;xy_planes_loop_j;;;;604719
        us;0;loads;;stores;[2472,2480)[2552,2560)[2632,2640)[2712,2720)[2792,2800)[2872,2880)[2952,2960)[3032,3040)[3112,3120)[3192,3200)
        us;5;loads;[3120,3200);stores;
        us;58;loads;[0,8);stores;
        us;59;loads;[0,8);stores;
        us;60;loads;[0,4);stores;
        us;61;loads;[0,4);stores;
        us;62;loads;;stores;[0,4)
        <-;section;xy_planes_loop_j;;;;605284
      us;61;loads;[0,4);stores;[0,4)
      <-;section;xy_planes_loop_k;;;;605292
    us;60;loads;[0,4);stores;[0,4)
      ->;section;xy_planes_loop_k;;;;605300
      us;61;loads;;stores;[0,4)
        ->;section;xy_planes_loop_j;;;;605305
        us;0;loads;;stores;[3200,3208)[3280,3288)[3360,3368)[3440,3448)[3520,3528)[3600,3608)[3680,3688)[3760,3768)[3840,3848)[3920,3928)
        us;5;loads;[3200,3280);stores;
        us;58;loads;[0,8);stores;
        us;59;loads;[0,8);stores;
        us;60;loads;[0,4);stores;
        us;61;loads;[0,4);stores;
        us;62;loads;;stores;[0,4)
        <-;section;xy_planes_loop_j;;;;605870
      us;61;loads;[0,4);stores;[0,4)
        ->;section;xy_planes_loop_j;;;;605878
        us;0;loads;;stores;[3208,3216)[3288,3296)[3368,3376)[3448,3456)[3528,3536)[3608,3616)[3688,3696)[3768,3776)[3848,3856)[3928,3936)
        us;5;loads;[3280,3360);stores;
        us;58;loads;[0,8);stores;
        us;59;loads;[0,8);stores;
        us;60;loads;[0,4);stores;
        us;61;loads;[0,4);stores;
        us;62;loads;;stores;[0,4)
        <-;section;xy_planes_loop_j;;;;606443
      us;61;loads;[0,4);stores;[0,4)
        ->;section;xy_planes_loop_j;;;;606451
        us;0;loads;;stores;[3216,3224)[3296,3304)[3376,3384)[3456,3464)[3536,3544)[3616,3624)[3696,3704)[3776,3784)[3856,3864)[3936,3944)
        us;5;loads;[3360,3440);stores;
        us;58;loads;[0,8);stores;
        us;59;loads;[0,8);stores;
        us;60;loads;[0,4);stores;
        us;61;loads;[0,4);stores;
        us;62;loads;;stores;[0,4)
        <-;section;xy_planes_loop_j;;;;607016
      us;61;loads;[0,4);stores;[0,4)
        ->;section;xy_planes_loop_j;;;;607024
        us;0;loads;;stores;[3224,3232)[3304,3312)[3384,3392)[3464,3472)[3544,3552)[3624,3632)[3704,3712)[3784,3792)[3864,3872)[3944,3952)
        us;5;loads;[3440,3520);stores;
        us;58;loads;[0,8);stores;
        us;59;loads;[0,8);stores;
        us;60;loads;[0,4);stores;
        us;61;loads;[0,4);stores;
        us;62;loads;;stores;[0,4)
        <-;section;xy_planes_loop_j;;;;607589
      us;61;loads;[0,4);stores;[0,4)
        ->;section;xy_planes_loop_j;;;;607597
        us;0;loads;;stores;[3232,3240)[3312,3320)[3392,3400)[3472,3480)[3552,3560)[3632,3640)[3712,3720)[3792,3800)[3872,3880)[3952,3960)
        us;5;loads;[3520,3600);stores;
        us;58;loads;[0,8);stores;
        us;59;loads;[0,8);stores;
        us;60;loads;[0,4);stores;
        us;61;loads;[0,4);stores;
        us;62;loads;;stores;[0,4)
        <-;section;xy_planes_loop_j;;;;608162
      us;61;loads;[0,4);stores;[0,4)
        ->;section;xy_planes_loop_j;;;;608170
        us;0;loads;;stores;[3240,3248)[3320,3328)[3400,3408)[3480,3488)[3560,3568)[3640,3648)[3720,3728)[3800,3808)[3880,3888)[3960,3968)
        us;5;loads;[3600,3680);stores;
        us;58;loads;[0,8);stores;
        us;59;loads;[0,8);stores;
        us;60;loads;[0,4);stores;
        us;61;loads;[0,4);stores;
        us;62;loads;;stores;[0,4)
        <-;section;xy_planes_loop_j;;;;608735
      us;61;loads;[0,4);stores;[0,4)
        ->;section;xy_planes_loop_j;;;;608743
        us;0;loads;;stores;[3248,3256)[3328,3336)[3408,3416)[3488,3496)[3568,3576)[3648,3656)[3728,3736)[3808,3816)[3888,3896)[3968,3976)
        us;5;loads;[3680,3760);stores;
        us;58;loads;[0,8);stores;
        us;59;loads;[0,8);stores;
        us;60;loads;[0,4);stores;
        us;61;loads;[0,4);stores;
        us;62;loads;;stores;[0,4)
        <-;section;xy_planes_loop_j;;;;609308
      us;61;loads;[0,4);stores;[0,4)
        ->;section;xy_planes_loop_j;;;;609316
        us;0;loads;;stores;[3256,3264)[3336,3344)[3416,3424)[3496,3504)[3576,3584)[3656,3664)[3736,3744)[3816,3824)[3896,3904)[3976,3984)
        us;5;loads;[3760,3840);stores;
        us;58;loads;[0,8);stores;
        us;59;loads;[0,8);stores;
        us;60;loads;[0,4);stores;
        us;61;loads;[0,4);stores;
        us;62;loads;;stores;[0,4)
        <-;section;xy_planes_loop_j;;;;609881
      us;61;loads;[0,4);stores;[0,4)
        ->;section;xy_planes_loop_j;;;;609889
        us;0;loads;;stores;[3264,3272)[3344,3352)[3424,3432)[3504,3512)[3584,3592)[3664,3672)[3744,3752)[3824,3832)[3904,3912)[3984,3992)
        us;5;loads;[3840,3920);stores;
        us;58;loads;[0,8);stores;
        us;59;loads;[0,8);stores;
        us;60;loads;[0,4);stores;
        us;61;loads;[0,4);stores;
        us;62;loads;;stores;[0,4)
        <-;section;xy_planes_loop_j;;;;610454
      us;61;loads;[0,4);stores;[0,4)
        ->;section;xy_planes_loop_j;;;;610462
        us;0;loads;;stores;[3272,3280)[3352,3360)[3432,3440)[3512,3520)[3592,3600)[3672,3680)[3752,3760)[3832,3840)[3912,3920)[3992,4000)
        us;5;loads;[3920,4000);stores;
        us;58;loads;[0,8);stores;
        us;59;loads;[0,8);stores;
        us;60;loads;[0,4);stores;
        us;61;loads;[0,4);stores;
        us;62;loads;;stores;[0,4)
        <-;section;xy_planes_loop_j;;;;611027
      us;61;loads;[0,4);stores;[0,4)
      <-;section;xy_planes_loop_k;;;;611035
    us;60;loads;[0,4);stores;[0,4)
      ->;section;xy_planes_loop_k;;;;611043
      us;61;loads;;stores;[0,4)
        ->;section;xy_planes_loop_j;;;;611048
        us;0;loads;;stores;[4000,4008)[4080,4088)[4160,4168)[4240,4248)[4320,4328)[4400,4408)[4480,4488)[4560,4568)[4640,4648)[4720,4728)
        us;5;loads;[4000,4080);stores;
        us;58;loads;[0,8);stores;
        us;59;loads;[0,8);stores;
        us;60;loads;[0,4);stores;
        us;61;loads;[0,4);stores;
        us;62;loads;;stores;[0,4)
        <-;section;xy_planes_loop_j;;;;611613
      us;61;loads;[0,4);stores;[0,4)
        ->;section;xy_planes_loop_j;;;;611621
        us;0;loads;;stores;[4008,4016)[4088,4096)[4168,4176)[4248,4256)[4328,4336)[4408,4416)[4488,4496)[4568,4576)[4648,4656)[4728,4736)
        us;5;loads;[4080,4160);stores;
        us;58;loads;[0,8);stores;
        us;59;loads;[0,8);stores;
        us;60;loads;[0,4);stores;
        us;61;loads;[0,4);stores;
        us;62;loads;;stores;[0,4)
        <-;section;xy_planes_loop_j;;;;612186
      us;61;loads;[0,4);stores;[0,4)
        ->;section;xy_planes_loop_j;;;;612194
        us;0;loads;;stores;[4016,4024)[4096,4104)[4176,4184)[4256,4264)[4336,4344)[4416,4424)[4496,4504)[4576,4584)[4656,4664)[4736,4744)
        us;5;loads;[4160,4240);stores;
        us;58;loads;[0,8);stores;
        us;59;loads;[0,8);stores;
        us;60;loads;[0,4);stores;
        us;61;loads;[0,4);stores;
        us;62;loads;;stores;[0,4)
        <-;section;xy_planes_loop_j;;;;612759
      us;61;loads;[0,4);stores;[0,4)
        ->;section;xy_planes_loop_j;;;;612767
        us;0;loads;;stores;[4024,4032)[4104,4112)[4184,4192)[4264,4272)[4344,4352)[4424,4432)[4504,4512)[4584,4592)[4664,4672)[4744,4752)
        us;5;loads;[4240,4320);stores;
        us;58;loads;[0,8);stores;
        us;59;loads;[0,8);stores;
        us;60;loads;[0,4);stores;
        us;61;loads;[0,4);stores;
        us;62;loads;;stores;[0,4)
        <-;section;xy_planes_loop_j;;;;613332
      us;61;loads;[0,4);stores;[0,4)
        ->;section;xy_planes_loop_j;;;;613340
        us;0;loads;;stores;[4032,4040)[4112,4120)[4192,4200)[4272,4280)[4352,4360)[4432,4440)[4512,4520)[4592,4600)[4672,4680)[4752,4760)
        us;5;loads;[4320,4400);stores;
        us;58;loads;[0,8);stores;
        us;59;loads;[0,8);stores;
        us;60;loads;[0,4);stores;
        us;61;loads;[0,4);stores;
        us;62;loads;;stores;[0,4)
        <-;section;xy_planes_loop_j;;;;613905
      us;61;loads;[0,4);stores;[0,4)
        ->;section;xy_planes_loop_j;;;;613913
        us;0;loads;;stores;[4040,4048)[4120,4128)[4200,4208)[4280,4288)[4360,4368)[4440,4448)[4520,4528)[4600,4608)[4680,4688)[4760,4768)
        us;5;loads;[4400,4480);stores;
        us;58;loads;[0,8);stores;
        us;59;loads;[0,8);stores;
        us;60;loads;[0,4);stores;
        us;61;loads;[0,4);stores;
        us;62;loads;;stores;[0,4)
        <-;section;xy_planes_loop_j;;;;614478
      us;61;loads;[0,4);stores;[0,4)
        ->;section;xy_planes_loop_j;;;;614486
        us;0;loads;;stores;[4048,4056)[4128,4136)[4208,4216)[4288,4296)[4368,4376)[4448,4456)[4528,4536)[4608,4616)[4688,4696)[4768,4776)
        us;5;loads;[4480,4560);stores;
        us;58;loads;[0,8);stores;
        us;59;loads;[0,8);stores;
        us;60;loads;[0,4);stores;
        us;61;loads;[0,4);stores;
        us;62;loads;;stores;[0,4)
        <-;section;xy_planes_loop_j;;;;615051
      us;61;loads;[0,4);stores;[0,4)
        ->;section;xy_planes_loop_j;;;;615059
        us;0;loads;;stores;[4056,4064)[4136,4144)[4216,4224)[4296,4304)[4376,4384)[4456,4464)[4536,4544)[4616,4624)[4696,4704)[4776,4784)
        us;5;loads;[4560,4640);stores;
        us;58;loads;[0,8);stores;
        us;59;loads;[0,8);stores;
        us;60;loads;[0,4);stores;
        us;61;loads;[0,4);stores;
        us;62;loads;;stores;[0,4)
        <-;section;xy_planes_loop_j;;;;615624
      us;61;loads;[0,4);stores;[0,4)
        ->;section;xy_planes_loop_j;;;;615632
        us;0;loads;;stores;[4064,4072)[4144,4152)[4224,4232)[4304,4312)[4384,4392)[4464,4472)[4544,4552)[4624,4632)[4704,4712)[4784,4792)
        us;5;loads;[4640,4720);stores;
        us;58;loads;[0,8);stores;
        us;59;loads;[0,8);stores;
        us;60;loads;[0,4);stores;
        us;61;loads;[0,4);stores;
        us;62;loads;;stores;[0,4)
        <-;section;xy_planes_loop_j;;;;616197
      us;61;loads;[0,4);stores;[0,4)
        ->;section;xy_planes_loop_j;;;;616205
        us;0;loads;;stores;[4072,4080)[4152,4160)[4232,4240)[4312,4320)[4392,4400)[4472,4480)[4552,4560)[4632,4640)[4712,4720)[4792,4800)
        us;5;loads;[4720,4800);stores;
        us;58;loads;[0,8);stores;
        us;59;loads;[0,8);stores;
        us;60;loads;[0,4);stores;
        us;61;loads;[0,4);stores;
        us;62;loads;;stores;[0,4)
        <-;section;xy_planes_loop_j;;;;616770
      us;61;loads;[0,4);stores;[0,4)
      <-;section;xy_planes_loop_k;;;;616778
    us;60;loads;[0,4);stores;[0,4)
      ->;section;xy_planes_loop_k;;;;616786
      us;61;loads;;stores;[0,4)
        ->;section;xy_planes_loop_j;;;;616791
        us;0;loads;;stores;[4800,4808)[4880,4888)[4960,4968)[5040,5048)[5120,5128)[5200,5208)[5280,5288)[5360,5368)[5440,5448)[5520,5528)
        us;5;loads;[4800,4880);stores;
        us;58;loads;[0,8);stores;
        us;59;loads;[0,8);stores;
        us;60;loads;[0,4);stores;
        us;61;loads;[0,4);stores;
        us;62;loads;;stores;[0,4)
        <-;section;xy_planes_loop_j;;;;617356
      us;61;loads;[0,4);stores;[0,4)
        ->;section;xy_planes_loop_j;;;;617364
        us;0;loads;;stores;[4808,4816)[4888,4896)[4968,4976)[5048,5056)[5128,5136)[5208,5216)[5288,5296)[5368,5376)[5448,5456)[5528,5536)
        us;5;loads;[4880,4960);stores;
        us;58;loads;[0,8);stores;
        us;59;loads;[0,8);stores;
        us;60;loads;[0,4);stores;
        us;61;loads;[0,4);stores;
        us;62;loads;;stores;[0,4)
        <-;section;xy_planes_loop_j;;;;617929
      us;61;loads;[0,4);stores;[0,4)
        ->;section;xy_planes_loop_j;;;;617937
        us;0;loads;;stores;[4816,4824)[4896,4904)[4976,4984)[5056,5064)[5136,5144)[5216,5224)[5296,5304)[5376,5384)[5456,5464)[5536,5544)
        us;5;loads;[4960,5040);stores;
        us;58;loads;[0,8);stores;
        us;59;loads;[0,8);stores;
        us;60;loads;[0,4);stores;
        us;61;loads;[0,4);stores;
        us;62;loads;;stores;[0,4)
        <-;section;xy_planes_loop_j;;;;618502
      us;61;loads;[0,4);stores;[0,4)
        ->;section;xy_planes_loop_j;;;;618510
        us;0;loads;;stores;[4824,4832)[4904,4912)[4984,4992)[5064,5072)[5144,5152)[5224,5232)[5304,5312)[5384,5392)[5464,5472)[5544,5552)
        us;5;loads;[5040,5120);stores;
        us;58;loads;[0,8);stores;
        us;59;loads;[0,8);stores;
        us;60;loads;[0,4);stores;
        us;61;loads;[0,4);stores;
        us;62;loads;;stores;[0,4)
        <-;section;xy_planes_loop_j;;;;619075
      us;61;loads;[0,4);stores;[0,4)
        ->;section;xy_planes_loop_j;;;;619083
        us;0;loads;;stores;[4832,4840)[4912,4920)[4992,5000)[5072,5080)[5152,5160)[5232,5240)[5312,5320)[5392,5400)[5472,5480)[5552,5560)
        us;5;loads;[5120,5200);stores;
        us;58;loads;[0,8);stores;
        us;59;loads;[0,8);stores;
        us;60;loads;[0,4);stores;
        us;61;loads;[0,4);stores;
        us;62;loads;;stores;[0,4)
        <-;section;xy_planes_loop_j;;;;619648
      us;61;loads;[0,4);stores;[0,4)
        ->;section;xy_planes_loop_j;;;;619656
        us;0;loads;;stores;[4840,4848)[4920,4928)[5000,5008)[5080,5088)[5160,5168)[5240,5248)[5320,5328)[5400,5408)[5480,5488)[5560,5568)
        us;5;loads;[5200,5280);stores;
        us;58;loads;[0,8);stores;
        us;59;loads;[0,8);stores;
        us;60;loads;[0,4);stores;
        us;61;loads;[0,4);stores;
        us;62;loads;;stores;[0,4)
        <-;section;xy_planes_loop_j;;;;620221
      us;61;loads;[0,4);stores;[0,4)
        ->;section;xy_planes_loop_j;;;;620229
        us;0;loads;;stores;[4848,4856)[4928,4936)[5008,5016)[5088,5096)[5168,5176)[5248,5256)[5328,5336)[5408,5416)[5488,5496)[5568,5576)
        us;5;loads;[5280,5360);stores;
        us;58;loads;[0,8);stores;
        us;59;loads;[0,8);stores;
        us;60;loads;[0,4);stores;
        us;61;loads;[0,4);stores;
        us;62;loads;;stores;[0,4)
        <-;section;xy_planes_loop_j;;;;620794
      us;61;loads;[0,4);stores;[0,4)
        ->;section;xy_planes_loop_j;;;;620802
        us;0;loads;;stores;[4856,4864)[4936,4944)[5016,5024)[5096,5104)[5176,5184)[5256,5264)[5336,5344)[5416,5424)[5496,5504)[5576,5584)
        us;5;loads;[5360,5440);stores;
        us;58;loads;[0,8);stores;
        us;59;loads;[0,8);stores;
        us;60;loads;[0,4);stores;
        us;61;loads;[0,4);stores;
        us;62;loads;;stores;[0,4)
        <-;section;xy_planes_loop_j;;;;621367
      us;61;loads;[0,4);stores;[0,4)
        ->;section;xy_planes_loop_j;;;;621375
        us;0;loads;;stores;[4864,4872)[4944,4952)[5024,5032)[5104,5112)[5184,5192)[5264,5272)[5344,5352)[5424,5432)[5504,5512)[5584,5592)
        us;5;loads;[5440,5520);stores;
        us;58;loads;[0,8);stores;
        us;59;loads;[0,8);stores;
        us;60;loads;[0,4);stores;
        us;61;loads;[0,4);stores;
        us;62;loads;;stores;[0,4)
        <-;section;xy_planes_loop_j;;;;621940
      us;61;loads;[0,4);stores;[0,4)
        ->;section;xy_planes_loop_j;;;;621948
        us;0;loads;;stores;[4872,4880)[4952,4960)[5032,5040)[5112,5120)[5192,5200)[5272,5280)[5352,5360)[5432,5440)[5512,5520)[5592,5600)
        us;5;loads;[5520,5600);stores;
        us;58;loads;[0,8);stores;
        us;59;loads;[0,8);stores;
        us;60;loads;[0,4);stores;
        us;61;loads;[0,4);stores;
        us;62;loads;;stores;[0,4)
        <-;section;xy_planes_loop_j;;;;622513
      us;61;loads;[0,4);stores;[0,4)
      <-;section;xy_planes_loop_k;;;;622521
    us;60;loads;[0,4);stores;[0,4)
      ->;section;xy_planes_loop_k;;;;622529
      us;61;loads;;stores;[0,4)
        ->;section;xy_planes_loop_j;;;;622534
        us;0;loads;;stores;[5600,5608)[5680,5688)[5760,5768)[5840,5848)[5920,5928)[6000,6008)[6080,6088)[6160,6168)[6240,6248)[6320,6328)
        us;5;loads;[5600,5680);stores;
        us;58;loads;[0,8);stores;
        us;59;loads;[0,8);stores;
        us;60;loads;[0,4);stores;
        us;61;loads;[0,4);stores;
        us;62;loads;;stores;[0,4)
        <-;section;xy_planes_loop_j;;;;623099
      us;61;loads;[0,4);stores;[0,4)
        ->;section;xy_planes_loop_j;;;;623107
        us;0;loads;;stores;[5608,5616)[5688,5696)[5768,5776)[5848,5856)[5928,5936)[6008,6016)[6088,6096)[6168,6176)[6248,6256)[6328,6336)
        us;5;loads;[5680,5760);stores;
        us;58;loads;[0,8);stores;
        us;59;loads;[0,8);stores;
        us;60;loads;[0,4);stores;
        us;61;loads;[0,4);stores;
        us;62;loads;;stores;[0,4)
        <-;section;xy_planes_loop_j;;;;623672
      us;61;loads;[0,4);stores;[0,4)
        ->;section;xy_planes_loop_j;;;;623680
        us;0;loads;;stores;[5616,5624)[5696,5704)[5776,5784)[5856,5864)[5936,5944)[6016,6024)[6096,6104)[6176,6184)[6256,6264)[6336,6344)
        us;5;loads;[5760,5840);stores;
        us;58;loads;[0,8);stores;
        us;59;loads;[0,8);stores;
        us;60;loads;[0,4);stores;
        us;61;loads;[0,4);stores;
        us;62;loads;;stores;[0,4)
        <-;section;xy_planes_loop_j;;;;624245
      us;61;loads;[0,4);stores;[0,4)
        ->;section;xy_planes_loop_j;;;;624253
        us;0;loads;;stores;[5624,5632)[5704,5712)[5784,5792)[5864,5872)[5944,5952)[6024,6032)[6104,6112)[6184,6192)[6264,6272)[6344,6352)
        us;5;loads;[5840,5920);stores;
        us;58;loads;[0,8);stores;
        us;59;loads;[0,8);stores;
        us;60;loads;[0,4);stores;
        us;61;loads;[0,4);stores;
        us;62;loads;;stores;[0,4)
        <-;section;xy_planes_loop_j;;;;624818
      us;61;loads;[0,4);stores;[0,4)
        ->;section;xy_planes_loop_j;;;;624826
        us;0;loads;;stores;[5632,5640)[5712,5720)[5792,5800)[5872,5880)[5952,5960)[6032,6040)[6112,6120)[6192,6200)[6272,6280)[6352,6360)
        us;5;loads;[5920,6000);stores;
        us;58;loads;[0,8);stores;
        us;59;loads;[0,8);stores;
        us;60;loads;[0,4);stores;
        us;61;loads;[0,4);stores;
        us;62;loads;;stores;[0,4)
        <-;section;xy_planes_loop_j;;;;625391
      us;61;loads;[0,4);stores;[0,4)
        ->;section;xy_planes_loop_j;;;;625399
        us;0;loads;;stores;[5640,5648)[5720,5728)[5800,5808)[5880,5888)[5960,5968)[6040,6048)[6120,6128)[6200,6208)[6280,6288)[6360,6368)
        us;5;loads;[6000,6080);stores;
        us;58;loads;[0,8);stores;
        us;59;loads;[0,8);stores;
        us;60;loads;[0,4);stores;
        us;61;loads;[0,4);stores;
        us;62;loads;;stores;[0,4)
        <-;section;xy_planes_loop_j;;;;625964
      us;61;loads;[0,4);stores;[0,4)
        ->;section;xy_planes_loop_j;;;;625972
        us;0;loads;;stores;[5648,5656)[5728,5736)[5808,5816)[5888,5896)[5968,5976)[6048,6056)[6128,6136)[6208,6216)[6288,6296)[6368,6376)
        us;5;loads;[6080,6160);stores;
        us;58;loads;[0,8);stores;
        us;59;loads;[0,8);stores;
        us;60;loads;[0,4);stores;
        us;61;loads;[0,4);stores;
        us;62;loads;;stores;[0,4)
        <-;section;xy_planes_loop_j;;;;626537
      us;61;loads;[0,4);stores;[0,4)
        ->;section;xy_planes_loop_j;;;;626545
        us;0;loads;;stores;[5656,5664)[5736,5744)[5816,5824)[5896,5904)[5976,5984)[6056,6064)[6136,6144)[6216,6224)[6296,6304)[6376,6384)
        us;5;loads;[6160,6240);stores;
        us;58;loads;[0,8);stores;
        us;59;loads;[0,8);stores;
        us;60;loads;[0,4);stores;
        us;61;loads;[0,4);stores;
        us;62;loads;;stores;[0,4)
        <-;section;xy_planes_loop_j;;;;627110
      us;61;loads;[0,4);stores;[0,4)
        ->;section;xy_planes_loop_j;;;;627118
        us;0;loads;;stores;[5664,5672)[5744,5752)[5824,5832)[5904,5912)[5984,5992)[6064,6072)[6144,6152)[6224,6232)[6304,6312)[6384,6392)
        us;5;loads;[6240,6320);stores;
        us;58;loads;[0,8);stores;
        us;59;loads;[0,8);stores;
        us;60;loads;[0,4);stores;
        us;61;loads;[0,4);stores;
        us;62;loads;;stores;[0,4)
        <-;section;xy_planes_loop_j;;;;627683
      us;61;loads;[0,4);stores;[0,4)
        ->;section;xy_planes_loop_j;;;;627691
        us;0;loads;;stores;[5672,5680)[5752,5760)[5832,5840)[5912,5920)[5992,6000)[6072,6080)[6152,6160)[6232,6240)[6312,6320)[6392,6400)
        us;5;loads;[6320,6400);stores;
        us;58;loads;[0,8);stores;
        us;59;loads;[0,8);stores;
        us;60;loads;[0,4);stores;
        us;61;loads;[0,4);stores;
        us;62;loads;;stores;[0,4)
        <-;section;xy_planes_loop_j;;;;628256
      us;61;loads;[0,4);stores;[0,4)
      <-;section;xy_planes_loop_k;;;;628264
    us;60;loads;[0,4);stores;[0,4)
      ->;section;xy_planes_loop_k;;;;628272
      us;61;loads;;stores;[0,4)
        ->;section;xy_planes_loop_j;;;;628277
        us;0;loads;;stores;[6400,6408)[6480,6488)[6560,6568)[6640,6648)[6720,6728)[6800,6808)[6880,6888)[6960,6968)[7040,7048)[7120,7128)
        us;5;loads;[6400,6480);stores;
        us;58;loads;[0,8);stores;
        us;59;loads;[0,8);stores;
        us;60;loads;[0,4);stores;
        us;61;loads;[0,4);stores;
        us;62;loads;;stores;[0,4)
        <-;section;xy_planes_loop_j;;;;628842
      us;61;loads;[0,4);stores;[0,4)
        ->;section;xy_planes_loop_j;;;;628850
        us;0;loads;;stores;[6408,6416)[6488,6496)[6568,6576)[6648,6656)[6728,6736)[6808,6816)[6888,6896)[6968,6976)[7048,7056)[7128,7136)
        us;5;loads;[6480,6560);stores;
        us;58;loads;[0,8);stores;
        us;59;loads;[0,8);stores;
        us;60;loads;[0,4);stores;
        us;61;loads;[0,4);stores;
        us;62;loads;;stores;[0,4)
        <-;section;xy_planes_loop_j;;;;629415
      us;61;loads;[0,4);stores;[0,4)
        ->;section;xy_planes_loop_j;;;;629423
        us;0;loads;;stores;[6416,6424)[6496,6504)[6576,6584)[6656,6664)[6736,6744)[6816,6824)[6896,6904)[6976,6984)[7056,7064)[7136,7144)
        us;5;loads;[6560,6640);stores;
        us;58;loads;[0,8);stores;
        us;59;loads;[0,8);stores;
        us;60;loads;[0,4);stores;
        us;61;loads;[0,4);stores;
        us;62;loads;;stores;[0,4)
        <-;section;xy_planes_loop_j;;;;629988
      us;61;loads;[0,4);stores;[0,4)
        ->;section;xy_planes_loop_j;;;;629996
        us;0;loads;;stores;[6424,6432)[6504,6512)[6584,6592)[6664,6672)[6744,6752)[6824,6832)[6904,6912)[6984,6992)[7064,7072)[7144,7152)
        us;5;loads;[6640,6720);stores;
        us;58;loads;[0,8);stores;
        us;59;loads;[0,8);stores;
        us;60;loads;[0,4);stores;
        us;61;loads;[0,4);stores;
        us;62;loads;;stores;[0,4)
        <-;section;xy_planes_loop_j;;;;630561
      us;61;loads;[0,4);stores;[0,4)
        ->;section;xy_planes_loop_j;;;;630569
        us;0;loads;;stores;[6432,6440)[6512,6520)[6592,6600)[6672,6680)[6752,6760)[6832,6840)[6912,6920)[6992,7000)[7072,7080)[7152,7160)
        us;5;loads;[6720,6800);stores;
        us;58;loads;[0,8);stores;
        us;59;loads;[0,8);stores;
        us;60;loads;[0,4);stores;
        us;61;loads;[0,4);stores;
        us;62;loads;;stores;[0,4)
        <-;section;xy_planes_loop_j;;;;631134
      us;61;loads;[0,4);stores;[0,4)
        ->;section;xy_planes_loop_j;;;;631142
        us;0;loads;;stores;[6440,6448)[6520,6528)[6600,6608)[6680,6688)[6760,6768)[6840,6848)[6920,6928)[7000,7008)[7080,7088)[7160,7168)
        us;5;loads;[6800,6880);stores;
        us;58;loads;[0,8);stores;
        us;59;loads;[0,8);stores;
        us;60;loads;[0,4);stores;
        us;61;loads;[0,4);stores;
        us;62;loads;;stores;[0,4)
        <-;section;xy_planes_loop_j;;;;631707
      us;61;loads;[0,4);stores;[0,4)
        ->;section;xy_planes_loop_j;;;;631715
        us;0;loads;;stores;[6448,6456)[6528,6536)[6608,6616)[6688,6696)[6768,6776)[6848,6856)[6928,6936)[7008,7016)[7088,7096)[7168,7176)
        us;5;loads;[6880,6960);stores;
        us;58;loads;[0,8);stores;
        us;59;loads;[0,8);stores;
        us;60;loads;[0,4);stores;
        us;61;loads;[0,4);stores;
        us;62;loads;;stores;[0,4)
        <-;section;xy_planes_loop_j;;;;632280
      us;61;loads;[0,4);stores;[0,4)
        ->;section;xy_planes_loop_j;;;;632288
        us;0;loads;;stores;[6456,6464)[6536,6544)[6616,6624)[6696,6704)[6776,6784)[6856,6864)[6936,6944)[7016,7024)[7096,7104)[7176,7184)
        us;5;loads;[6960,7040);stores;
        us;58;loads;[0,8);stores;
        us;59;loads;[0,8);stores;
        us;60;loads;[0,4);stores;
        us;61;loads;[0,4);stores;
        us;62;loads;;stores;[0,4)
        <-;section;xy_planes_loop_j;;;;632853
      us;61;loads;[0,4);stores;[0,4)
        ->;section;xy_planes_loop_j;;;;632861
        us;0;loads;;stores;[6464,6472)[6544,6552)[6624,6632)[6704,6712)[6784,6792)[6864,6872)[6944,6952)[7024,7032)[7104,7112)[7184,7192)
        us;5;loads;[7040,7120);stores;
        us;58;loads;[0,8);stores;
        us;59;loads;[0,8);stores;
        us;60;loads;[0,4);stores;
        us;61;loads;[0,4);stores;
        us;62;loads;;stores;[0,4)
        <-;section;xy_planes_loop_j;;;;633426
      us;61;loads;[0,4);stores;[0,4)
        ->;section;xy_planes_loop_j;;;;633434
        us;0;loads;;stores;[6472,6480)[6552,6560)[6632,6640)[6712,6720)[6792,6800)[6872,6880)[6952,6960)[7032,7040)[7112,7120)[7192,7200)
        us;5;loads;[7120,7200);stores;
        us;58;loads;[0,8);stores;
        us;59;loads;[0,8);stores;
        us;60;loads;[0,4);stores;
        us;61;loads;[0,4);stores;
        us;62;loads;;stores;[0,4)
        <-;section;xy_planes_loop_j;;;;633999
      us;61;loads;[0,4);stores;[0,4)
      <-;section;xy_planes_loop_k;;;;634007
    us;60;loads;[0,4);stores;[0,4)
      ->;section;xy_planes_loop_k;;;;634015
      us;61;loads;;stores;[0,4)
        ->;section;xy_planes_loop_j;;;;634020
        us;0;loads;;stores;[7200,7208)[7280,7288)[7360,7368)[7440,7448)[7520,7528)[7600,7608)[7680,7688)[7760,7768)[7840,7848)[7920,7928)
        us;5;loads;[7200,7280);stores;
        us;58;loads;[0,8);stores;
        us;59;loads;[0,8);stores;
        us;60;loads;[0,4);stores;
        us;61;loads;[0,4);stores;
        us;62;loads;;stores;[0,4)
        <-;section;xy_planes_loop_j;;;;634585
      us;61;loads;[0,4);stores;[0,4)
        ->;section;xy_planes_loop_j;;;;634593
        us;0;loads;;stores;[7208,7216)[7288,7296)[7368,7376)[7448,7456)[7528,7536)[7608,7616)[7688,7696)[7768,7776)[7848,7856)[7928,7936)
        us;5;loads;[7280,7360);stores;
        us;58;loads;[0,8);stores;
        us;59;loads;[0,8);stores;
        us;60;loads;[0,4);stores;
        us;61;loads;[0,4);stores;
        us;62;loads;;stores;[0,4)
        <-;section;xy_planes_loop_j;;;;635158
      us;61;loads;[0,4);stores;[0,4)
        ->;section;xy_planes_loop_j;;;;635166
        us;0;loads;;stores;[7216,7224)[7296,7304)[7376,7384)[7456,7464)[7536,7544)[7616,7624)[7696,7704)[7776,7784)[7856,7864)[7936,7944)
        us;5;loads;[7360,7440);stores;
        us;58;loads;[0,8);stores;
        us;59;loads;[0,8);stores;
        us;60;loads;[0,4);stores;
        us;61;loads;[0,4);stores;
        us;62;loads;;stores;[0,4)
        <-;section;xy_planes_loop_j;;;;635731
      us;61;loads;[0,4);stores;[0,4)
        ->;section;xy_planes_loop_j;;;;635739
        us;0;loads;;stores;[7224,7232)[7304,7312)[7384,7392)[7464,7472)[7544,7552)[7624,7632)[7704,7712)[7784,7792)[7864,7872)[7944,7952)
        us;5;loads;[7440,7520);stores;
        us;58;loads;[0,8);stores;
        us;59;loads;[0,8);stores;
        us;60;loads;[0,4);stores;
        us;61;loads;[0,4);stores;
        us;62;loads;;stores;[0,4)
        <-;section;xy_planes_loop_j;;;;636304
      us;61;loads;[0,4);stores;[0,4)
        ->;section;xy_planes_loop_j;;;;636312
        us;0;loads;;stores;[7232,7240)[7312,7320)[7392,7400)[7472,7480)[7552,7560)[7632,7640)[7712,7720)[7792,7800)[7872,7880)[7952,7960)
        us;5;loads;[7520,7600);stores;
        us;58;loads;[0,8);stores;
        us;59;loads;[0,8);stores;
        us;60;loads;[0,4);stores;
        us;61;loads;[0,4);stores;
        us;62;loads;;stores;[0,4)
        <-;section;xy_planes_loop_j;;;;636877
      us;61;loads;[0,4);stores;[0,4)
        ->;section;xy_planes_loop_j;;;;636885
        us;0;loads;;stores;[7240,7248)[7320,7328)[7400,7408)[7480,7488)[7560,7568)[7640,7648)[7720,7728)[7800,7808)[7880,7888)[7960,7968)
        us;5;loads;[7600,7680);stores;
        us;58;loads;[0,8);stores;
        us;59;loads;[0,8);stores;
        us;60;loads;[0,4);stores;
        us;61;loads;[0,4);stores;
        us;62;loads;;stores;[0,4)
        <-;section;xy_planes_loop_j;;;;637450
      us;61;loads;[0,4);stores;[0,4)
        ->;section;xy_planes_loop_j;;;;637458
        us;0;loads;;stores;[7248,7256)[7328,7336)[7408,7416)[7488,7496)[7568,7576)[7648,7656)[7728,7736)[7808,7816)[7888,7896)[7968,7976)
        us;5;loads;[7680,7760);stores;
        us;58;loads;[0,8);stores;
        us;59;loads;[0,8);stores;
        us;60;loads;[0,4);stores;
        us;61;loads;[0,4);stores;
        us;62;loads;;stores;[0,4)
        <-;section;xy_planes_loop_j;;;;638023
      us;61;loads;[0,4);stores;[0,4)
        ->;section;xy_planes_loop_j;;;;638031
        us;0;loads;;stores;[7256,7264)[7336,7344)[7416,7424)[7496,7504)[7576,7584)[7656,7664)[7736,7744)[7816,7824)[7896,7904)[7976,7984)
        us;5;loads;[7760,7840);stores;
        us;58;loads;[0,8);stores;
        us;59;loads;[0,8);stores;
        us;60;loads;[0,4);stores;
        us;61;loads;[0,4);stores;
        us;62;loads;;stores;[0,4)
        <-;section;xy_planes_loop_j;;;;638596
      us;61;loads;[0,4);stores;[0,4)
        ->;section;xy_planes_loop_j;;;;638604
        us;0;loads;;stores;[7264,7272)[7344,7352)[7424,7432)[7504,7512)[7584,7592)[7664,7672)[7744,7752)[7824,7832)[7904,7912)[7984,7992)
        us;5;loads;[7840,7920);stores;
        us;58;loads;[0,8);stores;
        us;59;loads;[0,8);stores;
        us;60;loads;[0,4);stores;
        us;61;loads;[0,4);stores;
        us;62;loads;;stores;[0,4)
        <-;section;xy_planes_loop_j;;;;639169
      us;61;loads;[0,4);stores;[0,4)
        ->;section;xy_planes_loop_j;;;;639177
        us;0;loads;;stores;[7272,7280)[7352,7360)[7432,7440)[7512,7520)[7592,7600)[7672,7680)[7752,7760)[7832,7840)[7912,7920)[7992,8000)
        us;5;loads;[7920,8000);stores;
        us;58;loads;[0,8);stores;
        us;59;loads;[0,8);stores;
        us;60;loads;[0,4);stores;
        us;61;loads;[0,4);stores;
        us;62;loads;;stores;[0,4)
        <-;section;xy_planes_loop_j;;;;639742
      us;61;loads;[0,4);stores;[0,4)
      <-;section;xy_planes_loop_k;;;;639750
    us;60;loads;[0,4);stores;[0,4)
    dl;58;[0x7ffd0e1b9e18,+8);stack;tmp_fftw;-|
    dl;59;[0x7ffd0e1b9e10,+8);stack;in_fftw;-|
    dl;60;[0x7ffd0e1b9e0c,+4);stack;k;-|
    dl;61;[0x7ffd0e1b9e08,+4);stack;j;-|
    dl;62;[0x7ffd0e1b9e04,+4);stack;i;-|
    <-;section;xy_planes2;;;;639760
  us;13;loads;[0,8);stores;[0,8)
  <-;section;Tareador_Main;;;;639780
dl;7;[0x7ffd0e1b9f1c,+4);stack;unknown_name;-|
dl;8;[0x7ffd0e1b9f18,+4);stack;argc;-|
dl;9;[0x7ffd0e1b9f10,+8);stack;argv;-|
dl;10;[0x7ffd0e1b9f0c,+4);stack;i;-|
dl;11;[0x7ffd0e1b9f08,+4);stack;j;-|
dl;12;[0x7ffd0e1b9f04,+4);stack;k;-|
dl;13;[0x7ffd0e1b9ef8,+8);stack;stamp;-|
dl;14;[0x7ffd0e1b9ef4,+4);stack;errors_count;-|
<-;section;tareador_instrumented_section;;;;639780
