# Blender v2.81 (sub 16) OBJ File: 'escena.blend'
# www.blender.org
mtllib escenari.mtl
o sorcerer_desk.002
v -5.635107 4.208863 -6.513912
v -6.261961 4.208863 -4.531228
v -6.261961 3.889977 -4.531228
v -5.635107 3.889977 -6.513912
v -6.982568 4.049420 -6.939929
v -6.982568 4.150978 -6.939929
v -6.966402 4.191909 -6.934820
v -6.927375 4.208863 -6.922481
v -7.609422 4.150978 -4.957245
v -7.609422 4.049420 -4.957245
v -7.554229 4.208863 -4.939795
v -7.593257 4.191909 -4.952136
v -6.966402 3.906931 -6.934820
v -6.982568 3.947862 -6.939929
v -6.927375 3.889977 -6.922481
v -7.609422 3.947862 -4.957245
v -7.593257 3.906931 -4.952136
v -7.554229 3.889977 -4.939795
v -5.549605 3.835611 -6.543898
v -5.550803 3.835611 -6.557714
v -5.550803 3.871857 -6.557714
v -5.549605 3.871857 -6.543898
v -5.561419 3.835611 -6.566636
v -5.561419 3.871857 -6.566636
v -5.566881 3.817492 -6.549358
v -5.554665 3.822799 -6.545496
v -6.214297 3.822799 -4.459138
v -6.226514 3.817492 -4.463002
v -6.209237 3.835611 -4.457540
v -5.561419 4.263229 -6.566636
v -5.550803 4.263229 -6.557714
v -5.550803 4.226983 -6.557714
v -5.561419 4.226983 -6.566636
v -5.549605 4.263229 -6.543898
v -5.549605 4.226983 -6.543898
v -5.566881 4.281348 -6.549358
v -5.563019 4.276041 -6.561574
v -6.919865 4.276041 -6.990561
v -6.924734 4.281348 -6.978663
v -6.915835 4.263229 -6.994853
v -5.554665 4.276041 -6.545496
v -6.214297 4.276041 -4.459138
v -6.209237 4.263229 -4.457540
v -6.226514 4.281348 -4.463002
v -6.218160 4.263229 -4.446924
v -6.218160 4.226983 -4.446924
v -6.209237 4.226983 -4.457540
v -6.231976 4.263229 -4.445724
v -6.231976 4.226983 -4.445724
v -6.231976 3.835611 -4.445724
v -6.218160 3.835611 -4.446924
v -6.218160 3.871857 -4.446924
v -6.231976 3.871857 -4.445724
v -6.209237 3.871857 -4.457540
v -6.230376 3.822799 -4.450786
v -7.587222 3.822799 -4.879773
v -7.584366 3.817492 -4.892305
v -7.586392 3.835611 -4.873942
v -5.563019 4.214170 -6.561574
v -6.908130 4.214170 -6.986853
v -6.908961 4.226983 -6.992681
v -5.566881 4.208863 -6.549358
v -6.910986 4.208863 -6.974318
v -5.554665 4.214170 -6.545496
v -6.214297 4.214170 -4.459138
v -6.226514 4.208863 -4.463002
v -6.230376 3.884670 -4.450786
v -7.575487 3.884670 -4.876060
v -7.579517 3.871857 -4.871769
v -6.226514 3.889977 -4.463002
v -7.570618 3.889977 -4.887959
v -6.214297 3.884670 -4.459138
v -5.554665 3.884670 -6.545496
v -5.566881 3.889977 -6.549358
v -7.584366 4.281348 -4.892305
v -6.924734 3.817492 -6.978663
v -7.035292 4.049420 -7.013618
v -7.694924 4.049420 -4.927260
v -7.694924 4.165396 -4.927260
v -7.035292 4.165396 -7.013618
v -7.035292 3.933444 -7.013618
v -7.694924 3.933444 -4.927260
v -7.002910 4.247387 -7.003379
v -7.662542 4.247387 -4.917024
v -7.002910 3.851453 -7.003379
v -7.662542 3.851453 -4.917024
v -7.012553 4.049420 -7.025433
v -7.012553 4.161792 -7.025433
v -6.977993 4.154582 -7.014505
v -6.977993 4.049420 -7.014505
v -6.984225 4.233519 -7.016477
v -6.957774 4.205777 -7.008112
v -7.683110 4.161792 -4.904521
v -7.683110 4.049420 -4.904521
v -7.648550 4.049420 -4.893596
v -7.648550 4.154582 -4.893596
v -7.586392 4.263229 -4.873942
v -7.579517 4.226983 -4.871769
v -7.654782 4.233519 -4.895566
v -7.628331 4.205777 -4.887204
v -6.984225 3.865321 -7.016477
v -7.012553 3.937048 -7.025433
v -6.977993 3.944258 -7.014505
v -6.957774 3.893063 -7.008112
v -6.915835 3.835611 -6.994853
v -6.908961 3.871857 -6.992681
v -7.683110 3.937048 -4.904521
v -7.648550 3.944258 -4.893596
v -7.654782 3.865321 -4.895566
v -7.628331 3.893063 -4.887204
v -6.966179 4.049420 -6.991766
v -6.966179 4.150978 -6.991766
v -6.950014 4.191909 -6.986657
v -7.625811 4.150978 -4.905409
v -7.625811 4.049420 -4.905409
v -7.570618 4.208863 -4.887959
v -7.609646 4.191909 -4.900300
v -6.950014 3.906931 -6.986657
v -6.966179 3.947862 -6.991766
v -6.910986 3.889977 -6.974318
v -7.625811 3.947862 -4.905409
v -7.609646 3.906931 -4.900300
v -5.563019 3.822799 -6.561574
v -6.919865 3.822799 -6.990561
v -6.995175 4.243325 -7.014371
v -6.230376 4.276041 -4.450786
v -7.587222 4.276041 -4.879773
v -7.662532 3.855515 -4.903583
v -7.026369 4.049420 -7.024236
v -7.026369 3.934500 -7.024236
v -7.026369 4.164340 -7.024236
v -7.693726 4.049420 -4.913445
v -7.693726 4.164340 -4.913445
v -7.693726 3.934500 -4.913445
v -7.662532 4.243325 -4.903583
v -6.995175 3.855515 -7.014371
v -6.967377 4.049420 -7.005582
v -6.967377 3.946807 -7.005582
v -6.967377 4.152033 -7.005582
v -6.950024 4.195971 -7.000098
v -7.634734 4.152033 -4.894794
v -7.617381 4.195971 -4.889307
v -7.634734 4.049420 -4.894794
v -6.230376 4.214170 -4.450786
v -7.575487 4.214170 -4.876060
v -6.950024 3.902869 -7.000098
v -6.908130 3.884670 -6.986853
v -5.563019 3.884670 -6.561574
v -7.634734 3.946807 -4.894794
v -7.617381 3.902869 -4.889307
v -5.553758 3.825153 -6.556178
v -5.553758 4.273687 -6.556178
v -6.219695 4.273687 -4.449879
v -6.219695 3.825153 -4.449879
v -5.553758 4.216525 -6.556178
v -6.219695 4.216525 -4.449879
v -6.219695 3.882315 -4.449879
v -5.553758 3.882315 -6.556178
vt 0.008254 0.918739
vt 0.008254 0.923510
vt 0.000412 0.923510
vt 0.000412 0.918739
vt 0.012432 0.926670
vt 0.016070 0.926670
vt 0.016070 0.937246
vt 0.012432 0.937246
vt 0.016070 0.918739
vt 0.012432 0.918739
vt 0.012432 0.094112
vt 0.016070 0.094112
vt 0.008254 0.094112
vt 0.975679 0.926670
vt 0.979317 0.926670
vt 0.979317 0.937246
vt 0.975679 0.937246
vt 0.983495 0.923510
vt 0.983495 0.918739
vt 0.991337 0.918739
vt 0.991337 0.923510
vt 0.975679 0.918739
vt 0.975679 0.923510
vt 0.562965 0.923510
vt 0.562965 0.918739
vt 0.562965 0.926670
vt 0.979317 0.918739
vt 0.979317 0.094111
vt 0.983494 0.094111
vt 0.975679 0.094111
vt 0.983494 0.089340
vt 0.991337 0.089340
vt 0.991337 0.094111
vt 0.979317 0.086180
vt 0.975679 0.086180
vt 0.975679 0.075604
vt 0.979317 0.075604
vt 0.016070 0.086180
vt 0.012432 0.086180
vt 0.012432 0.075604
vt 0.016070 0.075604
vt 0.008254 0.089341
vt 0.000411 0.094112
vt 0.000411 0.089341
vt 0.016070 0.089341
vt 0.428783 0.089341
vt 0.428783 0.094111
vt 0.428783 0.086180
vt 0.975679 0.940944
vt 0.562965 0.940944
vt 0.562965 0.937246
vt 0.962870 0.026494
vt 0.962870 0.032289
vt 0.533327 0.027465
vt 0.534679 0.022174
vt 0.966912 0.032257
vt 0.967571 0.987107
vt 0.963489 0.987141
vt 0.994139 0.918739
vt 0.994139 0.094111
vt 0.016070 0.071906
vt 0.428783 0.071906
vt 0.428783 0.075604
vt 0.010887 0.989306
vt 0.010886 0.983510
vt 0.440424 0.988311
vt 0.439077 0.993610
vt 0.006843 0.983540
vt 0.006186 0.028667
vt 0.010268 0.028633
vt -0.002391 0.094112
vt -0.002391 0.918739
vt 0.562965 0.094111
vt 0.428783 0.918739
vt 0.495874 0.918739
vt 0.495874 0.094111
vt 0.522299 0.094111
vt 0.522299 0.918739
vt 0.469450 0.918739
vt 0.469450 0.094111
vt 0.540508 0.918739
vt 0.540508 0.094111
vt 0.451240 0.918739
vt 0.451240 0.094111
vt 0.495874 0.926670
vt 0.522299 0.926670
vt 0.522299 0.937246
vt 0.495874 0.937246
vt 0.540508 0.926670
vt 0.540508 0.937246
vt 0.522299 0.086180
vt 0.495874 0.086180
vt 0.495874 0.075604
vt 0.522299 0.075604
vt 0.562965 0.086180
vt 0.562965 0.075604
vt 0.540508 0.086180
vt 0.540508 0.075604
vt 0.451241 0.926670
vt 0.469450 0.926670
vt 0.469450 0.937246
vt 0.451241 0.937246
vt 0.428783 0.926670
vt 0.428783 0.937246
vt 0.469450 0.086180
vt 0.469450 0.075604
vt 0.451240 0.086180
vt 0.451240 0.075604
vt 0.946858 0.963524
vt 0.946247 0.056013
vt 0.026900 0.052250
vt 0.027509 0.959784
vt 0.488129 0.026712
vt 0.510219 0.026429
vt 0.510175 0.050904
vt 0.488193 0.050652
vt 0.520713 0.025933
vt 0.520433 0.051036
vt 0.533454 0.051255
vt 0.507631 0.989297
vt 0.485639 0.989035
vt 0.485568 0.965104
vt 0.507559 0.965354
vt 0.530995 0.989426
vt 0.530885 0.965627
vt 0.517931 0.989353
vt 0.517831 0.965479
vt 0.455829 0.026407
vt 0.466130 0.026459
vt 0.466201 0.050402
vt 0.455928 0.050283
vt 0.442764 0.026337
vt 0.442873 0.050136
vt 0.463572 0.989290
vt 0.463586 0.964851
vt 0.453113 0.989744
vt 0.453327 0.964718
vt 0.440304 0.964512
vt 0.016070 0.923510
vt 0.428783 0.923510
vt 0.540508 0.923510
vt 0.975679 0.089340
vt 0.562965 0.089341
vt 0.451240 0.089341
vt 0.495874 0.923510
vt 0.469450 0.923510
vt 0.522299 0.923510
vt 0.495874 0.089341
vt 0.522299 0.089341
vt 0.469450 0.089341
vt 0.540508 0.089341
vt 0.451241 0.923510
vt 0.495874 0.940944
vt 0.469450 0.940944
vt 0.488105 0.020654
vt 0.466143 0.020343
vt 0.510159 0.020300
vt 0.522299 0.940944
vt 0.520796 0.020106
vt 0.540508 0.940944
vt 0.524257 0.021987
vt 0.522299 0.071906
vt 0.540508 0.071906
vt 0.507618 0.995412
vt 0.518090 0.995213
vt 0.485664 0.995092
vt 0.495874 0.071906
vt 0.963512 0.992986
vt 0.530792 0.995274
vt 0.975679 0.071906
vt 0.562965 0.071906
vt 0.517240 0.995327
vt 0.451241 0.940944
vt 0.455670 0.020547
vt 0.428783 0.940944
vt 0.456522 0.020434
vt 0.442968 0.020489
vt 0.010245 0.022788
vt 0.016070 0.940944
vt 0.463634 0.995417
vt 0.469450 0.071906
vt 0.453026 0.995577
vt 0.451240 0.071906
vt 0.449860 0.994144
vt 0.012432 0.923510
vt 0.979317 0.923510
vt 0.979317 0.089340
vt 0.012432 0.089341
vt 0.967497 0.031953
vt 0.979317 0.940944
vt 0.994139 0.923510
vt 0.966959 0.992262
vt 0.994139 0.089340
vt 0.979317 0.071906
vt 0.006190 0.984018
vt 0.012432 0.071906
vt -0.002391 0.089341
vt 0.006798 0.023512
vt -0.002391 0.923510
vt 0.012432 0.940944
vn 0.9486 -0.1074 0.2976
vn 0.9942 -0.0756 -0.0770
vn 0.9942 0.0756 -0.0770
vn 0.9486 0.1074 0.2976
vn 0.6348 -0.0739 -0.7692
vn 0.3030 -0.1076 -0.9469
vn 0.3030 0.1070 -0.9470
vn 0.6348 0.0739 -0.7692
vn 0.0042 -1.0000 -0.0012
vn 0.3653 -0.9240 0.1133
vn 0.3640 -0.9240 0.1173
vn 0.0028 -1.0000 0.0034
vn 0.8812 -0.3826 0.2777
vn 0.9473 -0.1074 0.3018
vn 0.8807 -0.3826 0.2793
vn 0.3030 0.1076 -0.9469
vn 0.6347 0.0739 -0.7692
vn 0.3030 -0.1071 -0.9470
vn 0.0043 1.0000 -0.0012
vn 0.1184 0.9240 -0.3635
vn 0.0885 0.9227 -0.3753
vn -0.0208 0.9997 -0.0090
vn 0.2800 0.3825 -0.8805
vn 0.2959 0.1182 -0.9479
vn 0.2750 0.3821 -0.8823
vn 0.8812 0.3826 0.2777
vn 0.8807 0.3826 0.2793
vn 0.9473 0.1074 0.3018
vn 0.3653 0.9240 0.1133
vn 0.0028 1.0000 0.0034
vn 0.3640 0.9240 0.1173
vn 0.7692 0.0756 0.6345
vn 0.7692 -0.0756 0.6345
vn 0.0772 0.0739 0.9943
vn -0.2965 0.1076 0.9490
vn -0.2965 -0.1070 0.9490
vn 0.0772 -0.0739 0.9943
vn -0.2964 -0.1076 0.9490
vn 0.0773 -0.0739 0.9943
vn -0.2965 0.1071 0.9490
vn -0.1122 -0.9240 0.3655
vn -0.1434 -0.9226 0.3580
vn -0.0221 -0.9997 -0.0046
vn -0.2771 -0.3825 0.8814
vn -0.3028 -0.1182 0.9457
vn -0.2821 -0.3820 0.8800
vn 0.2800 -0.3825 -0.8805
vn 0.2859 -0.3814 -0.8791
vn 0.3006 -0.0975 -0.9488
vn 0.1184 -0.9240 -0.3635
vn 0.0909 -0.9956 -0.0248
vn 0.0375 -0.9964 -0.0755
vn 0.1212 -0.9237 -0.3635
vn 0.0601 -0.9956 0.0726
vn -0.2771 0.3825 0.8814
vn -0.2714 0.3814 0.8837
vn -0.2994 0.0975 0.9491
vn -0.1121 0.9240 0.3655
vn 0.0601 0.9955 0.0726
vn -0.0128 0.9964 0.0833
vn -0.1098 0.9237 0.3671
vn 0.0909 0.9956 -0.0248
vn 0.8812 0.3826 0.2778
vn -0.0221 0.9997 -0.0046
vn -0.0208 -0.9997 -0.0090
vn -0.9528 0.0000 -0.3037
vn -0.9542 -0.0000 -0.2992
vn -0.9404 0.1693 -0.2949
vn -0.9390 0.1693 -0.2993
vn -0.9390 -0.1693 -0.2993
vn -0.9404 -0.1693 -0.2949
vn -0.3639 0.9239 -0.1184
vn -0.3658 0.9239 -0.1123
vn -0.8806 0.3827 -0.2795
vn -0.8812 0.3827 -0.2775
vn -0.8806 -0.3827 -0.2795
vn -0.8812 -0.3827 -0.2775
vn -0.3639 -0.9239 -0.1184
vn -0.3658 -0.9239 -0.1123
vn 0.1937 -0.0000 -0.9811
vn 0.1731 0.0141 -0.9848
vn 0.3735 -0.0152 -0.9275
vn 0.3990 0.0000 -0.9170
vn 0.1834 0.0795 -0.9798
vn 0.3315 -0.0574 -0.9417
vn -0.4246 0.0141 0.9053
vn -0.4054 0.0000 0.9141
vn -0.2007 -0.0000 0.9796
vn -0.2276 -0.0152 0.9736
vn -0.3028 0.1182 0.9457
vn -0.2994 -0.0975 0.9491
vn -0.4132 0.0795 0.9072
vn -0.2701 -0.0574 0.9611
vn 0.1834 -0.0795 -0.9798
vn 0.1731 -0.0141 -0.9848
vn 0.3735 0.0152 -0.9275
vn 0.3315 0.0574 -0.9417
vn 0.2959 -0.1182 -0.9479
vn 0.3006 0.0975 -0.9488
vn -0.4245 -0.0141 0.9053
vn -0.2276 0.0152 0.9736
vn -0.4132 -0.0795 0.9072
vn -0.2701 0.0574 0.9611
vn 0.0000 -1.0000 0.0000
vn 0.0000 1.0000 0.0000
vn 0.9743 -0.0000 0.2251
vn 0.9700 -0.1123 0.2156
vn 0.9468 -0.1182 0.2993
vn 0.9535 0.0000 0.3015
vn 0.9095 -0.3802 0.1682
vn 0.8809 -0.3827 0.2785
vn 0.3815 -0.9224 0.0609
vn 0.0114 -0.9999 0.0036
vn 0.3649 -0.9239 0.1154
vn 0.9177 -0.1123 0.3812
vn 0.9267 0.0000 0.3759
vn -0.0128 -0.9964 0.0833
vn 0.0114 -0.9999 0.0034
vn 0.3471 -0.9224 0.1695
vn 0.8409 -0.3802 0.3852
vn 0.9095 0.3802 0.1682
vn 0.9700 0.1123 0.2156
vn 0.9468 0.1182 0.2993
vn 0.8809 0.3827 0.2785
vn 0.0374 0.9964 -0.0755
vn 0.0113 0.9999 0.0037
vn 0.3814 0.9224 0.0609
vn 0.3649 0.9239 0.1154
vn 0.9177 0.1123 0.3812
vn 0.8409 0.3802 0.3852
vn 0.3471 0.9224 0.1695
vn 0.0114 0.9999 0.0036
vn 0.2799 -0.3825 -0.8805
vn 0.2750 -0.3820 -0.8823
vn 0.0885 -0.9227 -0.3753
vn -0.2217 0.8536 -0.4715
vn 0.1078 0.3222 -0.9405
vn -0.2821 0.3821 0.8800
vn -0.1122 0.9240 0.3655
vn -0.1433 0.9227 0.3580
vn -0.4525 -0.8535 0.2583
vn -0.4524 -0.3222 0.8316
vn -0.7656 0.0000 -0.6434
vn -0.7537 -0.1227 -0.6456
vn -0.0863 0.0000 -0.9963
vn -0.0701 -0.0869 -0.9937
vn -0.0701 0.0869 -0.9937
vn -0.7537 0.1227 -0.6456
vn -0.9963 0.0000 0.0864
vn -0.9879 0.1227 0.0950
vn -0.6435 0.0000 0.7655
vn -0.6287 0.0870 0.7728
vn -0.6286 -0.0870 0.7728
vn -0.9879 -0.1227 0.0950
vn -0.9292 0.3536 0.1075
vn -0.4525 0.3222 0.8315
vn -0.6985 -0.3536 -0.6222
vn 0.1078 -0.3222 -0.9405
vn -0.6985 0.3536 -0.6222
vn -0.4525 0.8535 0.2583
vn -0.2217 -0.8536 -0.4715
vn -0.9292 -0.3536 0.1075
vn 0.6434 0.0000 -0.7655
vn 0.6388 0.0302 -0.7688
vn 0.9963 0.0000 -0.0864
vn 0.9850 0.1434 -0.0964
vn 0.9850 -0.1434 -0.0963
vn 0.6388 -0.0302 -0.7688
vn 0.9292 -0.3536 -0.1076
vn 0.5704 -0.2003 -0.7965
vn 0.4525 -0.8536 -0.2583
vn 0.0808 -0.0302 0.9963
vn 0.0088 -0.2003 0.9797
vn 0.7506 -0.1434 0.6450
vn 0.6985 -0.3536 0.6222
vn 0.7655 0.0000 0.6434
vn 0.0864 0.0000 0.9963
vn -0.1121 -0.9240 0.3655
vn -0.1098 -0.9237 0.3671
vn -0.2714 -0.3814 0.8837
vn 0.2217 -0.8536 0.4714
vn 0.5704 0.2003 -0.7966
vn 0.9292 0.3536 -0.1076
vn 0.2859 0.3814 -0.8791
vn 0.4525 0.8536 -0.2583
vn 0.1212 0.9237 -0.3634
vn 0.7506 0.1434 0.6451
vn 0.0807 0.0302 0.9963
vn 0.6985 0.3535 0.6222
vn 0.0088 0.2003 0.9797
vn 0.2217 0.8536 0.4714
vn 0.5778 -0.3253 -0.7486
vn 0.9447 -0.3252 -0.0425
vn 0.4082 -0.8879 -0.2120
vn 0.9447 0.3252 -0.0425
vn 0.5778 0.3253 -0.7486
vn 0.4082 0.8879 -0.2120
vn 0.0426 0.3253 0.9446
vn 0.7485 0.3253 0.5779
vn 0.2120 0.8880 0.4081
vn 0.7485 -0.3253 0.5779
vn 0.0426 -0.3253 0.9446
vn 0.2121 -0.8879 0.4082
vn 0.4082 -0.8879 -0.2121
vn 0.0426 -0.3253 0.9447
vn 0.2121 0.8879 0.4082
vn 0.0426 0.3253 0.9447
vn 0.7485 0.3252 0.5779
vn 0.4082 0.8879 -0.2121
usemtl M_bookredblueSG.002
s 1
f 19/1/1 20/2/2 21/3/3 22/4/4
f 20/5/5 23/6/6 24/7/7 21/8/8
f 25/9/9 26/10/10 27/11/11 28/12/12
f 26/10/13 19/1/1 29/13/14 27/11/15
f 30/14/16 31/15/17 32/16/5 33/17/18
f 31/18/3 34/19/4 35/20/1 32/21/2
f 36/22/19 37/23/20 38/24/21 39/25/22
f 37/23/23 30/14/16 40/26/24 38/24/25
f 34/19/4 41/27/26 42/28/27 43/29/28
f 41/27/29 36/22/19 44/30/30 42/28/31
f 43/29/28 45/31/32 46/32/33 47/33/14
f 45/34/34 48/35/35 49/36/36 46/37/37
f 50/38/38 51/39/39 52/40/34 53/41/40
f 51/42/33 29/13/14 54/43/28 52/44/32
f 28/12/12 55/45/41 56/46/42 57/47/43
f 55/45/44 50/38/38 58/48/45 56/46/46
f 33/17/18 59/49/47 60/50/48 61/51/49
f 59/52/50 62/53/51 63/54/52 60/55/53
f 62/53/51 64/56/10 65/57/11 66/58/54
f 64/59/13 35/20/1 47/33/14 65/60/15
f 53/41/40 67/61/55 68/62/56 69/63/57
f 67/64/58 70/65/59 71/66/60 68/67/61
f 70/65/59 72/68/31 73/69/29 74/70/62
f 72/71/27 54/43/28 22/4/4 73/72/63
f 36/22/19 39/25/22 75/73/64 44/30/30
f 28/12/12 57/47/43 76/74/65 25/9/9
f 77/75/66 78/76/67 79/77/68 80/78/69
f 81/79/70 82/80/71 78/76/67 77/75/66
f 39/25/22 83/81/72 84/82/73 75/73/64
f 83/81/74 80/78/69 79/77/68 84/82/75
f 81/79/70 85/83/76 86/84/77 82/80/71
f 85/83/78 76/74/65 57/47/43 86/84/79
f 34/19/4 43/29/28 47/33/14 35/20/1
f 29/13/14 19/1/1 22/4/4 54/43/28
f 87/85/80 88/86/81 89/87/82 90/88/83
f 88/86/81 91/89/84 92/90/85 89/87/82
f 91/89/84 40/26/24 61/51/49 92/90/85
f 40/26/24 30/14/16 33/17/18 61/51/49
f 93/91/86 94/92/87 95/93/88 96/94/89
f 48/35/35 97/95/90 98/96/91 49/36/36
f 97/95/90 99/97/92 100/98/93 98/96/91
f 99/97/92 93/91/86 96/94/89 100/98/93
f 101/99/94 102/100/95 103/101/96 104/102/97
f 102/100/95 87/85/80 90/88/83 103/101/96
f 23/6/6 105/103/98 106/104/99 24/7/7
f 105/103/98 101/99/94 104/102/97 106/104/99
f 94/92/87 107/105/100 108/106/101 95/93/88
f 107/105/100 109/107/102 110/108/103 108/106/101
f 109/107/102 58/48/45 69/63/57 110/108/103
f 58/48/45 50/38/38 53/41/40 69/63/57
f 62/53/51 66/58/54 2/109/104 1/110/104
f 70/65/59 74/70/62 4/111/105 3/112/105
f 111/113/106 112/114/107 6/115/108 5/116/109
f 112/114/107 113/117/110 7/118/111 6/115/108
f 113/117/112 63/54/52 8/119/113 7/118/114
f 63/54/52 62/53/51 1/110/104 8/119/113
f 114/120/115 115/121/116 10/122/109 9/123/108
f 66/58/54 116/124/117 11/125/118 2/109/104
f 116/124/117 117/126/119 12/127/114 11/125/118
f 117/126/120 114/120/115 9/123/108 12/127/111
f 118/128/121 119/129/122 14/130/123 13/131/124
f 119/129/122 111/113/106 5/116/109 14/130/123
f 74/70/62 120/132/125 15/133/126 4/111/105
f 120/132/125 118/128/127 13/131/128 15/133/126
f 115/121/116 121/134/129 16/135/123 10/122/109
f 121/134/129 122/136/130 17/137/124 16/135/123
f 122/136/131 71/66/60 18/138/132 17/137/128
f 71/66/60 70/65/59 3/112/105 18/138/132
f 23/6/6 123/139/133 124/140/134 105/103/98
f 123/139/50 25/9/9 76/74/65 124/140/135
f 39/25/22 38/24/21 125/141/136 83/81/72
f 38/24/25 40/26/24 91/89/84 125/141/137
f 48/35/35 126/142/55 127/143/138 97/95/90
f 126/142/139 44/30/30 75/73/64 127/143/140
f 57/47/43 56/46/42 128/144/141 86/84/79
f 56/46/46 58/48/45 109/107/102 128/144/142
f 77/75/66 129/145/143 130/146/144 81/79/70
f 129/145/145 87/85/80 102/100/95 130/146/146
f 87/85/80 129/145/145 131/147/147 88/86/81
f 129/145/143 77/75/66 80/78/69 131/147/148
f 78/76/67 132/148/149 133/149/150 79/77/68
f 132/148/151 94/92/87 93/91/86 133/149/152
f 94/92/87 132/148/151 134/150/153 107/105/100
f 132/148/149 78/76/67 82/80/71 134/150/154
f 79/77/68 133/149/150 135/151/155 84/82/75
f 133/149/152 93/91/86 99/97/92 135/151/156
f 81/79/70 130/146/144 136/152/157 85/83/76
f 130/146/146 102/100/95 101/99/94 136/152/158
f 88/86/81 131/147/147 125/141/137 91/89/84
f 131/147/148 80/78/69 83/81/74 125/141/159
f 97/95/90 127/143/138 135/151/156 99/97/92
f 127/143/140 75/73/64 84/82/73 135/151/160
f 105/103/98 124/140/134 136/152/158 101/99/94
f 124/140/135 76/74/65 85/83/78 136/152/161
f 107/105/100 134/150/153 128/144/142 109/107/102
f 134/150/154 82/80/71 86/84/77 128/144/162
f 90/88/83 137/153/163 138/154/164 103/101/96
f 137/155/165 111/113/106 119/129/122 138/156/166
f 111/113/106 137/155/165 139/157/167 112/114/107
f 137/153/163 90/88/83 89/87/82 139/158/168
f 112/114/107 139/157/167 140/159/169 113/117/110
f 139/158/168 89/87/82 92/90/85 140/160/170
f 113/117/112 140/161/171 60/55/53 63/54/52
f 140/160/170 92/90/85 61/51/49 60/50/48
f 96/94/89 141/162/172 142/163/173 100/98/93
f 141/164/174 114/120/115 117/126/120 142/165/175
f 114/120/115 141/164/174 143/166/176 115/121/116
f 141/162/172 96/94/89 95/93/88 143/167/177
f 66/58/54 144/168/178 145/169/179 116/124/117
f 144/170/44 49/36/36 98/96/91 145/171/180
f 116/124/117 145/169/179 142/172/181 117/126/119
f 145/171/180 98/96/91 100/98/93 142/163/173
f 103/101/96 138/154/164 146/173/182 104/102/97
f 138/156/166 119/129/122 118/128/121 146/174/183
f 104/102/97 146/173/182 147/175/184 106/104/99
f 146/176/185 118/128/127 120/132/125 147/177/186
f 74/70/62 148/178/20 147/177/186 120/132/125
f 148/179/23 24/7/7 106/104/99 147/175/184
f 115/121/116 143/166/176 149/180/187 121/134/129
f 143/167/177 95/93/88 108/106/101 149/181/188
f 121/134/129 149/180/187 150/182/189 122/136/130
f 149/181/188 108/106/101 110/108/103 150/183/190
f 122/136/131 150/184/191 68/67/61 71/66/60
f 150/183/190 110/108/103 69/63/57 68/62/56
f 123/139/133 23/6/6 20/5/5 151/185/192
f 20/2/2 19/1/1 26/10/13 151/185/193
f 26/10/10 25/9/9 123/139/50 151/185/194
f 41/27/26 34/19/4 31/18/3 152/186/195
f 31/15/17 30/14/16 37/23/23 152/186/196
f 37/23/20 36/22/19 41/27/29 152/186/197
f 126/142/55 48/35/35 45/34/34 153/187/198
f 45/31/32 43/29/28 42/28/27 153/187/199
f 42/28/31 44/30/30 126/142/139 153/187/200
f 27/11/15 29/13/14 51/42/33 154/188/201
f 51/39/39 50/38/38 55/45/44 154/188/202
f 55/45/41 28/12/12 27/11/11 154/188/203
f 64/56/10 62/53/51 59/52/50 155/189/204
f 59/49/47 33/17/18 32/16/5 155/190/192
f 32/21/2 35/20/1 64/59/13 155/191/193
f 144/168/178 66/58/54 65/57/11 156/192/203
f 65/60/15 47/33/14 46/32/33 156/193/201
f 46/37/37 49/36/36 144/170/44 156/194/205
f 72/68/31 70/65/59 67/64/58 157/195/206
f 67/61/55 53/41/40 52/40/34 157/196/207
f 52/44/32 54/43/28 72/71/27 157/197/208
f 148/178/20 74/70/62 73/69/29 158/198/209
f 73/72/63 22/4/4 21/3/3 158/199/195
f 21/8/8 24/7/7 148/179/23 158/200/196
o sorcerer_desk.000
v -12.000000 -0.000004 12.000000
v 12.000000 -0.000004 12.000000
v 12.000000 0.000004 -12.000000
v -12.000000 0.000004 -12.000000
vt -0.302591 1.287937
vt -0.302591 -0.287937
vt 1.302591 -0.287937
vt 1.302591 1.287936
vn 0.0000 1.0000 0.0000
usemtl aiStandardSurface5SG.002
s off
f 159/201/210 160/202/210 161/203/210 162/204/210
o sorcerer_desk.001
v -12.517119 -0.075205 12.000000
v -11.538872 -0.075205 12.000000
v -11.538872 8.333704 12.000002
v -12.517119 8.333704 12.000002
v -11.538873 8.333712 -11.999998
v -12.517120 8.333712 -11.999998
v -11.538873 -0.075197 -12.000000
v -12.517120 -0.075197 -12.000000
v -11.441049 1.994010 -2.818828
v -11.441049 1.994014 -9.353098
v -12.614945 1.994014 -9.353098
v -12.614945 1.994010 -2.818828
v -11.441049 7.885162 -9.353096
v -12.614945 7.885162 -9.353096
v -11.441049 7.885160 -2.818826
v -12.614945 7.885160 -2.818826
v 11.769437 -0.075197 -11.904413
v 11.769437 -0.075197 -12.882661
v 11.769437 8.333712 -12.882659
v 11.769437 8.333712 -11.904411
v -11.769437 8.333712 -12.882656
v -11.769437 8.333712 -11.904409
v -11.769437 -0.075197 -12.882658
v -11.769437 -0.075197 -11.904411
vt -0.614436 0.109534
vt -0.614436 0.109534
vt -0.614436 0.890466
vt -0.614436 0.890466
vt 1.614436 0.890466
vt 1.614436 0.890466
vt 1.614436 0.109534
vt 1.614436 0.109534
vt 0.761784 0.301701
vt 1.368619 0.301701
vt 1.368619 0.301701
vt 0.761784 0.301701
vt 1.368619 0.848810
vt 1.368619 0.848810
vt 0.761784 0.848810
vt 0.761784 0.848810
vt 1.535130 0.130215
vt 1.535130 0.130215
vt 1.535130 0.869785
vt 1.535130 0.869785
vt -0.535130 0.869785
vt -0.535130 0.869785
vt -0.535130 0.130215
vt -0.535130 0.130215
vn 0.0000 -0.0000 1.0000
vn 0.0000 1.0000 0.0000
vn 0.0000 0.0000 -1.0000
vn 0.0000 -1.0000 -0.0000
vn 1.0000 0.0000 0.0000
vn -1.0000 0.0000 0.0000
vn 1.0000 -0.0042 0.0060
vn 0.9993 -0.0370 -0.0080
vn 0.9995 -0.0264 -0.0163
vn 0.9999 -0.0140 0.0046
vn 0.9987 0.0416 -0.0299
vn 0.9974 0.0668 -0.0256
vn 1.0000 0.0017 0.0066
vn 0.9997 0.0226 0.0059
vn -0.9993 -0.0370 -0.0080
vn -1.0000 -0.0042 0.0060
vn -0.9999 -0.0139 0.0047
vn -0.9995 -0.0264 -0.0163
vn -1.0000 0.0017 0.0066
vn -0.9997 0.0226 0.0059
vn -0.9987 0.0416 -0.0299
vn -0.9974 0.0668 -0.0256
usemtl aiStandardSurface6SG.002
s off
f 163/205/211 164/206/211 165/207/211 166/208/211
f 166/208/212 165/207/212 167/209/212 168/210/212
f 168/210/213 167/209/213 169/211/213 170/212/213
f 170/212/214 169/211/214 164/206/214 163/205/214
f 171/213/212 172/214/212 173/215/212 174/216/212
f 172/214/211 175/217/211 176/218/211 173/215/211
f 175/217/214 177/219/214 178/220/214 176/218/214
f 177/219/213 171/213/213 174/216/213 178/220/213
f 179/221/215 180/222/215 181/223/215 182/224/215
f 182/224/212 181/223/212 183/225/212 184/226/212
f 184/226/216 183/225/216 185/227/216 186/228/216
f 186/228/214 185/227/214 180/222/214 179/221/214
f 180/222/213 185/227/213 183/225/213 181/223/213
f 186/228/211 179/221/211 182/224/211 184/226/211
s 1
f 164/206/217 169/211/218 172/214/219 171/213/220
f 169/211/218 167/209/221 175/217/222 172/214/219
f 167/209/221 165/207/223 177/219/224 175/217/222
f 165/207/223 164/206/217 171/213/220 177/219/224
f 170/212/225 163/205/226 174/216/227 173/215/228
f 163/205/226 166/208/229 178/220/230 174/216/227
f 166/208/229 168/210/231 176/218/232 178/220/230
f 168/210/231 170/212/225 173/215/228 176/218/232
o sorcerer_desk.003
v -12.038874 -0.095413 10.019602
v -11.038874 -0.095413 10.019602
v -11.038874 8.387940 10.019604
v -12.038874 8.387940 10.019604
v -11.038874 8.387940 9.019604
v -12.038874 8.387940 9.019604
v -11.038874 -0.095411 9.019602
v -12.038874 -0.095411 9.019602
v -12.038874 -0.095409 0.553202
v -11.038874 -0.095409 0.553202
v -11.038874 8.387944 0.553204
v -12.038874 8.387944 0.553204
v -11.038874 8.387944 -0.446796
v -12.038874 8.387944 -0.446796
v -11.038874 -0.095409 -0.446798
v -12.038874 -0.095409 -0.446798
v -12.038874 -0.095405 -11.404413
v -11.038874 -0.095405 -11.404413
v -11.038874 8.387948 -11.404411
v -12.038874 8.387948 -11.404411
v -11.038874 8.387948 -12.404411
v -12.038874 8.387948 -12.404411
v -11.038874 -0.095405 -12.404413
v -12.038874 -0.095405 -12.404413
v 9.006304 -0.095405 -11.404413
v 10.006304 -0.095405 -11.404413
v 10.006304 8.387948 -11.404411
v 9.006304 8.387948 -11.404411
v 10.006304 8.387948 -12.404411
v 9.006304 8.387948 -12.404411
v 10.006304 -0.095405 -12.404413
v 9.006304 -0.095405 -12.404413
v -0.500000 -0.095405 -11.404413
v 0.500000 -0.095405 -11.404413
v 0.500000 8.387948 -11.404411
v -0.500000 8.387948 -11.404411
v 0.500000 8.387948 -12.404411
v -0.500000 8.387948 -12.404411
v 0.500000 -0.095405 -12.404413
v -0.500000 -0.095405 -12.404413
v -12.756650 7.316690 -3.407477
v -12.756650 7.316692 -8.754638
v -11.344216 7.316692 -8.754638
v -11.344216 7.316690 -3.407477
v -12.756650 2.528646 -3.407479
v -11.344216 2.528646 -3.407479
v -12.756650 2.528647 -8.754640
v -11.344216 2.528647 -8.754640
v -11.344216 7.915195 -2.739082
v -11.344216 7.915198 -9.423033
v -12.756650 7.915198 -9.423033
v -12.756650 7.915195 -2.739082
v -11.344216 1.930139 -2.739085
v -12.756650 1.930139 -2.739085
v -11.344216 1.930144 -9.423035
v -12.756650 1.930144 -9.423035
v -12.136879 4.779171 -3.337952
v -11.861634 4.779171 -3.337952
v -11.861634 5.054420 -3.337952
v -12.136879 5.054420 -3.337952
v -12.136879 7.334618 -5.940525
v -11.861634 7.334618 -5.940525
v -11.861634 7.334618 -6.215773
v -12.136879 7.334618 -6.215773
v -12.136879 5.054421 -8.818347
v -11.861634 5.054421 -8.818347
v -11.861634 4.779173 -8.818347
v -12.136879 4.779173 -8.818347
v -12.136879 2.498975 -6.215775
v -11.861634 2.498975 -6.215775
v -11.861634 2.498975 -5.940526
v -12.136879 2.498975 -5.940526
v -12.136879 4.779173 -5.940526
v -11.861634 4.779173 -5.940526
v -11.861634 5.054420 -5.940526
v -12.136879 5.054420 -5.940526
v -11.861634 5.054420 -6.215773
v -12.136879 5.054420 -6.215773
v -11.861634 4.779173 -6.215773
v -12.136879 4.779173 -6.215773
v -13.327456 1.339625 -2.654748
v -11.161790 1.339625 -2.654748
v -11.161790 2.756541 -2.654747
v -13.327456 2.756541 -2.654747
v -11.161790 2.703570 -9.715566
v -13.327456 2.703570 -9.715566
v -11.161790 1.392604 -9.715566
v -13.327456 1.392604 -9.715566
vt 0.478263 0.661741
vt 0.478263 0.718117
vt 0.000000 0.718117
vt 0.000000 0.661741
vt 0.494913 0.000000
vt 0.659117 0.000000
vt 0.659117 0.164204
vt 0.494913 0.164204
vt 0.479201 0.548987
vt 0.479201 0.605364
vt 0.957464 0.605364
vt 0.957464 0.548987
vt 0.659884 0.000000
vt 0.824088 0.000000
vt 0.824088 0.164204
vt 0.659884 0.164204
vt 0.478263 0.548987
vt 0.478263 0.605364
vt 0.000000 0.605364
vt 0.000000 0.548987
vt 0.494913 0.328407
vt 0.659117 0.328407
vt 0.659117 0.492611
vt 0.494913 0.492611
vt 0.478263 0.605364
vt 0.478263 0.661741
vt 0.000000 0.661741
vt 0.000000 0.605364
vt 0.494913 0.164204
vt 0.659117 0.164204
vt 0.659117 0.328407
vt 0.494913 0.328407
vt 0.000000 0.887247
vt 0.000000 0.943624
vt 0.478263 0.943623
vt 0.478263 0.887247
vt 0.659884 0.164204
vt 0.824088 0.164204
vt 0.824088 0.328407
vt 0.659884 0.328407
vt 0.957464 0.492611
vt 0.957464 0.548987
vt 0.479201 0.548987
vt 0.479201 0.492611
vt 0.659884 0.328407
vt 0.824088 0.328407
vt 0.824088 0.492611
vt 0.659884 0.492611
vt 0.824855 0.000000
vt 0.881232 0.000000
vt 0.881232 0.478263
vt 0.824855 0.478263
vt 0.000000 0.000000
vt 0.164204 0.000000
vt 0.164204 0.164204
vt 0.000000 0.164204
vt 0.164204 0.328407
vt 0.000000 0.328407
vt 0.164204 0.492611
vt 0.000000 0.492611
vt 0.478263 0.718117
vt 0.478263 0.774494
vt 0.000000 0.774494
vt 0.000000 0.718117
vt 0.479201 0.605364
vt 0.643405 0.605364
vt 0.643405 0.769568
vt 0.479201 0.769568
vt 0.478263 0.830870
vt 0.478263 0.887247
vt 0.000000 0.887247
vt 0.000000 0.830870
vt 0.329942 0.000000
vt 0.494146 0.000000
vt 0.494146 0.164204
vt 0.329942 0.164204
vt 0.494146 0.328407
vt 0.329942 0.328407
vt 0.494146 0.492611
vt 0.329942 0.492611
vt 0.478263 0.492611
vt 0.478263 0.548987
vt 0.000000 0.548987
vt 0.000000 0.492611
vt 0.479201 0.769568
vt 0.643405 0.769568
vt 0.643405 0.933771
vt 0.479201 0.933771
vt 0.478263 0.943623
vt 0.478263 1.000000
vt 0.000000 1.000000
vt 0.000000 0.943624
vt 0.164971 0.000000
vt 0.329175 0.000000
vt 0.329175 0.164204
vt 0.164971 0.164204
vt 0.329175 0.328407
vt 0.164971 0.328407
vt 0.329175 0.492611
vt 0.164971 0.492611
vt 0.478263 0.774494
vt 0.478263 0.830870
vt 0.000000 0.830870
vt 0.000000 0.774494
vt 0.644172 0.605364
vt 0.808376 0.605364
vt 0.808376 0.769568
vt 0.644172 0.769568
vt 2.698058 1.375024
vt 2.698058 -0.229283
vt 3.121830 -0.229283
vt 3.121830 1.375024
vt -1.931320 -0.387883
vt -1.931320 -1.824438
vt -1.507548 -1.824438
vt -1.507548 -0.387883
vt 2.698058 2.979331
vt 2.698058 1.375024
vt 3.121830 1.375024
vt 3.121830 2.979331
vt -1.493149 -0.387883
vt -1.493149 -1.824438
vt -1.069377 -1.824438
vt -1.069377 -0.387883
vt 2.683658 -2.024977
vt 2.683658 -0.019593
vt 2.259886 -0.019593
vt 2.259886 -2.024977
vt 1.921620 -2.024977
vt 1.921620 -0.229282
vt 1.497849 -0.229282
vt 1.497849 -2.024977
vt 2.683658 -0.019593
vt 2.683658 1.985790
vt 2.259886 1.985790
vt 2.259886 -0.019593
vt 3.121830 -2.024977
vt 3.121830 -0.229283
vt 2.698058 -0.229283
vt 2.698058 -2.024977
vt 0.640557 -1.431110
vt 0.723138 -1.431110
vt 0.723138 -1.348528
vt 0.640557 -1.348528
vt 0.831066 -1.431110
vt 0.913648 -1.431110
vt 0.913648 -1.348528
vt 0.831066 -1.348528
vt 0.735811 -1.431110
vt 0.818392 -1.431110
vt 0.818392 -1.348528
vt 0.735811 -1.348528
vt 0.545302 -1.431110
vt 0.627883 -1.431110
vt 0.627883 -1.348528
vt 0.545302 -1.348528
vt 2.031275 -2.024977
vt 2.113857 -2.024977
vt 2.113857 -1.244126
vt 2.031275 -1.244126
vt -0.972396 -1.043588
vt -1.054977 -1.043588
vt -1.054977 -1.824438
vt -0.972396 -1.824438
vt -0.769213 -1.824438
vt -0.686632 -1.824438
vt -0.686632 -1.140310
vt -0.769213 -1.140310
vt -0.038900 -0.715194
vt -0.121481 -0.715194
vt -0.121481 -1.399322
vt -0.038900 -1.399322
vt -0.959722 -1.824438
vt -0.877141 -1.824438
vt -0.877141 -1.043588
vt -0.959722 -1.043588
vt 2.018601 -1.244126
vt 1.936021 -1.244126
vt 1.936021 -2.024977
vt 2.018601 -2.024977
vt 2.126529 -2.024977
vt 2.209111 -2.024977
vt 2.209111 -1.340849
vt 2.126529 -1.340849
vt -0.781886 -1.140310
vt -0.864468 -1.140310
vt -0.864468 -1.824438
vt -0.781886 -1.824438
vt 0.528283 -1.399322
vt -0.121481 -1.399322
vt -0.121481 -1.824438
vt 0.528283 -1.824438
vt 0.011876 2.274458
vt 0.011876 1.624685
vt 2.130359 1.624685
vt 2.130359 2.274458
vt 1.195066 -1.431110
vt 0.545302 -1.431111
vt 0.545302 -1.824438
vt 1.195066 -1.824438
vt -2.121830 2.274460
vt -2.121830 1.624687
vt -0.003345 1.624686
vt -0.003345 2.274460
vt 2.244635 0.399919
vt 0.126181 0.384026
vt 0.126181 -0.009303
vt 2.244635 -0.025197
vt 2.244636 1.253059
vt 0.126181 1.268953
vt 0.126181 0.843836
vt 2.244636 0.859730
vt 1.304134 -0.220132
vt 1.304134 -1.824439
vt 1.483704 -2.024977
vt 1.483703 -0.019594
vt -0.132421 -0.220132
vt -0.311990 -0.019594
vt -0.132421 -1.824439
vt -0.311990 -2.024977
vt -0.326136 -2.024977
vt -0.326135 -0.019594
vt -0.505705 -0.220132
vt -0.505705 -1.824438
vt -2.121830 -2.024976
vt -1.942260 -1.824438
vt -2.121829 -0.019594
vt -1.942260 -0.220132
vt 0.029219 0.843837
vt 0.029219 0.761255
vt 0.111801 0.761255
vt 0.111801 0.843837
vt -1.437703 0.843837
vt -1.437703 0.761255
vt -1.355121 0.761255
vt -1.355121 0.843837
vt 0.111801 1.624685
vt 0.029219 1.624685
vt -1.437703 -0.019594
vt -1.355121 -0.019594
vt 0.795927 0.761255
vt 0.795927 0.843837
vt -0.670994 0.761255
vt -0.670994 0.843837
vt 0.029219 -0.019594
vt 0.111801 -0.019594
vt -1.355121 1.624687
vt -1.437703 1.624687
vt -0.654907 0.843837
vt -0.654907 0.761255
vt -2.121830 0.843837
vt -2.121830 0.761255
vn 0.0000 -0.0000 1.0000
vn 0.0000 1.0000 0.0000
vn 0.0000 0.0000 -1.0000
vn 0.0000 -1.0000 -0.0000
vn 1.0000 0.0000 0.0000
vn -1.0000 0.0000 0.0000
vn 0.0000 1.0000 -0.0075
vn 0.0000 -1.0000 -0.0075
usemtl aiStandardSurface8SG.002
s off
f 187/229/233 188/230/233 189/231/233 190/232/233
f 190/233/234 189/234/234 191/235/234 192/236/234
f 192/237/235 191/238/235 193/239/235 194/240/235
f 194/241/236 193/242/236 188/243/236 187/244/236
f 188/245/237 193/246/237 191/247/237 189/248/237
f 194/249/238 187/250/238 190/251/238 192/252/238
f 195/253/233 196/254/233 197/255/233 198/256/233
f 198/257/234 197/258/234 199/259/234 200/260/234
f 200/261/235 199/262/235 201/263/235 202/264/235
f 202/265/236 201/266/236 196/267/236 195/268/236
f 196/269/237 201/270/237 199/271/237 197/272/237
f 202/273/238 195/274/238 198/275/238 200/276/238
f 203/277/233 204/278/233 205/279/233 206/280/233
f 206/281/234 205/282/234 207/283/234 208/284/234
f 208/284/235 207/283/235 209/285/235 210/286/235
f 210/286/236 209/285/236 204/287/236 203/288/236
f 204/289/237 209/290/237 207/291/237 205/292/237
f 210/293/238 203/294/238 206/295/238 208/296/238
f 211/297/233 212/298/233 213/299/233 214/300/233
f 214/301/234 213/302/234 215/303/234 216/304/234
f 216/304/235 215/303/235 217/305/235 218/306/235
f 218/306/236 217/305/236 212/307/236 211/308/236
f 212/309/237 217/310/237 215/311/237 213/312/237
f 218/313/238 211/314/238 214/315/238 216/316/238
f 219/317/233 220/318/233 221/319/233 222/320/233
f 222/321/234 221/322/234 223/323/234 224/324/234
f 224/324/235 223/323/235 225/325/235 226/326/235
f 226/326/236 225/325/236 220/327/236 219/328/236
f 220/329/237 225/330/237 223/331/237 221/332/237
f 226/333/238 219/334/238 222/335/238 224/336/238
f 227/337/236 228/338/236 229/339/236 230/340/236
f 231/341/235 227/342/235 230/343/235 232/344/235
f 233/345/234 231/346/234 232/347/234 234/348/234
f 228/349/233 233/350/233 234/351/233 229/352/233
f 235/353/234 236/354/234 237/355/234 238/356/234
f 239/357/233 235/358/233 238/359/233 240/360/233
f 241/361/236 239/362/236 240/363/236 242/364/236
f 236/365/235 241/366/235 242/367/235 237/368/235
f 243/369/233 244/370/233 245/371/233 246/372/233
f 247/373/234 248/374/234 249/375/234 250/376/234
f 251/377/235 252/378/235 253/379/235 254/380/235
f 255/381/236 256/382/236 257/383/236 258/384/236
f 259/385/236 260/386/236 244/387/236 243/388/236
f 261/389/234 262/390/234 246/391/234 245/392/234
f 262/393/233 261/394/233 248/395/233 247/396/233
f 263/397/235 264/398/235 250/399/235 249/400/235
f 264/401/234 263/402/234 252/403/234 251/404/234
f 265/405/236 266/406/236 254/407/236 253/408/236
f 266/409/235 265/410/235 256/411/235 255/412/235
f 260/413/233 259/414/233 258/415/233 257/416/233
f 267/417/233 268/418/233 269/419/233 270/420/233
f 270/421/239 269/422/239 271/423/239 272/424/239
f 272/425/235 271/426/235 273/427/235 274/428/235
f 274/429/240 273/430/240 268/431/240 267/432/240
f 268/433/237 273/434/237 271/435/237 269/436/237
f 274/437/238 267/438/238 270/439/238 272/440/238
s 1
f 230/441/237 229/442/237 236/443/237 235/444/237
f 232/445/237 230/441/237 235/444/237 239/446/237
f 234/447/237 232/445/237 239/446/237 241/448/237
f 229/442/237 234/447/237 241/448/237 236/443/237
f 238/449/238 237/450/238 228/451/238 227/452/238
f 240/453/238 238/449/238 227/452/238 231/454/238
f 242/455/238 240/453/238 231/454/238 233/456/238
f 237/450/238 242/455/238 233/456/238 228/451/238
f 260/457/237 265/458/237 263/459/237 261/460/237
f 266/461/238 259/462/238 262/463/238 264/464/238
f 260/457/237 261/460/237 245/465/237 244/466/237
f 262/463/238 259/462/238 243/467/238 246/468/238
f 261/460/237 263/459/237 249/469/237 248/470/237
f 264/464/238 262/463/238 247/471/238 250/472/238
f 263/459/237 265/458/237 253/473/237 252/474/237
f 266/461/238 264/464/238 251/475/238 254/476/238
f 265/458/237 260/457/237 257/477/237 256/478/237
f 259/462/238 266/461/238 255/479/238 258/480/238
o sorcerer_desk.005
v 0.154406 3.874379 -6.370230
v 0.154614 3.870608 -6.371046
v 0.155366 3.869050 -6.372886
v 0.159056 3.869073 -6.381202
v 0.159911 3.870641 -6.382987
v 0.160368 3.874417 -6.383673
v 0.160160 3.878188 -6.382854
v 0.159408 3.879746 -6.381014
v 0.155720 3.879723 -6.372700
v 0.154864 3.878155 -6.370914
v -0.557711 3.851037 -6.692944
v -0.558722 3.838193 -6.690354
v -0.557917 3.832879 -6.693038
v -0.557419 3.849232 -6.693910
v -0.573248 3.850963 -6.645422
v -0.572229 3.863807 -6.648007
v -0.573038 3.869121 -6.645327
v -0.573540 3.852768 -6.644457
v -0.557378 3.852846 -6.693891
v -0.557505 3.869195 -6.692849
v -0.558431 3.863873 -6.690219
v -0.573582 3.849154 -6.644476
v -0.573457 3.832805 -6.645521
v -0.572525 3.838127 -6.648146
v -0.570487 3.832819 -6.654581
v -0.592639 3.833055 -6.652089
v -0.577226 3.833126 -6.699646
v -0.560873 3.832865 -6.683975
v -0.592240 3.869371 -6.651904
v -0.570781 3.869654 -6.652191
v -0.574764 3.871990 -6.653848
v -0.563912 3.872042 -6.687112
v -0.559507 3.868674 -6.686727
v -0.576835 3.869443 -6.699466
v -2.317352 3.881264 -7.029716
v -2.314355 3.881072 -7.026073
v -2.294985 3.882262 -7.024189
v -2.295108 3.884636 -7.026639
v -0.568420 3.872705 -6.659276
v -0.591060 3.876502 -6.655260
v -0.592201 3.872934 -6.651886
v -0.562022 3.872736 -6.678853
v -0.576797 3.873006 -6.699449
v -0.577854 3.876563 -6.696035
v -2.294231 3.884394 -7.047472
v -2.293896 3.881964 -7.049839
v -2.311976 3.880807 -7.051465
v -2.315587 3.881085 -7.048457
v -2.294297 3.879489 -7.049851
v -2.295379 3.879787 -7.024205
v -0.566254 3.872629 -6.653068
v -0.556630 3.872675 -6.682458
v -2.004479 3.898986 -7.025992
v -2.005206 3.895367 -7.026055
v -1.422081 3.914256 -6.884312
v -1.422079 3.910675 -6.884303
v -1.418584 3.917837 -6.887188
v -1.999580 3.903116 -6.988828
v -2.003349 3.902604 -7.022312
v -1.378299 3.914679 -6.919971
v -1.381845 3.918193 -6.917109
v 0.057501 3.859874 -6.405757
v 0.121184 3.863754 -6.382584
v 0.119366 3.867218 -6.378511
v 0.055037 3.865171 -6.399463
v 0.070620 3.859917 -6.433772
v 0.130081 3.863842 -6.400763
v 0.073712 3.865239 -6.439763
v 0.132196 3.867323 -6.404600
v 0.072684 3.896637 -6.432765
v 0.131726 3.887537 -6.399866
v 0.133333 3.883969 -6.403954
v 0.075168 3.890882 -6.439053
v 0.059567 3.896597 -6.404749
v 0.122908 3.887588 -6.381827
v 0.056436 3.890815 -6.398778
v 0.120557 3.884022 -6.378011
v 0.054533 3.877990 -6.396598
v 0.119095 3.875642 -6.376617
v 0.075616 3.878065 -6.441942
v 0.133561 3.875671 -6.405898
v -2.002022 3.899072 -7.025688
v -2.002507 3.895462 -7.025722
v -2.000619 3.895992 -6.985351
v -1.999894 3.899610 -6.985281
v -1.997278 3.903196 -6.988521
v -2.001123 3.902681 -7.022034
v -1.997829 3.896088 -6.984980
v -1.997346 3.899698 -6.984941
v -1.996662 3.899259 -7.025018
v -1.997123 3.895650 -7.025050
v -1.992156 3.903372 -6.987836
v -1.995806 3.902866 -7.021368
v -1.992683 3.896266 -6.984293
v -1.992222 3.899874 -6.984257
v -1.422163 3.913990 -6.929255
v -1.422270 3.910408 -6.929266
v -1.462148 3.917113 -6.896523
v -1.425616 3.917501 -6.926355
v -1.465858 3.909944 -6.893662
v -1.465756 3.913527 -6.893651
v -1.398825 3.914365 -6.924351
v -1.398875 3.910784 -6.924353
v -1.438909 3.917507 -6.891580
v -1.402323 3.917877 -6.921471
v -1.442452 3.913924 -6.888702
v -1.442498 3.910342 -6.888702
v -1.378301 3.911100 -6.919961
v -1.422059 3.874353 -6.884202
v -1.378320 3.874777 -6.919877
v -1.600440 3.886649 -6.733446
v -1.587215 3.880058 -6.744880
v -0.969745 3.842769 -6.559857
v -0.967764 3.849503 -6.544021
vt 0.114088 0.080542
vt 0.111031 0.079471
vt 0.109766 0.076883
vt 0.109766 0.065013
vt 0.111031 0.062425
vt 0.114088 0.061354
vt 0.117144 0.062425
vt 0.118409 0.065013
vt 0.118409 0.076883
vt 0.117144 0.079471
vt 0.022378 -0.000484
vt 0.012513 0.002975
vt 0.008428 -0.000485
vt 0.020989 -0.001731
vt 0.050201 0.001728
vt 0.060064 -0.001731
vt 0.064148 0.001729
vt 0.051589 0.002974
vt 0.024080 -0.001731
vt 0.036642 -0.000485
vt 0.032556 0.002975
vt 0.022692 -0.000484
vt 0.048496 0.002975
vt 0.035937 0.001729
vt 0.040022 -0.001731
vt 0.049885 0.001728
vt 0.295337 0.106639
vt 0.295337 0.115477
vt 0.295337 0.119138
vt 0.291763 0.119137
vt 0.291763 0.053600
vt 0.295337 0.053599
vt 0.295337 0.057260
vt 0.295337 0.066097
vt 0.143756 0.061902
vt 0.140286 0.061902
vt 0.140286 0.058347
vt 0.140286 0.052704
vt 0.141026 0.052353
vt 0.141026 0.007819
vt 0.140286 0.006468
vt 0.140286 0.001824
vt 0.140286 -0.001731
vt 0.143756 -0.001730
vt 0.456011 0.047641
vt 0.455137 0.053881
vt 0.449994 0.054013
vt 0.450060 0.049522
vt 0.060573 0.058937
vt 0.061175 0.049738
vt 0.063999 0.063968
vt 0.061175 0.068527
vt 0.056298 0.070003
vt 0.055650 0.060095
vt 0.056299 0.049767
vt 0.059340 0.054677
vt 0.450345 0.010670
vt 0.450342 0.006167
vt 0.455140 0.006291
vt 0.456011 0.012514
vt 0.058351 0.068527
vt 0.053257 0.049767
vt 0.143756 0.002809
vt 0.143756 0.057362
vt 0.140286 0.043192
vt 0.140286 0.016980
vt 0.434783 0.055922
vt 0.431249 0.055757
vt 0.434198 0.049951
vt 0.441813 0.420034
vt 0.441276 0.426252
vt 0.438381 0.420193
vt 0.139605 0.049767
vt 0.139605 0.010404
vt 0.434777 0.123603
vt 0.431249 0.123418
vt 0.438381 0.049821
vt 0.441781 0.049821
vt 0.441796 0.229193
vt 0.438381 0.229204
vt 0.445180 0.049821
vt 0.445180 0.228583
vt 0.394320 0.050949
vt 0.395670 0.009268
vt 0.438249 0.437501
vt 0.434749 0.437501
vt 0.434765 0.260523
vt 0.438249 0.259913
vt 0.413370 0.106639
vt 0.425084 0.099667
vt 0.425057 0.105502
vt 0.413376 0.115477
vt 0.413550 0.066097
vt 0.425231 0.073145
vt 0.413604 0.057260
vt 0.425278 0.067408
vt 0.025336 0.010404
vt 0.014000 0.017351
vt 0.014007 0.011779
vt 0.025334 0.001824
vt 0.025511 0.049767
vt 0.014141 0.042895
vt 0.025566 0.058347
vt 0.014224 0.048569
vt 0.054238 0.105577
vt 0.054238 0.091941
vt 0.062209 0.091844
vt 0.066427 0.105485
vt 0.042050 0.105623
vt 0.046226 0.091983
vt 0.012730 0.236815
vt 0.008428 0.223015
vt 0.020767 0.223109
vt 0.020767 0.236903
vt 0.033106 0.223167
vt 0.028760 0.236958
vt 0.431145 0.092329
vt 0.431145 0.080408
vt 0.008428 0.024298
vt 0.008428 0.035873
vt 0.054238 0.243453
vt 0.042050 0.243453
vt 0.008428 0.083208
vt 0.020767 0.083208
vt 0.033106 0.083208
vt 0.037725 0.083208
vt 0.041623 0.084038
vt 0.038656 0.223165
vt 0.066427 0.243453
vt 0.074839 0.242634
vt 0.071970 0.243453
vt 0.071913 0.105419
vt 0.114088 0.092371
vt 0.107256 0.089999
vt 0.431145 0.094928
vt 0.431145 0.077809
vt 0.107318 0.052070
vt 0.114088 0.049766
vt 0.120820 0.052174
vt 0.008428 0.021775
vt 0.120885 0.089903
vt 0.008428 0.038396
vt 0.434777 0.124140
vt 0.431249 0.124008
vt 0.438381 0.352911
vt 0.441807 0.352731
vt 0.445180 0.352730
vt 0.445180 0.420115
vt 0.393913 0.050959
vt 0.395279 0.009258
vt 0.438249 0.123967
vt 0.438249 0.055918
vt 0.438381 0.352315
vt 0.441807 0.352187
vt 0.445180 0.352239
vt 0.438249 0.124454
vt 0.434777 0.125312
vt 0.431249 0.125184
vt 0.393009 0.050982
vt 0.394346 0.009234
vt 0.438381 0.351216
vt 0.441807 0.351093
vt 0.445180 0.351145
vt 0.438249 0.125616
vt 0.434766 0.250914
vt 0.431249 0.250878
vt 0.299344 0.053380
vt 0.294149 0.006665
vt 0.438381 0.238585
vt 0.441797 0.238551
vt 0.445180 0.237912
vt 0.438249 0.250321
vt 0.434765 0.256026
vt 0.431249 0.256003
vt 0.295228 0.053485
vt 0.290048 0.006560
vt 0.441797 0.233559
vt 0.438381 0.233580
vt 0.445180 0.232936
vt 0.438249 0.255425
vt 0.431249 0.260512
vt 0.431249 0.437501
vt 0.138840 0.115198
vt 0.145204 0.057375
vt 0.286442 0.006467
vt 0.291627 0.053577
vt 0.008428 0.070826
vt 0.010399 0.052759
vt 0.128059 0.098592
vt 0.129197 0.117838
vn 0.9135 -0.0373 0.4051
vn 0.9507 -0.0124 0.3099
vn 0.9502 -0.0126 0.3114
vn 0.9500 -0.0126 0.3120
vn -0.0183 -0.9996 -0.0209
vn 0.2302 -0.9703 0.0740
vn 0.0796 -0.9465 0.3127
vn 0.1002 -0.9843 -0.1452
vn 0.0040 -0.9892 0.1465
vn 0.2418 -0.9698 -0.0312
vn 0.2291 -0.9707 0.0732
vn -0.0294 -0.9992 -0.0277
vn 0.2205 0.9539 0.2038
vn 0.0138 0.7568 0.6535
vn 0.1809 0.9108 0.3710
vn -0.2868 0.6903 0.6643
vn 0.1406 0.8655 0.4808
vn 0.4054 0.8607 -0.3081
vn 0.2488 0.6835 -0.6862
vn 0.3642 0.9150 -0.1735
vn 0.3933 0.8304 -0.3947
vn 0.3530 0.9239 -0.1476
vn -0.1812 0.9732 -0.1418
vn -0.1568 0.8807 0.4470
vn -0.1358 0.7358 0.6634
vn -0.0955 0.9759 0.1962
vn -0.0274 0.9996 -0.0094
vn -0.1489 0.7109 0.6874
vn -0.1548 0.7080 0.6891
vn -0.0271 0.9996 -0.0099
vn 0.2207 0.7250 -0.6525
vn 0.2263 0.7281 -0.6470
vn -0.0591 0.9968 -0.0540
vn 0.0150 0.7106 -0.7034
vn -0.0171 0.9134 -0.4068
vn -0.2321 0.9472 0.2213
vn -0.2661 0.0002 0.9640
vn 0.1115 -0.0063 0.9937
vn -0.2666 0.0002 0.9638
vn 0.2693 -0.0003 -0.9631
vn 0.6914 -0.0039 -0.7225
vn 0.2701 -0.0003 -0.9628
vn 0.0416 0.9985 0.0350
vn 0.0417 0.9985 0.0350
vn 0.0823 -0.0030 -0.9966
vn 0.0824 -0.0031 -0.9966
vn 0.0901 -0.0098 -0.9959
vn -0.1306 0.0102 0.9914
vn -0.0973 0.0093 0.9952
vn -0.1303 0.0102 0.9914
vn -0.0782 0.9917 0.1019
vn 0.0890 0.9445 -0.3161
vn 0.0829 -0.0030 -0.9965
vn 0.0827 -0.0029 -0.9966
vn -0.2682 0.0003 0.9634
vn -0.2684 0.0003 0.9633
vn -0.1583 0.7064 0.6899
vn -0.1582 0.7063 0.6900
vn -0.0612 0.9981 -0.0106
vn -0.0605 0.9981 -0.0106
vn 0.2165 0.7231 -0.6559
vn 0.2150 0.7228 -0.6567
vn -0.1969 -0.7864 0.5855
vn -0.1512 -0.7847 0.6012
vn -0.1417 -0.7839 0.6045
vn -0.1938 -0.7864 0.5865
vn 0.0781 -0.9964 0.0339
vn 0.0400 -0.9991 0.0147
vn 0.0380 -0.9992 0.0135
vn 0.0576 -0.9980 0.0245
vn 0.3900 -0.7785 -0.4918
vn 0.2701 -0.7839 -0.5590
vn 0.2600 -0.7837 -0.5642
vn 0.3494 -0.7823 -0.5157
vn 0.2707 0.6924 -0.6688
vn 0.4459 0.7506 -0.4876
vn 0.4131 0.7534 -0.5116
vn 0.2514 0.6814 -0.6873
vn 0.1259 0.9902 0.0596
vn -0.0297 0.9995 -0.0101
vn -0.0107 0.9999 -0.0016
vn 0.1448 0.9871 0.0684
vn -0.1112 0.7511 0.6508
vn -0.2868 0.6882 0.6665
vn -0.2738 0.6943 0.6655
vn -0.0970 0.7501 0.6542
vn -0.3627 0.0205 0.9317
vn -0.2710 -0.0196 0.9624
vn -0.2656 0.2013 0.9428
vn -0.3635 0.2096 0.9077
vn -0.3487 -0.2154 0.9121
vn -0.2746 -0.2194 0.9362
vn 0.5387 -0.2161 -0.8143
vn 0.3807 -0.2107 -0.9004
vn 0.3770 0.0208 -0.9260
vn 0.5467 -0.0091 -0.8373
vn 0.3700 0.2147 -0.9039
vn 0.5512 0.2035 -0.8092
vn 0.1366 -0.9888 0.0608
vn 0.2070 0.9735 0.0972
vn -0.3677 -0.0196 0.9297
vn -0.3518 -0.2152 0.9110
vn -0.1980 -0.7864 0.5851
vn 0.2576 -0.7836 -0.5654
vn 0.3679 -0.2100 -0.9058
vn 0.3691 -0.0189 -0.9292
vn 0.3519 0.2154 -0.9109
vn 0.2469 0.6788 -0.6916
vn -0.3681 0.2100 0.9058
vn -0.2922 0.6856 0.6668
vn -0.1815 -0.2201 0.9584
vn -0.1790 -0.0304 0.9834
vn -0.0593 -0.7734 0.6311
vn 0.4469 -0.7700 -0.4554
vn 0.6376 -0.0167 -0.7702
vn 0.6167 -0.2165 -0.7568
vn 0.6317 0.1946 -0.7504
vn 0.5068 0.7416 -0.4396
vn -0.1677 0.1917 0.9670
vn -0.0110 0.7404 0.6721
vn 0.1238 -0.0073 -0.9923
vn 0.1237 -0.0073 -0.9923
vn -0.1311 0.0102 0.9913
vn -0.1328 0.7099 0.6916
vn -0.1324 0.7100 0.6917
vn -0.0331 0.9994 -0.0115
vn 0.0169 0.7061 -0.7079
vn 0.0176 0.7061 -0.7079
vn -0.1323 0.0071 0.9912
vn -0.1169 0.7115 0.6929
vn 0.0641 0.7021 -0.7092
vn 0.0645 0.7023 -0.7090
vn 0.1641 -0.0069 -0.9864
vn 0.1640 -0.0069 -0.9864
vn -0.0236 0.9996 -0.0140
vn -0.0234 0.9996 -0.0140
vn -0.1693 0.0067 0.9855
vn -0.1695 0.0067 0.9855
vn -0.1376 0.7053 0.6954
vn -0.1380 0.7052 0.6955
vn 0.1007 0.6935 -0.7134
vn 0.1011 0.6933 -0.7135
vn 0.1664 -0.0067 -0.9860
vn 0.1660 -0.0068 -0.9861
vn -0.0232 0.9996 -0.0138
vn -0.0225 0.9997 -0.0132
vn -0.1712 0.0066 0.9852
vn -0.1715 0.0065 0.9852
vn -0.1385 0.7052 0.6953
vn -0.1399 0.7055 0.6948
vn 0.1019 0.6936 -0.7131
vn 0.1037 0.6943 -0.7121
vn 0.2072 -0.0026 -0.9783
vn -0.0151 0.9999 -0.0059
vn -0.0148 0.9999 -0.0058
vn -0.2093 0.0027 0.9779
vn -0.2092 0.0027 0.9779
vn -0.1592 0.7089 0.6871
vn -0.1587 0.7089 0.6872
vn 0.1364 0.7057 -0.6952
vn 0.1356 0.7057 -0.6954
vn 0.2640 -0.0003 -0.9645
vn 0.2637 -0.0003 -0.9646
vn -0.0221 -0.9992 -0.0347
vn -0.0325 -0.9995 -0.0025
vn 0.0403 0.9986 0.0343
vn 0.0394 0.9987 0.0337
vn -0.1670 -0.9113 0.3764
vn -0.1660 -0.7257 0.6677
vn -0.3153 -0.8290 0.4619
vn -0.2101 -0.9078 0.3631
usemtl M_feather1SG.002
s off
f 275/481/241 276/482/241 277/483/241 278/484/241 279/485/241 280/486/241 281/487/241 282/488/241 283/489/241 284/490/241
f 285/491/242 286/492/242 287/493/242 288/494/242
f 289/495/243 290/496/243 291/497/243 292/498/243
f 293/499/242 294/500/242 295/501/242 285/502/242
f 296/503/244 297/504/244 298/505/244 289/506/244
s 1
f 299/507/245 298/508/246 297/509/247 300/510/248
f 301/511/249 287/512/250 286/513/251 302/514/252
f 303/515/253 291/516/254 290/517/255 304/518/256 305/519/257
f 306/520/258 307/521/259 295/522/260 294/523/261 308/524/262
f 309/525/263 310/526/264 311/527/265 312/528/266
f 305/529/257 313/530/267 314/531/268 315/532/269
f 316/533/270 306/534/258 317/535/271 318/536/272
f 319/537/273 320/538/274 321/539/275 322/540/276
f 303/541/277 305/529/278 315/532/279
f 317/535/280 306/534/281 308/542/282
f 318/543/283 314/544/284 313/545/267 316/546/270
f 320/547/285 323/548/286 321/549/287
f 319/537/273 322/540/276 309/525/263 312/528/266
f 311/550/288 310/551/289 324/552/290
f 305/519/257 304/518/256 325/553/291 313/545/267
f 316/546/270 326/554/292 307/521/259 306/520/258
f 320/547/285 327/555/293 328/556/294 323/548/286
f 303/557/277 315/558/279 329/559/295 330/560/296
f 315/558/269 314/561/268 331/562/297 329/559/298
f 312/528/266 332/563/299 333/564/300 319/537/273
f 318/565/272 317/566/271 334/567/301 335/568/302
f 336/569/303 337/570/304 338/571/305 339/572/306
f 337/570/307 336/569/308 340/573/309 341/574/310
f 341/574/311 340/573/312 342/575/313 343/576/314
f 344/577/315 345/578/316 346/579/317 347/580/318
f 345/578/319 344/577/320 348/581/321 349/582/322
f 349/582/323 348/581/324 350/583/325 351/584/326
f 352/585/327 353/586/328 351/587/329 350/588/330
f 353/586/328 352/585/327 339/589/331 338/590/332
f 343/591/333 342/592/334 354/593/335 355/594/336
f 355/594/336 354/593/335 347/595/337 346/596/338
f 277/597/339 337/570/307 341/574/310 278/598/339
f 282/599/340 345/578/319 349/582/322 283/600/340
f 289/601/341 298/602/342 339/589/331 352/585/327
f 298/508/343 299/507/343 336/569/303 339/572/306
f 302/514/344 286/513/344 342/575/313 340/573/312
f 286/603/345 285/604/346 354/593/335 342/592/334
f 285/604/346 295/605/347 347/595/337 354/593/335
f 295/605/348 307/606/259 326/607/292 344/608/315 347/595/318
f 290/609/349 289/601/341 352/585/327 350/588/330
f 325/610/291 304/611/256 290/609/350 350/588/325 348/612/324
f 340/573/309 336/569/308 299/507/245 302/514/252
f 348/581/321 344/577/320 326/554/292 316/546/270 313/545/267 325/553/291
f 353/613/328 338/614/332 276/482/351 275/481/352
f 338/571/305 337/570/304 277/597/353 276/615/353
f 341/574/311 343/576/314 279/616/354 278/598/354
f 343/617/333 355/618/336 280/486/355 279/485/356
f 355/618/336 346/619/338 281/487/357 280/486/355
f 346/579/317 345/578/316 282/599/358 281/620/358
f 351/621/329 353/613/328 275/481/352 284/490/359
f 349/582/323 351/584/326 284/622/360 283/600/360
f 328/556/294 327/555/293 356/623/361 357/624/362
f 358/625/363 359/626/363 311/550/288 324/552/290
f 359/626/364 332/627/365 312/628/266 311/550/265
f 333/564/300 332/563/299 360/629/366 361/630/366
f 333/631/367 327/555/368 320/547/274 319/632/273
f 362/633/369 363/634/369 359/626/363 358/625/363
f 363/634/370 360/635/370 332/627/365 359/626/364
f 361/636/371 356/623/372 327/555/368 333/631/367
f 357/624/362 356/623/361 364/637/373 365/638/374
f 361/630/366 360/629/366 366/639/375 367/640/376
f 368/641/377 369/642/378 363/634/369 362/633/369
f 369/642/379 366/643/380 360/635/370 363/634/370
f 367/644/381 364/637/382 356/623/372 361/636/371
f 365/638/374 364/637/373 370/645/383 371/646/384
f 367/640/376 366/639/375 372/647/385 373/648/386
f 374/649/387 375/650/388 369/642/378 368/641/377
f 375/650/389 372/651/390 366/643/380 369/642/379
f 373/652/391 370/645/392 364/637/382 367/644/381
f 371/646/384 370/645/383 376/653/393 377/654/393
f 373/648/386 372/647/385 378/655/394 379/656/395
f 330/560/296 329/559/295 380/657/396 381/658/397
f 329/559/298 331/562/297 378/659/398 380/657/399
f 335/568/302 334/567/301 376/653/400 379/660/401
f 382/661/402 334/567/403 317/566/280 308/662/282
f 383/663/404 384/664/405 301/511/249 302/514/252 299/507/245 300/510/248
f 335/665/406 331/666/407 314/544/284 318/543/283
f 377/654/393 376/653/393 334/567/403 382/661/402
f 379/656/395 378/655/394 331/666/407 335/665/406
f 381/658/397 380/657/396 375/650/388 374/649/387
f 380/657/399 378/659/398 372/651/390 375/650/389
f 379/660/401 376/653/400 370/645/392 373/652/391
f 385/667/408 386/668/409 387/669/410 388/670/411
o sorcerer_desk.006
v -0.557711 3.851037 -6.692944
v -0.557917 3.832879 -6.693038
v -0.557419 3.849232 -6.693910
v -0.573248 3.850963 -6.645422
v -0.573038 3.869121 -6.645327
v -0.573540 3.852768 -6.644457
v -0.557378 3.852846 -6.693891
v -0.557505 3.869195 -6.692849
v -0.573582 3.849154 -6.644476
v -0.573457 3.832805 -6.645521
v -0.592639 3.833055 -6.652089
v -0.577226 3.833126 -6.699646
v -0.592240 3.869371 -6.651904
v -0.576835 3.869443 -6.699466
v -2.317352 3.881264 -7.029716
v -2.314355 3.881072 -7.026073
v -2.311976 3.880807 -7.051465
v -2.315587 3.881085 -7.048457
v -2.294297 3.879489 -7.049851
v -2.295379 3.879787 -7.024205
v -2.005206 3.895367 -7.026055
v -1.422079 3.910675 -6.884303
v -2.002507 3.895462 -7.025722
v -2.000619 3.895992 -6.985351
v -1.997829 3.896088 -6.984980
v -1.997123 3.895650 -7.025050
v -1.992683 3.896266 -6.984293
v -1.422270 3.910408 -6.929266
v -1.465858 3.909944 -6.893662
v -1.398875 3.910784 -6.924353
v -1.442498 3.910342 -6.888702
v -1.378301 3.911100 -6.919961
v -1.422059 3.874353 -6.884202
v -1.378320 3.874777 -6.919877
v -1.600440 3.886649 -6.733446
v -1.587215 3.880058 -6.744880
v -0.969745 3.842769 -6.559857
v -0.967764 3.849503 -6.544021
v -0.572485 3.855434 -6.700141
v -0.589172 3.855356 -6.648733
v -0.589336 3.840533 -6.648808
v -0.572646 3.840611 -6.700218
v -2.324189 3.863364 -7.049036
v -2.314386 3.858982 -7.051472
v -2.316774 3.859223 -7.026103
v -2.325938 3.863670 -7.030510
v -2.317174 3.863486 -7.061123
v -2.324395 3.868266 -7.048998
v -2.317377 3.868516 -7.061192
v -2.321307 3.863904 -7.017228
v -2.321509 3.868934 -7.017293
v -2.326145 3.868571 -7.030477
v -2.318577 3.879925 -7.026836
v -2.316250 3.879688 -7.051471
v -2.315501 3.879704 -7.052781
v -2.295155 3.854633 -7.049688
v -2.296242 3.854930 -7.024055
v -2.318077 3.879964 -7.025419
v -2.314521 3.871851 -7.023447
v -2.312750 3.871550 -7.053133
v -2.202768 3.869955 -6.909458
v -1.987800 3.876237 -6.818449
v -1.986252 3.884045 -6.818193
v -2.202563 3.875262 -6.909461
v -2.026154 3.878904 -7.174790
v -2.189139 3.873044 -7.135374
v -2.199482 3.865347 -6.918820
v -1.990574 3.869227 -6.833527
v -2.007944 3.859398 -6.986058
v -2.012553 3.858770 -7.026690
v -1.987606 3.884159 -6.832994
v -2.197893 3.875543 -6.918603
v -1.983189 3.876391 -6.817572
v -1.982154 3.884182 -6.817412
v -2.028104 3.878338 -7.189314
v -2.192952 3.872539 -7.145348
v -2.012015 3.879942 -7.129659
v -1.985544 3.869396 -6.832572
v -2.002713 3.859580 -6.985369
v -2.029684 3.870524 -7.189349
v -2.029177 3.863960 -7.174903
v -2.190562 3.862855 -7.135361
v -2.193127 3.867234 -7.145290
v -2.007401 3.858951 -7.026055
v -1.983557 3.884295 -6.832223
v -2.013903 3.879383 -7.144183
v -2.014949 3.871589 -7.144184
v -2.014021 3.865037 -7.129711
v -1.978854 3.876535 -6.816743
v -1.977867 3.884324 -6.816594
v -2.016510 3.879252 -7.174119
v -1.981080 3.869545 -6.831724
v -1.997337 3.859767 -6.984656
v -2.001787 3.859148 -7.025362
v -1.979187 3.884440 -6.831390
v -2.018379 3.878691 -7.188640
v -2.019378 3.870898 -7.188634
v -2.018424 3.864350 -7.174160
v -1.643142 3.885752 -6.743945
v -1.642976 3.893510 -6.743926
v -1.235712 3.898145 -7.076576
v -1.630067 3.879170 -6.755478
v -1.466883 3.873602 -6.893775
v -1.423349 3.874067 -6.929389
v -1.629774 3.894004 -6.755414
v -1.220273 3.897946 -7.088357
v -1.220563 3.890189 -7.088390
v -1.236238 3.883313 -7.076653
v -1.551885 3.887025 -6.805791
v -1.551817 3.894780 -6.805792
v -1.211468 3.898432 -7.072177
v -1.538588 3.880428 -6.817169
v -1.442962 3.874011 -6.888702
v -1.399385 3.874453 -6.924365
v -1.600481 3.894402 -6.733476
v -1.587317 3.894883 -6.744908
v -1.538483 3.895257 -6.817142
v -1.189578 3.898676 -7.068136
v -1.174182 3.898462 -7.079842
v -1.196077 3.898225 -7.083923
v -1.174226 3.890709 -7.079834
v -1.189639 3.883851 -7.068132
v -1.211744 3.883604 -7.072214
v -1.196235 3.890470 -7.083937
v -2.221671 3.874442 -6.914599
v -2.218915 3.874580 -6.912561
v -2.214160 3.874882 -6.921697
v -2.216925 3.874790 -6.923729
v -2.215651 3.874723 -6.911500
v -2.210890 3.875009 -6.920636
v -2.197567 3.872787 -7.133590
v -2.194503 3.872847 -7.135063
v -2.197329 3.872367 -7.144966
v -2.200385 3.872261 -7.143486
v -2.191050 3.872966 -7.135463
v -2.193961 3.872498 -7.145387
v -2.216592 3.864613 -6.923648
v -2.213827 3.864749 -6.921613
v -2.218706 3.869292 -6.912494
v -2.221462 3.869159 -6.914531
v -2.210563 3.864891 -6.920550
v -2.215443 3.869434 -6.911433
v -2.200172 3.866978 -7.143416
v -2.197116 3.867080 -7.144895
v -2.194022 3.862720 -7.134964
v -2.197081 3.862617 -7.133492
v -2.193748 3.867209 -7.145316
v -0.652676 3.855808 -6.603920
v -0.751579 3.856499 -6.555378
v -0.749717 3.855475 -6.539732
v -0.651352 3.854051 -6.588717
v -0.861025 3.857175 -6.540226
v -0.859045 3.856645 -6.524387
v -0.969618 3.857593 -6.559803
v -0.967744 3.857256 -6.544012
v -0.598443 3.841218 -6.775302
v -0.654053 3.842014 -6.874543
v -0.643419 3.849362 -6.886123
v -0.588355 3.849278 -6.786598
v -0.741336 3.842619 -6.951519
v -0.730741 3.849516 -6.963503
v -0.849546 3.842835 -6.996565
v -0.839402 3.849587 -7.008893
v -0.588305 3.854323 -6.786569
v -0.598270 3.856040 -6.775138
v -0.651401 3.849006 -6.588744
v -0.652909 3.840986 -6.603930
v -0.849443 3.857659 -6.996534
v -0.839408 3.857339 -7.008894
v -0.653926 3.856838 -6.874444
v -0.741232 3.857443 -6.951470
v -0.751749 3.841675 -6.555408
v -0.861160 3.842352 -6.540276
v -0.859087 3.849218 -6.524406
v -0.749770 3.848986 -6.539759
v -0.730718 3.856943 -6.963491
v -0.643375 3.855851 -6.886098
vt 0.525539 0.085732
vt 0.526570 0.085733
vt 0.527579 0.092668
vt 0.474274 0.085677
vt 0.472157 0.092609
vt 0.473243 0.085676
vt 0.474274 0.085677
vt 0.473243 0.085676
vt 0.472157 0.092609
vt 0.525539 0.085732
vt 0.527579 0.092668
vt 0.526570 0.085733
vt 0.474227 0.094350
vt 0.525490 0.094405
vt 0.474227 0.094350
vt 0.525490 0.094405
vt 0.509554 0.881070
vt 0.514679 0.874913
vt 0.476375 0.874872
vt 0.481582 0.881040
vt 0.528654 0.877228
vt 0.509403 0.881070
vt 0.528654 0.877228
vt 0.462374 0.877157
vt 0.462374 0.877157
vt 0.481431 0.881040
vt 0.476919 0.875537
vt 0.481384 0.874878
vt 0.509683 0.874908
vt 0.514115 0.875571
vt 0.516183 0.875162
vt 0.514853 0.862306
vt 0.476339 0.861393
vt 0.474869 0.875118
vt 0.472547 0.872882
vt 0.476369 0.872688
vt 0.514709 0.872737
vt 0.517225 0.873602
vt 0.426017 0.792747
vt 0.308093 0.706266
vt 0.307996 0.705452
vt 0.426004 0.792477
vt 0.514870 0.861076
vt 0.516752 0.725190
vt 0.665495 0.741759
vt 0.559291 0.797785
vt 0.431733 0.791349
vt 0.323090 0.708491
vt 0.475962 0.724812
vt 0.516700 0.728953
vt 0.322855 0.706929
vt 0.431650 0.790041
vt 0.307842 0.704168
vt 0.307772 0.703587
vt 0.680034 0.743270
vt 0.564919 0.800818
vt 0.516768 0.724005
vt 0.621374 0.733571
vt 0.322815 0.706207
vt 0.475956 0.722500
vt 0.679929 0.744063
vt 0.665346 0.743282
vt 0.559253 0.798946
vt 0.564905 0.801074
vt 0.516732 0.726690
vt 0.475952 0.721042
vt 0.476335 0.860159
vt 0.322635 0.705091
vt 0.635912 0.735089
vt 0.635838 0.735655
vt 0.621282 0.734659
vt 0.475948 0.719810
vt 0.307605 0.702195
vt 0.307538 0.701637
vt 0.516801 0.721642
vt 0.666037 0.737627
vt 0.322572 0.704179
vt 0.475949 0.720123
vt 0.516766 0.724223
vt 0.322397 0.703107
vt 0.680578 0.739111
vt 0.680508 0.739655
vt 0.665950 0.738673
vt 0.475942 0.717538
vt 0.289233 0.548959
vt 0.289215 0.548813
vt 0.520298 0.469207
vt 0.709720 0.404458
vt 0.303382 0.544235
vt 0.475303 0.485368
vt 0.520288 0.469925
vt 0.303317 0.543966
vt 0.725119 0.399178
vt 0.725098 0.399338
vt 0.709703 0.404756
vt 0.475301 0.484653
vt 0.369364 0.514328
vt 0.369352 0.514235
vt 0.520441 0.458914
vt 0.711074 0.394130
vt 0.383510 0.509592
vt 0.475274 0.474758
vt 0.520434 0.459370
vt 0.286881 0.529345
vt 0.300989 0.524550
vt 0.383458 0.509424
vt 0.712297 0.384805
vt 0.727688 0.379578
vt 0.726467 0.388889
vt 0.727680 0.379629
vt 0.712304 0.384896
vt 0.711069 0.394317
vt 0.726454 0.388991
vt 0.475248 0.465256
vt 0.475273 0.474305
vt 0.520563 0.450089
vt 0.286887 0.529392
vt 0.520566 0.449859
vt 0.301030 0.524629
vt 0.475249 0.465485
vt 0.427870 0.805214
vt 0.426838 0.803294
vt 0.432480 0.800788
vt 0.433507 0.802710
vt 0.426410 0.801106
vt 0.432053 0.798600
vt 0.557754 0.803096
vt 0.558792 0.801178
vt 0.564447 0.803669
vt 0.563407 0.805583
vt 0.559229 0.798995
vt 0.564884 0.801483
vt 0.433534 0.802758
vt 0.432504 0.800834
vt 0.426838 0.803294
vt 0.427870 0.805214
vt 0.432077 0.798648
vt 0.426410 0.801106
vt 0.563407 0.805583
vt 0.564447 0.803669
vt 0.558817 0.801132
vt 0.557781 0.803048
vt 0.564884 0.801483
vt 0.407648 0.112571
vt 0.328484 0.147038
vt 0.313811 0.144194
vt 0.393304 0.109988
vt 0.279695 0.190917
vt 0.264774 0.188053
vt 0.266789 0.239299
vt 0.251779 0.236569
vt 0.591952 0.112794
vt 0.670687 0.147422
vt 0.685351 0.144591
vt 0.606238 0.110216
vt 0.718954 0.191412
vt 0.733899 0.188554
vt 0.731310 0.239841
vt 0.746356 0.237098
vt 0.606231 0.110214
vt 0.591865 0.112767
vt 0.393307 0.109987
vt 0.407561 0.112597
vt 0.474274 0.085677
vt 0.525538 0.085732
vt 0.731309 0.239797
vt 0.746356 0.237101
vt 0.251779 0.236571
vt 0.670645 0.147404
vt 0.718943 0.191387
vt 0.266801 0.239346
vt 0.328443 0.147056
vt 0.279692 0.190943
vt 0.264775 0.188053
vt 0.313812 0.144194
vt 0.733899 0.188555
vt 0.685348 0.144591
vn 0.3906 0.0616 -0.9185
vn -0.2543 0.0591 0.9653
vn -0.2320 -0.0638 0.9706
vn 0.4113 -0.0610 -0.9095
vn -0.1995 -0.1612 0.9666
vn -0.1921 -0.1145 0.9747
vn -0.3158 -0.2607 0.9123
vn 0.3389 0.1749 -0.9244
vn 0.4644 0.0926 -0.8808
vn 0.3220 0.1451 -0.9355
vn -0.3191 0.1421 0.9370
vn -0.0922 0.0700 0.9933
vn -0.1917 0.3157 0.9293
vn 0.3097 -0.2594 -0.9148
vn 0.3624 -0.2068 -0.9088
vn 0.4374 -0.1595 -0.8850
vn -0.4215 -0.9059 -0.0403
vn -0.2180 -0.9619 -0.1653
vn -0.1750 -0.9679 0.1802
vn -0.4298 -0.9029 -0.0040
vn -0.6043 -0.0346 -0.7960
vn -0.9591 -0.0404 -0.2800
vn -0.9614 -0.0405 -0.2721
vn -0.6032 -0.0326 -0.7969
vn -0.9954 -0.0407 0.0871
vn -0.7419 -0.0233 0.6701
vn -0.7406 -0.0210 0.6717
vn -0.9943 -0.0411 0.0985
vn -0.8304 0.5568 -0.0192
vn -0.8342 0.5515 0.0055
vn -0.8182 0.5688 -0.0842
vn -0.8164 0.5411 -0.2017
vn -0.8189 0.5596 -0.1276
vn -0.2175 -0.9120 -0.3478
vn -0.2797 -0.9058 0.3183
vn -0.7745 0.4579 -0.4365
vn -0.0011 -0.9996 -0.0285
vn -0.0075 -0.9973 0.0737
vn -0.8376 0.4680 0.2818
vn 0.1041 0.5331 0.8396
vn -0.0579 0.5895 0.8057
vn -0.0527 0.5843 0.8098
vn 0.0030 0.4915 -0.8709
vn 0.1232 0.5217 -0.8442
vn 0.3545 0.4328 -0.8289
vn -0.3789 0.0332 0.9248
vn -0.3867 0.0340 0.9216
vn -0.3851 0.0338 0.9223
vn -0.3819 0.0336 0.9236
vn -0.0885 0.9807 -0.1743
vn -0.0474 0.9921 -0.1162
vn -0.0439 0.9957 -0.0816
vn -0.0532 0.9917 -0.1172
vn -0.0136 -0.9952 0.0971
vn -0.0356 -0.9870 0.1568
vn -0.1500 -0.8941 0.4219
vn -0.1489 -0.8942 0.4222
vn 0.0057 -0.9988 0.0487
vn 0.0126 -0.9988 -0.0471
vn -0.0447 0.9989 0.0103
vn -0.0659 0.9949 0.0760
vn -0.0791 0.9919 0.0989
vn -0.0447 0.9990 0.0100
vn -0.1874 0.0049 0.9823
vn -0.1875 0.0049 0.9823
vn -0.0432 0.9985 -0.0334
vn -0.0440 0.9985 -0.0333
vn 0.2000 0.9686 -0.1475
vn -0.0235 0.9920 -0.1243
vn 0.0178 -0.9954 0.0943
vn -0.0515 -0.9020 0.4287
vn 0.0263 -0.9984 0.0504
vn 0.0206 -0.9140 -0.4052
vn 0.0301 -0.9760 -0.2159
vn 0.0079 -0.9982 -0.0591
vn -0.0907 -0.9128 -0.3983
vn 0.0675 -0.0211 -0.9975
vn 0.0446 -0.0173 -0.9989
vn -0.2580 0.0329 -0.9656
vn -0.2583 0.0329 -0.9655
vn 0.1152 -0.9924 -0.0429
vn -0.0705 0.9933 0.0921
vn -0.0762 0.9923 0.0977
vn -0.0354 0.9993 0.0110
vn -0.0460 0.9962 0.0746
vn -0.0341 0.9988 -0.0345
vn 0.0547 -0.9180 -0.3928
vn 0.0402 -0.9978 -0.0529
vn 0.0551 -0.1699 -0.9839
vn 0.0960 -0.1740 -0.9801
vn -0.0471 0.9956 0.0813
vn -0.2117 0.0050 0.9773
vn -0.2118 0.0050 0.9773
vn -0.0168 0.9947 -0.1013
vn -0.0107 0.9950 -0.0997
vn 0.0067 -0.9951 0.0991
vn -0.0687 -0.8993 0.4320
vn 0.0163 -0.9984 0.0540
vn 0.0251 -0.9995 -0.0172
vn -0.0298 0.9995 0.0099
vn -0.0396 0.9969 0.0680
vn -0.0193 0.9991 -0.0388
vn 0.0714 -0.9043 -0.4210
vn 0.0279 -0.9985 -0.0466
vn 0.0759 -0.0020 -0.9971
vn 0.0632 -0.0003 -0.9980
vn -0.0405 0.9964 0.0741
vn -0.0374 0.0018 0.9993
vn -0.0124 0.0014 0.9999
vn -0.0099 0.9948 -0.1015
vn -0.0113 0.9964 -0.0842
vn 0.0196 -0.9960 0.0875
vn -0.0576 -0.8948 0.4427
vn 0.0227 -0.9987 0.0447
vn 0.0288 -0.9992 -0.0285
vn -0.0295 0.9995 0.0100
vn -0.0395 0.9966 0.0723
vn -0.0181 0.9991 -0.0376
vn 0.0757 -0.9041 -0.4205
vn 0.0417 -0.9892 -0.1404
vn 0.1266 -0.0083 -0.9919
vn 0.1263 -0.0083 -0.9920
vn -0.0261 0.9953 0.0936
vn -0.2307 -0.0230 0.9728
vn -0.2459 -0.0231 0.9690
vn 0.0021 0.9968 -0.0805
vn 0.0018 0.9971 -0.0760
vn 0.0033 -0.9978 0.0662
vn -0.0855 -0.9053 0.4161
vn -0.0126 -0.9996 0.0243
vn 0.0197 -0.9994 -0.0281
vn 0.0447 0.9978 0.0485
vn 0.0162 0.9896 0.1427
vn -0.0396 0.9945 0.0970
vn -0.0233 0.9996 0.0153
vn 0.0939 0.9930 -0.0721
vn 0.0994 0.9916 0.0831
vn -0.0063 0.9996 -0.0261
vn 0.0011 -0.8707 -0.4919
vn -0.0467 -0.9978 -0.0475
vn 0.0263 -0.9973 -0.0686
vn 0.0869 -0.9054 -0.4156
vn 0.2052 -0.0012 -0.9787
vn 0.2060 -0.0012 -0.9786
vn 0.1817 -0.0022 -0.9833
vn 0.1818 -0.0022 -0.9833
vn 0.0125 0.9892 0.1460
vn -0.0876 0.9954 0.0376
vn -0.0057 -0.9983 -0.0583
vn -0.8300 0.0004 -0.5578
vn 0.0910 0.9929 -0.0760
vn -0.3224 -0.6650 -0.6736
vn -0.6796 -0.5718 -0.4596
vn -0.0321 -0.9992 -0.0254
vn -0.1111 0.9888 0.1001
vn -0.0451 0.9989 0.0092
vn -0.2316 0.9359 0.2653
vn -0.1929 0.9579 0.2126
vn -0.0435 0.9990 0.0090
vn -0.2228 0.9414 0.2534
vn -0.1719 0.9408 -0.2922
vn -0.2338 0.8851 -0.4024
vn -0.0413 0.9985 -0.0361
vn -0.0844 0.9881 -0.1286
vn -0.2341 0.8848 -0.4030
vn -0.0402 0.9986 -0.0358
vn -0.1970 -0.9474 0.2523
vn -0.1282 -0.9713 0.2005
vn -0.1140 -0.9122 0.3936
vn -0.2675 -0.9078 0.3230
vn -0.1191 -0.9693 0.2152
vn -0.0481 -0.9040 0.4248
vn -0.2042 -0.9141 -0.3503
vn -0.0280 -0.9187 -0.3939
vn -0.1514 -0.9502 -0.2724
vn -0.1877 -0.9311 -0.3128
vn 0.0078 -0.9150 -0.4033
vn -0.1946 0.9570 0.2150
vn -0.1264 0.9844 0.1224
vn -0.0976 0.9824 -0.1595
vn -0.1705 0.9418 -0.2897
vn -0.5708 -0.0339 -0.8204
vn -0.5709 -0.0339 -0.8203
vn -0.7135 -0.0194 0.7004
vn -0.7138 -0.0192 0.7001
vn -0.1921 0.0050 0.9814
vn -0.1824 0.0057 0.9832
vn -0.0944 -0.0172 -0.9954
vn -0.0895 -0.0169 -0.9958
vn -0.2373 0.9322 0.2733
vn -0.2385 0.8796 -0.4116
vn -0.4476 -0.0059 0.8942
vn -0.4678 -0.0069 0.8838
vn -0.2781 -0.0240 -0.9602
vn -0.2870 -0.0243 -0.9576
vn 0.0158 0.9887 0.1489
vn 0.0155 0.9888 0.1482
vn 0.0176 0.9986 0.0500
vn 0.0546 0.9948 0.0862
vn 0.0151 0.9890 0.1473
vn 0.0022 0.9995 0.0306
vn 0.0163 0.9895 0.1436
vn 0.0396 0.9982 0.0461
vn -0.0433 -0.9984 -0.0367
vn -0.0426 -0.9984 -0.0382
vn 0.2852 -0.9103 -0.3002
vn 0.4156 -0.8813 -0.2248
vn -0.0431 -0.9982 -0.0411
vn 0.1765 -0.9134 -0.3668
vn -0.0442 -0.9973 -0.0579
vn 0.0302 -0.8808 -0.4725
vn 0.1041 0.9861 0.1293
vn 0.0917 0.9951 -0.0379
vn 0.0951 0.9926 -0.0755
vn 0.0952 0.9926 -0.0755
vn 0.1606 0.9861 -0.0421
vn 0.2134 -0.8822 0.4198
vn -0.0352 -0.9992 -0.0191
vn 0.3122 -0.8413 0.4412
vn 0.5167 -0.8374 -0.1780
vn 0.5023 -0.0089 0.8646
vn 0.5843 -0.0105 0.8115
vn 0.5016 -0.0091 0.8651
vn 0.9077 -0.0063 -0.4195
vn 0.9493 -0.0082 -0.3142
vn 0.9078 -0.0063 -0.4194
vn 0.0937 0.9932 -0.0693
vn 0.0826 0.9946 0.0621
vn 0.2447 -0.0009 -0.9696
vn 0.2654 -0.0007 -0.9641
vn -0.2868 0.0009 0.9580
vn -0.2693 0.0006 0.9631
vn -0.2736 0.0006 0.9619
vn 0.0155 0.9887 0.1490
vn 0.0152 0.9887 0.1490
vn 0.0946 0.9926 -0.0758
vn 0.0944 0.9927 -0.0753
vn 0.0934 0.9928 -0.0749
vn 0.1290 -0.9916 0.0118
vn -0.1996 -0.9726 0.1194
vn -0.0382 -0.9990 -0.0233
vn -0.0355 -0.9992 -0.0178
vn -0.0373 -0.9992 -0.0155
vn -0.0489 -0.9982 -0.0351
vn -0.1032 -0.9639 -0.2455
vn -0.0284 -0.0026 0.9996
vn -0.0259 -0.0025 0.9997
vn 0.2798 -0.0060 0.9600
vn 0.2816 -0.0059 0.9595
vn 0.0158 0.9996 -0.0241
vn 0.0399 0.9987 -0.0307
vn -0.0513 -0.9141 0.4022
vn -0.0805 -0.9298 0.3591
vn 0.0700 -0.9112 0.4060
vn 0.5238 -0.0006 -0.8518
vn 0.5248 -0.0005 -0.8512
vn 0.7682 -0.0030 -0.6402
vn 0.7687 -0.0031 -0.6396
usemtl aiStandardSurface13SG.002
s off
f 396/671/412 395/672/412 427/673/412
f 393/674/413 428/675/413 394/676/413
f 398/677/414 397/678/414 429/679/414
f 390/680/415 430/681/415 391/682/415
s 1
f 399/683/416 398/677/417 429/679/418
f 402/684/419 396/671/420 427/673/421
f 428/675/422 393/674/423 401/685/424
f 430/681/425 390/680/426 400/686/427
f 431/687/428 432/688/429 433/689/430 434/690/431
f 435/691/432 431/687/433 436/692/434 437/693/435
f 434/690/436 438/694/437 439/695/438 440/696/439
f 440/696/440 441/697/441 403/698/442 406/699/442 442/700/443 436/692/444
f 431/687/433 434/690/436 440/696/439 436/692/434
f 432/688/429 431/687/428 435/691/445
f 438/694/446 434/690/431 433/689/430
f 437/693/447 436/692/444 442/700/443 443/701/447
f 444/702/448 445/703/449 433/689/430 432/688/429
f 446/704/450 441/697/441 440/696/440 439/695/450
f 403/698/451 441/697/452 446/704/452 447/705/452 404/706/453
f 405/707/454 448/708/455 443/701/455 442/700/455 406/699/456
f 449/709/457 450/710/458 451/711/459 452/712/460
f 407/713/461 409/714/462 453/715/463 454/716/464
f 455/717/465 456/718/466 450/710/467 449/709/468
f 445/703/449 457/719/469 456/718/466 455/717/465
f 444/702/448 458/720/470 457/719/469 445/703/449
f 451/711/471 459/721/472 460/722/473 452/712/474
f 451/711/459 450/710/458 461/723/475 462/724/476
f 453/715/463 463/725/477 464/726/478 454/716/464
f 453/715/463 409/714/462 411/727/479 465/728/480
f 450/710/467 456/718/466 466/729/481 461/723/482
f 456/718/466 457/719/469 467/730/483 466/729/481
f 468/731/484 469/732/485 470/733/486 471/734/487
f 463/725/488 468/731/489 471/734/490 464/726/491
f 457/719/469 458/720/470 472/735/492 467/730/483
f 459/721/472 412/736/493 408/737/494 460/722/473
f 469/732/485 458/720/470 444/702/448 470/733/486
f 462/724/495 473/738/496 459/721/472 451/711/471
f 465/728/480 474/739/497 463/725/477 453/715/463
f 475/740/498 476/741/499 469/732/485 468/731/484
f 474/739/500 475/740/501 468/731/489 463/725/488
f 473/738/496 413/742/502 412/736/493 459/721/472
f 476/741/499 472/735/492 458/720/470 469/732/485
f 462/724/476 461/723/475 477/743/503 478/744/504
f 465/728/480 411/727/479 414/745/505 479/746/506
f 461/723/482 466/729/481 480/747/507 477/743/508
f 466/729/481 467/730/483 481/748/509 480/747/507
f 467/730/483 472/735/492 482/749/510 481/748/509
f 478/744/511 483/750/512 473/738/496 462/724/495
f 479/746/506 484/751/513 474/739/497 465/728/480
f 485/752/514 486/753/515 476/741/499 475/740/498
f 484/751/516 485/752/517 475/740/501 474/739/500
f 483/750/512 415/754/518 413/742/502 473/738/496
f 486/753/515 482/749/510 472/735/492 476/741/499
f 478/744/504 477/743/503 487/755/519 488/756/520
f 479/746/506 414/745/505 416/757/521 489/758/522
f 477/743/508 480/747/507 490/759/523 487/755/524
f 480/747/507 481/748/509 491/760/525 490/759/523
f 481/748/509 482/749/510 492/761/526 491/760/525
f 488/756/527 493/762/528 483/750/512 478/744/511
f 489/758/522 494/763/529 484/751/513 479/746/506
f 495/764/530 496/765/531 486/753/515 485/752/514
f 494/763/532 495/764/533 485/752/517 484/751/516
f 493/762/528 417/766/534 415/754/518 483/750/512
f 496/765/531 492/761/526 482/749/510 486/753/515
f 488/756/520 487/755/519 497/767/535 498/768/536
f 489/758/522 416/757/521 418/769/537 499/770/538
f 487/755/524 490/759/523 500/771/539 497/767/540
f 490/759/523 491/760/525 501/772/541 500/771/539
f 491/760/525 492/761/526 502/773/542 501/772/541
f 503/774/543 504/775/544 505/776/545 498/768/546
f 506/777/547 507/778/548 508/779/549 499/770/538
f 509/780/550 510/781/551 511/782/552 512/783/553
f 507/778/554 509/780/555 512/783/556 508/779/557
f 504/775/544 410/784/558 419/785/559 505/776/545
f 510/781/551 422/786/560 502/773/542 511/782/552
f 498/768/536 497/767/535 423/787/561 503/774/561
f 499/770/538 418/769/537 420/788/562 506/777/547
f 497/767/540 500/771/539 424/789/563 423/787/564
f 500/771/539 501/772/541 421/790/565 424/789/563
f 501/772/541 502/773/542 422/786/560 421/790/565
f 498/768/546 505/776/545 493/762/528 488/756/527
f 499/770/538 508/779/549 494/763/529 489/758/522
f 512/783/553 511/782/552 496/765/531 495/764/530
f 508/779/557 512/783/556 495/764/533 494/763/532
f 505/776/545 419/785/559 417/766/534 493/762/528
f 511/782/552 502/773/542 492/761/526 496/765/531
f 513/791/566 514/792/567 515/793/568 516/794/569
f 514/792/567 517/795/570 518/796/571 515/793/568
f 519/797/572 520/798/573 521/799/574 522/800/575
f 520/798/573 523/801/576 524/802/577 521/799/574
f 525/803/578 526/804/579 527/805/580 528/806/581
f 526/804/579 529/807/582 530/808/583 527/805/580
f 531/809/584 532/810/585 533/811/586 534/812/587
f 532/810/585 535/813/588 470/733/486 533/811/586
f 513/791/566 516/794/569 447/705/589 446/704/590 439/695/590
f 519/797/572 522/800/575 437/693/591 443/701/591 448/708/592
f 525/803/578 528/806/581 438/694/446 433/689/430
f 531/809/584 534/812/587 432/688/429 435/691/445
f 435/691/432 437/693/435 522/800/593 531/809/594
f 513/791/595 439/695/438 438/694/437 528/806/596
f 530/808/597 449/709/457 452/712/460 517/795/598
f 455/717/465 449/709/468 530/808/583 529/807/582
f 471/734/487 470/733/486 535/813/588
f 464/726/491 471/734/490 535/813/599 524/802/600
f 454/716/464 464/726/478 524/802/577 523/801/576
f 452/712/474 460/722/473 518/796/571 517/795/570
f 518/796/571 460/722/473 408/737/494 404/706/601 447/705/589 516/794/569 515/793/568
f 519/797/572 448/708/592 405/707/602 407/713/461 454/716/464 523/801/576 520/798/573
f 525/803/578 433/689/430 445/703/449 455/717/465 529/807/582 526/804/579
f 470/733/486 444/702/448 432/688/429 534/812/587 533/811/586
f 517/795/598 514/792/603 527/805/604 530/808/597
f 514/792/603 513/791/595 528/806/596 527/805/604
f 522/800/593 521/799/605 532/810/606 531/809/594
f 521/799/605 524/802/600 535/813/599 532/810/606
f 536/814/607 537/815/608 538/816/609 539/817/610
f 537/815/608 540/818/611 541/819/612 538/816/609
f 540/818/611 542/820/613 543/821/614 541/819/612
f 544/822/615 545/823/616 546/824/617 547/825/618
f 545/823/616 548/826/619 549/827/620 546/824/617
f 548/826/619 550/828/621 551/829/622 549/827/620
f 536/814/607 539/817/610 394/676/623 428/675/607
f 552/830/624 553/831/625 427/673/626 395/672/627
f 554/832/628 555/833/629 429/679/630 397/678/630
f 544/822/615 547/825/618 391/682/631 430/681/631
f 554/832/632 397/678/633 392/834/633 394/676/633 539/817/634
f 552/830/635 395/672/636 389/835/636 391/682/636 547/825/637
f 543/821/614 542/820/613 504/775/544 503/774/543
f 556/836/638 557/837/639 507/778/548 506/777/547
f 551/829/622 550/828/621 510/781/551 509/780/550
f 557/837/640 551/829/641 509/780/555 507/778/554
f 503/774/642 423/787/642 426/838/643 543/821/644
f 428/675/645 401/685/646 410/784/558 504/775/544 542/820/613 540/818/611 537/815/608 536/814/607
f 556/836/638 506/777/547 420/788/562 402/684/647 427/673/626 553/831/625 558/839/648 559/840/649
f 425/841/650 424/789/563 421/790/565 399/683/651 429/679/652 555/833/629 560/842/653 561/843/654
f 430/681/655 400/686/656 422/786/560 510/781/551 550/828/621 548/826/619 545/823/616 544/822/615
f 541/819/657 543/821/644 426/838/643 562/844/658
f 539/817/634 538/816/659 563/845/660 554/832/632
f 538/816/659 541/819/657 562/844/658 563/845/660
f 564/846/661 557/837/639 556/836/638 559/840/649
f 552/830/624 565/847/662 558/839/648 553/831/625
f 565/847/662 564/846/661 559/840/649 558/839/648
f 562/844/663 426/838/664 425/841/650 561/843/654
f 554/832/628 563/845/665 560/842/653 555/833/629
f 563/845/665 562/844/663 561/843/654 560/842/653
f 557/837/640 564/846/666 549/827/667 551/829/641
f 564/846/666 565/847/668 546/824/669 549/827/667
f 565/847/668 552/830/635 547/825/637 546/824/669
o sorcerer_desk.007
v 1.073693 1.543034 -5.601354
v 1.073693 1.511849 -5.570168
v -7.357799 1.511849 -5.570168
v -7.357799 1.543034 -5.601354
v 1.073693 1.500435 -5.357141
v 1.073693 1.500435 -5.527571
v 1.073693 1.585633 -5.612769
v 1.073693 2.033464 -5.612769
v 1.073693 2.076063 -5.601354
v 1.073693 2.107247 -5.570168
v 1.073693 2.118662 -5.527571
v 1.073693 2.118662 -5.357141
v 1.073693 2.107247 -5.314541
v 1.073693 2.076063 -5.283358
v 1.073693 2.033464 -5.271944
v 1.073693 1.585633 -5.271944
v 1.073693 1.543034 -5.283358
v 1.073693 1.511849 -5.314541
v -7.357799 2.033464 -5.271944
v -7.357799 2.076063 -5.283358
v -7.357799 2.107247 -5.314541
v -7.357799 2.118662 -5.357141
v -7.357799 2.118662 -5.527571
v -7.357799 2.107247 -5.570168
v -7.357799 2.076063 -5.601354
v -7.357799 2.033464 -5.612769
v -7.357799 1.585633 -5.612769
v -7.357799 1.500435 -5.527571
v -7.357799 1.500435 -5.357141
v -7.357799 1.511849 -5.314541
v -7.357799 1.543034 -5.283358
v -7.357799 1.585633 -5.271944
v 1.827950 3.510492 -3.879308
v 1.857947 3.540490 -3.879308
v 1.857947 3.540488 -2.939305
v 1.827950 3.510490 -2.939305
v 1.827950 3.540490 -3.909307
v -8.112056 3.510492 -3.879308
v -8.112056 3.540490 -3.909307
v 1.827950 3.780495 -3.909305
v 1.857947 3.780495 -3.879308
v -8.142053 3.540490 -3.879308
v -8.112056 3.510490 -2.939305
v -8.142053 3.540488 -2.939305
v -8.142053 3.780495 -3.879308
v -8.112056 3.780495 -3.909305
v 1.827950 3.810493 -3.879308
v 1.827950 3.810493 -2.939303
v 1.857947 3.780493 -2.939303
v -8.112056 3.810493 -3.879308
v -8.142053 3.780493 -2.939303
v -8.112056 3.810493 -2.939303
v 1.827950 3.780493 -2.909305
v 1.827950 3.540488 -2.909307
v -8.112056 3.780493 -2.909305
v -8.112056 3.540488 -2.909307
v 1.827950 3.510493 -5.903308
v 1.857947 3.540490 -5.903308
v 1.857947 3.540490 -4.963304
v 1.827950 3.510493 -4.963304
v 1.827950 3.540490 -5.933307
v -8.112056 3.510493 -5.903308
v -8.112056 3.540490 -5.933307
v 1.827950 3.780496 -5.933307
v 1.857947 3.780496 -5.903308
v -8.142053 3.540490 -5.903308
v -8.112056 3.510493 -4.963304
v -8.142053 3.540490 -4.963304
v -8.142053 3.780496 -5.903308
v -8.112056 3.780496 -5.933307
v 1.827950 3.810493 -5.903308
v 1.827950 3.810493 -4.963304
v 1.857947 3.780496 -4.963304
v -8.112056 3.810493 -5.903308
v -8.142053 3.780496 -4.963304
v -8.112056 3.810493 -4.963304
v 1.827950 3.780496 -4.933307
v 1.827950 3.540490 -4.933307
v -8.112056 3.780496 -4.933307
v -8.112056 3.540490 -4.933307
v 1.827950 3.510493 -6.915308
v 1.857947 3.540490 -6.915308
v 1.857947 3.540490 -5.975304
v 1.827950 3.510493 -5.975304
v 1.827950 3.540490 -6.945305
v -8.112056 3.510493 -6.915308
v -8.112056 3.540490 -6.945305
v 1.827950 3.780496 -6.945305
v 1.857947 3.780496 -6.915308
v -8.142053 3.540490 -6.915308
v -8.112056 3.510493 -5.975304
v -8.142053 3.540490 -5.975304
v -8.142053 3.780496 -6.915308
v -8.112056 3.780496 -6.945305
v 1.827950 3.810493 -6.915308
v 1.827950 3.810493 -5.975304
v 1.857947 3.780496 -5.975304
v -8.112056 3.810493 -6.915308
v -8.142053 3.780496 -5.975304
v -8.112056 3.810493 -5.975304
v 1.827950 3.780496 -5.945305
v 1.827950 3.540490 -5.945305
v -8.112056 3.780496 -5.945305
v -8.112056 3.540490 -5.945305
v 1.827950 3.510493 -4.891310
v 1.857947 3.540490 -4.891310
v 1.857947 3.540490 -3.951303
v 1.827950 3.510493 -3.951303
v 1.827950 3.540490 -4.921307
v -8.112056 3.510493 -4.891310
v -8.112056 3.540490 -4.921307
v 1.827950 3.780496 -4.921307
v 1.857947 3.780496 -4.891310
v -8.142053 3.540490 -4.891310
v -8.112056 3.510493 -3.951303
v -8.142053 3.540490 -3.951303
v -8.142053 3.780496 -4.891310
v -8.112056 3.780496 -4.921307
v 1.827950 3.810493 -4.891310
v 1.827950 3.810493 -3.951302
v 1.857947 3.780496 -3.951302
v -8.112056 3.810493 -4.891310
v -8.142053 3.780496 -3.951302
v -8.112056 3.810493 -3.951302
v 1.827950 3.780496 -3.921305
v 1.827950 3.540490 -3.921307
v -8.112056 3.780496 -3.921305
v -8.112056 3.540490 -3.921307
v 1.827950 3.510493 -7.927310
v 1.857947 3.540490 -7.927310
v 1.857947 3.540490 -6.987304
v 1.827950 3.510493 -6.987304
v 1.827950 3.540490 -7.957305
v -8.112056 3.510493 -7.927310
v -8.112056 3.540490 -7.957305
v 1.827950 3.780496 -7.957305
v 1.857947 3.780496 -7.927310
v -8.142053 3.540490 -7.927310
v -8.112056 3.510493 -6.987304
v -8.142053 3.540490 -6.987304
v -8.142053 3.780496 -7.927310
v -8.112056 3.780496 -7.957305
v 1.827950 3.810493 -7.927310
v 1.827950 3.810493 -6.987304
v 1.857947 3.780496 -6.987304
v -8.112056 3.810493 -7.927310
v -8.142053 3.780496 -6.987304
v -8.112056 3.810493 -6.987304
v 1.827950 3.780496 -6.957305
v 1.827950 3.540490 -6.957305
v -8.112056 3.780496 -6.957305
v -8.112056 3.540490 -6.957305
v -7.072118 0.023245 -7.080878
v -7.072568 0.000002 -7.065982
v -7.411263 0.000002 -7.065982
v -7.411263 0.023788 -7.080604
v -7.431007 0.021437 -7.057769
v -7.411263 0.000002 -3.800780
v -7.431007 0.021437 -3.808993
v -7.073021 3.460677 -7.606222
v -7.052826 3.460677 -7.586027
v -7.052826 3.287892 -7.586027
v -7.073021 3.274944 -7.606222
v -7.073021 3.480870 -7.586027
v -7.410812 3.460677 -7.606222
v -7.410812 3.480870 -7.586027
v -7.431007 3.460677 -7.586027
v -7.431007 3.460675 -3.280730
v -7.410812 3.480870 -3.280730
v -7.410812 3.274944 -7.606222
v -7.431007 3.287892 -7.586027
v -7.410812 3.460675 -3.260538
v -7.431007 3.287890 -3.280730
v -7.410812 3.274942 -3.260538
v -7.052826 0.514126 -6.579421
v -7.073021 0.532034 -6.593745
v -7.073021 0.652215 -5.937083
v -7.052826 0.634916 -5.919432
v -7.410812 0.532034 -6.593745
v -7.431007 0.514126 -6.579421
v -7.431007 0.634916 -5.919432
v -7.410812 0.652215 -5.937083
v -7.073021 1.078629 -5.867949
v -7.052826 1.084962 -5.846465
v -7.431007 1.084962 -5.846465
v -7.410812 1.078629 -5.867949
v -7.410812 1.078629 -4.998813
v -7.431007 1.084962 -5.020297
v -7.431007 0.634917 -4.947329
v -7.410812 0.652215 -4.929678
v -7.431007 0.514127 -4.287341
v -7.410812 0.532035 -4.273016
v -7.410812 0.181429 -7.000831
v -7.073021 0.181429 -7.000831
v -7.410812 0.411854 -6.644904
v -7.073021 0.411854 -6.644904
v -7.120394 3.480870 -3.280730
v -7.073021 3.480870 -3.328104
v -7.052826 0.021437 -7.057769
v -7.411715 0.023245 -3.785883
v 0.788011 0.023245 -7.080878
v 1.127155 0.023788 -7.080604
v 1.127155 0.000002 -7.065982
v 0.788461 0.000002 -7.065982
v 1.146900 0.021437 -7.057769
v 1.146900 0.021437 -3.808993
v 1.127155 0.000002 -3.800780
v 0.788915 3.460677 -7.606222
v 0.788915 3.274944 -7.606222
v 0.768720 3.287892 -7.586027
v 0.768720 3.460677 -7.586027
v 0.788915 3.480870 -7.586027
v 1.126707 3.480870 -7.586027
v 1.126707 3.460677 -7.606222
v 1.126707 3.480870 -3.280730
v 1.146900 3.460675 -3.280730
v 1.146900 3.460677 -7.586027
v 1.146900 3.287892 -7.586027
v 1.126707 3.274944 -7.606222
v 1.126707 3.460675 -3.260538
v 1.126707 3.274942 -3.260538
v 1.146900 3.287890 -3.280730
v 0.768720 0.514126 -6.579421
v 0.768720 0.634916 -5.919432
v 0.788915 0.652215 -5.937083
v 0.788915 0.532034 -6.593745
v 1.126707 0.532034 -6.593745
v 1.126707 0.652215 -5.937083
v 1.146900 0.634916 -5.919432
v 1.146900 0.514126 -6.579421
v 0.768720 1.084962 -5.846465
v 0.788915 1.078629 -5.867949
v 1.126707 1.078629 -5.867949
v 1.146900 1.084962 -5.846465
v 1.126707 1.078629 -4.998813
v 1.126707 0.652215 -4.929678
v 1.146900 0.634917 -4.947329
v 1.146900 1.084962 -5.020297
v 1.126707 0.532035 -4.273016
v 1.146900 0.514127 -4.287341
v 0.788915 0.181429 -7.000831
v 1.126707 0.181429 -7.000831
v 0.788915 0.411854 -6.644904
v 1.126707 0.411854 -6.644904
v 0.788915 3.480870 -3.304263
v 0.812448 3.480870 -3.280730
v 0.768720 0.021437 -7.057769
v 1.127609 0.023245 -3.785883
v 0.815281 0.000002 -3.801569
v 0.790209 0.000002 -3.824000
v 0.791593 0.022071 -3.785288
v 0.768720 0.021988 -3.810881
v 0.792253 3.460675 -3.260538
v 0.768720 3.460675 -3.284069
v 0.768720 3.290031 -3.284069
v 0.792253 3.274942 -3.260538
v 0.792253 1.078629 -4.998813
v 0.768720 1.086009 -5.023848
v 0.768720 0.632057 -4.950248
v 0.792253 0.652215 -4.929678
v 0.768720 0.511166 -4.289709
v 0.792253 0.532035 -4.273016
v 0.792253 0.411854 -4.221858
v 1.126707 0.411854 -4.221858
v 0.792253 0.181429 -3.865931
v 1.126707 0.181429 -3.865931
v -7.074303 0.000002 -3.846663
v -7.124774 0.000002 -3.801505
v -7.100199 3.274942 -3.260538
v -7.052826 3.305316 -3.307909
v -7.052826 3.460675 -3.307909
v -7.100199 3.460675 -3.260538
v -7.052826 1.093485 -5.049212
v -7.100199 1.078629 -4.998813
v -7.100199 0.652215 -4.929678
v -7.052826 0.611634 -4.971090
v -7.100199 0.532035 -4.273016
v -7.052826 0.490025 -4.306620
v -7.052826 0.021983 -3.836851
v -7.098874 0.022153 -3.785327
v -7.410812 0.411854 -4.221858
v -7.100199 0.411854 -4.221858
v -7.410812 0.181429 -3.865931
v -7.100199 0.181429 -3.865931
v -7.052826 0.167443 -6.985274
v -7.431007 0.167443 -6.985274
v -7.431007 0.167443 -3.881483
v -7.052826 0.398260 -6.628741
v -7.431007 0.398260 -6.628741
v -7.073021 1.407048 -6.164245
v -7.052826 1.417647 -6.146609
v -7.431007 1.417647 -6.146609
v -7.410812 1.407048 -6.164245
v -7.073021 1.815089 -6.312392
v -7.052826 1.814242 -6.290602
v -7.431007 1.814242 -6.290602
v -7.410812 1.815089 -6.312392
v -7.073021 2.198630 -6.138347
v -7.052826 2.187065 -6.121418
v -7.431007 2.187065 -6.121418
v -7.410812 2.198630 -6.138347
v -7.073021 2.465803 -5.877826
v -7.052826 2.468926 -5.846573
v -7.431007 2.468926 -5.846573
v -7.410812 2.465803 -5.877826
v -7.077705 2.665604 -6.170621
v -7.052826 2.665604 -6.145741
v -7.431007 2.665604 -6.145875
v -7.406259 2.665604 -6.170621
v -7.073021 2.834782 -6.410718
v -7.052826 2.851509 -6.399396
v -7.431007 2.851509 -6.399396
v -7.410812 2.834782 -6.410718
v -7.073021 2.930464 -6.557990
v -7.052826 2.949238 -6.549819
v -7.431007 2.949238 -6.549819
v -7.410812 2.930464 -6.557990
v -7.073021 3.093517 -7.211160
v -7.052826 3.112654 -7.204443
v -7.431007 3.112654 -7.204443
v -7.410812 3.093517 -7.211160
v -7.431007 3.112654 -3.662318
v -7.410812 3.093515 -3.655600
v -7.431007 2.949238 -4.316937
v -7.410812 2.930464 -4.308772
v -7.431007 2.851509 -4.467360
v -7.410812 2.834782 -4.456040
v -7.431007 2.665604 -4.721014
v -7.406128 2.665604 -4.696135
v -7.431007 2.468926 -5.020185
v -7.410812 2.465803 -4.988935
v -7.431007 2.187065 -4.745339
v -7.410812 2.198630 -4.728415
v -7.431007 1.814242 -4.576159
v -7.410812 1.815089 -4.554368
v -7.431007 1.417647 -4.720153
v -7.410812 1.407048 -4.702517
v -7.431007 0.398260 -4.238017
v 0.768720 0.167443 -6.985274
v 1.146900 0.167443 -6.985274
v 1.146900 0.167443 -3.881483
v 0.768720 0.398260 -6.628741
v 1.146900 0.398260 -6.628741
v 0.768720 1.417647 -6.146609
v 0.788915 1.407048 -6.164245
v 1.126707 1.407048 -6.164245
v 1.146900 1.417647 -6.146609
v 0.768720 1.814242 -6.290602
v 0.788915 1.815089 -6.312392
v 1.126707 1.815089 -6.312392
v 1.146900 1.814242 -6.290602
v 0.768720 2.187065 -6.121418
v 0.788915 2.198630 -6.138347
v 1.126707 2.198630 -6.138347
v 1.146900 2.187065 -6.121418
v 0.768720 2.468926 -5.846573
v 0.788915 2.465803 -5.877826
v 1.126707 2.465803 -5.877826
v 1.146900 2.468926 -5.846573
v 0.768720 2.665604 -6.145741
v 0.793598 2.665604 -6.170621
v 1.122152 2.665604 -6.170621
v 1.146900 2.665604 -6.145875
v 0.768720 2.851509 -6.399396
v 0.788915 2.834782 -6.410718
v 1.126707 2.834782 -6.410718
v 1.146900 2.851509 -6.399396
v 0.768720 2.949238 -6.549819
v 0.788915 2.930464 -6.557990
v 1.126707 2.930464 -6.557990
v 1.146900 2.949238 -6.549819
v 0.768720 3.112654 -7.204443
v 0.788915 3.093517 -7.211160
v 1.126707 3.093517 -7.211160
v 1.146900 3.112654 -7.204443
v 1.126707 3.093515 -3.655600
v 1.146900 3.112654 -3.662318
v 1.126707 2.930464 -4.308772
v 1.146900 2.949238 -4.316937
v 1.126707 2.834782 -4.456040
v 1.146900 2.851509 -4.467360
v 1.122022 2.665604 -4.696135
v 1.146900 2.665604 -4.721014
v 1.126707 2.465803 -4.988935
v 1.146900 2.468926 -5.020185
v 1.126707 2.198630 -4.728415
v 1.146900 2.187065 -4.745339
v 1.126707 1.815089 -4.554368
v 1.146900 1.814242 -4.576159
v 1.126707 1.407048 -4.702517
v 1.146900 1.417647 -4.720153
v 1.146900 0.398260 -4.238017
v 0.768720 0.165131 -3.884055
v 0.768720 3.115817 -3.663428
v 0.792253 3.093515 -3.655600
v 0.768720 2.952342 -4.318290
v 0.792253 2.930464 -4.308772
v 0.768720 2.854274 -4.469233
v 0.792253 2.834782 -4.456040
v 0.768720 2.665604 -4.725127
v 0.797710 2.665604 -4.696135
v 0.768720 2.469442 -5.025351
v 0.792253 2.465803 -4.988935
v 0.768720 2.185153 -4.748139
v 0.792253 2.198630 -4.728415
v 0.768720 1.814102 -4.579760
v 0.792253 1.815089 -4.554368
v 0.768720 1.419399 -4.723067
v 0.792253 1.407048 -4.702517
v 0.768720 0.396013 -4.240691
v -7.100199 3.093515 -3.655600
v -7.052826 3.138411 -3.671355
v -7.100199 2.930464 -4.308772
v -7.052826 2.974507 -4.327931
v -7.100199 2.834782 -4.456040
v -7.052826 2.874021 -4.482600
v -7.100199 2.665604 -4.696135
v -7.052826 2.704534 -4.723132
v -7.100199 2.465803 -4.988935
v -7.052826 2.473129 -5.062245
v -7.100199 2.198630 -4.728415
v -7.052826 2.171499 -4.768125
v -7.100199 1.815089 -4.554368
v -7.052826 1.813101 -4.605490
v -7.100199 1.407048 -4.702517
v -7.052826 1.431912 -4.743888
v -7.052826 0.379964 -4.259768
v -7.052826 0.148619 -3.902419
vt -0.305605 0.519655
vt -0.305605 0.497398
vt 0.395230 0.497398
vt 0.395230 0.519655
vt 0.000000 0.265508
vt 0.000000 0.088491
vt 0.006536 0.044246
vt 0.024392 0.011856
vt 0.048784 0.000000
vt 0.305214 0.000000
vt 0.329607 0.011856
vt 0.347463 0.044246
vt 0.353999 0.088491
vt 0.353999 0.265508
vt 0.347463 0.309754
vt 0.329607 0.342144
vt 0.305214 0.353999
vt 0.048784 0.353999
vt 0.024392 0.342144
vt 0.006536 0.309754
vt 0.353999 0.659213
vt 0.342144 0.683606
vt 0.309754 0.701462
vt 0.265508 0.707998
vt 0.088491 0.707998
vt 0.044246 0.701462
vt 0.011855 0.683606
vt 0.000000 0.659213
vt 0.000000 0.402783
vt 0.011855 0.378391
vt 0.044246 0.360535
vt 0.088491 0.353999
vt 0.265508 0.353999
vt 0.309754 0.360535
vt 0.342144 0.378391
vt 0.353999 0.402783
vt 1.878282 0.120527
vt 1.886601 0.120527
vt 1.886601 -0.140156
vt 1.878282 -0.140156
vt 1.878282 0.128846
vt -0.878282 0.120527
vt -0.878282 0.128846
vt -0.450793 1.638258
vt -0.430102 1.638258
vt -0.430102 1.803803
vt -0.450793 1.803803
vt -0.886601 0.120527
vt -0.878282 -0.140156
vt -0.886601 -0.140156
vt -0.430102 1.638258
vt -0.450793 1.638258
vt -0.450793 1.803803
vt -0.430102 1.803803
vt 1.886601 0.120527
vt 1.878282 0.120527
vt 1.878282 -0.140156
vt 1.886601 -0.140156
vt 1.878282 0.128846
vt -0.878282 0.128846
vt -0.878282 0.120527
vt -0.886601 0.120527
vt -0.886601 -0.140156
vt -0.878282 -0.140156
vt -1.099165 1.803803
vt -1.119855 1.803803
vt -1.119855 1.638258
vt -1.099165 1.638258
vt 1.878282 -0.148474
vt -0.878282 -0.148474
vt -1.119855 1.803803
vt -1.099164 1.803803
vt -1.099164 1.638258
vt -1.119855 1.638258
vt 1.878282 -0.148474
vt -0.878282 -0.148474
vt 3.124505 1.365614
vt -2.124505 1.365614
vt -2.124505 1.492354
vt 3.124505 1.492354
vt 3.124505 1.492354
vt -2.124505 1.492354
vt -2.124505 1.365614
vt 3.124505 1.365614
vt 1.878282 0.120527
vt 1.886601 0.120527
vt 1.886601 -0.140156
vt 1.878282 -0.140156
vt 1.878282 0.128846
vt -0.878282 0.120527
vt -0.878282 0.128846
vt -0.450793 1.638258
vt -0.430102 1.638258
vt -0.430102 1.803803
vt -0.450793 1.803803
vt -0.886601 0.120527
vt -0.878282 -0.140156
vt -0.886601 -0.140156
vt -0.430102 1.638258
vt -0.450793 1.638258
vt -0.450793 1.803803
vt -0.430102 1.803803
vt 1.886601 0.120527
vt 1.878282 0.120527
vt 1.878282 -0.140156
vt 1.886601 -0.140156
vt 1.878282 0.128846
vt -0.878282 0.128846
vt -0.878282 0.120527
vt -0.886601 0.120527
vt -0.886601 -0.140156
vt -0.878282 -0.140156
vt -1.099165 1.803803
vt -1.119855 1.803803
vt -1.119855 1.638258
vt -1.099165 1.638258
vt 1.878282 -0.148474
vt -0.878282 -0.148474
vt -1.119855 1.803803
vt -1.099164 1.803803
vt -1.099164 1.638258
vt -1.119855 1.638258
vt 1.878282 -0.148474
vt -0.878282 -0.148474
vt 3.124505 1.365614
vt -2.124505 1.365614
vt -2.124505 1.492354
vt 3.124505 1.492354
vt 3.124505 1.492354
vt -2.124505 1.492354
vt -2.124505 1.365614
vt 3.124505 1.365614
vt 1.878282 0.120527
vt 1.886601 0.120527
vt 1.886601 -0.140156
vt 1.878282 -0.140156
vt 1.878282 0.128846
vt -0.878282 0.120527
vt -0.878282 0.128846
vt -0.450793 1.638258
vt -0.430102 1.638258
vt -0.430102 1.803803
vt -0.450793 1.803803
vt -0.886601 0.120527
vt -0.878282 -0.140156
vt -0.886601 -0.140156
vt -0.430102 1.638258
vt -0.450793 1.638258
vt -0.450793 1.803803
vt -0.430102 1.803803
vt 1.886601 0.120527
vt 1.878282 0.120527
vt 1.878282 -0.140156
vt 1.886601 -0.140156
vt 1.878282 0.128846
vt -0.878282 0.128846
vt -0.878282 0.120527
vt -0.886601 0.120527
vt -0.886601 -0.140156
vt -0.878282 -0.140156
vt -1.099165 1.803803
vt -1.119855 1.803803
vt -1.119855 1.638258
vt -1.099165 1.638258
vt 1.878282 -0.148474
vt -0.878282 -0.148474
vt -1.119855 1.803803
vt -1.099164 1.803803
vt -1.099164 1.638258
vt -1.119855 1.638258
vt 1.878282 -0.148474
vt -0.878282 -0.148474
vt 3.124505 1.365614
vt -2.124505 1.365614
vt -2.124505 1.492354
vt 3.124505 1.492354
vt 3.124505 1.492354
vt -2.124505 1.492354
vt -2.124505 1.365614
vt 3.124505 1.365614
vt 1.878282 0.120527
vt 1.886601 0.120527
vt 1.886601 -0.140156
vt 1.878282 -0.140156
vt 1.878282 0.128846
vt -0.878282 0.120527
vt -0.878282 0.128846
vt -0.450793 1.638258
vt -0.430102 1.638258
vt -0.430102 1.803803
vt -0.450793 1.803803
vt -0.886601 0.120527
vt -0.878282 -0.140156
vt -0.886601 -0.140156
vt -0.430102 1.638258
vt -0.450793 1.638258
vt -0.450793 1.803803
vt -0.430102 1.803803
vt 1.886601 0.120527
vt 1.878282 0.120527
vt 1.878282 -0.140156
vt 1.886601 -0.140156
vt 1.878282 0.128846
vt -0.878282 0.128846
vt -0.878282 0.120527
vt -0.886601 0.120527
vt -0.886601 -0.140156
vt -0.878282 -0.140156
vt -1.099165 1.803803
vt -1.119855 1.803803
vt -1.119855 1.638258
vt -1.099165 1.638258
vt 1.878282 -0.148474
vt -0.878282 -0.148474
vt -1.119855 1.803803
vt -1.099164 1.803803
vt -1.099164 1.638258
vt -1.119855 1.638258
vt 1.878282 -0.148474
vt -0.878282 -0.148474
vt 3.124505 1.365614
vt -2.124505 1.365614
vt -2.124505 1.492354
vt 3.124505 1.492354
vt 3.124505 1.492354
vt -2.124505 1.492354
vt -2.124505 1.365614
vt 3.124505 1.365614
vt 1.878282 0.120527
vt 1.886601 0.120527
vt 1.886601 -0.140156
vt 1.878282 -0.140156
vt 1.878282 0.128846
vt -0.878282 0.120527
vt -0.878282 0.128846
vt -0.450793 1.638258
vt -0.430102 1.638258
vt -0.430102 1.803803
vt -0.450793 1.803803
vt -0.886601 0.120527
vt -0.878282 -0.140156
vt -0.886601 -0.140156
vt -0.430102 1.638258
vt -0.450793 1.638258
vt -0.450793 1.803803
vt -0.430102 1.803803
vt 1.886601 0.120527
vt 1.878282 0.120527
vt 1.878282 -0.140156
vt 1.886601 -0.140156
vt 1.878282 0.128846
vt -0.878282 0.128846
vt -0.878282 0.120527
vt -0.886601 0.120527
vt -0.886601 -0.140156
vt -0.878282 -0.140156
vt -1.099165 1.803803
vt -1.119855 1.803803
vt -1.119855 1.638258
vt -1.099165 1.638258
vt 1.878282 -0.148474
vt -0.878282 -0.148474
vt -1.119855 1.803803
vt -1.099164 1.803803
vt -1.099164 1.638258
vt -1.119855 1.638258
vt 1.878282 -0.148474
vt -0.878282 -0.148474
vt 3.124505 1.365614
vt -2.124505 1.365614
vt -2.124505 1.492354
vt 3.124505 1.492354
vt 3.124505 1.492354
vt -2.124505 1.492354
vt -2.124505 1.365614
vt 3.124505 1.365614
vt 0.867513 0.669378
vt 0.867555 0.668000
vt 0.898890 0.668000
vt 0.898890 0.669353
vt 1.741558 -0.789018
vt 1.747223 -0.803803
vt -0.504960 -0.803803
vt -0.499295 -0.789018
vt 2.119855 1.583207
vt 2.105926 1.583207
vt 2.105926 1.464029
vt 2.119855 1.455098
vt 0.832988 0.763956
vt 0.832988 0.765821
vt 0.801793 0.765821
vt 0.801793 0.763956
vt 2.105926 1.597136
vt 2.105926 1.583207
vt -0.863664 1.583207
vt -0.863664 1.597136
vt 2.119855 1.583207
vt 2.119855 1.455098
vt 2.105926 1.464029
vt -0.877593 1.583207
vt -0.863664 1.464029
vt -0.877593 1.455098
vt 1.411616 -0.449184
vt 1.421496 -0.436832
vt 0.968562 -0.353938
vt 0.956387 -0.365869
vt 1.421496 -0.436832
vt 1.411616 -0.449184
vt 0.956387 -0.365869
vt 0.968562 -0.353938
vt 0.920877 -0.059817
vt 0.906057 -0.055449
vt 0.906057 -0.055449
vt 0.920877 -0.059817
vt 0.321387 -0.059817
vt 0.336206 -0.055449
vt 0.285877 -0.365869
vt 0.273701 -0.353937
vt -0.169353 -0.449184
vt -0.179233 -0.436832
vt -1.575346 -0.491734
vt -1.754438 -0.491447
vt -1.754200 -0.408202
vt -1.575823 -0.408202
vt -1.754200 -0.286522
vt -1.575823 -0.286522
vt -1.754200 -0.223058
vt -1.575823 -0.223058
vt -1.754200 -0.159595
vt -1.575823 -0.159595
vt -1.754200 0.065582
vt -1.575823 0.065582
vt -1.575823 1.225388
vt -1.754200 1.225388
vt -1.754200 1.323468
vt -1.575823 1.323468
vt -0.590137 1.148474
vt -0.683813 1.148474
vt -0.683813 -0.045471
vt -0.603274 -0.045471
vt -0.590137 -0.032333
vt 1.747223 -0.803803
vt 1.757498 -0.787772
vt 1.741558 -0.789018
vt 1.757308 -0.787397
vt 2.105926 1.597136
vt -0.515234 -0.787772
vt 0.866075 0.669418
vt 0.834695 0.669392
vt 0.834695 0.668039
vt 0.866033 0.668039
vt 1.741558 -0.789018
vt -0.499295 -0.789018
vt -0.504960 -0.803803
vt 1.747223 -0.803803
vt 2.119855 1.583207
vt 2.119855 1.455098
vt 2.105926 1.464029
vt 2.105926 1.583207
vt 0.768932 0.763983
vt 0.800130 0.763983
vt 0.800130 0.765848
vt 0.768932 0.765848
vt 2.105926 1.597136
vt -0.863664 1.597136
vt -0.863664 1.583207
vt 2.105926 1.583207
vt 2.105926 1.464029
vt 2.119855 1.455098
vt 2.119855 1.583207
vt -0.877593 1.583207
vt -0.877593 1.455098
vt -0.863664 1.464029
vt 1.411616 -0.449184
vt 0.956387 -0.365869
vt 0.968562 -0.353938
vt 1.421496 -0.436832
vt 1.421496 -0.436832
vt 0.968562 -0.353938
vt 0.956387 -0.365869
vt 1.411616 -0.449184
vt 0.906057 -0.055449
vt 0.920877 -0.059817
vt 0.920877 -0.059817
vt 0.906057 -0.055449
vt 0.321387 -0.059817
vt 0.273701 -0.353937
vt 0.285876 -0.365869
vt 0.336206 -0.055449
vt -0.179233 -0.436832
vt -0.169353 -0.449184
vt 2.575346 -0.491734
vt 2.575823 -0.408202
vt 2.754200 -0.408202
vt 2.754437 -0.491447
vt 2.575823 -0.286522
vt 2.754200 -0.286522
vt 2.575823 -0.223058
vt 2.754200 -0.223058
vt 2.575823 -0.159595
vt 2.754200 -0.159595
vt 2.575823 0.065582
vt 2.754200 0.065582
vt 2.575823 1.225388
vt 2.575823 1.323468
vt 2.754200 1.323468
vt 2.754200 1.225388
vt 1.590137 1.148474
vt 1.590137 -0.038945
vt 1.596663 -0.045471
vt 1.683813 -0.045471
vt 1.683813 1.148474
vt 1.747223 -0.803803
vt 1.741558 -0.789018
vt 1.757498 -0.787772
vt 1.757308 -0.787397
vt 2.105926 1.597136
vt -0.515234 -0.787772
vt 1.597448 0.098968
vt 1.590495 0.105188
vt 1.590011 1.004255
vt 1.683937 1.004255
vt 1.683937 0.098749
vt -0.515645 -0.788581
vt -0.497992 -0.788639
vt -0.488944 -0.803803
vt -0.504415 -0.803803
vt -0.877593 1.583207
vt -0.861362 1.583207
vt -0.861362 1.465505
vt -0.877593 1.455098
vt 0.321387 -0.059817
vt 0.338655 -0.054727
vt 0.287889 -0.367841
vt 0.273701 -0.353937
vt -0.167719 -0.451226
vt -0.179233 -0.436832
vt 0.865743 0.364487
vt 0.863552 0.365993
vt 0.834695 0.365920
vt 0.834653 0.364542
vt 2.577586 1.323468
vt 2.577586 1.225388
vt 2.754200 1.225388
vt 2.754200 1.323468
vt 2.577586 0.065582
vt 2.577586 -0.159594
vt 2.754200 -0.159594
vt 2.754200 0.065582
vt 2.577586 -0.223058
vt 2.754200 -0.223058
vt 2.577586 -0.286522
vt 2.754200 -0.286522
vt 2.577586 -0.408202
vt 2.754200 -0.408202
vt 2.577237 -0.492354
vt 2.754677 -0.491734
vt -0.590492 0.111473
vt -0.604489 0.098950
vt -0.683938 0.098749
vt -0.683938 1.004255
vt -0.590011 1.004255
vt -0.877593 1.455098
vt -0.844918 1.476049
vt -0.844918 1.583207
vt -0.877593 1.583207
vt 0.356151 -0.049570
vt 0.321387 -0.059817
vt 0.273701 -0.353937
vt 0.302266 -0.381928
vt -0.179233 -0.436832
vt -0.156055 -0.465809
vt -0.480079 -0.788642
vt -0.515618 -0.788525
vt -0.504460 -0.803803
vt -0.473311 -0.803803
vt 0.872385 0.365983
vt 0.869989 0.364487
vt 0.898932 0.364538
vt 0.898890 0.365916
vt 0.768023 0.881642
vt 0.739358 0.881642
vt 0.739358 0.864551
vt 0.768023 0.864551
vt -1.590175 0.065582
vt -1.754200 0.065582
vt -1.754200 -0.159594
vt -1.590175 -0.159594
vt -1.754200 -0.223058
vt -1.590175 -0.223058
vt -1.754200 -0.286522
vt -1.590175 -0.286522
vt -1.754200 -0.408202
vt -1.590175 -0.408202
vt -1.754677 -0.491734
vt -1.589475 -0.492311
vt -0.296834 0.537364
vt 0.399615 0.537364
vt 0.399615 0.712468
vt -0.296834 0.712468
vt 0.395230 0.345357
vt 1.096065 0.345357
vt 1.096065 0.466995
vt 0.395230 0.466995
vt 0.399615 0.537364
vt 1.096065 0.537364
vt 1.096065 0.712469
vt 0.399615 0.712469
vt -0.305605 0.345357
vt 0.395230 0.345357
vt 0.395230 0.466995
vt -0.305605 0.466995
vt -0.296834 0.520707
vt 0.399615 0.520707
vt 0.395230 0.314954
vt 1.096065 0.314954
vt 0.395230 0.292697
vt 1.096065 0.292697
vt -0.296834 0.729124
vt 0.399615 0.729124
vt 0.399615 0.520707
vt 1.096065 0.520708
vt 0.395230 0.519656
vt 0.395230 0.497399
vt 1.096065 0.497399
vt 1.096065 0.519656
vt -0.305605 0.314954
vt 0.395230 0.314954
vt -0.305605 0.292697
vt 0.395230 0.292697
vt 0.399615 0.729125
vt 1.096065 0.729125
vt 1.702285 -0.678663
vt 1.691555 -0.688310
vt 1.691555 -0.688310
vt 1.702285 -0.678663
vt -0.460021 -0.678663
vt -0.449294 -0.688310
vt 1.456783 -0.519727
vt 1.445635 -0.529103
vt 1.445635 -0.529103
vt 1.456783 -0.519727
vt 1.125247 0.166711
vt 1.113083 0.174022
vt 1.113083 0.174022
vt 1.125247 0.166711
vt 1.227432 0.448158
vt 1.212402 0.447574
vt 1.212402 0.447574
vt 1.227432 0.448158
vt 1.107384 0.712707
vt 1.095708 0.704730
vt 1.095708 0.704730
vt 1.107384 0.712707
vt 0.927689 0.896991
vt 0.906134 0.899144
vt 0.906134 0.899144
vt 0.927689 0.896991
vt 1.129646 1.034804
vt 1.112486 1.034804
vt 1.112578 1.034804
vt 1.129646 1.034804
vt 1.295254 1.151495
vt 1.287445 1.163032
vt 1.287445 1.163032
vt 1.295254 1.151495
vt 1.396834 1.217492
vt 1.391198 1.230441
vt 1.391198 1.230441
vt 1.396834 1.217492
vt 1.847360 1.329958
vt 1.842727 1.343157
vt 1.842727 1.343157
vt 1.847360 1.329958
vt -0.600464 1.343158
vt -0.605098 1.329958
vt -0.148937 1.230441
vt -0.154570 1.217492
vt -0.045183 1.163032
vt -0.052990 1.151495
vt 0.129775 1.034804
vt 0.112615 1.034804
vt 0.336130 0.899145
vt 0.314575 0.896991
vt 0.146554 0.704730
vt 0.134880 0.712707
vt 0.029861 0.447574
vt 0.014831 0.448159
vt 0.129181 0.174022
vt 0.117017 0.166711
vt -0.203374 -0.529103
vt -0.214520 -0.519727
vt -1.754200 0.239010
vt -1.575823 0.239010
vt -1.754200 0.454483
vt -1.575823 0.454483
vt -1.754200 0.657020
vt -1.575823 0.657020
vt -1.754200 0.798106
vt -1.575823 0.798106
vt -1.751796 0.903614
vt -1.578296 0.903614
vt -1.754200 0.992952
vt -1.575823 0.992952
vt -1.754200 1.043478
vt -1.575823 1.043478
vt -1.754200 1.129582
vt -1.575823 1.129582
vt 0.836736 -0.390995
vt 0.163265 -0.390995
vt 0.178292 -0.315344
vt 0.821708 -0.315345
vt 0.252201 -0.195750
vt 0.747799 -0.195750
vt 0.262426 -0.135715
vt 0.737575 -0.135716
vt 0.399242 -0.073130
vt 0.600759 -0.073130
vt 0.414368 0.160054
vt 0.585633 0.160054
vt 0.352148 0.332430
vt 0.647853 0.332430
vt 0.322298 0.537919
vt 0.677702 0.537919
vt 0.357370 0.731092
vt 0.642631 0.731092
vt 0.414345 0.877134
vt 0.585656 0.877134
vt 0.352327 0.979040
vt 0.647701 0.979040
vt 0.299744 1.075364
vt 0.700256 1.075364
vt 0.268562 1.126001
vt 0.731438 1.126001
vt 0.132859 1.210672
vt 0.867142 1.210672
vt 0.053756 1.301469
vt 0.946244 1.301469
vt 0.053756 1.390995
vt 0.946244 1.390995
vt 1.691555 -0.688310
vt 1.702285 -0.678663
vt 1.702285 -0.678663
vt 1.691555 -0.688310
vt -0.449294 -0.688310
vt -0.460021 -0.678663
vt 1.445635 -0.529103
vt 1.456783 -0.519727
vt 1.456783 -0.519727
vt 1.445635 -0.529103
vt 1.113083 0.174022
vt 1.125247 0.166711
vt 1.125247 0.166711
vt 1.113083 0.174022
vt 1.212402 0.447574
vt 1.227432 0.448158
vt 1.227432 0.448158
vt 1.212402 0.447574
vt 1.095708 0.704730
vt 1.107384 0.712707
vt 1.107384 0.712707
vt 1.095708 0.704730
vt 0.906134 0.899144
vt 0.927689 0.896991
vt 0.927689 0.896991
vt 0.906134 0.899144
vt 1.112486 1.034804
vt 1.129646 1.034804
vt 1.129646 1.034804
vt 1.112578 1.034804
vt 1.287445 1.163032
vt 1.295254 1.151495
vt 1.295254 1.151495
vt 1.287445 1.163032
vt 1.391198 1.230441
vt 1.396834 1.217492
vt 1.396834 1.217492
vt 1.391198 1.230441
vt 1.842727 1.343157
vt 1.847360 1.329958
vt 1.847360 1.329958
vt 1.842727 1.343157
vt -0.605098 1.329958
vt -0.600464 1.343158
vt -0.154571 1.217492
vt -0.148937 1.230441
vt -0.052990 1.151495
vt -0.045184 1.163032
vt 0.112614 1.034804
vt 0.129775 1.034804
vt 0.314575 0.896991
vt 0.336130 0.899145
vt 0.134880 0.712707
vt 0.146554 0.704730
vt 0.014831 0.448159
vt 0.029861 0.447574
vt 0.117017 0.166711
vt 0.129180 0.174022
vt -0.214520 -0.519727
vt -0.203374 -0.529103
vt 2.575823 0.239010
vt 2.754200 0.239010
vt 2.575823 0.454483
vt 2.754200 0.454483
vt 2.575823 0.657020
vt 2.754200 0.657020
vt 2.575823 0.798106
vt 2.754200 0.798106
vt 2.578296 0.903614
vt 2.751795 0.903614
vt 2.575823 0.992952
vt 2.754200 0.992952
vt 2.575823 1.043478
vt 2.754200 1.043478
vt 2.575823 1.129582
vt 2.754200 1.129582
vt 0.836736 -0.390995
vt 0.821708 -0.315345
vt 0.178292 -0.315344
vt 0.163265 -0.390995
vt 0.747799 -0.195750
vt 0.252201 -0.195750
vt 0.737574 -0.135716
vt 0.262426 -0.135715
vt 0.600759 -0.073130
vt 0.399242 -0.073130
vt 0.585633 0.160054
vt 0.414368 0.160054
vt 0.647853 0.332430
vt 0.352148 0.332430
vt 0.677702 0.537919
vt 0.322298 0.537919
vt 0.642631 0.731092
vt 0.357370 0.731092
vt 0.585655 0.877134
vt 0.414345 0.877134
vt 0.647701 0.979040
vt 0.352327 0.979040
vt 0.700256 1.075364
vt 0.299744 1.075364
vt 0.731438 1.126001
vt 0.268562 1.126001
vt 0.867141 1.210672
vt 0.132859 1.210672
vt 0.946244 1.301469
vt 0.053756 1.301469
vt 0.946244 1.390995
vt 0.053756 1.390995
vt -0.460021 -0.678663
vt -0.447521 -0.689905
vt -0.863664 1.597136
vt -0.847433 1.597136
vt -0.599699 1.345340
vt -0.605098 1.329958
vt -0.148006 1.232582
vt -0.154571 1.217492
vt -0.043892 1.164940
vt -0.052990 1.151495
vt 0.132612 1.034804
vt 0.112614 1.034804
vt 0.339692 0.899501
vt 0.314575 0.896991
vt 0.148486 0.703411
vt 0.134880 0.712707
vt 0.032345 0.447477
vt 0.014831 0.448159
vt 0.131191 0.175230
vt 0.117017 0.166711
vt -0.201530 -0.530654
vt -0.214520 -0.519727
vt 0.769240 0.364487
vt 0.800130 0.364487
vt 0.800130 0.366352
vt 0.771106 0.366352
vt 2.577586 1.129582
vt 2.754200 1.129582
vt 2.577586 1.043478
vt 2.754200 1.043478
vt 2.577586 0.992952
vt 2.754200 0.992952
vt 2.580467 0.903614
vt 2.751727 0.903614
vt 2.577586 0.798106
vt 2.754200 0.798106
vt 2.577586 0.657020
vt 2.754200 0.657020
vt 2.577586 0.454484
vt 2.754200 0.454484
vt 2.577586 0.239010
vt 2.754200 0.239010
vt 0.163656 -0.390710
vt 0.178825 -0.316542
vt 0.821708 -0.315345
vt 0.836736 -0.390995
vt 0.252756 -0.196915
vt 0.747799 -0.195750
vt 0.262917 -0.137249
vt 0.737574 -0.135716
vt 0.399847 -0.074612
vt 0.600759 -0.073130
vt 0.415104 0.160597
vt 0.585633 0.160054
vt 0.352752 0.333338
vt 0.647853 0.332430
vt 0.323045 0.537847
vt 0.677702 0.537919
vt 0.357950 0.730102
vt 0.642631 0.731092
vt 0.415416 0.877402
vt 0.585655 0.877134
vt 0.353179 0.979040
vt 0.647673 0.979040
vt 0.300133 1.076797
vt 0.700256 1.075364
vt 0.268842 1.127609
vt 0.731438 1.126001
vt 0.133089 1.212311
vt 0.867141 1.210672
vt 0.054448 1.302578
vt 0.946244 1.301469
vt 0.054448 1.390995
vt 0.946244 1.390995
vt -0.605098 1.329958
vt -0.594230 1.360923
vt -0.154570 1.217492
vt -0.141354 1.247870
vt -0.052990 1.151495
vt -0.034672 1.178560
vt 0.112615 1.034804
vt 0.131235 1.061656
vt 0.314575 0.896991
vt 0.365141 0.902044
vt 0.134880 0.712707
vt 0.162270 0.693993
vt 0.014831 0.448159
vt 0.050092 0.446787
vt 0.117017 0.166711
vt 0.145552 0.183861
vt -0.214520 -0.519727
vt -0.188371 -0.541724
vt -0.460021 -0.678663
vt -0.434854 -0.701294
vt -0.830988 1.597136
vt -0.863664 1.597136
vt 0.830478 0.364487
vt 0.828613 0.366352
vt 0.801793 0.366352
vt 0.801793 0.364487
vt -1.590175 1.225388
vt -1.754200 1.225388
vt -1.754200 1.129582
vt -1.590175 1.129582
vt -1.754200 1.043478
vt -1.590175 1.043478
vt -1.754200 0.992952
vt -1.590175 0.992952
vt -1.751726 0.903614
vt -1.590175 0.903614
vt -1.754200 0.798106
vt -1.590175 0.798106
vt -1.754200 0.657020
vt -1.590175 0.657020
vt -1.754200 0.454484
vt -1.590175 0.454484
vt -1.754200 0.239010
vt -1.590175 0.239010
vt 0.169040 -0.390712
vt 0.836736 -0.390995
vt 0.821708 -0.315345
vt 0.182632 -0.325098
vt 0.747799 -0.195750
vt 0.256710 -0.205230
vt 0.737575 -0.135716
vt 0.266423 -0.148204
vt 0.600759 -0.073130
vt 0.404168 -0.085193
vt 0.585633 0.160054
vt 0.420362 0.164470
vt 0.647853 0.332430
vt 0.357068 0.339821
vt 0.677702 0.537919
vt 0.328378 0.537329
vt 0.642631 0.731092
vt 0.362093 0.723027
vt 0.585656 0.877134
vt 0.423064 0.879312
vt 0.647673 0.979040
vt 0.352766 0.999211
vt 0.700256 1.075364
vt 0.302903 1.087028
vt 0.731438 1.126001
vt 0.270841 1.139094
vt 0.867142 1.210672
vt 0.134733 1.224018
vt 0.946244 1.301469
vt 0.059390 1.310498
vt 0.946244 1.390995
vt 0.059390 1.390995
vn 0.0000 -0.7071 -0.7071
vn 1.0000 0.0000 0.0000
vn -1.0000 0.0000 0.0000
vn 0.7071 -0.7071 -0.0000
vn 0.7071 0.0000 -0.7071
vn -0.7071 -0.7071 -0.0000
vn -0.7071 0.0000 -0.7071
vn 0.7071 0.7071 0.0000
vn 0.0000 0.7071 -0.7071
vn -0.7071 0.7071 0.0000
vn 0.7071 -0.0000 0.7071
vn 0.0000 0.7071 0.7071
vn -0.7071 -0.0000 0.7071
vn 0.0000 -0.7071 0.7071
vn 0.0000 0.0000 -1.0000
vn 0.0000 1.0000 0.0000
vn 0.0000 -0.0000 1.0000
vn 0.0000 -1.0000 -0.0000
vn 0.5774 -0.5773 -0.5773
vn -0.5774 -0.5773 -0.5773
vn 0.5774 0.5773 -0.5774
vn -0.5774 0.5773 -0.5774
vn 0.5774 0.5773 0.5774
vn -0.5774 0.5773 0.5774
vn 0.5774 -0.5773 0.5773
vn -0.5774 -0.5773 0.5773
vn 0.5774 -0.5774 -0.5773
vn -0.5774 -0.5774 -0.5773
vn 0.5774 0.5774 -0.5773
vn -0.5774 0.5774 -0.5773
vn 0.5773 0.5774 0.5774
vn -0.5773 0.5773 0.5774
vn 0.5774 -0.5773 0.5774
vn -0.5774 -0.5773 0.5774
vn 0.5774 -0.5773 -0.5774
vn -0.5774 -0.5773 -0.5774
vn 0.5774 0.5774 0.5773
vn -0.5774 0.5774 0.5773
vn 0.5774 -0.5774 0.5773
vn -0.5774 -0.5774 0.5773
vn 0.5774 0.5773 0.5773
vn 0.5773 -0.5773 0.5774
vn -0.5773 -0.5773 0.5774
vn 0.5773 -0.5773 -0.5774
vn -0.5773 -0.5773 -0.5774
vn 0.5773 0.5773 -0.5774
vn -0.5773 0.5773 -0.5774
vn -0.0008 -0.5316 -0.8470
vn -0.7355 -0.6775 -0.0000
vn 0.7071 0.6956 -0.1273
vn -0.7071 0.6956 -0.1273
vn 0.7071 0.1132 -0.6980
vn -0.7071 0.1132 -0.6980
vn -0.7071 0.1132 0.6980
vn -0.7071 0.6956 0.1273
vn 0.0000 0.4515 -0.8923
vn 0.0000 0.8394 -0.5434
vn 0.0000 0.3917 -0.9201
vn 0.0000 0.9837 -0.1800
vn 0.0000 0.1600 -0.9871
vn 0.6875 -0.4012 -0.6053
vn -0.6782 -0.3848 -0.6260
vn 0.5773 0.5774 -0.5773
vn -0.5773 0.5774 -0.5774
vn -0.5773 0.5774 0.5774
vn -0.6874 -0.4013 0.6053
vn 0.0008 -0.5316 -0.8470
vn 0.7355 -0.6775 -0.0000
vn 0.7072 0.0000 -0.7071
vn 0.7071 0.6955 -0.1273
vn 0.7071 0.1132 0.6980
vn 0.7071 0.6955 0.1273
vn -0.6875 -0.4012 -0.6053
vn 0.6782 -0.3849 -0.6261
vn -0.5773 0.5774 -0.5773
vn 0.6874 -0.4013 0.6053
vn -0.4531 -0.7674 0.4537
vn -0.7251 -0.6886 0.0003
vn 0.0008 -0.5666 0.8240
vn 0.0000 0.1600 0.9871
vn 0.0000 0.9837 0.1800
vn 0.0000 0.3917 0.9201
vn 0.0000 0.8394 0.5434
vn 0.0000 0.4515 0.8923
vn 0.7071 0.6956 0.1273
vn 0.4579 -0.7616 0.4585
vn 0.7252 -0.6886 0.0003
vn -0.0008 -0.5646 0.8254
vn -0.0000 -0.0233 -0.9997
vn 0.0000 0.0233 -0.9997
vn 0.0000 0.9986 -0.0535
vn 0.0000 0.9986 0.0535
vn -0.0000 0.0233 0.9997
vn 0.0000 -0.0233 0.9997
vn 0.0000 -0.9986 0.0535
vn -0.0000 -0.9986 -0.0535
vn 0.0000 -0.2588 -0.9659
vn 0.0000 -0.9659 -0.2588
vn 0.0000 0.9659 -0.2588
vn 0.0000 0.5000 -0.8660
vn 0.0000 0.2588 0.9659
vn 0.0000 0.8660 0.5000
vn 0.0000 -0.8660 0.5000
vn 0.0000 -0.2588 0.9659
vn 0.7256 0.3102 -0.6143
vn 0.7223 0.5195 -0.4565
vn 0.7224 0.5192 -0.4568
vn -0.7217 0.3112 -0.6183
vn -0.7214 0.5193 -0.4582
vn -0.7213 0.5196 -0.4580
vn -0.7255 0.3102 0.6143
vn -0.7223 0.5195 0.4565
vn -0.7223 0.5192 0.4568
vn 0.7181 0.5282 -0.4531
vn -0.7181 0.5282 -0.4531
vn -0.7181 0.5282 -0.4530
vn 0.7071 0.2769 -0.6506
vn -0.7071 0.2770 -0.6506
vn 0.7071 -0.4737 -0.5250
vn 0.7137 -0.3631 -0.5990
vn -0.7071 -0.4737 -0.5250
vn -0.7137 -0.3631 -0.5990
vn -0.7137 -0.3632 -0.5990
vn 0.7071 -0.2413 -0.6647
vn -0.7071 -0.2413 -0.6647
vn 0.7071 0.2922 -0.6439
vn 0.7124 0.3919 -0.5822
vn 0.7124 0.3918 -0.5822
vn -0.7071 0.2922 -0.6439
vn -0.7124 0.3919 -0.5822
vn 0.7071 0.4937 -0.5063
vn -0.7071 0.4937 -0.5063
vn 0.6028 -0.6607 -0.4473
vn 0.6070 -0.6512 -0.4555
vn 0.6045 -0.6569 -0.4506
vn -0.6030 -0.6607 -0.4471
vn -0.6047 -0.6568 -0.4505
vn -0.6072 -0.6512 -0.4553
vn 0.6463 -0.6283 -0.4330
vn 0.6467 -0.6281 -0.4328
vn -0.6470 -0.6279 -0.4327
vn -0.6466 -0.6280 -0.4330
vn 0.7103 -0.6697 -0.2168
vn -0.7103 -0.6697 -0.2168
vn 0.7085 -0.6706 -0.2198
vn -0.7085 -0.6706 -0.2198
vn 0.7071 -0.6426 -0.2951
vn -0.7071 -0.6426 -0.2951
vn -0.7071 -0.6426 0.2951
vn -0.7085 -0.6706 0.2198
vn -0.7103 -0.6697 0.2168
vn -0.6467 -0.6281 0.4328
vn -0.6463 -0.6283 0.4330
vn -0.6046 -0.6567 0.4508
vn -0.6069 -0.6514 0.4554
vn -0.6028 -0.6607 0.4473
vn -0.7071 0.4937 0.5063
vn -0.7124 0.3919 0.5822
vn -0.7071 0.2922 0.6440
vn -0.7071 -0.2413 0.6647
vn -0.7137 -0.3631 0.5990
vn -0.7071 -0.4737 0.5250
vn -0.7071 0.2770 0.6506
vn -0.7181 0.5282 0.4531
vn 0.0000 -0.6699 -0.7425
vn 0.0000 -0.5167 -0.8562
vn 0.0000 -0.3413 -0.9400
vn 0.0000 0.4132 -0.9106
vn 0.0000 0.5554 -0.8316
vn 0.0000 0.6981 -0.7160
vn 0.0000 -0.8260 -0.5637
vn 0.0000 -0.8217 -0.5698
vn 0.0000 -0.8220 -0.5695
vn 0.0000 -0.8256 -0.5642
vn -0.0000 -0.9515 -0.3076
vn -0.0000 -0.9500 -0.3122
vn 0.0000 -0.9088 -0.4173
vn -0.7256 0.3102 -0.6143
vn -0.7224 0.5192 -0.4568
vn -0.7223 0.5195 -0.4565
vn 0.7217 0.3111 -0.6183
vn 0.7214 0.5195 -0.4580
vn 0.7214 0.5193 -0.4582
vn 0.7256 0.3102 0.6143
vn 0.7224 0.5192 0.4568
vn 0.7223 0.5195 0.4565
vn 0.7182 0.5282 -0.4530
vn 0.7071 -0.2413 -0.6646
vn 0.7071 0.4936 -0.5062
vn -0.6028 -0.6607 -0.4473
vn -0.6045 -0.6568 -0.4507
vn -0.6070 -0.6513 -0.4554
vn 0.6030 -0.6607 -0.4471
vn 0.6072 -0.6512 -0.4553
vn 0.6047 -0.6568 -0.4505
vn -0.6467 -0.6281 -0.4327
vn -0.6464 -0.6283 -0.4330
vn 0.6466 -0.6280 -0.4330
vn 0.6470 -0.6278 -0.4327
vn 0.7103 -0.6696 -0.2169
vn 0.7103 -0.6696 -0.2168
vn 0.7086 -0.6705 -0.2198
vn 0.7071 -0.6426 0.2951
vn 0.7086 -0.6705 0.2198
vn 0.7103 -0.6696 0.2168
vn 0.7103 -0.6697 0.2168
vn 0.6464 -0.6283 0.4330
vn 0.6467 -0.6281 0.4328
vn 0.6069 -0.6514 0.4553
vn 0.6046 -0.6567 0.4508
vn 0.6028 -0.6607 0.4473
vn 0.7071 0.4937 0.5063
vn 0.7124 0.3918 0.5822
vn 0.7071 0.2922 0.6439
vn 0.7071 -0.2413 0.6646
vn 0.7137 -0.3632 0.5989
vn 0.7137 -0.3631 0.5990
vn 0.7071 -0.4737 0.5250
vn 0.7071 0.2770 0.6506
vn 0.7181 0.5282 0.4531
vn -0.7069 0.3218 0.6298
vn -0.7169 0.5240 0.4599
vn -0.0342 0.7236 0.6894
vn -0.7057 0.7085 0.0028
vn -0.7039 0.7102 0.0063
vn -0.0713 0.7401 0.6687
vn -0.7085 -0.6706 0.2197
vn -0.7103 -0.6696 0.2169
vn -0.6467 -0.6279 0.4330
vn -0.6463 -0.6281 0.4333
vn -0.6043 -0.6572 0.4505
vn -0.6070 -0.6511 0.4557
vn -0.6025 -0.6612 0.4470
vn -0.7124 0.3922 0.5820
vn -0.7071 0.2922 0.6439
vn -0.7137 -0.3634 0.5989
vn -0.7137 -0.3633 0.5989
vn -0.7181 0.5284 0.4529
vn 0.0000 -0.9088 0.4173
vn 0.0000 -0.9500 0.3122
vn 0.0000 -0.9515 0.3076
vn -0.0000 -0.8256 0.5642
vn 0.0000 -0.8217 0.5698
vn -0.0000 -0.8221 0.5694
vn 0.0000 -0.8260 0.5637
vn 0.0000 0.6981 0.7160
vn 0.0000 0.5554 0.8316
vn 0.0000 0.4132 0.9106
vn 0.0000 -0.3413 0.9400
vn 0.0000 -0.5167 0.8562
vn 0.0000 -0.6699 0.7425
vn 0.7085 -0.6708 0.2190
vn 0.7103 -0.6695 0.2173
vn 0.7072 -0.5837 0.3989
vn 0.7071 -0.5838 0.3990
vn 0.7071 -0.5812 0.4027
vn 0.7071 -0.5813 0.4025
vn 0.7071 -0.5841 0.3986
vn 0.7124 0.3946 0.5803
vn 0.7071 -0.2413 0.6647
vn 0.7137 -0.3648 0.5980
vn 0.7137 -0.3647 0.5980
vn 0.7180 0.5296 0.4517
vn 0.7164 0.5277 0.4564
vn 0.7068 0.3246 0.6286
vn 0.7043 0.7099 0.0056
vn 0.0682 0.7387 0.6705
vn 0.1303 0.7632 0.6329
vn 0.7007 0.7133 0.0126
vn 0.7043 0.7098 0.0056
vn 0.0000 -0.8256 0.5643
vn 0.0000 -0.8255 0.5644
vn -0.0000 -0.8220 0.5695
usemtl aiStandardSurface9SG.002
s off
f 566/848/670 567/849/670 568/850/670 569/851/670
f 570/852/671 571/853/671 567/854/671 566/855/671 572/856/671 573/857/671 574/858/671 575/859/671 576/860/671 577/861/671 578/862/671 579/863/671 580/864/671 581/865/671 582/866/671 583/867/671
f 584/868/672 585/869/672 586/870/672 587/871/672 588/872/672 589/873/672 590/874/672 591/875/672 592/876/672 569/877/672 568/878/672 593/879/672 594/880/672 595/881/672 596/882/672 597/883/672
f 598/884/673 599/885/673 600/886/673 601/887/673
f 602/888/670 598/884/670 603/889/670 604/890/670
f 599/891/674 602/892/674 605/893/674 606/894/674
f 607/895/675 603/889/675 608/896/675 609/897/675
f 604/898/676 607/899/676 610/900/676 611/901/676
f 606/902/677 612/903/677 613/904/677 614/905/677
f 612/903/678 605/906/678 611/907/678 615/908/678
f 615/908/679 610/909/679 616/910/679 617/911/679
f 614/912/680 618/913/680 619/914/680 600/915/680
f 618/916/681 613/904/681 617/911/681 620/917/681
f 620/918/682 616/919/682 609/920/682 621/921/682
f 601/887/683 619/922/683 621/923/683 608/896/683
f 602/924/684 604/925/684 611/926/684 605/927/684
f 612/903/685 615/908/685 617/911/685 613/904/685
f 618/928/686 620/929/686 621/930/686 619/931/686
f 601/887/687 608/896/687 603/889/687 598/884/687
f 607/899/672 609/920/672 616/919/672 610/900/672
f 600/915/671 599/891/671 606/894/671 614/912/671
f 598/884/688 602/888/688 599/885/688
f 607/895/689 604/890/689 603/889/689
f 606/902/690 605/906/690 612/903/690
f 615/908/691 611/907/691 610/909/691
f 614/905/692 613/904/692 618/916/692
f 620/917/693 617/911/693 616/910/693
f 600/886/694 619/922/694 601/887/694
f 608/896/695 621/923/695 609/897/695
f 622/932/673 623/933/673 624/934/673 625/935/673
f 626/936/670 622/932/670 627/937/670 628/938/670
f 623/939/674 626/940/674 629/941/674 630/942/674
f 631/943/675 627/937/675 632/944/675 633/945/675
f 628/946/676 631/947/676 634/948/676 635/949/676
f 630/950/677 636/951/677 637/952/677 638/953/677
f 636/951/678 629/954/678 635/955/678 639/956/678
f 639/956/679 634/957/679 640/958/679 641/959/679
f 638/960/680 642/961/680 643/962/680 624/963/680
f 642/964/681 637/952/681 641/959/681 644/965/681
f 644/966/682 640/967/682 633/968/682 645/969/682
f 625/935/683 643/970/683 645/971/683 632/944/683
f 626/972/684 628/973/684 635/974/684 629/975/684
f 636/951/685 639/956/685 641/959/685 637/952/685
f 642/976/686 644/977/686 645/978/686 643/979/686
f 625/935/687 632/944/687 627/937/687 622/932/687
f 631/947/672 633/968/672 640/967/672 634/948/672
f 624/963/671 623/939/671 630/942/671 638/960/671
f 622/932/696 626/936/696 623/933/696
f 631/943/697 628/938/697 627/937/697
f 630/950/698 629/954/698 636/951/698
f 639/956/699 635/955/699 634/957/699
f 638/953/700 637/952/700 642/964/700
f 644/965/701 641/959/701 640/958/701
f 624/934/702 643/970/702 625/935/702
f 632/944/703 645/971/703 633/945/703
f 646/980/673 647/981/673 648/982/673 649/983/673
f 650/984/670 646/980/670 651/985/670 652/986/670
f 647/987/674 650/988/674 653/989/674 654/990/674
f 655/991/675 651/985/675 656/992/675 657/993/675
f 652/994/676 655/995/676 658/996/676 659/997/676
f 654/998/677 660/999/677 661/1000/677 662/1001/677
f 660/999/678 653/1002/678 659/1003/678 663/1004/678
f 663/1004/679 658/1005/679 664/1006/679 665/1007/679
f 662/1008/680 666/1009/680 667/1010/680 648/1011/680
f 666/1012/681 661/1000/681 665/1007/681 668/1013/681
f 668/1014/682 664/1015/682 657/1016/682 669/1017/682
f 649/983/683 667/1018/683 669/1019/683 656/992/683
f 650/1020/684 652/1021/684 659/1022/684 653/1023/684
f 660/999/685 663/1004/685 665/1007/685 661/1000/685
f 666/1024/686 668/1025/686 669/1026/686 667/1027/686
f 649/983/687 656/992/687 651/985/687 646/980/687
f 655/995/672 657/1016/672 664/1015/672 658/996/672
f 648/1011/671 647/987/671 654/990/671 662/1008/671
f 646/980/704 650/984/704 647/981/704
f 655/991/705 652/986/705 651/985/705
f 654/998/690 653/1002/690 660/999/690
f 663/1004/691 659/1003/691 658/1005/691
f 662/1001/706 661/1000/706 666/1012/706
f 668/1013/707 665/1007/707 664/1006/707
f 648/982/708 667/1018/708 649/983/708
f 656/992/709 669/1019/709 657/993/709
f 670/1028/673 671/1029/673 672/1030/673 673/1031/673
f 674/1032/670 670/1028/670 675/1033/670 676/1034/670
f 671/1035/674 674/1036/674 677/1037/674 678/1038/674
f 679/1039/675 675/1033/675 680/1040/675 681/1041/675
f 676/1042/676 679/1043/676 682/1044/676 683/1045/676
f 678/1046/677 684/1047/677 685/1048/677 686/1049/677
f 684/1047/678 677/1050/678 683/1051/678 687/1052/678
f 687/1052/679 682/1053/679 688/1054/679 689/1055/679
f 686/1056/680 690/1057/680 691/1058/680 672/1059/680
f 690/1060/681 685/1048/681 689/1055/681 692/1061/681
f 692/1062/682 688/1063/682 681/1064/682 693/1065/682
f 673/1031/683 691/1066/683 693/1067/683 680/1040/683
f 674/1068/684 676/1069/684 683/1070/684 677/1071/684
f 684/1047/685 687/1052/685 689/1055/685 685/1048/685
f 690/1072/686 692/1073/686 693/1074/686 691/1075/686
f 673/1031/687 680/1040/687 675/1033/687 670/1028/687
f 679/1043/672 681/1064/672 688/1063/672 682/1044/672
f 672/1059/671 671/1035/671 678/1038/671 686/1056/671
f 670/1028/704 674/1032/704 671/1029/704
f 679/1039/705 676/1034/705 675/1033/705
f 678/1046/690 677/1050/690 684/1047/690
f 687/1052/691 683/1051/691 682/1053/691
f 686/1049/710 685/1048/710 690/1060/710
f 692/1061/707 689/1055/707 688/1054/707
f 672/1030/711 691/1066/711 673/1031/711
f 680/1040/712 693/1067/712 681/1041/712
f 694/1076/673 695/1077/673 696/1078/673 697/1079/673
f 698/1080/670 694/1076/670 699/1081/670 700/1082/670
f 695/1083/674 698/1084/674 701/1085/674 702/1086/674
f 703/1087/675 699/1081/675 704/1088/675 705/1089/675
f 700/1090/676 703/1091/676 706/1092/676 707/1093/676
f 702/1094/677 708/1095/677 709/1096/677 710/1097/677
f 708/1095/678 701/1098/678 707/1099/678 711/1100/678
f 711/1100/679 706/1101/679 712/1102/679 713/1103/679
f 710/1104/680 714/1105/680 715/1106/680 696/1107/680
f 714/1108/681 709/1096/681 713/1103/681 716/1109/681
f 716/1110/682 712/1111/682 705/1112/682 717/1113/682
f 697/1079/683 715/1114/683 717/1115/683 704/1088/683
f 698/1116/684 700/1117/684 707/1118/684 701/1119/684
f 708/1095/685 711/1100/685 713/1103/685 709/1096/685
f 714/1120/686 716/1121/686 717/1122/686 715/1123/686
f 697/1079/687 704/1088/687 699/1081/687 694/1076/687
f 703/1091/672 705/1112/672 712/1111/672 706/1092/672
f 696/1107/671 695/1083/671 702/1086/671 710/1104/671
f 694/1076/713 698/1080/713 695/1077/713
f 703/1087/714 700/1082/714 699/1081/714
f 702/1094/715 701/1098/715 708/1095/715
f 711/1100/716 707/1099/716 706/1101/716
f 710/1097/706 709/1096/706 714/1108/706
f 716/1109/707 713/1103/707 712/1102/707
f 696/1078/708 715/1114/708 697/1079/708
f 704/1088/709 717/1115/709 705/1089/709
f 718/1124/717 719/1125/717 720/1126/717 721/1127/717
f 722/1128/718 720/1129/718 723/1130/718 724/1131/718
f 725/1132/674 726/1133/674 727/1134/674 728/1135/674
f 729/1136/678 725/1137/678 730/1138/678 731/1139/678
f 731/1140/679 732/1141/679 733/1142/679 734/1143/679
f 732/1141/676 730/1144/676 735/1145/676 736/1146/676
f 737/1147/682 733/1142/682 738/1148/682 739/1149/682
f 740/1150/719 741/1151/719 742/1152/719 743/1153/719
f 744/1154/720 745/1155/720 746/1156/720 747/1157/720
f 743/1153/721 742/1152/721 748/1158/721 749/1159/721
f 747/1157/722 746/1156/722 750/1160/722 751/1161/722
f 752/1162/723 753/1163/723 754/1164/723 755/1165/723
f 755/1165/724 754/1164/724 756/1166/724 757/1167/724
f 718/1168/725 721/1169/725 758/1170/725 759/1171/725
f 759/1171/726 758/1170/726 760/1172/726 761/1173/726
f 761/1173/727 760/1172/727 744/1174/727 741/1175/727
f 741/1175/728 744/1174/728 747/1176/728 742/1177/728
f 742/1177/729 747/1176/729 751/1178/729 748/1179/729
f 728/1180/684 735/1181/684 730/1182/684 725/1183/684
f 729/1184/685 731/1185/685 734/1186/685 762/1187/685 763/1188/685
f 719/1189/730 718/1190/730 764/1191/730
f 722/1128/731 721/1192/731 720/1129/731
f 726/1133/732 725/1132/732 729/1193/732
f 731/1140/733 730/1144/733 732/1141/733
f 737/1147/734 734/1143/734 733/1142/734
f 723/1130/735 765/1194/735 724/1131/735
f 766/1195/736 767/1196/736 768/1197/736 769/1198/736
f 770/1199/737 771/1200/737 772/1201/737 768/1202/737
f 773/1203/676 774/1204/676 775/1205/676 776/1206/676
f 777/1207/678 778/1208/678 779/1209/678 773/1210/678
f 778/1211/677 780/1212/677 781/1213/677 782/1214/677
f 782/1214/738 783/1215/738 784/1216/738 779/1217/738
f 785/1218/680 786/1219/680 787/1220/680 781/1213/680
f 788/1221/720 789/1222/720 790/1223/720 791/1224/720
f 792/1225/739 793/1226/739 794/1227/739 795/1228/739
f 789/1222/722 796/1229/722 797/1230/722 790/1223/722
f 793/1226/721 798/1231/721 799/1232/721 794/1227/721
f 800/1233/740 801/1234/740 802/1235/740 803/1236/740
f 801/1234/741 804/1237/741 805/1238/741 802/1235/741
f 766/1239/725 806/1240/725 807/1241/725 767/1242/725
f 806/1240/726 808/1243/726 809/1244/726 807/1241/726
f 808/1243/727 791/1245/727 792/1246/727 809/1244/727
f 791/1245/728 790/1247/728 793/1248/728 792/1246/728
f 790/1247/729 797/1249/729 798/1250/729 793/1248/729
f 774/1251/684 773/1252/684 779/1253/684 784/1254/684
f 777/1255/685 810/1256/685 811/1257/685 780/1258/685 778/1259/685
f 769/1260/742 812/1261/742 766/1262/742
f 770/1199/743 768/1202/743 767/1263/743
f 776/1206/744 777/1264/744 773/1203/744
f 778/1211/698 782/1214/698 779/1217/698
f 785/1218/692 781/1213/692 780/1212/692
f 772/1201/745 771/1200/745 813/1265/745
f 814/1266/687 815/1267/687 769/1268/687 768/1269/687 772/1270/687
f 816/1271/746 817/1272/746 815/1273/746 814/1274/746
f 818/1275/682 819/1276/682 820/1277/682 821/1278/682
f 822/1279/723 823/1280/723 824/1281/723 825/1282/723
f 825/1282/724 824/1281/724 826/1283/724 827/1284/724
f 769/1260/747 815/1273/747 817/1272/747 812/1261/747
f 816/1285/748 814/1286/748 772/1287/748 813/1288/748
f 818/1289/686 821/1290/686 786/1291/686 785/1292/686
f 822/1293/749 825/1294/749 801/1295/749 800/1296/749
f 825/1294/750 827/1297/750 804/1298/750 801/1295/750
f 827/1297/751 828/1299/751 829/1300/751 804/1298/751
f 828/1299/752 830/1301/752 831/1302/752 829/1300/752
f 830/1301/753 816/1303/753 813/1304/753 831/1302/753
f 832/1305/687 833/1306/687 723/1307/687 720/1308/687 719/1309/687
f 834/1310/680 835/1311/680 836/1312/680 837/1313/680
f 838/1314/740 839/1315/740 840/1316/740 841/1317/740
f 841/1317/754 840/1316/754 842/1318/754 843/1319/754
f 844/1320/755 845/1321/755 833/1322/755 832/1323/755
f 719/1189/756 764/1191/756 844/1320/756 832/1323/756
f 833/1324/757 845/1325/757 765/1326/757 723/1327/757
f 837/1328/686 737/1329/686 739/1330/686 834/1331/686
f 839/1332/749 752/1333/749 755/1334/749 840/1335/749
f 840/1335/750 755/1334/750 757/1336/750 842/1337/750
f 842/1337/751 757/1336/751 846/1338/751 847/1339/751
f 847/1339/752 846/1338/752 848/1340/752 849/1341/752
f 849/1341/753 848/1340/753 765/1342/753 845/1343/753
s 1
f 572/1344/758 592/1345/758 591/1346/759 573/1347/759
f 576/1348/760 588/1349/760 587/1350/761 577/1351/761
f 580/1352/762 584/1353/762 597/1354/763 581/1355/763
f 570/1356/764 594/1357/764 593/1358/765 571/1359/765
f 572/1344/758 566/1360/766 569/1361/766 592/1345/758
f 567/849/767 571/1359/765 593/1358/765 568/850/767
f 576/1348/760 575/1362/768 589/1363/768 588/1349/760
f 575/1362/678 574/1364/769 590/1365/769 589/1363/678
f 574/1366/769 573/1347/759 591/1346/759 590/1367/769
f 580/1352/762 579/1368/770 585/1369/770 584/1353/762
f 579/1370/681 578/1371/771 586/1372/771 585/1373/681
f 578/1371/771 577/1351/761 587/1350/761 586/1372/771
f 570/1356/764 583/1374/772 595/1375/772 594/1357/764
f 583/1374/772 582/1376/683 596/1377/683 595/1375/772
f 582/1378/773 581/1355/763 597/1354/763 596/1379/773
f 764/1191/774 718/1190/774 759/1380/775 850/1381/776
f 721/1192/777 722/1128/777 851/1382/778 758/1383/779
f 724/1131/780 765/1194/780 848/1384/781 852/1385/782
f 850/1381/776 759/1380/775 761/1386/783 853/1387/783
f 758/1383/779 851/1382/778 854/1388/784 760/1389/785
f 853/1387/783 761/1386/783 741/1151/786 740/1150/786
f 760/1389/785 854/1388/784 745/1155/787 744/1154/787
f 749/1159/788 748/1158/788 855/1390/789 856/1391/789
f 751/1161/790 750/1160/790 857/1392/791 858/1393/792
f 856/1391/789 855/1390/789 859/1394/793 860/1395/793
f 858/1393/792 857/1392/791 861/1396/794 862/1397/794
f 860/1395/795 859/1394/795 863/1398/796 864/1399/797
f 862/1397/798 861/1396/798 865/1400/799 866/1401/799
f 864/1399/797 863/1398/796 867/1402/800 868/1403/800
f 866/1401/799 865/1400/799 869/1404/801 870/1405/801
f 868/1403/802 867/1402/802 871/1406/803 872/1407/804
f 870/1405/805 869/1404/805 873/1408/806 874/1409/807
f 872/1407/804 871/1406/803 875/1410/808 876/1411/809
f 874/1409/807 873/1408/806 877/1412/810 878/1413/811
f 876/1411/809 875/1410/808 879/1414/812 880/1415/812
f 878/1413/811 877/1412/810 881/1416/813 882/1417/813
f 880/1415/812 879/1414/812 883/1418/814 884/1419/814
f 882/1417/813 881/1416/813 885/1420/815 886/1421/815
f 884/1419/814 883/1418/814 728/1135/816 727/1134/816
f 886/1421/815 885/1420/815 736/1146/817 735/1145/817
f 739/1149/818 738/1148/818 887/1422/819 888/1423/819
f 888/1423/819 887/1422/819 889/1424/820 890/1425/820
f 890/1425/820 889/1424/820 891/1426/821 892/1427/822
f 892/1427/822 891/1426/821 893/1428/823 894/1429/824
f 894/1429/824 893/1428/823 895/1430/825 896/1431/825
f 896/1431/826 895/1430/826 897/1432/827 898/1433/827
f 898/1433/827 897/1432/827 899/1434/828 900/1435/828
f 900/1435/829 899/1434/829 901/1436/830 902/1437/830
f 902/1437/830 901/1436/830 753/1163/831 752/1162/831
f 757/1167/832 756/1166/832 903/1438/833 846/1439/833
f 846/1439/833 903/1438/833 852/1385/782 848/1384/781
f 748/1179/834 751/1178/834 858/1440/835 855/1441/835
f 855/1441/835 858/1440/835 862/1442/836 859/1443/836
f 859/1443/837 862/1442/837 866/1444/838 863/1445/838
f 863/1445/838 866/1444/838 870/1446/839 867/1447/839
f 867/1447/840 870/1446/840 874/1448/841 871/1449/842
f 871/1449/842 874/1448/841 878/1450/843 875/1451/843
f 875/1451/843 878/1450/843 882/1452/844 879/1453/844
f 879/1453/844 882/1452/844 886/1454/845 883/1455/845
f 883/1455/845 886/1454/845 735/1181/846 728/1180/846
f 722/1456/672 724/1457/672 852/1458/672 851/1459/672
f 851/1459/672 852/1458/672 903/1460/672 854/1461/672
f 854/1461/672 903/1460/672 756/1462/672 745/1463/672
f 745/1463/672 756/1462/672 754/1464/672 746/1465/672
f 746/1465/672 754/1464/672 753/1466/672 750/1467/672
f 750/1467/672 753/1466/672 901/1468/672 857/1469/672
f 857/1469/672 901/1468/672 899/1470/672 861/1471/672
f 861/1471/672 899/1470/672 897/1472/672 865/1473/672
f 865/1473/672 897/1472/672 895/1474/672 869/1475/672
f 869/1475/672 895/1474/672 893/1476/672 873/1477/672
f 873/1477/672 893/1476/672 891/1478/672 877/1479/672
f 877/1479/672 891/1478/672 889/1480/672 881/1481/672
f 881/1481/672 889/1480/672 887/1482/672 885/1483/672
f 885/1483/672 887/1482/672 738/1484/672 736/1485/672
f 736/1485/672 738/1484/672 733/1486/672 732/1487/672
f 812/1261/847 904/1488/848 806/1489/849 766/1262/847
f 767/1263/850 807/1490/851 905/1491/852 770/1199/850
f 771/1200/853 906/1492/854 831/1493/855 813/1265/853
f 904/1488/848 907/1494/784 808/1495/785 806/1489/849
f 807/1490/851 809/1496/856 908/1497/856 905/1491/852
f 907/1494/784 788/1221/787 791/1224/787 808/1495/785
f 809/1496/856 792/1225/786 795/1228/786 908/1497/856
f 796/1229/790 909/1498/791 910/1499/791 797/1230/790
f 798/1231/788 911/1500/789 912/1501/789 799/1232/788
f 909/1498/791 913/1502/794 914/1503/794 910/1499/791
f 911/1500/789 915/1504/857 916/1505/857 912/1501/789
f 913/1502/798 917/1506/799 918/1507/799 914/1503/798
f 915/1504/795 919/1508/797 920/1509/797 916/1505/795
f 917/1506/799 921/1510/801 922/1511/801 918/1507/799
f 919/1508/797 923/1512/858 924/1513/858 920/1509/797
f 921/1510/859 925/1514/860 926/1515/861 922/1511/859
f 923/1512/862 927/1516/863 928/1517/864 924/1513/862
f 925/1514/860 929/1518/865 930/1519/866 926/1515/861
f 927/1516/863 931/1520/867 932/1521/868 928/1517/864
f 929/1518/865 933/1522/813 934/1523/813 930/1519/866
f 931/1520/867 935/1524/869 936/1525/870 932/1521/868
f 933/1522/813 937/1526/815 938/1527/815 934/1523/813
f 935/1524/869 939/1528/871 940/1529/871 936/1525/870
f 937/1526/815 775/1205/817 774/1204/817 938/1527/815
f 939/1528/871 784/1216/816 783/1215/816 940/1529/871
f 786/1219/872 941/1530/873 942/1531/873 787/1220/872
f 941/1530/873 943/1532/874 944/1533/875 942/1531/873
f 943/1532/874 945/1534/876 946/1535/877 944/1533/875
f 945/1534/876 947/1536/878 948/1537/879 946/1535/877
f 947/1536/878 949/1538/880 950/1539/880 948/1537/879
f 949/1538/881 951/1540/882 952/1541/882 950/1539/881
f 951/1540/882 953/1542/883 954/1543/883 952/1541/882
f 953/1542/884 955/1544/885 956/1545/886 954/1543/884
f 955/1544/885 800/1233/887 803/1236/887 956/1545/886
f 804/1237/888 829/1546/889 957/1547/889 805/1238/888
f 829/1546/889 831/1493/855 906/1492/854 957/1547/889
f 797/1249/834 910/1548/835 911/1549/835 798/1250/834
f 910/1548/835 914/1550/836 915/1551/836 911/1549/835
f 914/1550/837 918/1552/838 919/1553/838 915/1551/837
f 918/1552/838 922/1554/839 923/1555/839 919/1553/838
f 922/1554/840 926/1556/842 927/1557/842 923/1555/840
f 926/1556/842 930/1558/843 931/1559/843 927/1557/842
f 930/1558/843 934/1560/844 935/1561/844 931/1559/843
f 934/1560/844 938/1562/845 939/1563/845 935/1561/844
f 938/1562/845 774/1251/846 784/1254/846 939/1563/845
f 770/1564/671 905/1565/671 906/1566/671 771/1567/671
f 905/1565/671 908/1568/671 957/1569/671 906/1566/671
f 908/1568/671 795/1570/671 805/1571/671 957/1569/671
f 795/1570/671 794/1572/671 802/1573/671 805/1571/671
f 794/1572/671 799/1574/671 803/1575/671 802/1573/671
f 799/1574/671 912/1576/671 956/1577/671 803/1575/671
f 912/1576/671 916/1578/671 954/1579/671 956/1577/671
f 916/1578/671 920/1580/671 952/1581/671 954/1579/671
f 920/1580/671 924/1582/671 950/1583/671 952/1581/671
f 924/1582/671 928/1584/671 948/1585/671 950/1583/671
f 928/1584/671 932/1586/671 946/1587/671 948/1585/671
f 932/1586/671 936/1588/671 944/1589/671 946/1587/671
f 936/1588/671 940/1590/671 942/1591/671 944/1589/671
f 940/1590/671 783/1592/671 787/1593/671 942/1591/671
f 783/1592/671 782/1594/671 781/1595/671 787/1593/671
f 817/1272/890 816/1271/890 830/1596/891 958/1597/891
f 811/1598/892 810/1599/893 819/1276/894 818/1275/895
f 821/1278/818 820/1277/818 959/1600/896 960/1601/896
f 960/1601/896 959/1600/896 961/1602/897 962/1603/897
f 962/1603/897 961/1602/897 963/1604/898 964/1605/899
f 964/1605/899 963/1604/898 965/1606/900 966/1607/901
f 966/1607/901 965/1606/900 967/1608/902 968/1609/902
f 968/1609/826 967/1608/826 969/1610/903 970/1611/903
f 970/1611/903 969/1610/903 971/1612/904 972/1613/904
f 972/1613/829 971/1612/829 973/1614/905 974/1615/906
f 974/1615/906 973/1614/905 823/1280/831 822/1279/831
f 827/1284/832 826/1283/832 975/1616/907 828/1617/907
f 828/1617/907 975/1616/907 958/1597/891 830/1596/891
f 776/1206/679 819/1276/894 810/1599/893 777/1264/679
f 818/1618/895 785/1619/681 780/1620/681 811/1621/892
f 821/1290/908 960/1622/909 941/1623/909 786/1291/908
f 960/1622/909 962/1624/910 943/1625/910 941/1623/909
f 962/1624/910 964/1626/911 945/1627/911 943/1625/910
f 964/1626/911 966/1628/912 947/1629/913 945/1627/911
f 966/1628/912 968/1630/914 949/1631/914 947/1629/913
f 968/1630/915 970/1632/916 951/1633/916 949/1631/915
f 970/1632/916 972/1634/917 953/1635/917 951/1633/916
f 972/1634/918 974/1636/919 955/1637/919 953/1635/918
f 974/1636/919 822/1293/920 800/1296/920 955/1637/919
f 817/1638/672 958/1639/672 904/1640/672 812/1641/672
f 958/1639/672 975/1642/672 907/1643/672 904/1640/672
f 975/1642/672 826/1644/672 788/1645/672 907/1643/672
f 826/1644/672 824/1646/672 789/1647/672 788/1645/672
f 824/1646/672 823/1648/672 796/1649/672 789/1647/672
f 823/1648/672 973/1650/672 909/1651/672 796/1649/672
f 973/1650/672 971/1652/672 913/1653/672 909/1651/672
f 971/1652/672 969/1654/672 917/1655/672 913/1653/672
f 969/1654/672 967/1656/672 921/1657/672 917/1655/672
f 967/1656/672 965/1658/672 925/1659/672 921/1657/672
f 965/1658/672 963/1660/672 929/1661/672 925/1659/672
f 963/1660/672 961/1662/672 933/1663/672 929/1661/672
f 961/1662/672 959/1664/672 937/1665/672 933/1663/672
f 959/1664/672 820/1666/672 775/1667/672 937/1665/672
f 820/1666/672 819/1668/672 776/1669/672 775/1667/672
f 835/1311/872 834/1310/872 976/1670/921 977/1671/921
f 977/1671/921 976/1670/921 978/1672/922 979/1673/922
f 979/1673/922 978/1672/922 980/1674/923 981/1675/924
f 981/1675/924 980/1674/923 982/1676/925 983/1677/926
f 983/1677/926 982/1676/925 984/1678/927 985/1679/927
f 985/1679/881 984/1678/881 986/1680/928 987/1681/928
f 987/1681/928 986/1680/928 988/1682/883 989/1683/883
f 989/1683/929 988/1682/929 990/1684/930 991/1685/931
f 991/1685/931 990/1684/930 839/1315/887 838/1314/887
f 843/1319/888 842/1318/888 847/1686/932 992/1687/932
f 992/1687/932 847/1686/932 849/1688/933 993/1689/933
f 993/1689/933 849/1688/933 845/1321/934 844/1320/934
f 763/1690/935 762/1691/936 837/1313/937 836/1312/938
f 726/1133/677 729/1193/677 763/1690/939 836/1312/938
f 837/1692/937 762/1693/936 734/1694/681 737/1695/681
f 834/1696/908 739/1697/908 888/1698/909 976/1699/909
f 976/1699/909 888/1698/909 890/1700/910 978/1701/910
f 978/1701/910 890/1700/910 892/1702/940 980/1703/941
f 980/1703/941 892/1702/940 894/1704/942 982/1705/913
f 982/1705/913 894/1704/942 896/1706/914 984/1707/914
f 984/1707/915 896/1706/915 898/1708/916 986/1709/916
f 986/1709/916 898/1708/916 900/1710/917 988/1711/917
f 988/1711/918 900/1710/918 902/1712/919 990/1713/919
f 990/1713/919 902/1712/919 752/1333/920 839/1332/920
f 844/1714/671 764/1715/671 850/1716/671 993/1717/671
f 993/1717/671 850/1716/671 853/1718/671 992/1719/671
f 992/1719/671 853/1718/671 740/1720/671 843/1721/671
f 843/1721/671 740/1720/671 743/1722/671 841/1723/671
f 841/1723/671 743/1722/671 749/1724/671 838/1725/671
f 838/1725/671 749/1724/671 856/1726/671 991/1727/671
f 991/1727/671 856/1726/671 860/1728/671 989/1729/671
f 989/1729/671 860/1728/671 864/1730/671 987/1731/671
f 987/1731/671 864/1730/671 868/1732/671 985/1733/671
f 985/1733/671 868/1732/671 872/1734/671 983/1735/671
f 983/1735/671 872/1734/671 876/1736/671 981/1737/671
f 981/1737/671 876/1736/671 880/1738/671 979/1739/671
f 979/1739/671 880/1738/671 884/1740/671 977/1741/671
f 977/1741/671 884/1740/671 727/1742/671 835/1743/671
f 835/1743/671 727/1742/671 726/1744/671 836/1745/671
o sorcerer_desk.008
v -7.320649 1.727018 -5.395534
v -7.320649 1.780820 -5.315012
v -7.459642 1.780820 -5.315012
v -7.459642 1.727018 -5.395534
v -7.320649 1.861341 -5.261209
v -7.459642 1.861341 -5.261209
v -7.320649 1.811216 -5.018060
v -7.320649 1.956322 -4.999567
v -7.459642 1.956322 -4.999567
v -7.459642 1.811216 -5.018060
v -7.320649 2.101428 -5.018060
v -7.459642 2.101428 -5.018060
v -7.320649 2.051303 -5.261209
v -7.320649 2.131824 -5.315012
v -7.459642 2.131824 -5.315012
v -7.459642 2.051303 -5.261209
v -7.320649 2.185626 -5.395534
v -7.459642 2.185626 -5.395534
v -7.320649 2.428776 -5.345407
v -7.320649 2.447269 -5.490512
v -7.459642 2.447269 -5.490512
v -7.459642 2.428776 -5.345407
v -7.320649 2.428776 -5.635620
v -7.459642 2.428776 -5.635620
v -7.320649 2.185626 -5.585495
v -7.320649 2.131824 -5.666016
v -7.459642 2.131824 -5.666016
v -7.459642 2.185626 -5.585495
v -7.320649 2.051303 -5.719818
v -7.459642 2.051303 -5.719818
v -7.320649 2.101428 -5.962966
v -7.320649 1.956322 -5.981461
v -7.459642 1.956322 -5.981461
v -7.459642 2.101428 -5.962966
v -7.320649 1.811216 -5.962966
v -7.459642 1.811216 -5.962966
v -7.320649 1.861341 -5.719818
v -7.320649 1.780820 -5.666016
v -7.459642 1.780820 -5.666016
v -7.459642 1.861341 -5.719818
v -7.320649 1.727018 -5.585495
v -7.459642 1.727018 -5.585495
v -7.320649 1.148172 -5.680181
v -7.320649 1.129679 -5.490514
v -7.459642 1.129679 -5.490514
v -7.459642 1.148172 -5.680181
v -7.320649 1.148172 -5.300848
v -7.459642 1.148172 -5.300848
v -7.320649 1.956322 -5.490512
v -7.320649 1.956322 -5.242318
v -7.320649 2.204519 -5.490512
v -7.320649 1.956322 -5.738709
v -7.320649 1.708125 -5.490512
v -7.459642 1.956322 -5.490512
v -7.459642 1.885174 -5.253890
v -7.459642 1.956322 -5.242318
v -7.459642 1.956322 -5.425655
v -7.459642 2.027470 -5.253890
v -7.459642 2.192946 -5.419364
v -7.459642 2.204519 -5.490512
v -7.459642 2.021179 -5.490512
v -7.459642 2.192946 -5.561663
v -7.459642 2.027470 -5.727138
v -7.459642 1.956322 -5.738709
v -7.459642 1.956322 -5.555369
v -7.459642 1.885174 -5.727138
v -7.459642 1.720175 -5.561463
v -7.459642 1.708125 -5.490512
v -7.459642 1.891465 -5.490512
v -7.459642 1.720175 -5.419562
v -7.320649 1.880673 -5.232059
v -7.320649 1.931502 -5.221949
v -7.320649 1.931502 -5.027750
v -7.320649 1.840935 -5.039291
v -7.459642 1.840935 -5.039291
v -7.459642 1.956322 -5.024588
v -7.459642 2.071709 -5.039291
v -7.459642 2.407543 -5.375125
v -7.459642 2.422248 -5.490512
v -7.459642 2.407543 -5.605899
v -7.459642 2.071709 -5.941733
v -7.459642 1.956322 -5.956439
v -7.459642 1.840935 -5.941733
v -7.459642 1.170304 -5.651411
v -7.459642 1.154616 -5.490514
v -7.459642 1.170304 -5.329617
v -7.484462 1.956322 -5.490512
v -7.484462 1.861341 -5.261209
v -7.484462 1.885174 -5.253890
v -7.484462 1.956322 -5.425655
v -7.484462 2.051303 -5.261209
v -7.484462 2.027470 -5.253890
v -7.484462 1.811216 -5.018060
v -7.484462 1.840935 -5.039291
v -7.484462 1.956322 -4.999567
v -7.484462 1.956322 -5.024588
v -7.484462 2.101428 -5.018060
v -7.484462 2.071709 -5.039291
v -7.484462 1.956322 -5.490512
v -7.484462 2.185626 -5.395534
v -7.484462 2.192946 -5.419364
v -7.484462 2.021179 -5.490512
v -7.484462 2.185626 -5.585495
v -7.484462 2.192946 -5.561663
v -7.484462 2.428776 -5.345407
v -7.484462 2.407543 -5.375125
v -7.484462 2.447269 -5.490512
v -7.484462 2.422248 -5.490512
v -7.484462 2.428776 -5.635620
v -7.484462 2.407543 -5.605899
v -7.484462 1.956322 -5.490512
v -7.484462 2.051303 -5.719818
v -7.484462 2.027470 -5.727138
v -7.484462 1.956322 -5.555369
v -7.484462 1.861341 -5.719818
v -7.484462 1.885174 -5.727138
v -7.484462 2.101428 -5.962966
v -7.484462 2.071709 -5.941733
v -7.484462 1.956322 -5.981461
v -7.484462 1.956322 -5.956439
v -7.484462 1.811216 -5.962966
v -7.484462 1.840935 -5.941733
v -7.484462 1.956322 -5.490512
v -7.484462 1.727018 -5.585495
v -7.484462 1.720175 -5.561463
v -7.484462 1.891465 -5.490512
v -7.484462 1.727018 -5.395534
v -7.484462 1.720175 -5.419562
v -7.484462 1.148172 -5.680181
v -7.484462 1.170304 -5.651411
v -7.484462 1.129679 -5.490514
v -7.484462 1.154616 -5.490514
v -7.484462 1.148172 -5.300848
v -7.484462 1.170304 -5.329617
v 1.036543 1.727018 -5.395534
v 1.175536 1.727018 -5.395534
v 1.175536 1.780820 -5.315012
v 1.036543 1.780820 -5.315012
v 1.175536 1.861341 -5.261209
v 1.036543 1.861341 -5.261209
v 1.036543 1.811216 -5.018060
v 1.175536 1.811216 -5.018060
v 1.175536 1.956322 -4.999567
v 1.036543 1.956322 -4.999567
v 1.175536 2.101428 -5.018060
v 1.036543 2.101428 -5.018060
v 1.036543 2.051303 -5.261209
v 1.175536 2.051303 -5.261209
v 1.175536 2.131824 -5.315012
v 1.036543 2.131824 -5.315012
v 1.175536 2.185626 -5.395534
v 1.036543 2.185626 -5.395534
v 1.036543 2.428776 -5.345407
v 1.175536 2.428776 -5.345407
v 1.175536 2.447269 -5.490512
v 1.036543 2.447269 -5.490512
v 1.175536 2.428776 -5.635620
v 1.036543 2.428776 -5.635620
v 1.036543 2.185626 -5.585495
v 1.175536 2.185626 -5.585495
v 1.175536 2.131824 -5.666016
v 1.036543 2.131824 -5.666016
v 1.175536 2.051303 -5.719818
v 1.036543 2.051303 -5.719818
v 1.036543 2.101428 -5.962966
v 1.175536 2.101428 -5.962966
v 1.175536 1.956322 -5.981461
v 1.036543 1.956322 -5.981461
v 1.175536 1.811216 -5.962966
v 1.036543 1.811216 -5.962966
v 1.036543 1.861341 -5.719818
v 1.175536 1.861341 -5.719818
v 1.175536 1.780820 -5.666016
v 1.036543 1.780820 -5.666016
v 1.175536 1.727018 -5.585495
v 1.036543 1.727018 -5.585495
v 1.036543 1.148172 -5.680181
v 1.175536 1.148172 -5.680181
v 1.175536 1.129679 -5.490514
v 1.036543 1.129679 -5.490514
v 1.175536 1.148172 -5.300848
v 1.036543 1.148172 -5.300848
v 1.036543 1.956322 -5.490512
v 1.036543 1.956322 -5.242318
v 1.036543 2.204519 -5.490512
v 1.036543 1.956322 -5.738709
v 1.036543 1.708125 -5.490512
v 1.175536 1.956322 -5.490512
v 1.175536 1.885174 -5.253890
v 1.175536 1.956322 -5.425655
v 1.175536 1.956322 -5.242318
v 1.175536 2.027470 -5.253890
v 1.175536 2.192946 -5.419364
v 1.175536 2.021179 -5.490512
v 1.175536 2.204519 -5.490512
v 1.175536 2.192946 -5.561663
v 1.175536 2.027470 -5.727138
v 1.175536 1.956322 -5.555369
v 1.175536 1.956322 -5.738709
v 1.175536 1.885174 -5.727138
v 1.175536 1.720175 -5.561463
v 1.175536 1.891465 -5.490512
v 1.175536 1.708125 -5.490512
v 1.175536 1.720175 -5.419562
v 1.036543 1.880673 -5.232059
v 1.036543 1.840935 -5.039291
v 1.036543 1.931502 -5.027750
v 1.036543 1.931502 -5.221949
v 1.175536 1.956322 -5.024588
v 1.175536 1.840935 -5.039291
v 1.175536 2.071709 -5.039291
v 1.175536 2.422248 -5.490512
v 1.175536 2.407543 -5.375125
v 1.175536 2.407543 -5.605899
v 1.175536 1.956322 -5.956439
v 1.175536 2.071709 -5.941733
v 1.175536 1.840935 -5.941733
v 1.175536 1.154616 -5.490514
v 1.175536 1.170304 -5.651411
v 1.175536 1.170304 -5.329617
v 1.200355 1.956322 -5.490512
v 1.200355 1.956322 -5.425655
v 1.200355 1.885174 -5.253890
v 1.200355 1.861341 -5.261209
v 1.200355 2.051303 -5.261209
v 1.200355 2.027470 -5.253890
v 1.200355 1.840935 -5.039291
v 1.200355 1.811216 -5.018060
v 1.200355 1.956322 -5.024588
v 1.200355 1.956322 -4.999567
v 1.200355 2.071709 -5.039291
v 1.200355 2.101428 -5.018060
v 1.200355 1.956322 -5.490512
v 1.200355 2.021179 -5.490512
v 1.200355 2.192946 -5.419364
v 1.200355 2.185626 -5.395534
v 1.200355 2.185626 -5.585495
v 1.200355 2.192946 -5.561663
v 1.200355 2.407543 -5.375125
v 1.200355 2.428776 -5.345407
v 1.200355 2.422248 -5.490512
v 1.200355 2.447269 -5.490512
v 1.200355 2.407543 -5.605899
v 1.200355 2.428776 -5.635620
v 1.200355 1.956322 -5.490512
v 1.200355 1.956322 -5.555369
v 1.200355 2.027470 -5.727138
v 1.200355 2.051303 -5.719818
v 1.200355 1.861341 -5.719818
v 1.200355 1.885174 -5.727138
v 1.200355 2.071709 -5.941733
v 1.200355 2.101428 -5.962966
v 1.200355 1.956322 -5.956439
v 1.200355 1.956322 -5.981461
v 1.200355 1.840935 -5.941733
v 1.200355 1.811216 -5.962966
v 1.200355 1.956322 -5.490512
v 1.200355 1.891465 -5.490512
v 1.200355 1.720175 -5.561463
v 1.200355 1.727018 -5.585495
v 1.200355 1.727018 -5.395534
v 1.200355 1.720175 -5.419562
v 1.200355 1.170304 -5.651411
v 1.200355 1.148172 -5.680181
v 1.200355 1.154616 -5.490514
v 1.200355 1.129679 -5.490514
v 1.200355 1.170304 -5.329617
v 1.200355 1.148172 -5.300848
vt 0.375000 0.312500
vt 0.390625 0.312500
vt 0.390625 0.688440
vt 0.375000 0.688440
vt 0.406250 0.312500
vt 0.406250 0.688440
vt 0.406250 0.312500
vt 0.421875 0.312500
vt 0.421875 0.688440
vt 0.406250 0.688440
vt 0.437500 0.312500
vt 0.437500 0.688440
vt 0.437500 0.312500
vt 0.453125 0.312500
vt 0.453125 0.688440
vt 0.437500 0.688440
vt 0.468750 0.312500
vt 0.468750 0.688440
vt 0.468750 0.312500
vt 0.484375 0.312500
vt 0.484375 0.688440
vt 0.468750 0.688440
vt 0.500000 0.312500
vt 0.500000 0.688440
vt 0.500000 0.312500
vt 0.515625 0.312500
vt 0.515625 0.688440
vt 0.500000 0.688440
vt 0.531250 0.312500
vt 0.531250 0.688440
vt 0.531250 0.312500
vt 0.546875 0.312500
vt 0.546875 0.688440
vt 0.531250 0.688440
vt 0.562500 0.312500
vt 0.562500 0.688440
vt 0.562500 0.312500
vt 0.578125 0.312500
vt 0.578125 0.688440
vt 0.562500 0.688440
vt 0.593750 0.312500
vt 0.593750 0.688440
vt 0.593750 0.312500
vt 0.609375 0.312500
vt 0.609375 0.688440
vt 0.593750 0.688440
vt 0.625000 0.312500
vt 0.625000 0.688440
vt 0.610485 0.045765
vt 0.644356 0.096456
vt 0.500000 0.150000
vt 0.559794 0.011894
vt 0.500000 0.000000
vt 0.440206 0.011894
vt 0.389515 0.045765
vt 0.355644 0.096456
vt 0.343750 0.156250
vt 0.355644 0.216044
vt 0.389515 0.266735
vt 0.440206 0.300606
vt 0.500000 0.312500
vt 0.559794 0.300606
vt 0.610485 0.266735
vt 0.644356 0.216044
vt 0.656250 0.156250
vt 0.644356 0.903544
vt 0.610485 0.954235
vt 0.500000 0.837500
vt 0.559794 0.988106
vt 0.559794 0.988106
vt 0.500000 1.000000
vt 0.500000 0.837500
vt 0.440206 0.988106
vt 0.440206 0.988106
vt 0.389515 0.954235
vt 0.355644 0.903544
vt 0.355644 0.903544
vt 0.343750 0.843750
vt 0.500000 0.837500
vt 0.355644 0.783956
vt 0.355644 0.783956
vt 0.389515 0.733265
vt 0.440206 0.699394
vt 0.440206 0.699394
vt 0.500000 0.687500
vt 0.500000 0.837500
vt 0.559794 0.699394
vt 0.559794 0.699394
vt 0.610485 0.733265
vt 0.644356 0.783956
vt 0.644356 0.783956
vt 0.656250 0.843750
vt 0.500000 0.837500
vt 0.644356 0.903544
vt 0.406250 0.312500
vt 0.421875 0.312500
vt 0.421875 0.312500
vt 0.406250 0.312500
vt 0.421875 0.688440
vt 0.406250 0.688440
vt 0.406250 0.688440
vt 0.421875 0.688440
vt 0.421875 0.312500
vt 0.437500 0.688440
vt 0.437500 0.688440
vt 0.484375 0.312500
vt 0.484375 0.688440
vt 0.468750 0.688440
vt 0.468750 0.688440
vt 0.484375 0.688440
vt 0.500000 0.688440
vt 0.500000 0.688440
vt 0.546875 0.312500
vt 0.546875 0.688440
vt 0.531250 0.688440
vt 0.531250 0.688440
vt 0.546875 0.688440
vt 0.562500 0.688440
vt 0.562500 0.688440
vt 0.609375 0.312500
vt 0.609375 0.688440
vt 0.593750 0.688440
vt 0.593750 0.688440
vt 0.609375 0.688440
vt 0.625000 0.312500
vt 0.625000 0.688440
vt 0.625000 0.688440
vt 0.625000 0.688440
vt 0.500000 0.837500
vt 0.559794 0.988106
vt 0.559794 0.988106
vt 0.500000 0.837500
vt 0.440206 0.988106
vt 0.440206 0.988106
vt 0.500000 0.837500
vt 0.355644 0.903544
vt 0.355644 0.903544
vt 0.500000 0.837500
vt 0.355644 0.783956
vt 0.500000 0.837500
vt 0.500000 0.837500
vt 0.355644 0.783956
vt 0.440206 0.699394
vt 0.440206 0.699394
vt 0.559794 0.699394
vt 0.500000 0.837500
vt 0.500000 0.837500
vt 0.559794 0.699394
vt 0.500000 0.837500
vt 0.644356 0.783956
vt 0.644356 0.783956
vt 0.500000 0.837500
vt 0.644356 0.903544
vt 0.644356 0.903544
vt 0.406250 0.312500
vt 0.421875 0.312500
vt 0.421875 0.312500
vt 0.406250 0.312500
vt 0.421875 0.312500
vt 0.421875 0.312500
vt 0.406250 0.312500
vt 0.406250 0.312500
vt 0.406250 0.312500
vt 0.406250 0.312500
vt 0.406250 0.688440
vt 0.406250 0.688440
vt 0.406250 0.688440
vt 0.406250 0.688440
vt 0.406250 0.688440
vt 0.421875 0.688440
vt 0.421875 0.688440
vt 0.406250 0.688440
vt 0.421875 0.688440
vt 0.437500 0.688440
vt 0.437500 0.688440
vt 0.421875 0.688440
vt 0.437500 0.688440
vt 0.437500 0.688440
vt 0.468750 0.688440
vt 0.468750 0.688440
vt 0.468750 0.688440
vt 0.468750 0.688440
vt 0.484375 0.688440
vt 0.484375 0.688440
vt 0.484375 0.688440
vt 0.500000 0.688440
vt 0.500000 0.688440
vt 0.484375 0.688440
vt 0.500000 0.688440
vt 0.500000 0.688440
vt 0.500000 0.688440
vt 0.500000 0.688440
vt 0.531250 0.688440
vt 0.531250 0.688440
vt 0.531250 0.688440
vt 0.531250 0.688440
vt 0.546875 0.688440
vt 0.546875 0.688440
vt 0.562500 0.688440
vt 0.562500 0.688440
vt 0.562500 0.688440
vt 0.562500 0.688440
vt 0.593750 0.688440
vt 0.593750 0.688440
vt 0.593750 0.688440
vt 0.593750 0.688440
vt 0.609375 0.688440
vt 0.609375 0.688440
vt 0.625000 0.688440
vt 0.625000 0.688440
vt 0.625000 0.688440
vt 0.625000 0.688440
vt 0.500000 0.837500
vt 0.355644 0.903544
vt 0.355644 0.903544
vt 0.500000 0.837500
vt 0.355644 0.783956
vt 0.500000 0.837500
vt 0.500000 0.837500
vt 0.355644 0.783956
vt 0.440206 0.699394
vt 0.440206 0.699394
vt 0.559794 0.699394
vt 0.500000 0.837500
vt 0.500000 0.837500
vt 0.559794 0.699394
vt 0.644356 0.783956
vt 0.644356 0.783956
vt 0.644356 0.903544
vt 0.644356 0.903544
vt 0.406250 0.312500
vt 0.421875 0.312500
vt 0.421875 0.312500
vt 0.406250 0.312500
vt 0.421875 0.312500
vt 0.421875 0.312500
vt 0.406250 0.312500
vt 0.406250 0.312500
vt 0.406250 0.312500
vt 0.406250 0.312500
vt 0.406250 0.688440
vt 0.406250 0.688440
vt 0.406250 0.688440
vt 0.406250 0.688440
vt 0.406250 0.688440
vt 0.421875 0.688440
vt 0.421875 0.688440
vt 0.406250 0.688440
vt 0.421875 0.688440
vt 0.437500 0.688440
vt 0.437500 0.688440
vt 0.421875 0.688440
vt 0.437500 0.688440
vt 0.437500 0.688440
vt 0.468750 0.688440
vt 0.468750 0.688440
vt 0.468750 0.688440
vt 0.468750 0.688440
vt 0.484375 0.688440
vt 0.484375 0.688440
vt 0.484375 0.688440
vt 0.500000 0.688440
vt 0.500000 0.688440
vt 0.484375 0.688440
vt 0.500000 0.688440
vt 0.500000 0.688440
vt 0.500000 0.688440
vt 0.500000 0.688440
vt 0.531250 0.688440
vt 0.531250 0.688440
vt 0.531250 0.688440
vt 0.531250 0.688440
vt 0.546875 0.688440
vt 0.546875 0.688440
vt 0.562500 0.688440
vt 0.562500 0.688440
vt 0.562500 0.688440
vt 0.562500 0.688440
vt 0.375000 0.312500
vt 0.375000 0.688440
vt 0.390625 0.688440
vt 0.390625 0.312500
vt 0.406250 0.688440
vt 0.406250 0.312500
vt 0.406250 0.312500
vt 0.406250 0.688440
vt 0.421875 0.688440
vt 0.421875 0.312500
vt 0.437500 0.688440
vt 0.437500 0.312500
vt 0.437500 0.312500
vt 0.437500 0.688440
vt 0.453125 0.688440
vt 0.453125 0.312500
vt 0.468750 0.688440
vt 0.468750 0.312500
vt 0.468750 0.312500
vt 0.468750 0.688440
vt 0.484375 0.688440
vt 0.484375 0.312500
vt 0.500000 0.688440
vt 0.500000 0.312500
vt 0.500000 0.312500
vt 0.500000 0.688440
vt 0.515625 0.688440
vt 0.515625 0.312500
vt 0.531250 0.688440
vt 0.531250 0.312500
vt 0.531250 0.312500
vt 0.531250 0.688440
vt 0.546875 0.688440
vt 0.546875 0.312500
vt 0.562500 0.688440
vt 0.562500 0.312500
vt 0.562500 0.312500
vt 0.562500 0.688440
vt 0.578125 0.688440
vt 0.578125 0.312500
vt 0.593750 0.688440
vt 0.593750 0.312500
vt 0.593750 0.312500
vt 0.593750 0.688440
vt 0.609375 0.688440
vt 0.609375 0.312500
vt 0.625000 0.688440
vt 0.625000 0.312500
vt 0.610485 0.045765
vt 0.500000 0.150000
vt 0.644356 0.096456
vt 0.559794 0.011894
vt 0.500000 0.000000
vt 0.440206 0.011894
vt 0.389515 0.045765
vt 0.355644 0.096456
vt 0.343750 0.156250
vt 0.355644 0.216044
vt 0.389515 0.266735
vt 0.440206 0.300606
vt 0.500000 0.312500
vt 0.559794 0.300606
vt 0.610485 0.266735
vt 0.644356 0.216044
vt 0.656250 0.156250
vt 0.644356 0.903544
vt 0.500000 0.837500
vt 0.610485 0.954235
vt 0.559794 0.988106
vt 0.559794 0.988106
vt 0.500000 0.837500
vt 0.500000 1.000000
vt 0.440206 0.988106
vt 0.440206 0.988106
vt 0.389515 0.954235
vt 0.355644 0.903544
vt 0.355644 0.903544
vt 0.500000 0.837500
vt 0.343750 0.843750
vt 0.355644 0.783956
vt 0.355644 0.783956
vt 0.389515 0.733265
vt 0.440206 0.699394
vt 0.440206 0.699394
vt 0.500000 0.837500
vt 0.500000 0.687500
vt 0.559794 0.699394
vt 0.559794 0.699394
vt 0.610485 0.733265
vt 0.644356 0.783956
vt 0.644356 0.783956
vt 0.500000 0.837500
vt 0.656250 0.843750
vt 0.644356 0.903544
vt 0.406250 0.312500
vt 0.406250 0.312500
vt 0.421875 0.312500
vt 0.421875 0.312500
vt 0.421875 0.688440
vt 0.421875 0.688440
vt 0.406250 0.688440
vt 0.406250 0.688440
vt 0.421875 0.312500
vt 0.437500 0.688440
vt 0.437500 0.688440
vt 0.484375 0.312500
vt 0.484375 0.688440
vt 0.484375 0.688440
vt 0.468750 0.688440
vt 0.468750 0.688440
vt 0.500000 0.688440
vt 0.500000 0.688440
vt 0.546875 0.312500
vt 0.546875 0.688440
vt 0.546875 0.688440
vt 0.531250 0.688440
vt 0.531250 0.688440
vt 0.562500 0.688440
vt 0.562500 0.688440
vt 0.609375 0.312500
vt 0.609375 0.688440
vt 0.609375 0.688440
vt 0.593750 0.688440
vt 0.593750 0.688440
vt 0.625000 0.312500
vt 0.625000 0.688440
vt 0.625000 0.688440
vt 0.625000 0.688440
vt 0.500000 0.837500
vt 0.500000 0.837500
vt 0.559794 0.988106
vt 0.559794 0.988106
vt 0.440206 0.988106
vt 0.440206 0.988106
vt 0.500000 0.837500
vt 0.500000 0.837500
vt 0.355644 0.903544
vt 0.355644 0.903544
vt 0.355644 0.783956
vt 0.355644 0.783956
vt 0.500000 0.837500
vt 0.500000 0.837500
vt 0.440206 0.699394
vt 0.440206 0.699394
vt 0.559794 0.699394
vt 0.559794 0.699394
vt 0.500000 0.837500
vt 0.500000 0.837500
vt 0.500000 0.837500
vt 0.500000 0.837500
vt 0.644356 0.783956
vt 0.644356 0.783956
vt 0.644356 0.903544
vt 0.644356 0.903544
vt 0.406250 0.312500
vt 0.406250 0.312500
vt 0.421875 0.312500
vt 0.421875 0.312500
vt 0.421875 0.312500
vt 0.421875 0.312500
vt 0.406250 0.312500
vt 0.406250 0.312500
vt 0.406250 0.312500
vt 0.406250 0.312500
vt 0.406250 0.688440
vt 0.406250 0.688440
vt 0.406250 0.688440
vt 0.406250 0.688440
vt 0.406250 0.688440
vt 0.406250 0.688440
vt 0.421875 0.688440
vt 0.421875 0.688440
vt 0.421875 0.688440
vt 0.421875 0.688440
vt 0.437500 0.688440
vt 0.437500 0.688440
vt 0.437500 0.688440
vt 0.437500 0.688440
vt 0.468750 0.688440
vt 0.468750 0.688440
vt 0.468750 0.688440
vt 0.468750 0.688440
vt 0.484375 0.688440
vt 0.484375 0.688440
vt 0.484375 0.688440
vt 0.484375 0.688440
vt 0.500000 0.688440
vt 0.500000 0.688440
vt 0.500000 0.688440
vt 0.500000 0.688440
vt 0.500000 0.688440
vt 0.500000 0.688440
vt 0.531250 0.688440
vt 0.531250 0.688440
vt 0.531250 0.688440
vt 0.531250 0.688440
vt 0.546875 0.688440
vt 0.546875 0.688440
vt 0.562500 0.688440
vt 0.562500 0.688440
vt 0.562500 0.688440
vt 0.562500 0.688440
vt 0.593750 0.688440
vt 0.593750 0.688440
vt 0.593750 0.688440
vt 0.593750 0.688440
vt 0.609375 0.688440
vt 0.609375 0.688440
vt 0.625000 0.688440
vt 0.625000 0.688440
vt 0.625000 0.688440
vt 0.625000 0.688440
vt 0.500000 0.837500
vt 0.355644 0.903544
vt 0.355644 0.903544
vt 0.500000 0.837500
vt 0.355644 0.783956
vt 0.500000 0.837500
vt 0.500000 0.837500
vt 0.355644 0.783956
vt 0.440206 0.699394
vt 0.440206 0.699394
vt 0.559794 0.699394
vt 0.500000 0.837500
vt 0.500000 0.837500
vt 0.559794 0.699394
vt 0.644356 0.783956
vt 0.644356 0.783956
vt 0.644356 0.903544
vt 0.644356 0.903544
vt 0.406250 0.312500
vt 0.421875 0.312500
vt 0.421875 0.312500
vt 0.406250 0.312500
vt 0.421875 0.312500
vt 0.421875 0.312500
vt 0.406250 0.312500
vt 0.406250 0.312500
vt 0.406250 0.312500
vt 0.406250 0.312500
vt 0.406250 0.688440
vt 0.406250 0.688440
vt 0.406250 0.688440
vt 0.406250 0.688440
vt 0.406250 0.688440
vt 0.421875 0.688440
vt 0.421875 0.688440
vt 0.406250 0.688440
vt 0.421875 0.688440
vt 0.437500 0.688440
vt 0.437500 0.688440
vt 0.421875 0.688440
vt 0.437500 0.688440
vt 0.437500 0.688440
vt 0.468750 0.688440
vt 0.468750 0.688440
vt 0.468750 0.688440
vt 0.468750 0.688440
vt 0.484375 0.688440
vt 0.484375 0.688440
vt 0.484375 0.688440
vt 0.500000 0.688440
vt 0.500000 0.688440
vt 0.484375 0.688440
vt 0.500000 0.688440
vt 0.500000 0.688440
vt 0.500000 0.688440
vt 0.500000 0.688440
vt 0.531250 0.688440
vt 0.531250 0.688440
vt 0.531250 0.688440
vt 0.531250 0.688440
vt 0.546875 0.688440
vt 0.546875 0.688440
vt 0.562500 0.688440
vt 0.562500 0.688440
vt 0.562500 0.688440
vt 0.562500 0.688440
vn 0.0000 -0.8315 0.5556
vn 0.0000 -0.7071 0.7071
vn 0.0000 -0.5556 0.8315
vn 0.0000 -0.1264 0.9920
vn 0.0000 0.0000 1.0000
vn 0.0000 0.1264 0.9920
vn 0.0000 0.5556 0.8315
vn 0.0000 0.7071 0.7071
vn 0.0000 0.8315 0.5556
vn 0.0000 0.9920 0.1264
vn 0.0000 1.0000 0.0000
vn 0.0000 0.9920 -0.1264
vn 0.0000 0.8315 -0.5556
vn 0.0000 0.7071 -0.7071
vn 0.0000 0.5556 -0.8315
vn 0.0000 0.1264 -0.9920
vn 0.0000 -0.0000 -1.0000
vn 0.0000 -0.1264 -0.9920
vn 0.0000 -0.5556 -0.8315
vn 0.0000 -0.7071 -0.7071
vn 0.0000 -0.8315 -0.5556
vn 0.0000 -0.9953 -0.0970
vn 0.0000 -1.0000 0.0000
vn 0.0000 -0.9953 0.0970
vn 1.0000 0.0000 0.0000
vn -1.0000 -0.0000 0.0000
vn 0.0000 -0.9741 -0.2262
vn 0.0000 -0.9794 -0.2019
vn 0.0000 0.9794 -0.2019
vn -0.0000 0.9741 -0.2262
vn 0.0000 -0.2262 0.9741
vn 0.0000 -0.2019 0.9794
vn 0.0000 -0.2019 -0.9794
vn -0.0000 -0.2262 -0.9741
vn 0.0000 0.9741 0.2262
vn 0.0000 0.9794 0.2019
vn 0.0000 -0.9794 0.2019
vn 0.0000 -0.9741 0.2262
vn 0.0000 0.1750 -0.9846
vn 0.0000 0.1614 -0.9869
vn 0.0000 0.1614 0.9869
vn 0.0000 0.1750 0.9846
vn 0.0000 -0.9239 -0.3827
vn 0.0000 -0.9559 -0.2936
vn 0.0000 0.9582 0.2862
vn 0.0000 0.9239 0.3827
vn 0.0000 0.9239 -0.3827
vn 0.0000 0.9559 -0.2936
vn 0.0000 -0.9239 0.3827
vn -0.0000 -0.9582 0.2862
vn 0.0000 -0.3827 0.9239
vn 0.0000 -0.2936 0.9559
vn 0.0000 0.2862 -0.9582
vn 0.0000 0.3827 -0.9239
vn 0.0000 -0.3827 -0.9239
vn 0.0000 -0.2936 -0.9559
vn 0.0000 0.3827 0.9239
vn 0.0000 0.2862 0.9582
vn 0.0000 0.2019 -0.9794
vn 0.0000 -0.9920 -0.1264
vn 0.0000 -0.9920 0.1264
vn 0.0000 0.2019 0.9794
vn 0.0000 0.9559 0.2936
vn 0.0000 -0.9582 -0.2862
vn 0.0000 -0.9559 0.2936
vn -0.0000 0.9582 -0.2862
vn -0.0000 0.2285 -0.9736
vn 0.0000 -0.2178 0.9760
vn 0.0000 0.2285 0.9736
vn -0.0000 -0.2178 -0.9760
vn 0.0000 -0.1614 0.9869
vn 0.0000 0.9953 0.0970
vn 0.0000 0.9953 -0.0970
vn 0.0000 -0.1614 -0.9869
usemtl M_copperSG.002
s 1
f 994/1746/943 995/1747/944 996/1748/944 997/1749/943
f 995/1747/944 998/1750/945 999/1751/945 996/1748/944
f 1000/1752/946 1001/1753/947 1002/1754/947 1003/1755/946
f 1001/1753/947 1004/1756/948 1005/1757/948 1002/1754/947
f 1006/1758/949 1007/1759/950 1008/1760/950 1009/1761/949
f 1007/1759/950 1010/1762/951 1011/1763/951 1008/1760/950
f 1012/1764/952 1013/1765/953 1014/1766/953 1015/1767/952
f 1013/1765/953 1016/1768/954 1017/1769/954 1014/1766/953
f 1018/1770/955 1019/1771/956 1020/1772/956 1021/1773/955
f 1019/1771/956 1022/1774/957 1023/1775/957 1020/1772/956
f 1024/1776/958 1025/1777/959 1026/1778/959 1027/1779/958
f 1025/1777/959 1028/1780/960 1029/1781/960 1026/1778/959
f 1030/1782/961 1031/1783/962 1032/1784/962 1033/1785/961
f 1031/1783/962 1034/1786/963 1035/1787/963 1032/1784/962
f 1036/1788/964 1037/1789/965 1038/1790/965 1039/1791/964
f 1037/1789/965 1040/1792/966 1041/1793/966 1038/1790/965
f 995/1794/967 994/1795/967 1042/1796/967
f 998/1797/967 995/1794/967 1042/1796/967
f 1043/1798/967 998/1797/967 1042/1796/967
f 1006/1799/967 1043/1798/967 1042/1796/967
f 1007/1800/967 1006/1799/967 1042/1796/967
f 1010/1801/967 1007/1800/967 1042/1796/967
f 1044/1802/967 1010/1801/967 1042/1796/967
f 1018/1803/967 1044/1802/967 1042/1796/967
f 1019/1804/967 1018/1803/967 1042/1796/967
f 1022/1805/967 1019/1804/967 1042/1796/967
f 1045/1806/967 1022/1805/967 1042/1796/967
f 1030/1807/967 1045/1806/967 1042/1796/967
f 1031/1808/967 1030/1807/967 1042/1796/967
f 1034/1809/967 1031/1808/967 1042/1796/967
f 1046/1810/967 1034/1809/967 1042/1796/967
f 994/1795/967 1046/1810/967 1042/1796/967
f 997/1811/968 996/1812/968 1047/1813/968
f 996/1812/968 999/1814/968 1047/1813/968
f 1048/1815/968 1049/1816/968 1050/1817/968
f 1049/1816/968 1051/1818/968 1050/1817/968
f 1009/1819/968 1008/1820/968 1047/1813/968
f 1008/1820/968 1011/1821/968 1047/1813/968
f 1052/1822/968 1053/1823/968 1054/1824/968
f 1053/1823/968 1055/1825/968 1054/1824/968
f 1021/1826/968 1020/1827/968 1047/1813/968
f 1020/1827/968 1023/1828/968 1047/1813/968
f 1056/1829/968 1057/1830/968 1058/1831/968
f 1057/1830/968 1059/1832/968 1058/1831/968
f 1033/1833/968 1032/1834/968 1047/1813/968
f 1032/1834/968 1035/1835/968 1047/1813/968
f 1060/1836/968 1061/1837/968 1062/1838/968
f 1061/1837/968 1063/1839/968 1062/1838/968
f 1064/1840/967 1065/1841/967 1066/1842/967 1067/1843/967
f 1049/1844/968 1048/1845/968 1068/1846/968 1069/1847/968
f 999/1751/969 998/1750/970 1000/1752/970 1003/1755/970
f 1043/1848/967 1006/1758/967 1004/1756/967 1001/1753/967
f 1006/1758/971 1009/1761/972 1005/1757/971 1004/1756/971
f 1051/1849/968 1049/1844/968 1069/1847/968 1070/1850/968
f 1010/1762/967 1044/1851/967 1013/1765/967 1012/1764/967
f 1053/1852/968 1052/1853/968 1071/1854/968 1072/1855/968
f 1011/1763/973 1010/1762/974 1012/1764/974 1015/1767/974
f 1044/1851/967 1018/1770/967 1016/1768/967 1013/1765/967
f 1018/1770/975 1021/1773/976 1017/1769/975 1016/1768/975
f 1055/1856/968 1053/1852/968 1072/1855/968 1073/1857/968
f 1022/1774/967 1045/1858/967 1025/1777/967 1024/1776/967
f 1057/1859/968 1056/1860/968 1074/1861/968 1075/1862/968
f 1023/1775/977 1022/1774/978 1024/1776/978 1027/1779/978
f 1045/1858/967 1030/1782/967 1028/1780/967 1025/1777/967
f 1030/1782/979 1033/1785/980 1029/1781/979 1028/1780/979
f 1059/1863/968 1057/1859/968 1075/1862/968 1076/1864/968
f 1034/1786/967 1046/1865/967 1037/1789/967 1036/1788/967
f 1061/1866/968 1060/1867/968 1077/1868/968 1078/1869/968
f 1035/1787/981 1034/1786/982 1036/1788/982 1039/1791/982
f 1046/1865/967 994/1870/967 1040/1792/967 1037/1789/967
f 994/1870/983 997/1871/984 1041/1793/983 1040/1792/983
f 1063/1872/968 1061/1866/968 1078/1869/968 1079/1873/968
f 1080/1874/968 1081/1875/968 1082/1876/968 1083/1877/968
f 1084/1878/968 1080/1874/968 1083/1877/968 1085/1879/968
f 1081/1880/968 1086/1881/968 1087/1882/968 1082/1883/968
f 1086/1884/968 1088/1885/968 1089/1886/968 1087/1887/968
f 1088/1885/968 1090/1888/968 1091/1889/968 1089/1886/968
f 1090/1890/968 1084/1891/968 1085/1892/968 1091/1893/968
f 1092/1894/968 1093/1895/968 1094/1896/968 1095/1897/968
f 1096/1898/968 1092/1894/968 1095/1897/968 1097/1899/968
f 1093/1900/968 1098/1901/968 1099/1902/968 1094/1903/968
f 1098/1901/968 1100/1904/968 1101/1905/968 1099/1902/968
f 1100/1904/968 1102/1906/968 1103/1907/968 1101/1905/968
f 1102/1906/968 1096/1908/968 1097/1909/968 1103/1907/968
f 1104/1910/968 1105/1911/968 1106/1912/968 1107/1913/968
f 1108/1914/968 1104/1915/968 1107/1916/968 1109/1917/968
f 1105/1918/968 1110/1919/968 1111/1920/968 1106/1921/968
f 1110/1919/968 1112/1922/968 1113/1923/968 1111/1920/968
f 1112/1924/968 1114/1925/968 1115/1926/968 1113/1927/968
f 1114/1925/968 1108/1928/968 1109/1929/968 1115/1926/968
f 1116/1930/968 1117/1931/968 1118/1932/968 1119/1933/968
f 1120/1934/968 1116/1935/968 1119/1936/968 1121/1937/968
f 1117/1938/968 1122/1939/968 1123/1940/968 1118/1941/968
f 1122/1939/968 1124/1942/968 1125/1943/968 1123/1940/968
f 1124/1942/968 1126/1944/968 1127/1945/968 1125/1943/968
f 1126/1944/968 1120/1946/968 1121/1947/968 1127/1945/968
f 998/1948/967 1043/1949/967 1065/1950/967 1064/1951/967
f 1043/1949/967 1001/1952/967 1066/1953/967 1065/1950/967
f 1001/1952/967 1000/1954/967 1067/1955/967 1066/1953/967
f 1000/1954/967 998/1956/967 1064/1957/967 1067/1955/967
f 1047/1813/985 999/1814/969 1081/1875/986 1080/1874/985
f 1048/1815/987 1050/1817/988 1083/1877/988 1082/1876/987
f 1009/1819/972 1047/1813/989 1080/1874/989 1084/1878/990
f 1050/1817/991 1051/1818/992 1085/1879/992 1083/1877/991
f 999/1958/969 1003/1959/970 1086/1881/970 1081/1880/986
f 1068/1960/978 1048/1961/987 1082/1883/987 1087/1882/978
f 1003/1962/946 1002/1963/947 1088/1885/947 1086/1884/946
f 1069/1964/959 1068/1965/958 1087/1887/958 1089/1886/959
f 1002/1963/947 1005/1966/948 1090/1888/948 1088/1885/947
f 1070/1967/960 1069/1964/959 1089/1886/959 1091/1889/960
f 1005/1968/971 1009/1969/972 1084/1891/990 1090/1890/971
f 1051/1970/992 1070/1971/979 1091/1893/979 1085/1892/992
f 1047/1813/993 1011/1972/973 1093/1895/994 1092/1894/993
f 1052/1973/995 1054/1824/996 1095/1897/996 1094/1896/995
f 1021/1974/976 1047/1813/997 1092/1894/997 1096/1898/998
f 1054/1824/999 1055/1975/1000 1097/1899/1000 1095/1897/999
f 1011/1976/973 1015/1977/974 1098/1901/974 1093/1900/994
f 1071/1978/1001 1052/1979/995 1094/1903/995 1099/1902/1001
f 1015/1977/952 1014/1980/953 1100/1904/953 1098/1901/952
f 1072/1981/965 1071/1978/1002 1099/1902/1002 1101/1905/965
f 1014/1980/953 1017/1982/954 1102/1906/954 1100/1904/953
f 1073/1983/1003 1072/1981/965 1101/1905/965 1103/1907/1003
f 1017/1982/975 1021/1984/976 1096/1908/998 1102/1906/975
f 1055/1985/1000 1073/1983/1004 1103/1907/1004 1097/1909/1000
f 1047/1986/988 1023/1987/977 1105/1911/1005 1104/1910/988
f 1056/1988/1006 1058/1989/985 1107/1913/985 1106/1912/1006
f 1033/1990/980 1047/1991/991 1104/1915/991 1108/1914/1007
f 1058/1992/989 1059/1993/1008 1109/1917/1008 1107/1916/989
f 1023/1994/977 1027/1995/978 1110/1919/978 1105/1918/1005
f 1074/1996/970 1056/1997/1006 1106/1921/1006 1111/1920/970
f 1027/1995/958 1026/1998/959 1112/1922/959 1110/1919/958
f 1075/1999/947 1074/1996/946 1111/1920/946 1113/1923/947
f 1026/2000/959 1029/2001/960 1114/1925/960 1112/1924/959
f 1076/2002/948 1075/2003/947 1113/1927/947 1115/1926/948
f 1029/2001/979 1033/2004/980 1108/1928/1007 1114/1925/979
f 1059/2005/1008 1076/2002/971 1115/1926/971 1109/1929/1008
f 1047/2006/996 1035/2007/981 1117/1931/1009 1116/1930/996
f 1060/2008/1010 1062/2009/993 1119/1933/993 1118/1932/1010
f 997/2010/984 1047/2011/999 1116/1935/999 1120/1934/1011
f 1062/2012/997 1063/2013/1012 1121/1937/1012 1119/1936/997
f 1035/2014/981 1039/2015/982 1122/1939/982 1117/1938/1009
f 1077/2016/1013 1060/2017/1010 1118/1941/1010 1123/1940/1013
f 1039/2015/964 1038/2018/965 1124/1942/965 1122/1939/964
f 1078/2019/953 1077/2016/1014 1123/1940/1014 1125/1943/953
f 1038/2018/965 1041/2020/966 1126/1944/966 1124/1942/965
f 1079/2021/1015 1078/2019/953 1125/1943/953 1127/1945/1015
f 1041/2020/983 997/2022/984 1120/1946/1011 1126/1944/983
f 1063/2023/1012 1079/2021/1016 1127/1945/1016 1121/1947/1012
f 1128/2024/943 1129/2025/943 1130/2026/944 1131/2027/944
f 1131/2027/944 1130/2026/944 1132/2028/945 1133/2029/945
f 1134/2030/946 1135/2031/946 1136/2032/947 1137/2033/947
f 1137/2033/947 1136/2032/947 1138/2034/948 1139/2035/948
f 1140/2036/949 1141/2037/949 1142/2038/950 1143/2039/950
f 1143/2039/950 1142/2038/950 1144/2040/951 1145/2041/951
f 1146/2042/952 1147/2043/952 1148/2044/953 1149/2045/953
f 1149/2045/953 1148/2044/953 1150/2046/954 1151/2047/954
f 1152/2048/955 1153/2049/955 1154/2050/956 1155/2051/956
f 1155/2051/956 1154/2050/956 1156/2052/957 1157/2053/957
f 1158/2054/958 1159/2055/958 1160/2056/959 1161/2057/959
f 1161/2057/959 1160/2056/959 1162/2058/960 1163/2059/960
f 1164/2060/961 1165/2061/961 1166/2062/962 1167/2063/962
f 1167/2063/962 1166/2062/962 1168/2064/963 1169/2065/963
f 1170/2066/964 1171/2067/964 1172/2068/965 1173/2069/965
f 1173/2069/965 1172/2068/965 1174/2070/966 1175/2071/966
f 1131/2072/968 1176/2073/968 1128/2074/968
f 1133/2075/968 1176/2073/968 1131/2072/968
f 1177/2076/968 1176/2073/968 1133/2075/968
f 1140/2077/968 1176/2073/968 1177/2076/968
f 1143/2078/968 1176/2073/968 1140/2077/968
f 1145/2079/968 1176/2073/968 1143/2078/968
f 1178/2080/968 1176/2073/968 1145/2079/968
f 1152/2081/968 1176/2073/968 1178/2080/968
f 1155/2082/968 1176/2073/968 1152/2081/968
f 1157/2083/968 1176/2073/968 1155/2082/968
f 1179/2084/968 1176/2073/968 1157/2083/968
f 1164/2085/968 1176/2073/968 1179/2084/968
f 1167/2086/968 1176/2073/968 1164/2085/968
f 1169/2087/968 1176/2073/968 1167/2086/968
f 1180/2088/968 1176/2073/968 1169/2087/968
f 1128/2074/968 1176/2073/968 1180/2088/968
f 1129/2089/967 1181/2090/967 1130/2091/967
f 1130/2091/967 1181/2090/967 1132/2092/967
f 1182/2093/967 1183/2094/967 1184/2095/967
f 1184/2095/967 1183/2094/967 1185/2096/967
f 1141/2097/967 1181/2090/967 1142/2098/967
f 1142/2098/967 1181/2090/967 1144/2099/967
f 1186/2100/967 1187/2101/967 1188/2102/967
f 1188/2102/967 1187/2101/967 1189/2103/967
f 1153/2104/967 1181/2090/967 1154/2105/967
f 1154/2105/967 1181/2090/967 1156/2106/967
f 1190/2107/967 1191/2108/967 1192/2109/967
f 1192/2109/967 1191/2108/967 1193/2110/967
f 1165/2111/967 1181/2090/967 1166/2112/967
f 1166/2112/967 1181/2090/967 1168/2113/967
f 1194/2114/967 1195/2115/967 1196/2116/967
f 1196/2116/967 1195/2115/967 1197/2117/967
f 1198/2118/968 1199/2119/968 1200/2120/968 1201/2121/968
f 1184/2122/967 1202/2123/967 1203/2124/967 1182/2125/967
f 1132/2028/969 1135/2031/970 1134/2030/970 1133/2029/970
f 1177/2126/968 1137/2033/968 1139/2035/968 1140/2036/968
f 1140/2036/971 1139/2035/971 1138/2034/971 1141/2037/972
f 1185/2127/967 1204/2128/967 1202/2123/967 1184/2122/967
f 1145/2041/968 1146/2042/968 1149/2045/968 1178/2129/968
f 1188/2130/967 1205/2131/967 1206/2132/967 1186/2133/967
f 1144/2040/973 1147/2043/974 1146/2042/974 1145/2041/974
f 1178/2129/968 1149/2045/968 1151/2047/968 1152/2048/968
f 1152/2048/975 1151/2047/975 1150/2046/975 1153/2049/976
f 1189/2134/967 1207/2135/967 1205/2131/967 1188/2130/967
f 1157/2053/968 1158/2054/968 1161/2057/968 1179/2136/968
f 1192/2137/967 1208/2138/967 1209/2139/967 1190/2140/967
f 1156/2052/977 1159/2055/978 1158/2054/978 1157/2053/978
f 1179/2136/968 1161/2057/968 1163/2059/968 1164/2060/968
f 1164/2060/979 1163/2059/979 1162/2058/979 1165/2061/980
f 1193/2141/967 1210/2142/967 1208/2138/967 1192/2137/967
f 1169/2065/968 1170/2066/968 1173/2069/968 1180/2143/968
f 1196/2144/967 1211/2145/967 1212/2146/967 1194/2147/967
f 1168/2064/981 1171/2067/982 1170/2066/982 1169/2065/982
f 1180/2143/968 1173/2069/968 1175/2071/968 1128/2148/968
f 1128/2148/983 1175/2071/983 1174/2070/983 1129/2149/984
f 1197/2150/967 1213/2151/967 1211/2145/967 1196/2144/967
f 1214/2152/967 1215/2153/967 1216/2154/967 1217/2155/967
f 1218/2156/967 1219/2157/967 1215/2153/967 1214/2152/967
f 1217/2158/967 1216/2159/967 1220/2160/967 1221/2161/967
f 1221/2162/967 1220/2163/967 1222/2164/967 1223/2165/967
f 1223/2165/967 1222/2164/967 1224/2166/967 1225/2167/967
f 1225/2168/967 1224/2169/967 1219/2170/967 1218/2171/967
f 1226/2172/967 1227/2173/967 1228/2174/967 1229/2175/967
f 1230/2176/967 1231/2177/967 1227/2173/967 1226/2172/967
f 1229/2178/967 1228/2179/967 1232/2180/967 1233/2181/967
f 1233/2181/967 1232/2180/967 1234/2182/967 1235/2183/967
f 1235/2183/967 1234/2182/967 1236/2184/967 1237/2185/967
f 1237/2185/967 1236/2184/967 1231/2186/967 1230/2187/967
f 1238/2188/967 1239/2189/967 1240/2190/967 1241/2191/967
f 1242/2192/967 1243/2193/967 1239/2194/967 1238/2195/967
f 1241/2196/967 1240/2197/967 1244/2198/967 1245/2199/967
f 1245/2199/967 1244/2198/967 1246/2200/967 1247/2201/967
f 1247/2202/967 1246/2203/967 1248/2204/967 1249/2205/967
f 1249/2205/967 1248/2204/967 1243/2206/967 1242/2207/967
f 1250/2208/967 1251/2209/967 1252/2210/967 1253/2211/967
f 1254/2212/967 1255/2213/967 1251/2214/967 1250/2215/967
f 1253/2216/967 1252/2217/967 1256/2218/967 1257/2219/967
f 1257/2219/967 1256/2218/967 1258/2220/967 1259/2221/967
f 1259/2221/967 1258/2220/967 1260/2222/967 1261/2223/967
f 1261/2223/967 1260/2222/967 1255/2224/967 1254/2225/967
f 1133/2226/968 1198/2227/968 1201/2228/968 1177/2229/968
f 1177/2229/968 1201/2228/968 1200/2230/968 1137/2231/968
f 1137/2231/968 1200/2230/968 1199/2232/968 1134/2233/968
f 1134/2233/968 1199/2232/968 1198/2234/968 1133/2235/968
f 1181/2090/985 1214/2152/985 1217/2155/986 1132/2092/969
f 1182/2093/987 1216/2154/987 1215/2153/988 1183/2094/988
f 1141/2097/972 1218/2156/990 1214/2152/989 1181/2090/989
f 1183/2094/991 1215/2153/991 1219/2157/992 1185/2096/992
f 1132/2236/969 1217/2158/986 1221/2161/970 1135/2237/970
f 1203/2238/978 1220/2160/978 1216/2159/987 1182/2239/987
f 1135/2240/946 1221/2162/946 1223/2165/947 1136/2241/947
f 1202/2242/959 1222/2164/959 1220/2163/958 1203/2243/958
f 1136/2241/947 1223/2165/947 1225/2167/948 1138/2244/948
f 1204/2245/960 1224/2166/960 1222/2164/959 1202/2242/959
f 1138/2246/971 1225/2168/971 1218/2171/990 1141/2247/972
f 1185/2248/992 1219/2170/992 1224/2169/979 1204/2249/979
f 1181/2090/993 1226/2172/993 1229/2175/994 1144/2250/973
f 1186/2251/995 1228/2174/995 1227/2173/996 1187/2101/996
f 1153/2252/976 1230/2176/998 1226/2172/997 1181/2090/997
f 1187/2101/999 1227/2173/999 1231/2177/1000 1189/2253/1000
f 1144/2254/973 1229/2178/994 1233/2181/974 1147/2255/974
f 1206/2256/1001 1232/2180/1001 1228/2179/995 1186/2257/995
f 1147/2255/952 1233/2181/952 1235/2183/953 1148/2258/953
f 1205/2259/965 1234/2182/965 1232/2180/1002 1206/2256/1002
f 1148/2258/953 1235/2183/953 1237/2185/954 1150/2260/954
f 1207/2261/1003 1236/2184/1003 1234/2182/965 1205/2259/965
f 1150/2260/975 1237/2185/975 1230/2187/998 1153/2262/976
f 1189/2263/1000 1231/2186/1000 1236/2184/1004 1207/2261/1004
f 1181/2264/988 1238/2188/988 1241/2191/1005 1156/2265/977
f 1190/2266/1006 1240/2190/1006 1239/2189/985 1191/2267/985
f 1165/2268/980 1242/2192/1007 1238/2195/991 1181/2269/991
f 1191/2270/989 1239/2194/989 1243/2193/1008 1193/2271/1008
f 1156/2272/977 1241/2196/1005 1245/2199/978 1159/2273/978
f 1209/2274/970 1244/2198/970 1240/2197/1006 1190/2275/1006
f 1159/2273/958 1245/2199/958 1247/2201/959 1160/2276/959
f 1208/2277/947 1246/2200/947 1244/2198/946 1209/2274/946
f 1160/2278/959 1247/2202/959 1249/2205/960 1162/2279/960
f 1210/2280/948 1248/2204/948 1246/2203/947 1208/2281/947
f 1162/2279/979 1249/2205/979 1242/2207/1007 1165/2282/980
f 1193/2283/1008 1243/2206/1008 1248/2204/971 1210/2280/971
f 1181/2284/996 1250/2208/996 1253/2211/1009 1168/2285/981
f 1194/2286/1010 1252/2210/1010 1251/2209/993 1195/2287/993
f 1129/2288/984 1254/2212/1011 1250/2215/999 1181/2289/999
f 1195/2290/997 1251/2214/997 1255/2213/1012 1197/2291/1012
f 1168/2292/981 1253/2216/1009 1257/2219/982 1171/2293/982
f 1212/2294/1013 1256/2218/1013 1252/2217/1010 1194/2295/1010
f 1171/2293/964 1257/2219/964 1259/2221/965 1172/2296/965
f 1211/2297/953 1258/2220/953 1256/2218/1014 1212/2294/1014
f 1172/2296/965 1259/2221/965 1261/2223/966 1174/2298/966
f 1213/2299/1015 1260/2222/1015 1258/2220/953 1211/2297/953
f 1174/2298/983 1261/2223/983 1254/2225/1011 1129/2300/984
f 1197/2301/1012 1255/2224/1012 1260/2222/1016 1213/2299/1016
o sorcerer_desk.009
v 0.962128 4.187025 -5.518051
v 0.971114 4.141259 -5.517970
v 0.971114 4.141266 -5.877767
v 0.962125 4.187038 -5.877830
v 0.962148 4.186946 -5.157939
v 0.971114 4.141254 -5.157885
v 0.945754 4.210458 -5.518122
v 0.945766 4.210448 -5.157979
v 0.945742 4.210467 -5.877893
v 0.921601 4.218982 -5.877953
v 0.921612 4.218980 -5.518179
v 0.921620 4.218979 -5.158006
v 0.895863 4.220539 -5.877995
v 0.895862 4.220539 -5.518220
v 0.895860 4.220537 -5.158022
v 0.873583 4.208333 -5.878002
v 0.873574 4.208328 -5.518222
v 0.873565 4.208323 -5.158031
v 0.858445 4.190110 -5.877995
v 0.858441 4.190102 -5.518209
v 0.858437 4.190095 -5.158038
v 0.857007 4.154701 -5.877985
v 0.857007 4.154698 -5.518198
v 0.857007 4.154699 -5.158051
v 0.860490 4.124465 -5.877986
v 0.860491 4.124465 -5.518200
v 0.860488 4.124468 -5.158064
v 0.876808 4.116123 -5.877991
v 0.876819 4.116120 -5.518208
v 0.876821 4.116120 -5.158071
v 0.920170 4.112711 -5.877995
v 0.920170 4.112711 -5.518215
v 0.920170 4.112711 -5.158072
v 0.921595 4.218983 -6.237516
v 0.895864 4.220540 -6.237535
v 0.873590 4.208337 -6.237542
v 0.858448 4.190116 -6.237547
v 0.857006 4.154704 -6.237548
v 0.860487 4.124467 -6.237541
v 0.876786 4.116129 -6.237535
v 0.920170 4.112711 -6.237532
v 0.858499 4.190214 -6.597373
v 0.857006 4.154764 -6.597373
v 0.860257 4.124768 -6.597373
v 0.877295 4.116041 -6.597373
v 0.920170 4.112746 -6.597373
v -2.373896 4.049369 -4.007840
v -2.408951 4.017894 -4.010178
v -2.405104 4.014553 -4.307256
v -2.372367 4.045692 -4.312090
v -2.374661 4.050602 -3.716858
v -2.411905 4.017520 -3.716858
v -2.355504 4.081299 -4.016239
v -2.355930 4.082487 -3.716858
v -2.354793 4.077919 -4.330822
v -2.348182 4.107901 -4.348165
v -2.348160 4.110470 -4.025135
v -2.348147 4.111477 -3.716858
v -2.349588 4.136218 -4.362821
v -2.349580 4.137949 -4.033435
v -2.349577 4.138587 -3.716858
v -2.353953 4.154639 -4.371857
v -2.353942 4.155925 -4.038730
v -2.353824 4.156316 -3.716858
v -2.365485 4.156599 -4.376040
v -2.365476 4.157652 -4.041219
v -2.365424 4.157887 -3.716858
v -2.391317 4.148294 -4.382607
v -2.391298 4.149055 -4.045135
v -2.393412 4.148305 -3.716858
v -2.455849 4.121916 -4.395185
v -2.455837 4.122240 -4.052647
v -2.455858 4.122233 -3.716858
v -2.509742 4.097024 -4.404891
v -2.509739 4.097150 -4.058465
v -2.509850 4.096956 -3.843620
v -2.541591 4.074334 -4.409670
v -2.541591 4.074399 -4.061275
v -2.541764 4.074225 -3.716858
v -2.560169 4.049643 -4.063190
v -2.560172 4.049563 -3.716858
v -2.560166 4.049647 -4.412980
v -2.567164 4.020082 -4.064802
v -2.567149 4.020069 -3.716858
v -2.567163 4.019995 -4.415791
v -2.563192 3.985782 -4.066371
v -2.563192 3.985776 -3.716858
v -2.563192 3.985784 -4.418556
v -2.553292 3.954695 -4.067778
v -2.553299 3.954641 -3.716858
v -2.553292 3.954694 -4.421019
v -2.534798 3.930103 -4.069011
v -2.534746 3.929808 -3.716858
v -2.534795 3.930100 -4.423100
v -2.479780 3.918244 -4.070032
v -2.479781 3.918047 -3.716858
v -2.479778 3.918243 -4.424836
v -2.435405 3.913219 -4.070946
v -2.435980 3.912871 -3.716858
v -2.435405 3.913178 -4.426386
v -2.563193 3.985787 -4.774808
v -2.553291 3.954629 -4.777685
v -2.534794 3.930097 -4.780107
v -2.479777 3.918242 -4.782144
v -2.435405 3.913178 -4.783975
v -2.379536 3.927489 -4.785604
v -2.379537 3.927489 -4.427742
v -2.387405 3.927489 -4.071729
v -2.339466 3.948115 -4.787097
v -2.343173 3.948115 -4.428974
v -2.351179 3.948114 -4.072433
v -2.307770 3.977164 -4.788427
v -2.311928 3.977164 -4.430053
v -2.321104 3.977200 -4.073041
v -2.281113 4.015828 -4.789721
v -2.285641 4.015823 -4.431077
v -2.299238 4.015819 -4.073614
v -2.257520 4.056472 -4.790925
v -2.260992 4.056479 -4.432013
v -2.284467 4.056470 -4.074123
v -2.251887 4.094583 -4.791961
v -2.255642 4.094579 -4.432798
v -2.273863 4.094575 -4.074546
v -2.258046 4.124284 -4.792727
v -2.261837 4.124285 -4.433369
v -2.276352 4.124284 -4.074848
v -2.270231 4.149666 -4.793364
v -2.274481 4.149675 -4.433824
v -2.286467 4.149674 -4.075084
v -2.293793 4.170025 -4.793896
v -2.297997 4.170027 -4.434172
v -2.309837 4.170084 -4.075244
v -2.319804 4.188904 -4.794349
v -2.324168 4.188910 -4.434456
v -2.335376 4.188911 -4.075362
v -2.356753 4.199145 -4.794706
v -2.360517 4.199147 -4.434764
v -2.369246 4.199146 -4.075531
v -2.385348 4.211870 -4.795032
v -2.387643 4.211870 -4.435078
v -2.392257 4.211867 -4.075718
v -2.418577 4.219560 -4.795280
v -2.420639 4.219560 -4.435351
v -2.424839 4.219558 -4.075914
v -2.454065 4.221634 -4.795452
v -2.455186 4.221634 -4.435593
v -2.457264 4.221632 -4.076118
v -2.486777 4.216573 -4.795588
v -2.487693 4.216571 -4.435773
v -2.489424 4.216568 -4.076260
v -2.523708 4.196300 -4.795661
v -2.524348 4.196298 -4.435859
v -2.525463 4.196295 -4.076293
v -2.553174 4.176134 -4.795738
v -2.553662 4.176133 -4.435944
v -2.554590 4.176130 -4.076332
v -2.582556 4.141403 -4.795835
v -2.582917 4.141407 -4.436076
v -2.583407 4.141418 -4.076436
v -2.600816 4.110046 -4.795905
v -2.601112 4.110046 -4.436201
v -2.601543 4.110045 -4.076553
v -2.609292 4.073289 -4.795928
v -2.609525 4.073287 -4.436285
v -2.609868 4.073287 -4.076643
v -2.612345 4.029122 -4.795909
v -2.612623 4.029121 -4.436296
v -2.613085 4.029120 -4.076653
v -2.609531 3.984564 -4.795887
v -2.609804 3.984565 -4.436296
v -2.610285 3.984566 -4.076653
v -2.604944 3.942437 -4.436285
v -2.605219 3.942437 -4.076643
v -2.604719 3.942437 -4.795864
v -2.592474 3.914004 -4.436234
v -2.592854 3.914003 -4.076608
v -2.592306 3.914005 -4.795835
v -2.578406 3.893284 -4.436158
v -2.578826 3.893287 -4.076550
v -2.578178 3.893285 -4.795794
v -2.555198 3.872317 -4.436005
v -2.555837 3.872313 -4.076414
v -2.554897 3.872320 -4.795720
v -2.519715 3.862921 -4.435706
v -2.520188 3.862918 -4.076098
v -2.519374 3.862924 -4.795524
v -2.431762 3.873431 -4.435433
v -2.432211 3.873431 -4.075809
v -2.431425 3.873431 -4.795349
v -1.947515 3.854274 -4.435479
v -1.947245 3.854274 -4.075805
v -1.947497 3.854274 -4.795463
v -1.392991 3.832870 -4.436172
v -1.393030 3.832873 -4.076253
v -1.392969 3.832868 -4.796278
v -2.360175 4.199143 -5.155118
v -2.386743 4.211868 -5.155376
v -2.324671 4.188900 -5.154787
v -2.419836 4.219560 -5.155566
v -2.454500 4.221634 -5.155684
v -2.487143 4.216574 -5.155778
v -2.523893 4.196301 -5.155831
v -2.553319 4.176135 -5.155878
v -2.582663 4.141400 -5.155886
v -2.600812 4.110047 -5.155849
v -2.609292 4.073293 -5.155787
v -2.612412 4.029124 -5.155732
v -2.609522 3.984563 -5.155679
v -2.604717 3.942434 -5.155635
v -2.592336 3.914003 -5.155621
v -2.578218 3.893284 -5.155581
v -2.554906 3.872325 -5.155498
v -2.519389 3.862926 -5.155385
v -2.431431 3.873431 -5.155324
v -1.947310 3.854274 -5.155538
v -1.392963 3.832867 -5.156407
v -0.698447 3.814149 -4.797182
v -0.698340 3.814141 -5.157539
v -0.679985 3.813646 -5.157569
v -0.680095 3.813654 -4.797204
v -0.698444 3.814149 -4.436635
v -0.680091 3.813654 -4.436646
v 0.943544 3.820777 -4.798388
v 0.943534 3.820771 -5.158304
v 1.239392 3.857818 -5.158264
v 1.239397 3.857822 -4.798429
v 1.239399 3.857825 -4.438288
v 0.943552 3.820781 -4.438138
v 1.281534 3.906172 -5.158258
v 1.281536 3.906177 -4.798476
v 1.281537 3.906181 -4.438402
v 1.305361 3.961680 -5.158279
v 1.305361 3.961678 -4.798553
v 1.305359 3.961675 -4.438548
v 1.312976 4.023114 -5.158379
v 1.312976 4.023109 -4.798646
v 1.312976 4.023102 -4.438661
v 1.310508 4.088168 -5.158531
v 1.310508 4.088163 -4.798750
v 1.310509 4.088159 -4.438745
v 1.308049 4.153000 -5.158696
v 1.308049 4.152995 -4.798861
v 1.308049 4.152993 -4.438823
v 1.288732 4.209725 -5.158960
v 1.288735 4.209719 -4.799003
v 1.288735 4.209718 -4.438813
v 1.260593 4.259957 -5.159273
v 1.260601 4.259950 -4.799170
v 1.260601 4.259949 -4.438786
v 1.218432 4.297245 -5.159584
v 1.218442 4.297235 -4.799356
v 1.218446 4.297231 -4.438787
v 1.161938 4.322024 -5.159724
v 1.161949 4.322021 -4.799451
v 1.161956 4.322018 -4.438787
v 1.097136 4.339409 -5.159745
v 1.097137 4.339409 -4.799487
v 1.097139 4.339409 -4.438777
v 1.032339 4.356794 -5.159732
v 1.032330 4.356795 -4.799481
v 1.032328 4.356796 -4.438747
v 0.958926 4.350856 -5.159534
v 0.958913 4.350854 -4.799255
v 0.958906 4.350853 -4.438580
v 0.886113 4.343012 -5.159297
v 0.886103 4.343012 -4.798980
v 0.886092 4.343010 -4.438375
v 0.828131 4.315928 -5.159152
v 0.828127 4.315927 -4.798779
v 0.828121 4.315924 -4.438200
v 0.772709 4.287822 -4.798594
v 0.772707 4.287821 -4.438035
v 0.772709 4.287822 -5.159025
v 0.732309 4.253626 -4.798455
v 0.732309 4.253626 -4.437913
v 0.732311 4.253628 -5.158908
v 0.704257 4.216507 -4.798347
v 0.704256 4.216504 -4.437828
v 0.704259 4.216513 -5.158798
v 0.694622 4.177371 -4.798244
v 0.694622 4.177363 -4.437744
v 0.694622 4.177378 -5.158672
v 0.699449 4.128625 -4.798121
v 0.699449 4.128623 -4.437651
v 0.699449 4.128626 -5.158524
v 0.712875 4.083194 -4.798007
v 0.712874 4.083195 -4.437579
v 0.712875 4.083194 -5.158370
v 0.734720 4.049064 -4.797921
v 0.734719 4.049065 -4.437549
v 0.734719 4.049065 -5.158245
v -2.592471 3.914002 -5.515696
v -2.578406 3.893285 -5.515607
v -2.604940 3.942432 -5.515739
v -2.555232 3.872332 -5.515450
v -2.519759 3.862929 -5.515394
v -2.431760 3.873431 -5.515432
v -1.947184 3.854275 -5.515726
v -1.392946 3.832866 -5.516529
v -0.698274 3.814136 -5.517483
v -0.679918 3.813641 -5.517509
v 0.943526 3.820766 -5.518042
v 1.239391 3.857815 -5.518011
v 1.281532 3.906168 -5.518025
v 1.305362 3.961681 -5.518064
v 1.312976 4.023119 -5.518183
v 1.310508 4.088175 -5.518353
v 1.308048 4.153008 -5.518530
v 1.288729 4.209734 -5.518750
v 1.260585 4.259964 -5.518981
v 1.218421 4.297254 -5.519207
v 1.161927 4.322026 -5.519320
v 1.097136 4.339409 -5.519358
v 1.032348 4.356790 -5.519382
v 0.958937 4.350857 -5.519326
v 0.886121 4.343013 -5.519248
v 0.828135 4.315931 -5.519186
v 0.772709 4.287822 -5.519124
v 0.732312 4.253631 -5.519043
v 0.704261 4.216520 -5.518949
v 0.694622 4.177383 -5.518846
v 0.699449 4.128624 -5.518725
v 0.712874 4.083197 -5.518590
v 0.734718 4.049069 -5.518462
v 0.760926 4.024952 -5.518363
v 0.760927 4.024950 -5.158144
v 0.760929 4.024949 -4.797850
v 0.802038 4.006136 -5.518276
v 0.802036 4.006136 -5.158041
v 0.802034 4.006137 -4.797777
v 0.863126 3.983973 -5.518164
v 0.863127 3.983973 -5.157918
v 0.863126 3.983973 -4.797688
v 0.937608 3.970262 -5.518044
v 0.937611 3.970266 -5.157804
v 0.937614 3.970266 -4.797591
v 1.011266 3.962667 -5.517928
v 1.011271 3.962667 -5.157698
v 1.011275 3.962667 -4.797493
v 1.058253 3.972248 -5.517860
v 1.058260 3.972252 -5.157629
v 1.058267 3.972257 -4.797423
v 1.092740 4.000544 -5.517833
v 1.092741 4.000546 -5.157589
v 1.092742 4.000546 -4.797369
v 1.126668 4.043531 -5.517835
v 1.126661 4.043523 -5.157588
v 1.126656 4.043517 -4.797328
v 1.151690 4.092575 -5.517871
v 1.151688 4.092570 -5.157622
v 1.151688 4.092569 -4.797304
v 1.158668 4.138991 -5.517896
v 1.158668 4.138993 -5.157647
v 1.158668 4.138997 -4.797287
v 1.159474 4.184653 -5.517902
v 1.159474 4.184655 -5.157653
v 1.159474 4.184656 -4.797276
v 1.139088 4.229183 -5.517905
v 1.139091 4.229177 -5.157656
v 1.139094 4.229171 -4.797283
v 1.110671 4.268382 -5.517900
v 1.110676 4.268378 -5.157658
v 1.110681 4.268373 -4.797296
v 1.074720 4.301664 -5.517888
v 1.074719 4.301666 -5.157660
v 1.074718 4.301666 -4.797310
v 1.039006 4.318738 -5.517866
v 1.039002 4.318737 -5.157653
v 1.038999 4.318737 -4.797323
v 0.995809 4.315780 -5.517844
v 0.995808 4.315780 -5.157649
v 0.995808 4.315780 -4.797330
v 0.934561 4.302375 -5.517817
v 0.934561 4.302375 -5.157632
v 0.934556 4.302373 -4.797336
v 0.891609 4.280296 -5.517827
v 0.891608 4.280296 -5.157635
v 0.891606 4.280295 -4.797330
v 0.850871 4.258568 -5.517841
v 0.850870 4.258568 -5.157640
v 0.850870 4.258568 -4.797325
v 0.810556 4.237221 -5.517859
v 0.810555 4.237221 -5.157648
v 0.810557 4.237222 -4.797318
v 0.794268 4.204747 -5.517889
v 0.794269 4.204752 -5.157668
v 0.794270 4.204757 -4.797318
v 0.795676 4.164121 -5.517936
v 0.795676 4.164127 -5.157694
v 0.795676 4.164130 -4.797320
v 0.811395 4.117786 -5.157708
v 0.811396 4.117783 -4.797310
v 0.811394 4.117790 -5.517963
v 0.833556 4.080627 -5.157710
v 0.833558 4.080624 -4.797318
v 0.833552 4.080631 -5.517961
v 0.860142 4.050662 -5.157709
v 0.860143 4.050661 -4.797345
v 0.860141 4.050663 -5.517932
v 0.890742 4.031894 -5.157714
v 0.890743 4.031894 -4.797379
v 0.890741 4.031895 -5.517908
v 0.922138 4.026236 -5.157730
v 0.922139 4.026236 -4.797419
v 0.922136 4.026236 -5.517889
v 0.948509 4.031981 -5.157750
v 0.948510 4.031982 -4.797451
v 0.948507 4.031979 -5.517880
v 0.968313 4.048491 -5.157774
v 0.968313 4.048493 -4.797483
v 0.968313 4.048489 -5.517885
v 0.943518 3.820762 -5.877776
v 1.239388 3.857812 -5.877782
v 1.281530 3.906164 -5.877842
v 1.305363 3.961683 -5.877926
v 1.312976 4.023125 -5.878042
v 1.310508 4.088182 -5.878176
v 1.308048 4.153016 -5.878303
v 1.288728 4.209738 -5.878365
v 1.260583 4.259966 -5.878397
v 1.218415 4.297259 -5.878428
v 1.161919 4.322029 -5.878482
v 1.097134 4.339409 -5.878560
v 1.032352 4.356790 -5.878641
v 0.958942 4.350857 -5.878756
v 0.886126 4.343014 -5.878860
v 0.828138 4.315932 -5.878837
v 0.772710 4.287822 -5.878778
v 0.732314 4.253633 -5.878725
v 0.704263 4.216526 -5.878673
v 0.694622 4.177385 -5.878634
v 0.699449 4.128620 -5.878598
v 0.712872 4.083201 -5.878533
v 0.734716 4.049073 -5.878450
v 0.760925 4.024953 -5.878392
v 0.802043 4.006135 -5.878343
v 0.863125 3.983973 -5.878262
v 0.937604 3.970262 -5.878142
v 1.011260 3.962666 -5.878024
v 1.058248 3.972244 -5.877963
v 1.092740 4.000543 -5.877933
v 1.126673 4.043538 -5.877913
v 1.151692 4.092579 -5.877911
v 1.158668 4.138990 -5.877909
v 1.159474 4.184652 -5.877903
v 1.139085 4.229189 -5.877915
v 1.110667 4.268386 -5.877916
v 1.074791 4.301598 -5.877901
v 1.039012 4.318738 -5.877871
v 0.995810 4.315781 -5.877841
v 0.934563 4.302376 -5.877812
v 0.891610 4.280297 -5.877820
v 0.850871 4.258568 -5.877837
v 0.810555 4.237221 -5.877851
v 0.794266 4.204744 -5.877877
v 0.795676 4.164113 -5.877912
v 0.811394 4.117790 -5.877940
v 0.833549 4.080635 -5.877934
v 0.860138 4.050666 -5.877901
v 0.890737 4.031896 -5.877860
v 0.958943 4.350858 -6.238073
v 0.886128 4.343015 -6.238256
v 1.032351 4.356790 -6.237885
v 0.828140 4.315933 -6.238235
v 0.772712 4.287823 -6.238166
v 0.732315 4.253635 -6.238123
v 0.704264 4.216529 -6.238104
v 0.694622 4.177385 -6.238111
v 0.699450 4.128615 -6.238127
v 0.712870 4.083205 -6.238122
v 0.734715 4.049076 -6.238099
v 0.760924 4.024954 -6.238083
v 0.802049 4.006134 -6.238077
v 0.863123 3.983973 -6.238025
v 0.937601 3.970262 -6.237929
v 1.011257 3.962661 -6.237833
v 1.058244 3.972242 -6.237790
v 1.092741 4.000545 -6.237764
v 1.126676 4.043542 -6.237738
v 1.151693 4.092581 -6.237706
v 1.158668 4.138987 -6.237679
v 1.159474 4.184651 -6.237660
v 1.139083 4.229194 -6.237691
v 1.110663 4.268389 -6.237712
v 1.074796 4.301594 -6.237710
v 1.039020 4.318738 -6.237688
v 0.995809 4.315780 -6.237659
v 0.934562 4.302375 -6.237624
v 0.891609 4.280297 -6.237623
v 0.850871 4.258569 -6.237627
v 0.810557 4.237221 -6.237633
v 0.794266 4.204742 -6.237648
v 0.795677 4.164107 -6.237671
v 0.811394 4.117791 -6.237689
v 0.937600 3.970478 -6.597373
v 1.011794 3.962703 -6.597373
v 0.862907 3.984310 -6.597373
v 1.058330 3.972339 -6.597373
v 1.092665 4.000449 -6.597373
v 1.126618 4.043468 -6.597373
v 1.151721 4.092663 -6.597373
v 1.158667 4.138985 -6.597373
v 1.159478 4.184880 -6.597373
v 1.139078 4.229204 -6.597373
v 1.110659 4.268393 -6.597373
v 1.074467 4.301898 -6.597373
v 1.039318 4.318748 -6.597373
v 0.996345 4.315897 -6.597373
v 0.933999 4.302252 -6.597373
v 0.891610 4.280297 -6.597373
v 0.850870 4.258568 -6.597373
v 0.810422 4.237149 -6.597373
v -2.434275 4.039021 -4.050273
v -2.434273 4.038241 -4.387764
v -2.430190 4.054116 -4.386449
v -2.430188 4.054924 -4.049621
v -2.450519 4.023792 -4.050797
v -2.450526 4.023079 -4.388798
v -2.434305 4.038940 -3.716858
v -2.450493 4.023798 -3.716858
v -2.430192 4.054936 -3.716858
v -2.434659 4.068084 -4.384837
v -2.434658 4.068882 -4.048831
v -2.434656 4.068876 -3.716858
v -2.444141 4.077700 -4.382987
v -2.444133 4.078473 -4.047958
v -2.444140 4.078477 -3.716858
v -2.461528 4.078242 -4.380587
v -2.461505 4.078991 -4.046902
v -2.461502 4.079135 -3.716858
v -2.482235 4.068138 -4.377281
v -2.482175 4.068928 -4.045563
v -2.482137 4.069064 -3.716858
v -2.500570 4.055502 -4.373518
v -2.500488 4.056307 -4.044201
v -2.500436 4.056357 -3.716858
v -2.510562 4.037280 -4.368649
v -2.510441 4.038529 -4.042850
v -2.510323 4.038897 -3.716858
v -2.509393 4.011034 -4.359288
v -2.509491 4.013690 -4.041079
v -2.509554 4.014677 -3.716858
v -2.506782 3.985246 -4.345397
v -2.507095 3.990159 -4.039835
v -2.507358 3.992847 -3.716858
v -2.492187 3.971419 -4.318322
v -2.499107 3.974327 -4.036405
v -2.500203 3.975988 -3.716858
v -2.447288 3.988057 -4.313148
v -2.452631 3.990807 -4.014596
v -2.458294 3.988745 -3.716858
v -2.434272 4.037581 -4.734694
v -2.430191 4.053365 -4.733091
v -2.450529 4.022481 -4.735970
v -2.434661 4.067423 -4.731142
v -2.444153 4.077066 -4.728940
v -2.461562 4.077650 -4.726151
v -2.482320 4.067579 -4.722433
v -2.500682 4.054778 -4.718427
v -2.510705 4.036473 -4.713965
v -2.509264 4.008640 -4.706924
v -2.505483 3.980174 -4.699075
v -2.480483 3.976688 -4.691705
v -2.436804 3.993132 -4.676526
v -2.399192 4.019432 -4.668797
v -2.370697 4.048671 -4.672941
v -2.353996 4.078799 -4.687531
v -2.348209 4.107761 -4.701952
v -2.349596 4.135807 -4.715673
v -2.353969 4.154171 -4.724389
v -2.365502 4.156175 -4.728578
v -2.391339 4.147955 -4.735343
v -2.455866 4.121749 -4.748870
v -2.509747 4.097021 -4.759318
v -2.541593 4.074333 -4.764629
v -2.560163 4.049578 -4.768361
v -2.567162 4.020001 -4.771585
v -2.450530 4.022481 -5.095063
v -2.434270 4.037532 -5.093904
v -2.473685 4.010830 -4.736988
v -2.473696 4.010827 -5.095983
v -2.473666 4.011342 -4.389612
v -2.430193 4.053373 -5.092465
v -2.434664 4.067401 -5.090720
v -2.444167 4.077078 -5.088748
v -2.461600 4.077657 -5.086247
v -2.482417 4.067547 -5.082869
v -2.500801 4.054662 -5.079112
v -2.510827 4.036146 -5.074369
v -2.509168 4.007566 -5.064921
v -2.504703 3.979090 -5.058146
v -2.479052 3.978106 -5.048672
v -2.436220 3.995459 -5.055314
v -2.397731 4.024243 -5.059330
v -2.369910 4.053703 -5.062097
v -2.353534 4.082296 -5.071301
v -2.348230 4.109928 -5.080222
v -2.349604 4.136942 -5.088717
v -2.353985 4.154796 -5.094378
v -2.365521 4.156641 -5.097276
v -2.391364 4.148285 -5.102251
v -2.455890 4.121744 -5.113086
v -2.509753 4.097018 -5.121591
v -2.541591 4.074334 -5.126150
v -2.560160 4.049656 -5.129422
v -2.567161 4.020006 -5.132319
v -2.563193 3.985791 -5.135273
v -2.553292 3.954630 -5.137930
v -2.534794 3.930096 -5.140195
v -2.479776 3.918242 -5.142128
v -2.435405 3.913178 -5.143885
v -2.379535 3.927489 -5.145483
v -2.339138 3.948115 -5.146963
v -2.307511 3.977164 -5.148309
v -2.284240 4.015835 -5.149647
v -2.271235 4.056484 -5.150918
v -2.261414 4.094589 -5.152042
v -2.265167 4.124282 -5.152890
v -2.276002 4.149665 -5.153605
v -2.298665 4.170028 -5.154240
v -2.450531 4.022897 -5.465178
v -2.434268 4.038046 -5.464382
v -2.473703 4.011161 -5.465806
v -2.430196 4.053965 -5.463373
v -2.434667 4.067964 -5.462124
v -2.444181 4.077597 -5.460690
v -2.461639 4.078146 -5.458825
v -2.482511 4.067902 -5.456271
v -2.500909 4.055025 -5.453424
v -2.510915 4.036446 -5.449854
v -2.509147 4.008129 -5.443470
v -2.505300 3.980885 -5.438447
v -2.480307 3.978622 -5.434656
v -2.436829 3.997349 -5.443421
v -2.397671 4.026949 -5.447708
v -2.369660 4.056707 -5.448455
v -2.353283 4.084972 -5.455639
v -2.348246 4.111900 -5.462286
v -2.349612 4.138236 -5.467902
v -2.354002 4.155662 -5.471536
v -2.365540 4.157348 -5.473350
v -2.391391 4.148748 -5.476498
v -2.455911 4.122079 -5.483500
v -2.509758 4.097015 -5.489081
v -2.541592 4.074333 -5.492242
v -2.560159 4.049658 -5.494591
v -2.567161 4.020008 -5.496740
v -2.563194 3.985794 -5.498982
v -2.553293 3.954696 -5.501031
v -2.534793 3.930097 -5.502806
v -2.479776 3.918242 -5.504346
v -2.435405 3.913178 -5.505771
v -2.379535 3.927489 -5.507095
v -2.349659 3.948116 -5.508340
v -2.320672 3.977164 -5.509492
v -2.299539 4.015843 -5.510662
v -2.284950 4.056497 -5.511793
v -2.273091 4.094596 -5.512800
v -2.274523 4.124280 -5.513556
v -2.284013 4.149663 -5.514195
v -2.307132 4.170033 -5.514766
v -2.332347 4.188897 -5.515265
v -2.366251 4.199141 -5.515569
v -2.390006 4.211867 -5.515807
v -2.422824 4.219559 -5.515996
v -2.455831 4.221634 -5.516140
v -2.488240 4.216576 -5.516239
v -2.524594 4.196302 -5.516250
v -2.553861 4.176137 -5.516243
v -2.583029 4.141399 -5.516166
v -2.601109 4.110051 -5.516059
v -2.609594 4.073296 -5.515955
v -2.612710 4.029125 -5.515880
v -2.610007 3.984561 -5.515807
v -2.450530 4.023529 -5.842905
v -2.434265 4.038792 -5.842778
v -2.473710 4.011656 -5.843020
v -2.430199 4.054715 -5.842623
v -2.434669 4.068784 -5.842422
v -2.444192 4.078319 -5.842186
v -2.461671 4.078827 -5.841910
v -2.482589 4.068606 -5.841589
v -2.500998 4.055597 -5.841343
v -2.510985 4.037072 -5.841321
v -2.509132 4.009062 -5.841301
v -2.505622 3.982638 -5.836975
v -2.481068 3.977735 -5.844226
v -2.437980 3.999224 -5.860154
v -2.398037 4.029041 -5.859715
v -2.369603 4.059441 -5.856875
v -2.353110 4.087149 -5.853647
v -2.348259 4.113540 -5.852314
v -2.349618 4.139283 -5.852381
v -2.354017 4.156241 -5.852772
v -2.365555 4.157918 -5.853117
v -2.391411 4.149160 -5.853963
v -2.455929 4.122219 -5.856637
v -2.509763 4.097137 -5.859020
v -2.541593 4.074400 -5.860638
v -2.560159 4.049658 -5.861929
v -2.567161 4.020100 -5.863200
v -2.563194 3.985796 -5.864583
v -2.553295 3.954699 -5.865879
v -2.534795 3.930098 -5.867029
v -2.479776 3.918243 -5.868058
v -2.435405 3.913178 -5.869020
v -2.396203 3.927489 -5.869938
v -2.367173 3.948116 -5.870811
v -2.336593 3.977164 -5.871633
v -2.315630 4.015850 -5.872475
v -2.298014 4.056510 -5.873293
v -2.283083 4.094602 -5.874022
v -2.283177 4.124277 -5.874557
v -2.291453 4.149661 -5.875000
v -2.314008 4.170037 -5.875377
v -2.338755 4.188894 -5.875702
v -2.371499 4.199138 -5.875970
v -2.392861 4.211866 -5.876216
v -2.425421 4.219559 -5.876441
v -2.457253 4.221634 -5.876647
v -2.489410 4.216576 -5.876757
v -2.525374 4.196304 -5.876704
v -2.554455 4.176139 -5.876634
v -2.583425 4.141399 -5.876530
v -2.601538 4.110054 -5.876433
v -2.609874 4.073299 -5.876341
v -2.613034 4.029126 -5.876247
v -2.610285 3.984560 -5.876153
v -2.605215 3.942429 -5.876073
v -2.592708 3.914000 -5.876035
v -2.578729 3.893286 -5.875957
v -2.555655 3.872338 -5.875809
v -2.520111 3.862931 -5.875763
v -2.432118 3.873431 -5.875811
v -1.947072 3.854275 -5.876066
v -1.392919 3.832865 -5.876687
v -0.698209 3.814132 -5.877326
v -0.679852 3.813637 -5.877344
v -2.473718 4.012005 -6.221682
v -2.450530 4.023825 -6.221951
v -2.507653 4.009166 -5.843058
v -2.507653 4.009358 -6.221602
v -2.507653 4.008731 -5.466002
v -2.434262 4.039203 -6.222344
v -2.430200 4.055184 -6.222898
v -2.434671 4.069122 -6.223615
v -2.444198 4.078703 -6.224503
v -2.461693 4.079172 -6.225818
v -2.482641 4.068897 -6.227849
v -2.501057 4.055826 -6.230382
v -2.511041 4.037163 -6.234140
v -2.509104 4.009099 -6.241629
v -2.505732 3.983223 -6.246439
v -2.482146 3.978665 -6.252316
v -2.439392 3.998203 -6.266239
v -2.398577 4.028471 -6.263026
v -2.369598 4.059448 -6.255105
v -2.352962 4.087681 -6.244226
v -2.348271 4.114098 -6.237134
v -2.349622 4.139663 -6.232718
v -2.354027 4.156611 -6.230569
v -2.365563 4.158130 -6.229797
v -2.391423 4.149324 -6.228992
v -2.455940 4.122330 -6.228719
v -2.509766 4.097135 -6.228839
v -2.541594 4.074399 -6.229311
v -2.560159 4.049658 -6.229784
v -2.567161 4.020099 -6.230305
v -2.563194 3.985796 -6.230913
v -2.553296 3.954701 -6.231503
v -2.534795 3.930100 -6.232050
v -2.479778 3.918243 -6.232555
v -2.435406 3.913178 -6.233036
v -2.396836 3.927489 -6.233500
v -2.362927 3.948117 -6.233943
v -2.333507 3.977163 -6.234365
v -2.314785 4.015856 -6.234807
v -2.299182 4.056521 -6.235237
v -2.285200 4.094605 -6.235613
v -2.285735 4.124244 -6.235883
v -2.294047 4.149660 -6.236097
v -2.316632 4.170038 -6.236259
v -2.341207 4.188890 -6.236378
v -2.373581 4.199137 -6.236538
v -2.394298 4.211867 -6.236713
v -2.426746 4.219560 -6.236907
v -2.458023 4.221634 -6.237119
v -2.490049 4.216577 -6.237222
v -2.525836 4.196306 -6.237135
v -2.554737 4.176141 -6.237041
v -2.583588 4.141398 -6.236954
v -2.601749 4.110058 -6.236895
v -2.610054 4.073304 -6.236833
v -2.613247 4.029127 -6.236743
v -2.610371 3.984557 -6.236656
v -2.605389 3.942426 -6.236596
v -2.592851 3.914000 -6.236620
v -2.578922 3.893289 -6.236629
v -2.555909 3.872344 -6.236557
v -2.520387 3.862932 -6.236491
v -2.432378 3.873431 -6.236457
v -1.947074 3.854275 -6.236566
v -1.392875 3.832861 -6.236959
v -0.698181 3.814130 -6.237269
v -0.679824 3.813635 -6.237278
v 0.943517 3.820761 -6.237573
v 1.239387 3.857812 -6.237573
v 1.281529 3.906161 -6.237620
v 1.305364 3.961684 -6.237689
v 1.312976 4.023130 -6.237761
v 1.310508 4.088189 -6.237832
v 1.308048 4.153023 -6.237891
v 1.288727 4.209738 -6.237862
v 1.260585 4.259963 -6.237790
v 1.218413 4.297261 -6.237709
v 1.161912 4.322031 -6.237720
v 1.097129 4.339411 -6.237794
v -2.473547 4.011965 -6.597373
v -2.450510 4.023796 -6.597373
v -2.507653 4.009166 -6.597373
v -2.434291 4.038980 -6.555517
v -2.430206 4.054994 -6.597373
v -2.434672 4.068942 -6.597373
v -2.444215 4.078507 -6.597373
v -2.461720 4.079033 -6.597373
v -2.482667 4.068767 -6.597373
v -2.501098 4.055711 -6.597373
v -2.511101 4.036756 -6.597373
v -2.509062 4.008522 -6.597373
v -2.505802 3.983193 -6.597373
v -2.483789 3.976523 -6.597372
v -2.441992 3.996976 -6.597373
v -2.399849 4.027469 -6.597373
v -2.369493 4.059519 -6.597373
v -2.352823 4.087623 -6.597373
v -2.348277 4.113823 -6.597373
v -2.349623 4.139428 -6.597373
v -2.353963 4.156323 -6.597373
v -2.365514 4.157908 -6.597373
v -2.393528 4.148250 -6.597373
v -2.455972 4.122065 -6.597373
v -2.509880 4.096939 -6.597373
v -2.541766 4.074226 -6.597373
v -2.560158 4.049586 -6.597373
v -2.567146 4.020086 -6.597373
v -2.563193 3.985646 -6.597373
v -2.553302 3.954646 -6.597373
v -2.534743 3.929804 -6.597373
v -2.479779 3.917950 -6.597373
v -2.435982 3.912871 -6.597373
v -2.398692 3.927145 -6.597373
v -2.367331 3.947716 -6.597373
v -2.337545 3.976697 -6.597373
v -2.316638 4.015467 -6.597372
v -2.299532 4.056152 -6.597372
v -2.285409 4.094320 -6.597373
v -2.285735 4.123969 -6.597373
v -2.294046 4.149363 -6.597373
v -2.316780 4.169795 -6.597373
v -2.341428 4.188672 -6.597373
v -2.373826 4.198973 -6.597373
v -2.394431 4.211769 -6.507164
v -2.426811 4.219559 -6.597373
v -2.458027 4.221634 -6.597372
v -2.490137 4.216596 -6.597373
v -2.525967 4.196306 -6.597373
v -2.555079 4.176093 -6.597373
v -2.583813 4.141299 -6.597373
v -2.601817 4.109957 -6.597373
v -2.610084 4.073465 -6.597373
v -2.613247 4.029127 -6.597373
v -2.610464 3.984553 -6.597373
v -2.605444 3.942302 -6.597373
v -2.592909 3.914044 -6.597373
v -2.579161 3.893429 -6.597373
v -2.556410 3.872557 -6.597373
v -2.520540 3.862763 -6.597373
v -2.433138 3.872998 -6.597373
v -1.947359 3.853786 -6.597373
v -1.391940 3.832793 -6.597373
v -0.689504 3.813529 -6.597373
v -0.670943 3.813020 -6.457872
v 0.943602 3.821165 -6.597373
v 1.239394 3.857818 -6.597373
v 1.281545 3.906199 -6.597373
v 1.305370 3.961699 -6.597373
v 1.312976 4.023123 -6.597373
v 1.310508 4.088193 -6.597373
v 1.308044 4.153111 -6.597373
v 1.288728 4.209736 -6.597373
v 1.260656 4.259901 -6.465967
v 1.218416 4.297258 -6.597373
v 1.161921 4.322028 -6.597373
v 1.097127 4.339411 -6.597373
v 1.032357 4.356788 -6.597373
v 0.958942 4.350858 -6.597373
v 0.885629 4.342961 -6.597373
v 0.828140 4.315934 -6.597373
v 0.772651 4.287793 -6.597373
v 0.732315 4.253634 -6.597373
v 0.704245 4.216469 -6.597373
v 0.694620 4.177481 -6.597373
v 0.699444 4.128699 -6.597373
v 0.712893 4.083272 -6.597373
v 0.734852 4.049018 -6.597373
v 0.760992 4.025090 -6.597373
v 0.801542 4.006492 -6.597373
v 0.857005 4.154727 -4.077349
v 0.858434 4.190088 -4.077311
v 0.858435 4.190091 -4.437572
v 0.857006 4.154717 -4.437605
v 0.857005 4.154799 -3.716858
v 0.858482 4.190180 -3.716858
v 0.860474 4.124485 -4.077381
v 0.860245 4.124835 -3.716858
v 0.860479 4.124479 -4.437632
v 0.876809 4.116123 -4.437634
v 0.876787 4.116127 -4.077392
v 0.877292 4.116042 -3.716858
v 0.920170 4.112711 -4.437634
v 0.920170 4.112710 -4.077394
v 0.920170 4.112744 -3.716857
v 0.895852 4.220533 -4.437526
v 0.921625 4.218978 -4.437492
v 0.921624 4.218978 -4.797715
v 0.895856 4.220535 -4.797730
v 0.895849 4.220531 -4.077260
v 0.921627 4.218976 -4.077232
v 0.873556 4.208318 -4.437551
v 0.873553 4.208315 -4.077284
v 0.873560 4.208320 -4.797750
v 0.858435 4.190091 -4.797771
v 0.857007 4.154706 -4.797807
v 0.860485 4.124472 -4.797831
v 0.876818 4.116120 -4.797834
v 0.920169 4.112711 -4.797833
v 0.962154 4.186924 -4.797653
v 0.971114 4.141249 -4.797593
v 0.962157 4.186912 -4.437393
v 0.971114 4.141243 -4.437311
v 0.945776 4.210440 -4.797690
v 0.945783 4.210433 -4.437451
v 0.971389 4.082279 -5.157815
v 0.971389 4.082278 -4.797523
v 0.971389 4.082279 -5.517902
v -2.473635 4.011943 -4.051219
v -2.507653 4.009356 -4.051370
v -2.507653 4.008906 -4.389891
v -2.473421 4.011993 -3.716858
v -2.507653 4.009164 -3.716858
v -2.399036 3.927201 -3.716858
v -2.364674 3.947861 -3.716858
v -2.338712 3.976769 -3.716858
v -2.319177 4.015481 -3.716858
v -2.300323 4.056075 -3.716858
v -2.285634 4.094355 -3.716858
v -2.285505 4.124030 -3.716858
v -2.294048 4.149389 -3.716858
v -2.316773 4.169785 -3.716858
v -2.341430 4.188698 -3.716858
v -2.373851 4.198985 -3.716858
v -2.394562 4.211769 -3.716858
v -2.426804 4.219557 -3.716858
v -2.458038 4.221632 -3.716858
v -2.490156 4.216588 -3.716858
v -2.525990 4.196294 -3.716858
v -2.555102 4.176082 -3.716858
v -2.583792 4.141322 -3.716858
v -2.601829 4.109938 -3.716858
v -2.610083 4.073443 -3.716858
v -2.613247 4.029121 -3.716858
v -2.610464 3.984567 -3.716858
v -2.605320 3.942316 -3.716858
v -2.592905 3.914041 -3.716858
v -2.579162 3.893429 -3.716858
v -2.556332 3.872523 -3.716858
v -2.520452 3.862746 -3.716858
v -2.433101 3.872998 -3.716858
v -1.947437 3.853786 -3.716858
v -1.392100 3.832804 -3.716858
v -0.698324 3.814140 -4.076325
v -0.679967 3.813645 -4.076330
v -0.689593 3.813535 -3.716858
v -0.671030 3.813026 -3.716858
v 0.943556 3.820783 -4.077628
v 1.239403 3.857827 -4.077775
v 1.239410 3.857835 -3.716858
v 0.943638 3.821184 -3.716858
v 1.281539 3.906185 -4.077858
v 1.281559 3.906233 -3.716858
v 1.305359 3.961672 -4.077981
v 1.305364 3.961685 -3.716858
v 1.312976 4.023096 -4.078085
v 1.312978 4.023080 -3.716858
v 1.310509 4.088152 -4.078174
v 1.310509 4.088150 -3.716857
v 1.308049 4.152988 -4.078241
v 1.308046 4.153069 -3.716858
v 1.288734 4.209720 -4.078176
v 1.288734 4.209722 -3.716858
v 1.260599 4.259951 -4.078076
v 1.260661 4.259895 -3.716857
v 1.218453 4.297225 -4.078018
v 1.218461 4.297217 -3.716858
v 1.161966 4.322014 -4.077960
v 1.161983 4.322011 -3.716858
v 1.097140 4.339407 -4.077901
v 1.097141 4.339406 -3.716857
v 1.032322 4.356795 -4.077842
v 1.032325 4.356795 -3.716858
v 0.958897 4.350852 -4.077754
v 0.958893 4.350852 -3.716858
v 0.886084 4.343009 -4.077658
v 0.885579 4.342955 -3.716858
v 0.828117 4.315920 -4.077559
v 0.828116 4.315919 -3.716858
v 0.772707 4.287819 -4.077463
v 0.772645 4.287787 -3.716858
v 0.732308 4.253624 -4.077392
v 0.732308 4.253623 -3.716858
v 0.704255 4.216499 -4.077341
v 0.704236 4.216437 -3.716858
v 0.694622 4.177353 -4.077271
v 0.694622 4.177441 -3.716858
v 0.699449 4.128622 -4.077191
v 0.699442 4.128710 -3.716857
v 0.712873 4.083198 -4.077147
v 0.712897 4.083263 -3.716858
v 0.734718 4.049067 -4.077164
v 0.734855 4.049014 -3.716857
v 0.760931 4.024947 -4.437528
v 0.760932 4.024942 -4.077186
v 0.761008 4.025072 -3.716857
v 0.802032 4.006137 -4.437506
v 0.802028 4.006136 -4.077205
v 0.801511 4.006589 -3.716858
v 0.863126 3.983973 -4.437472
v 0.863124 3.983973 -4.077206
v 0.862909 3.984309 -3.716857
v 0.937615 3.970266 -4.437404
v 0.937615 3.970266 -4.077167
v 0.937614 3.970493 -3.716858
v 1.011279 3.962668 -4.437325
v 1.011281 3.962668 -4.077116
v 1.011818 3.962705 -3.716858
v 1.058272 3.972260 -4.437263
v 1.058276 3.972263 -4.077082
v 1.058372 3.972366 -3.716858
v 1.092743 4.000548 -4.437201
v 1.092742 4.000546 -4.077034
v 1.092665 4.000447 -3.716857
v 1.126653 4.043512 -4.437115
v 1.126652 4.043509 -4.076948
v 1.126590 4.043430 -3.788591
v 1.151689 4.092572 -4.437012
v 1.151692 4.092578 -4.076817
v 1.151724 4.092668 -3.716858
v 1.158668 4.139002 -4.436936
v 1.158668 4.139009 -4.076715
v 1.158668 4.139010 -3.716857
v 1.159475 4.184656 -4.436893
v 1.159474 4.184656 -4.076654
v 1.159478 4.184886 -3.716857
v 1.139098 4.229163 -4.436916
v 1.139101 4.229155 -4.076703
v 1.139100 4.229156 -3.716857
v 1.110688 4.268366 -4.436955
v 1.110695 4.268360 -4.076766
v 1.110697 4.268355 -3.716857
v 1.074718 4.301666 -4.436995
v 1.074719 4.301664 -4.076820
v 1.074385 4.301972 -3.716858
v 1.038995 4.318737 -4.437014
v 1.038990 4.318736 -4.076845
v 1.039269 4.318746 -3.716858
v 0.995807 4.315780 -4.437024
v 0.995809 4.315778 -4.076849
v 0.996349 4.315897 -3.716858
v 0.934552 4.302373 -4.437027
v 0.934547 4.302372 -4.076838
v 0.933982 4.302248 -3.716858
v 0.891605 4.280294 -4.437016
v 0.891602 4.280293 -4.076825
v 0.891602 4.280293 -3.716858
v 0.850870 4.258567 -4.437003
v 0.850870 4.258565 -4.076808
v 0.850869 4.258565 -3.716858
v 0.810557 4.237222 -4.436991
v 0.810559 4.237221 -4.076796
v 0.810427 4.237152 -3.716858
v 0.794272 4.204761 -4.436985
v 0.794272 4.204762 -4.076790
v 0.794299 4.204877 -3.716858
v 0.795676 4.164128 -4.436978
v 0.795676 4.164124 -4.076777
v 0.795663 4.164331 -3.716858
v 0.811398 4.117778 -4.436963
v 0.811399 4.117774 -4.076755
v 0.811407 4.117936 -3.716857
v 0.833560 4.080622 -4.436978
v 0.833559 4.080621 -4.076775
v 0.833562 4.080785 -3.716858
v 0.860140 4.050664 -4.437027
v 0.860138 4.050665 -4.076837
v 0.860242 4.050695 -3.716858
v 0.890741 4.031895 -4.437078
v 0.890739 4.031893 -4.076890
v 0.890803 4.032025 -3.716858
v 0.922140 4.026236 -4.437127
v 0.922139 4.026236 -4.076934
v 0.922156 4.026383 -3.716857
v 0.948512 4.031983 -4.437163
v 0.948514 4.031983 -4.076970
v 0.948527 4.032068 -3.716858
v 0.968313 4.048496 -4.437199
v 0.968314 4.048501 -4.077000
v 0.968281 4.048238 -3.716858
v 0.971389 4.082279 -4.437238
v 0.971389 4.082277 -4.077033
v 0.971389 4.082222 -3.716858
v 0.971114 4.141234 -4.077085
v 0.971112 4.141604 -3.716857
v 0.962159 4.186902 -4.077149
v 0.962075 4.187236 -3.716858
v 0.945788 4.210427 -4.077199
v 0.945759 4.210453 -3.716858
v 0.921629 4.218976 -3.716858
v 0.895861 4.220538 -3.716858
v 0.873505 4.208290 -3.716858
v -2.507653 4.008522 -4.737325
v -2.507653 4.008521 -5.096279
v 0.922134 4.026235 -5.877820
v 0.948504 4.031978 -5.877789
v 0.968312 4.048485 -5.877766
v 0.971389 4.082276 -5.877748
v 0.833547 4.080631 -6.237689
v 0.860137 4.050668 -6.237675
v 0.890734 4.031897 -6.237646
v 0.922131 4.026235 -6.237610
v 0.948502 4.031976 -6.237579
v 0.968312 4.048480 -6.237548
v 0.971389 4.082277 -6.237513
v 0.971114 4.141270 -6.237474
v 0.962123 4.187048 -6.237482
v 0.945735 4.210474 -6.237500
v 0.794293 4.204833 -6.597373
v 0.795664 4.164311 -6.597373
v 0.811402 4.117952 -6.597373
v 0.833550 4.080801 -6.597373
v 0.860244 4.050694 -6.597373
v 0.890798 4.032029 -6.597373
v 0.922147 4.026323 -6.597373
v 0.948511 4.032057 -6.597373
v 0.968277 4.048202 -6.597373
v 0.971389 4.082226 -6.597373
v 0.971112 4.141645 -6.597373
v 0.962042 4.187368 -6.597373
v 0.945702 4.210501 -6.597373
v 0.921594 4.218983 -6.597373
v 0.895878 4.220548 -6.597373
v 0.873545 4.208312 -6.597373
v 0.624600 3.920989 -3.716858
v 0.624382 3.919702 -4.076464
v 0.646702 3.924421 -4.076480
v 0.646791 3.925789 -3.716858
v 0.624444 3.919708 -4.437224
v 0.646761 3.924428 -4.437241
v 0.624453 3.919709 -4.798233
v 0.646769 3.924429 -4.798239
v 0.624418 3.919704 -5.158604
v 0.646735 3.924424 -5.158605
v 0.624401 3.919702 -5.518309
v 0.646717 3.924422 -5.518309
v 0.624389 3.919700 -5.877840
v 0.646704 3.924420 -5.877841
v 0.624388 3.919699 -6.237566
v 0.646702 3.924419 -6.237568
v 0.624628 3.921054 -6.597373
v 0.646811 3.925859 -6.284400
v -0.841826 3.817711 -3.716858
v -0.848867 3.818199 -4.076312
v -0.848952 3.818206 -4.436533
v -0.848950 3.818205 -4.796986
v -0.848865 3.818199 -5.157296
v -0.848809 3.818195 -5.517275
v -0.848753 3.818191 -5.877189
v -0.848721 3.818189 -6.237204
v -0.841722 3.817703 -6.597373
v -0.663926 3.815980 -4.076324
v -0.655303 3.815354 -3.716858
v -0.664046 3.815989 -4.436654
v -0.664049 3.815989 -4.797223
v -0.663942 3.815982 -5.157590
v -0.663876 3.815977 -5.517526
v -0.663813 3.815972 -5.877354
v -0.663785 3.815970 -6.237284
v -0.655215 3.815347 -6.597373
v -0.863623 3.818309 -3.853058
v -0.870421 3.818781 -4.076310
v -0.870502 3.818786 -4.436521
v -0.870499 3.818786 -4.796957
v -0.870417 3.818780 -5.157259
v -0.870363 3.818776 -5.517247
v -0.870308 3.818772 -5.877169
v -0.870276 3.818770 -6.237194
v -0.863517 3.818301 -6.597373
v -0.884672 3.818886 -3.716858
v -0.891237 3.819342 -4.076306
v -0.891313 3.819347 -4.436507
v -0.891309 3.819347 -4.796929
v -0.891230 3.819341 -5.157227
v -0.891178 3.819338 -5.517218
v -0.891124 3.819334 -5.877149
v -0.891091 3.819331 -6.237185
v -0.884564 3.818878 -6.597373
v 0.656962 3.926585 -4.798242
v 0.674702 3.921897 -4.798251
v 0.674695 3.921897 -4.437296
v 0.656955 3.926584 -4.437248
v 0.656928 3.926580 -5.158605
v 0.674668 3.921893 -5.158589
v 0.656909 3.926578 -5.518309
v 0.674650 3.921890 -5.518297
v 0.674640 3.921892 -4.076553
v 0.656899 3.926577 -4.076488
v 0.656896 3.926576 -5.877842
v 0.674636 3.921887 -5.877841
v 0.656892 3.926575 -6.237572
v 0.674633 3.921886 -6.237576
v 0.665804 3.929972 -6.579811
v 0.680045 3.918475 -6.597373
v 0.674598 3.923281 -3.716858
v 0.656857 3.927966 -3.716858
v 0.769599 3.860778 -3.716858
v 0.716651 3.908612 -3.716858
v 0.716570 3.907538 -4.076786
v 0.769711 3.859918 -4.077178
v 0.716597 3.907546 -4.437472
v 0.769727 3.859914 -4.437773
v 0.716596 3.907546 -4.798275
v 0.769722 3.859910 -4.798319
v 0.716572 3.907539 -5.158532
v 0.769700 3.859905 -5.158432
v 0.716553 3.907533 -5.518248
v 0.769680 3.859898 -5.518164
v 0.716539 3.907529 -5.877837
v 0.769664 3.859891 -5.877827
v 0.716530 3.907527 -6.237588
v 0.769654 3.859885 -6.237610
v 0.718707 3.905744 -6.597373
v 0.771638 3.857889 -6.597373
v 0.806965 3.821735 -4.798348
v 0.779340 3.839421 -4.798333
v 0.779322 3.839411 -5.158403
v 0.806948 3.821727 -5.158370
v 0.806973 3.821740 -4.437954
v 0.779348 3.839424 -4.437858
v 0.779303 3.839401 -5.518138
v 0.806929 3.821717 -5.518108
v 0.806972 3.821741 -4.077415
v 0.779343 3.839420 -4.077291
v 0.779287 3.839393 -5.877822
v 0.806913 3.821709 -5.877816
v 0.779276 3.839387 -6.237617
v 0.806901 3.821703 -6.237617
v 0.779574 3.840058 -6.597373
v 0.807020 3.822097 -6.597373
v 0.806985 3.822138 -3.716858
v 0.779376 3.839849 -3.716858
v 0.279631 3.846770 -4.798132
v 0.163983 3.832873 -4.798079
v 0.163945 3.832878 -5.158566
v 0.279593 3.846773 -5.158598
v 0.047700 3.839640 -4.797979
v 0.047662 3.839645 -5.158470
v 0.279491 3.846780 -4.076187
v 0.282273 3.846943 -3.716858
v 0.279602 3.846772 -4.436994
v 0.279590 3.846773 -5.518311
v 0.279593 3.846774 -5.877800
v 0.279622 3.846773 -6.237506
v 0.282464 3.846949 -6.597373
v 0.163954 3.832877 -4.436930
v 0.047671 3.839644 -4.436891
v 0.163942 3.832878 -5.518287
v 0.047659 3.839645 -5.518216
v 0.163839 3.832890 -4.076126
v 0.047553 3.839660 -4.076129
v 0.163945 3.832878 -5.877779
v 0.047662 3.839645 -5.877736
v 0.163970 3.832876 -6.237485
v 0.047683 3.839643 -6.237463
v 0.166865 3.832568 -6.597373
v 0.050552 3.839001 -6.597373
v 0.166672 3.832585 -3.716858
v 0.050361 3.839027 -3.716858
v -0.333434 3.864102 -4.797582
v -0.115717 3.863833 -4.797812
v -0.115729 3.863835 -4.436852
v -0.333445 3.864103 -4.436786
v -0.333409 3.864095 -5.158026
v -0.115692 3.863830 -5.158288
v -0.333383 3.864090 -5.517878
v -0.115666 3.863826 -5.518082
v -0.115733 3.863835 -4.076180
v -0.333450 3.864097 -4.076241
v -0.333361 3.864085 -5.877548
v -0.115645 3.863823 -5.877661
v -0.333345 3.864082 -6.237370
v -0.115628 3.863821 -6.237424
v -0.333289 3.862987 -6.597373
v -0.115572 3.863220 -6.597373
v -0.115688 3.863235 -3.716858
v -0.333405 3.862999 -3.716858
vt 0.356026 -0.214437
vt 0.356160 -0.205952
vt 0.251537 -0.205403
vt 0.251409 -0.213890
vt 0.460740 -0.214978
vt 0.460866 -0.206502
vt 0.355967 -0.217474
vt 0.460690 -0.218019
vt 0.251350 -0.216928
vt 0.251276 -0.221404
vt 0.355892 -0.221949
vt 0.460625 -0.222496
vt 0.251202 -0.226175
vt 0.355818 -0.226723
vt 0.460558 -0.227272
vt 0.251147 -0.230306
vt 0.355764 -0.230855
vt 0.460503 -0.231405
vt 0.251113 -0.233113
vt 0.355732 -0.233661
vt 0.460464 -0.234210
vt 0.251031 -0.239678
vt 0.355651 -0.240226
vt 0.460376 -0.240773
vt 0.250959 -0.245283
vt 0.355579 -0.245829
vt 0.460300 -0.246376
vt 0.250919 -0.248307
vt 0.355538 -0.248855
vt 0.460260 -0.249403
vt 0.250814 -0.256346
vt 0.355433 -0.256892
vt 0.460156 -0.257440
vt 0.146720 -0.220858
vt 0.146654 -0.225628
vt 0.146600 -0.229758
vt 0.146561 -0.232565
vt 0.146476 -0.239130
vt 0.146407 -0.244736
vt 0.146369 -0.247757
vt 0.146267 -0.255800
vt 0.041930 -0.232004
vt 0.041846 -0.238572
vt 0.041775 -0.244139
vt 0.041734 -0.247305
vt 0.041631 -0.255253
vt 0.812575 1.191776
vt 0.811883 1.198086
vt 0.725495 1.197373
vt 0.724104 1.192123
vt 0.897178 1.191729
vt 0.897178 1.198634
vt 0.810108 1.187115
vt 0.897164 1.186900
vt 0.718624 1.186985
vt 0.713535 1.181443
vt 0.807465 1.180654
vt 0.897107 1.180169
vt 0.709231 1.176208
vt 0.805009 1.175568
vt 0.897065 1.175143
vt 0.706575 1.172747
vt 0.803444 1.172318
vt 0.897040 1.171993
vt 0.705341 1.170558
vt 0.802705 1.170260
vt 0.897025 1.169980
vt 0.703396 1.165775
vt 0.801529 1.165477
vt 0.896985 1.164791
vt 0.699647 1.153822
vt 0.799255 1.153518
vt 0.896898 1.153214
vt 0.696749 1.143839
vt 0.797487 1.143530
vt 0.859961 1.143317
vt 0.695315 1.137939
vt 0.796625 1.137627
vt 0.896777 1.137287
vt 0.796042 1.134187
vt 0.896751 1.133870
vt 0.694327 1.134500
vt 0.795532 1.128710
vt 0.896710 1.128397
vt 0.693468 1.129007
vt 0.795027 1.122352
vt 0.896662 1.122039
vt 0.692616 1.122667
vt 0.794575 1.116588
vt 0.896618 1.116270
vt 0.691856 1.116903
vt 0.794191 1.113157
vt 0.896592 1.112833
vt 0.691225 1.113473
vt 0.793816 1.102958
vt 0.896515 1.102643
vt 0.690643 1.103275
vt 0.793489 1.094732
vt 0.896454 1.094522
vt 0.690130 1.095050
vt 0.589021 1.122986
vt 0.588142 1.117216
vt 0.587411 1.113792
vt 0.586742 1.103594
vt 0.586147 1.095370
vt 0.585595 1.085013
vt 0.689657 1.084693
vt 0.793194 1.085834
vt 0.585105 1.077586
vt 0.689249 1.077953
vt 0.792938 1.079118
vt 0.584673 1.071710
vt 0.688891 1.072161
vt 0.792723 1.074207
vt 0.584266 1.067557
vt 0.688559 1.067658
vt 0.792515 1.068601
vt 0.583871 1.061603
vt 0.688242 1.061605
vt 0.792304 1.060175
vt 0.583512 1.053746
vt 0.687952 1.053428
vt 0.792128 1.053111
vt 0.583247 1.048240
vt 0.687745 1.047921
vt 0.791999 1.047604
vt 0.583044 1.044650
vt 0.687587 1.043788
vt 0.791887 1.042211
vt 0.582843 1.041398
vt 0.687432 1.040002
vt 0.791769 1.037192
vt 0.582641 1.036577
vt 0.687278 1.035151
vt 0.791666 1.032458
vt 0.582437 1.029727
vt 0.687091 1.028413
vt 0.791526 1.026179
vt 0.582266 1.024426
vt 0.686927 1.023384
vt 0.791409 1.021913
vt 0.582105 1.018267
vt 0.686759 1.017268
vt 0.791265 1.015873
vt 0.581959 1.011688
vt 0.686596 1.010864
vt 0.791119 1.009862
vt 0.581832 1.005623
vt 0.686456 1.004838
vt 0.790991 1.003900
vt 0.581711 0.998777
vt 0.686333 0.998042
vt 0.790885 0.997219
vt 0.581610 0.993314
vt 0.686230 0.992608
vt 0.790795 0.991820
vt 0.581502 0.987868
vt 0.686112 0.987184
vt 0.790697 0.987325
vt 0.581428 0.983965
vt 0.686023 0.983357
vt 0.790600 0.982736
vt 0.581328 0.976632
vt 0.685906 0.976087
vt 0.790484 0.975543
vt 0.581228 0.968444
vt 0.685798 0.967900
vt 0.790376 0.967355
vt 0.581129 0.960183
vt 0.685692 0.959639
vt 0.790270 0.959095
vt 0.685596 0.951829
vt 0.790173 0.951284
vt 0.581036 0.952373
vt 0.685542 0.946548
vt 0.790117 0.946040
vt 0.580976 0.947075
vt 0.685531 0.943929
vt 0.790100 0.943466
vt 0.580955 0.944429
vt 0.685521 0.939627
vt 0.790086 0.939204
vt 0.580922 0.940113
vt 0.685525 0.933048
vt 0.790093 0.932594
vt 0.580894 0.933527
vt 0.685395 0.916742
vt 0.789970 0.916283
vt 0.580737 0.917221
vt 0.684238 0.776410
vt 0.788825 0.775910
vt 0.579561 0.776865
vt 0.787384 0.689087
vt 0.682726 0.689539
vt 0.578013 0.689994
vt 0.477628 1.029710
vt 0.477481 1.024785
vt 0.477819 1.036292
vt 0.477337 1.018651
vt 0.477209 1.012224
vt 0.477094 1.006173
vt 0.476980 0.999360
vt 0.476888 0.993905
vt 0.476806 0.988464
vt 0.476763 0.984546
vt 0.476687 0.977178
vt 0.476598 0.968989
vt 0.476508 0.960728
vt 0.476420 0.952918
vt 0.476357 0.947621
vt 0.476335 0.944979
vt 0.476304 0.940656
vt 0.476252 0.934072
vt 0.476062 0.917765
vt 0.474857 0.777295
vt 0.473294 0.690452
vt 0.576110 0.581192
vt 0.576060 0.578317
vt 0.471271 0.578759
vt 0.471323 0.581634
vt 0.680951 0.580733
vt 0.680904 0.577857
vt 0.571845 0.289518
vt 0.467188 0.290073
vt 0.466487 0.235223
vt 0.571121 0.234670
vt 0.675843 0.234116
vt 0.676599 0.288964
vt 0.466386 0.227411
vt 0.571005 0.226858
vt 0.675709 0.226305
vt 0.466247 0.217121
vt 0.570849 0.216569
vt 0.675533 0.216018
vt 0.466070 0.205732
vt 0.570674 0.205181
vt 0.675352 0.204630
vt 0.465870 0.193671
vt 0.570487 0.193120
vt 0.675170 0.192569
vt 0.465666 0.181652
vt 0.570300 0.181101
vt 0.674992 0.180549
vt 0.465451 0.171136
vt 0.570122 0.170585
vt 0.674859 0.170033
vt 0.465241 0.161824
vt 0.569952 0.161273
vt 0.674746 0.160720
vt 0.465049 0.154009
vt 0.569797 0.153458
vt 0.674643 0.152905
vt 0.464872 0.143535
vt 0.569633 0.142984
vt 0.674508 0.142432
vt 0.464710 0.131522
vt 0.569467 0.130969
vt 0.674354 0.130416
vt 0.464557 0.119509
vt 0.569312 0.118954
vt 0.674207 0.118400
vt 0.464438 0.105898
vt 0.569201 0.105343
vt 0.674080 0.104788
vt 0.464332 0.092399
vt 0.569106 0.091844
vt 0.673964 0.091289
vt 0.464235 0.081650
vt 0.569025 0.081096
vt 0.673875 0.080542
vt 0.568945 0.070821
vt 0.673790 0.070268
vt 0.464138 0.071375
vt 0.568888 0.063332
vt 0.673728 0.062778
vt 0.464074 0.063885
vt 0.568852 0.058131
vt 0.673685 0.057578
vt 0.464040 0.058685
vt 0.568789 0.050876
vt 0.673616 0.050322
vt 0.463982 0.051430
vt 0.568707 0.041838
vt 0.673526 0.041285
vt 0.463908 0.042391
vt 0.568631 0.033417
vt 0.673437 0.032865
vt 0.463843 0.033969
vt 0.568603 0.029368
vt 0.673393 0.028816
vt 0.463827 0.029921
vt 0.371653 0.948177
vt 0.371645 0.945556
vt 0.371708 0.953462
vt 0.371636 0.941259
vt 0.371569 0.934683
vt 0.371350 0.918369
vt 0.370120 0.777733
vt 0.368577 0.690907
vt 0.366607 0.579206
vt 0.366658 0.582082
vt 0.362582 0.290627
vt 0.361879 0.235776
vt 0.361772 0.227964
vt 0.361627 0.217673
vt 0.361446 0.206283
vt 0.361239 0.194222
vt 0.361031 0.182203
vt 0.360831 0.171687
vt 0.360643 0.162375
vt 0.360476 0.154558
vt 0.360307 0.144085
vt 0.360140 0.132073
vt 0.359978 0.120062
vt 0.359817 0.106452
vt 0.359663 0.092953
vt 0.359543 0.082203
vt 0.359427 0.071927
vt 0.359353 0.064438
vt 0.359314 0.059238
vt 0.359250 0.051983
vt 0.359167 0.042943
vt 0.359097 0.034522
vt 0.359082 0.030474
vt 0.359047 0.025615
vt 0.463794 0.025062
vt 0.568561 0.024509
vt 0.358974 0.017992
vt 0.463724 0.017440
vt 0.568484 0.016889
vt 0.358860 0.006667
vt 0.463613 0.006115
vt 0.568362 0.005563
vt 0.358716 -0.007141
vt 0.463467 -0.007694
vt 0.568211 -0.008247
vt 0.358573 -0.020797
vt 0.463321 -0.021350
vt 0.568062 -0.021903
vt 0.358479 -0.029508
vt 0.463228 -0.030062
vt 0.567969 -0.030615
vt 0.358404 -0.035901
vt 0.463156 -0.036454
vt 0.567902 -0.037006
vt 0.358322 -0.042192
vt 0.463076 -0.042743
vt 0.567833 -0.043294
vt 0.358193 -0.051284
vt 0.462948 -0.051836
vt 0.567722 -0.052388
vt 0.358075 -0.059890
vt 0.462829 -0.060442
vt 0.567615 -0.060996
vt 0.357962 -0.068355
vt 0.462716 -0.068908
vt 0.567508 -0.069460
vt 0.357855 -0.076610
vt 0.462610 -0.077161
vt 0.567399 -0.077713
vt 0.357789 -0.081878
vt 0.462541 -0.082429
vt 0.567328 -0.082981
vt 0.357705 -0.088543
vt 0.462454 -0.089096
vt 0.567236 -0.089648
vt 0.357626 -0.095165
vt 0.462369 -0.095717
vt 0.567147 -0.096270
vt 0.357528 -0.103173
vt 0.462267 -0.103725
vt 0.567041 -0.104277
vt 0.357389 -0.114528
vt 0.462124 -0.115080
vt 0.566893 -0.115632
vt 0.357283 -0.122490
vt 0.462021 -0.123043
vt 0.566791 -0.123595
vt 0.357181 -0.130043
vt 0.461922 -0.130595
vt 0.566695 -0.131147
vt 0.357079 -0.137518
vt 0.461823 -0.138070
vt 0.566600 -0.138621
vt 0.356992 -0.143539
vt 0.461739 -0.144090
vt 0.566521 -0.144641
vt 0.356881 -0.151070
vt 0.461633 -0.151621
vt 0.566423 -0.152173
vt 0.461518 -0.160210
vt 0.566314 -0.160763
vt 0.356762 -0.159658
vt 0.461464 -0.164317
vt 0.566259 -0.164870
vt 0.356709 -0.163764
vt 0.461401 -0.169246
vt 0.566188 -0.169798
vt 0.356653 -0.168693
vt 0.461325 -0.174919
vt 0.566104 -0.175471
vt 0.356587 -0.174366
vt 0.461245 -0.180739
vt 0.566018 -0.181292
vt 0.356517 -0.180187
vt 0.461176 -0.185628
vt 0.565944 -0.186181
vt 0.356456 -0.185076
vt 0.461121 -0.189302
vt 0.565887 -0.189855
vt 0.356407 -0.188751
vt 0.257978 0.291181
vt 0.257263 0.236329
vt 0.257143 0.228517
vt 0.256986 0.218224
vt 0.256805 0.206834
vt 0.256609 0.194773
vt 0.256416 0.182754
vt 0.256261 0.172238
vt 0.256131 0.162926
vt 0.256021 0.155108
vt 0.255869 0.144635
vt 0.255691 0.132624
vt 0.255512 0.120614
vt 0.255301 0.107005
vt 0.255096 0.093506
vt 0.254963 0.082755
vt 0.254846 0.072479
vt 0.254764 0.064990
vt 0.254712 0.059790
vt 0.254629 0.052535
vt 0.254523 0.043494
vt 0.254431 0.035075
vt 0.254403 0.031026
vt 0.254357 0.026167
vt 0.254273 0.018544
vt 0.254149 0.007220
vt 0.254005 -0.006588
vt 0.253863 -0.020244
vt 0.253767 -0.028955
vt 0.253693 -0.035350
vt 0.253617 -0.041641
vt 0.253500 -0.050733
vt 0.253389 -0.059337
vt 0.253280 -0.067803
vt 0.253170 -0.076059
vt 0.253101 -0.081328
vt 0.253020 -0.087979
vt 0.252942 -0.094612
vt 0.252848 -0.102621
vt 0.252708 -0.113976
vt 0.252603 -0.121939
vt 0.252501 -0.129492
vt 0.252399 -0.136966
vt 0.252314 -0.142988
vt 0.252206 -0.150521
vt 0.252087 -0.159106
vt 0.252035 -0.163212
vt 0.251981 -0.168141
vt 0.251920 -0.173814
vt 0.150817 0.107556
vt 0.150589 0.094058
vt 0.151048 0.121165
vt 0.150455 0.083307
vt 0.150341 0.073031
vt 0.150257 0.065542
vt 0.150195 0.060342
vt 0.150099 0.053086
vt 0.149978 0.044044
vt 0.149870 0.035627
vt 0.149824 0.031577
vt 0.149765 0.026718
vt 0.149669 0.019094
vt 0.149537 0.007771
vt 0.149385 -0.006036
vt 0.149236 -0.019691
vt 0.149136 -0.028402
vt 0.149060 -0.034798
vt 0.148987 -0.041090
vt 0.148878 -0.050181
vt 0.148774 -0.058785
vt 0.148669 -0.067251
vt 0.148553 -0.075508
vt 0.148479 -0.080777
vt 0.148393 -0.087427
vt 0.148314 -0.094059
vt 0.148218 -0.102070
vt 0.148082 -0.113425
vt 0.147979 -0.121388
vt 0.147880 -0.128940
vt 0.147781 -0.136415
vt 0.147699 -0.142437
vt 0.147594 -0.149970
vt 0.147478 -0.158555
vt 0.044865 -0.005485
vt 0.044687 -0.019240
vt 0.045045 0.008363
vt 0.044575 -0.027867
vt 0.044492 -0.034233
vt 0.044411 -0.040526
vt 0.044292 -0.049645
vt 0.044181 -0.058233
vt 0.044071 -0.066742
vt 0.043964 -0.074959
vt 0.043896 -0.080227
vt 0.043809 -0.086937
vt 0.043724 -0.093453
vt 0.043621 -0.101420
vt 0.043471 -0.112978
vt 0.043370 -0.120837
vt 0.043272 -0.128389
vt 0.043175 -0.135883
vt 0.800253 1.247136
vt 0.702113 1.247255
vt 0.702491 1.244318
vt 0.800439 1.244118
vt 0.800103 1.250218
vt 0.701816 1.250262
vt 0.897207 1.247100
vt 0.897211 1.250172
vt 0.897203 1.244064
vt 0.702958 1.241719
vt 0.800665 1.241601
vt 0.897200 1.241557
vt 0.703493 1.239953
vt 0.800917 1.239915
vt 0.897199 1.239875
vt 0.704188 1.236729
vt 0.801222 1.236694
vt 0.897195 1.236656
vt 0.705146 1.232889
vt 0.801607 1.232862
vt 0.897192 1.232831
vt 0.706236 1.229482
vt 0.802000 1.229530
vt 0.897188 1.229506
vt 0.707650 1.226096
vt 0.802390 1.226298
vt 0.897186 1.226336
vt 0.710369 1.221229
vt 0.802902 1.221693
vt 0.897182 1.221846
vt 0.714404 1.216336
vt 0.803259 1.216806
vt 0.897179 1.217798
vt 0.722277 1.213518
vt 0.804256 1.214597
vt 0.897177 1.214839
vt 0.723781 1.205194
vt 0.810598 1.206185
vt 0.897178 1.207234
vt 0.601228 1.247364
vt 0.601691 1.244510
vt 0.600860 1.250305
vt 0.602254 1.241827
vt 0.602893 1.239991
vt 0.603701 1.236763
vt 0.604778 1.232914
vt 0.605940 1.229441
vt 0.607234 1.225978
vt 0.609278 1.220817
vt 0.611556 1.215761
vt 0.613700 1.211348
vt 0.618114 1.203250
vt 0.620361 1.196277
vt 0.619170 1.191867
vt 0.614895 1.187168
vt 0.610658 1.181812
vt 0.606625 1.176626
vt 0.604063 1.173117
vt 0.602827 1.170870
vt 0.600824 1.166086
vt 0.596799 1.154135
vt 0.593686 1.144155
vt 0.592097 1.138256
vt 0.590986 1.134812
vt 0.590006 1.129326
vt 0.496439 1.250350
vt 0.496772 1.247418
vt 0.600569 1.254598
vt 0.496176 1.254645
vt 0.701584 1.254552
vt 0.497187 1.244563
vt 0.497692 1.241877
vt 0.498263 1.240030
vt 0.498987 1.236798
vt 0.499966 1.232938
vt 0.501055 1.229457
vt 0.502431 1.225951
vt 0.505174 1.220651
vt 0.507141 1.215605
vt 0.509896 1.211083
vt 0.507965 1.203142
vt 0.506797 1.196006
vt 0.506004 1.191516
vt 0.503294 1.186891
vt 0.500659 1.181777
vt 0.498147 1.176777
vt 0.496473 1.173402
vt 0.495614 1.171197
vt 0.494131 1.166409
vt 0.490890 1.154457
vt 0.488341 1.144478
vt 0.486971 1.138580
vt 0.485993 1.135142
vt 0.485109 1.129649
vt 0.484202 1.123308
vt 0.483386 1.117538
vt 0.482701 1.114114
vt 0.482062 1.103916
vt 0.481489 1.095691
vt 0.480946 1.085335
vt 0.480459 1.077847
vt 0.480038 1.073907
vt 0.479605 1.068166
vt 0.479183 1.061127
vt 0.478803 1.054063
vt 0.478516 1.048559
vt 0.478283 1.044583
vt 0.478048 1.041112
vt 0.388812 1.250396
vt 0.389041 1.247421
vt 0.388634 1.254692
vt 0.389330 1.244509
vt 0.389690 1.241874
vt 0.390105 1.240071
vt 0.390645 1.236834
vt 0.391383 1.232964
vt 0.392208 1.229519
vt 0.393243 1.226041
vt 0.395095 1.220790
vt 0.396553 1.215844
vt 0.397655 1.211316
vt 0.395106 1.203255
vt 0.393860 1.195995
vt 0.393651 1.191401
vt 0.391541 1.187266
vt 0.389555 1.181781
vt 0.387882 1.176904
vt 0.386799 1.173672
vt 0.386255 1.171529
vt 0.385304 1.166739
vt 0.383177 1.154784
vt 0.381478 1.144806
vt 0.380514 1.138907
vt 0.379806 1.135468
vt 0.379139 1.129975
vt 0.378439 1.123634
vt 0.377800 1.117868
vt 0.377258 1.114438
vt 0.376733 1.104240
vt 0.376257 1.096015
vt 0.375793 1.085658
vt 0.375389 1.080120
vt 0.375018 1.075448
vt 0.374630 1.068980
vt 0.374245 1.061443
vt 0.373899 1.054381
vt 0.373637 1.048878
vt 0.373418 1.044309
vt 0.373192 1.040160
vt 0.372978 1.035486
vt 0.372799 1.029201
vt 0.372666 1.024798
vt 0.372523 1.018714
vt 0.372392 1.012595
vt 0.372277 1.006587
vt 0.372176 0.999847
vt 0.372099 0.994421
vt 0.372050 0.989682
vt 0.372019 0.985100
vt 0.371956 0.977723
vt 0.371874 0.969534
vt 0.371789 0.961273
vt 0.278972 1.250443
vt 0.279006 1.247404
vt 0.278943 1.254740
vt 0.279047 1.244428
vt 0.279103 1.241849
vt 0.279169 1.240114
vt 0.279246 1.236873
vt 0.279335 1.232995
vt 0.279403 1.229604
vt 0.279408 1.226193
vt 0.279409 1.221000
vt 0.280664 1.216055
vt 0.278554 1.211457
vt 0.273923 1.203468
vt 0.274051 1.196063
vt 0.274876 1.190791
vt 0.275802 1.187241
vt 0.276137 1.181855
vt 0.276078 1.177082
vt 0.275939 1.173971
vt 0.275823 1.171866
vt 0.275541 1.167073
vt 0.274672 1.155114
vt 0.273904 1.145136
vt 0.273389 1.139236
vt 0.272987 1.135797
vt 0.272577 1.130319
vt 0.272126 1.123961
vt 0.271706 1.118195
vt 0.271346 1.114764
vt 0.270969 1.104565
vt 0.270627 1.096339
vt 0.270305 1.089072
vt 0.270011 1.083691
vt 0.269723 1.077246
vt 0.269418 1.069298
vt 0.269124 1.061761
vt 0.268859 1.054700
vt 0.268662 1.049198
vt 0.268491 1.044088
vt 0.268315 1.039503
vt 0.268153 1.034916
vt 0.267987 1.028846
vt 0.267858 1.024886
vt 0.267705 1.018850
vt 0.267560 1.012949
vt 0.267442 1.006988
vt 0.267361 1.000320
vt 0.267303 0.994929
vt 0.267262 0.990227
vt 0.267228 0.985642
vt 0.267162 0.978270
vt 0.267084 0.970080
vt 0.267006 0.961818
vt 0.266929 0.954007
vt 0.266873 0.948743
vt 0.266863 0.946159
vt 0.266851 0.941880
vt 0.266780 0.935291
vt 0.266559 0.918978
vt 0.265339 0.778174
vt 0.263849 0.691362
vt 0.261973 0.579654
vt 0.262021 0.582530
vt 0.168831 1.254789
vt 0.168748 1.250490
vt 0.278939 1.261033
vt 0.168860 1.261080
vt 0.388583 1.260986
vt 0.168630 1.247417
vt 0.168465 1.244398
vt 0.168254 1.241869
vt 0.167994 1.240157
vt 0.167608 1.236914
vt 0.167014 1.233030
vt 0.166274 1.229661
vt 0.165178 1.226246
vt 0.162997 1.221044
vt 0.161594 1.216138
vt 0.159885 1.211657
vt 0.155836 1.203730
vt 0.156771 1.196163
vt 0.159074 1.190791
vt 0.162225 1.187367
vt 0.164235 1.182124
vt 0.165480 1.177380
vt 0.166079 1.174288
vt 0.166288 1.172201
vt 0.166486 1.167406
vt 0.166476 1.155445
vt 0.166364 1.145466
vt 0.166182 1.139565
vt 0.166019 1.136126
vt 0.165827 1.130647
vt 0.165602 1.124288
vt 0.165386 1.118521
vt 0.165201 1.115090
vt 0.164977 1.104891
vt 0.164776 1.096665
vt 0.164587 1.089515
vt 0.164409 1.083229
vt 0.164242 1.077283
vt 0.164056 1.069618
vt 0.163875 1.062079
vt 0.163712 1.055019
vt 0.163593 1.049524
vt 0.163486 1.044317
vt 0.163370 1.039635
vt 0.163270 1.035079
vt 0.163135 1.029077
vt 0.163029 1.025237
vt 0.162885 1.019222
vt 0.162740 1.013424
vt 0.162624 1.007487
vt 0.162552 1.000852
vt 0.162503 0.995494
vt 0.162457 0.990793
vt 0.162413 0.986204
vt 0.162337 0.978817
vt 0.162258 0.970626
vt 0.162178 0.962363
vt 0.162095 0.954553
vt 0.162021 0.949301
vt 0.161986 0.946738
vt 0.161952 0.942471
vt 0.161888 0.935885
vt 0.161689 0.919569
vt 0.160511 0.778634
vt 0.159087 0.691814
vt 0.157310 0.580108
vt 0.157355 0.582983
vt 0.153355 0.291733
vt 0.152642 0.236882
vt 0.152527 0.229070
vt 0.152373 0.218776
vt 0.152204 0.207385
vt 0.152027 0.195323
vt 0.151854 0.183304
vt 0.151726 0.172789
vt 0.151626 0.163478
vt 0.151548 0.155659
vt 0.151409 0.145185
vt 0.151231 0.133175
vt 0.059583 1.254803
vt 0.059578 1.250533
vt 0.059589 1.261127
vt 0.071747 1.247487
vt 0.059571 1.244490
vt 0.059568 1.241936
vt 0.059566 1.240197
vt 0.059563 1.236952
vt 0.059559 1.233069
vt 0.059556 1.229685
vt 0.059553 1.226204
vt 0.059549 1.220969
vt 0.059545 1.216158
vt 0.059545 1.211962
vt 0.059545 1.204212
vt 0.059545 1.196399
vt 0.059545 1.190771
vt 0.059533 1.187531
vt 0.059482 1.182523
vt 0.059443 1.177776
vt 0.059417 1.174662
vt 0.059401 1.172539
vt 0.059362 1.167345
vt 0.059275 1.155769
vt 0.059199 1.145774
vt 0.059154 1.139863
vt 0.059128 1.136447
vt 0.059087 1.130972
vt 0.059039 1.124587
vt 0.058996 1.118844
vt 0.058969 1.115407
vt 0.058892 1.105217
vt 0.058831 1.097097
vt 0.058779 1.090184
vt 0.058735 1.084370
vt 0.058687 1.078023
vt 0.058626 1.070011
vt 0.058570 1.062468
vt 0.058517 1.055392
vt 0.058476 1.049895
vt 0.058433 1.044814
vt 0.058365 1.040226
vt 0.058298 1.035656
vt 0.058212 1.029650
vt 0.084387 1.025676
vt 0.058069 1.019827
vt 0.057985 1.014040
vt 0.057899 1.008088
vt 0.057802 1.001445
vt 0.057724 0.996048
vt 0.057654 0.991344
vt 0.057585 0.986158
vt 0.057499 0.979392
vt 0.057393 0.971172
vt 0.057288 0.962909
vt 0.057187 0.955076
vt 0.057120 0.949856
vt 0.057088 0.947325
vt 0.057034 0.943108
vt 0.056950 0.936458
vt 0.056743 0.920254
vt 0.055595 0.779138
vt 0.054283 0.692126
vt 0.093143 0.578997
vt 0.052623 0.582083
vt 0.048731 0.292270
vt 0.048018 0.237433
vt 0.047917 0.229617
vt 0.047784 0.219325
vt 0.047636 0.207938
vt 0.047478 0.195874
vt 0.047323 0.183839
vt 0.047186 0.173341
vt 0.085276 0.163840
vt 0.046964 0.156212
vt 0.046828 0.145738
vt 0.046672 0.133726
vt 0.046516 0.121718
vt 0.046340 0.108108
vt 0.046163 0.094516
vt 0.046024 0.083858
vt 0.045891 0.073571
vt 0.045794 0.066093
vt 0.045726 0.060886
vt 0.045633 0.053654
vt 0.045516 0.044611
vt 0.045406 0.036181
vt 0.045353 0.032103
vt 0.045290 0.027257
vt 0.045192 0.019739
vt 0.774626 -0.242411
vt 0.774722 -0.235855
vt 0.669963 -0.235307
vt 0.669869 -0.241865
vt 0.879451 -0.242946
vt 0.879535 -0.236390
vt 0.774545 -0.248016
vt 0.879379 -0.248510
vt 0.669790 -0.247470
vt 0.669750 -0.250495
vt 0.774503 -0.251039
vt 0.879338 -0.251680
vt 0.669647 -0.258534
vt 0.774399 -0.259081
vt 0.879236 -0.259629
vt 0.670066 -0.228370
vt 0.670137 -0.223591
vt 0.565391 -0.223043
vt 0.565325 -0.227821
vt 0.774825 -0.228918
vt 0.774895 -0.224139
vt 0.670006 -0.232503
vt 0.774765 -0.233052
vt 0.565266 -0.231954
vt 0.565223 -0.234759
vt 0.565129 -0.241319
vt 0.565050 -0.246923
vt 0.565009 -0.249950
vt 0.564906 -0.257987
vt 0.565506 -0.215525
vt 0.565633 -0.207053
vt 0.670263 -0.216074
vt 0.670397 -0.207604
vt 0.565456 -0.218566
vt 0.670207 -0.219113
vt 0.461028 -0.195569
vt 0.565795 -0.196121
vt 0.356321 -0.195018
vt 0.799986 1.254504
vt 0.799949 1.260810
vt 0.701509 1.260853
vt 0.897215 1.254423
vt 0.897222 1.260769
vt 0.896402 1.087673
vt 0.896354 1.081302
vt 0.896310 1.075562
vt 0.896249 1.067459
vt 0.896193 1.059933
vt 0.896140 1.052836
vt 0.896099 1.047334
vt 0.896043 1.041069
vt 0.895962 1.035293
vt 0.895896 1.030721
vt 0.895808 1.024711
vt 0.895753 1.020871
vt 0.895666 1.014894
vt 0.895582 1.009103
vt 0.895496 1.003150
vt 0.895400 0.996506
vt 0.895321 0.991109
vt 0.895255 0.986701
vt 0.895190 0.981793
vt 0.895103 0.975027
vt 0.894998 0.966810
vt 0.894892 0.958550
vt 0.894792 0.950717
vt 0.894725 0.945505
vt 0.894693 0.942986
vt 0.894639 0.938754
vt 0.894554 0.932102
vt 0.894348 0.915908
vt 0.893201 0.775483
vt 0.891888 0.688484
vt 0.785722 0.580255
vt 0.785678 0.577379
vt 0.890228 0.578430
vt 0.890184 0.575522
vt 0.781430 0.288409
vt 0.780674 0.233562
vt 0.885622 0.233007
vt 0.886335 0.287840
vt 0.780548 0.225751
vt 0.885521 0.225191
vt 0.780379 0.215465
vt 0.885387 0.214908
vt 0.780201 0.204077
vt 0.885239 0.203526
vt 0.780019 0.192017
vt 0.885083 0.191463
vt 0.779843 0.179997
vt 0.884927 0.179427
vt 0.779725 0.169479
vt 0.884790 0.168924
vt 0.779633 0.160167
vt 0.884670 0.159623
vt 0.779550 0.152353
vt 0.884568 0.151800
vt 0.779430 0.141881
vt 0.884432 0.141330
vt 0.779291 0.129862
vt 0.884276 0.129308
vt 0.779153 0.117845
vt 0.884120 0.117292
vt 0.779001 0.104233
vt 0.883943 0.103678
vt 0.778854 0.090734
vt 0.883767 0.090087
vt 0.778743 0.079987
vt 0.883628 0.079434
vt 0.778638 0.069715
vt 0.883495 0.069150
vt 0.778561 0.062225
vt 0.883398 0.061672
vt 0.778509 0.057025
vt 0.883330 0.056464
vt 0.778435 0.049767
vt 0.883237 0.049231
vt 0.778340 0.040733
vt 0.883119 0.040197
vt 0.778244 0.032312
vt 0.883010 0.031764
vt 0.778187 0.028264
vt 0.882957 0.027686
vt 0.673336 0.023957
vt 0.778118 0.023404
vt 0.882895 0.022837
vt 0.673244 0.016337
vt 0.778014 0.015785
vt 0.882797 0.015328
vt 0.673106 0.005010
vt 0.777866 0.004458
vt 0.882649 0.003946
vt 0.672947 -0.008799
vt 0.777698 -0.009352
vt 0.882470 -0.009904
vt 0.672793 -0.022456
vt 0.777536 -0.023009
vt 0.882291 -0.023661
vt 0.672698 -0.031168
vt 0.777433 -0.031721
vt 0.882179 -0.032291
vt 0.672634 -0.037559
vt 0.777364 -0.038111
vt 0.882097 -0.038649
vt 0.672577 -0.043846
vt 0.777307 -0.044398
vt 0.861156 -0.044827
vt 0.672489 -0.052941
vt 0.777227 -0.053495
vt 0.881897 -0.054063
vt 0.672399 -0.061549
vt 0.777146 -0.062103
vt 0.881785 -0.062655
vt 0.672302 -0.070013
vt 0.777053 -0.070565
vt 0.881675 -0.071160
vt 0.672188 -0.078264
vt 0.776932 -0.078815
vt 0.881568 -0.079367
vt 0.672109 -0.083531
vt 0.776845 -0.084082
vt 0.881500 -0.084632
vt 0.672011 -0.090199
vt 0.776743 -0.090751
vt 0.881413 -0.091364
vt 0.671919 -0.096822
vt 0.776650 -0.097375
vt 0.881328 -0.097875
vt 0.671812 -0.104829
vt 0.776545 -0.105380
vt 0.881225 -0.105832
vt 0.671665 -0.116185
vt 0.776401 -0.116738
vt 0.881075 -0.117394
vt 0.671564 -0.124147
vt 0.776302 -0.124699
vt 0.880974 -0.125251
vt 0.671471 -0.131699
vt 0.776209 -0.132251
vt 0.880876 -0.132803
vt 0.671378 -0.139173
vt 0.776115 -0.139725
vt 0.880779 -0.140295
vt 0.671300 -0.145192
vt 0.776039 -0.145743
vt 0.880701 -0.146273
vt 0.671205 -0.152725
vt 0.775945 -0.153277
vt 0.880604 -0.153790
vt 0.671098 -0.161316
vt 0.775841 -0.161868
vt 0.880492 -0.162405
vt 0.671040 -0.165422
vt 0.775781 -0.165974
vt 0.880439 -0.166527
vt 0.670961 -0.170350
vt 0.775700 -0.170902
vt 0.880375 -0.171473
vt 0.670873 -0.176023
vt 0.775610 -0.176575
vt 0.880301 -0.177138
vt 0.670785 -0.181844
vt 0.775522 -0.182396
vt 0.880226 -0.182951
vt 0.670710 -0.186733
vt 0.775448 -0.187286
vt 0.880162 -0.187840
vt 0.670653 -0.190407
vt 0.775392 -0.190959
vt 0.880115 -0.191484
vt 0.670560 -0.196672
vt 0.775301 -0.197224
vt 0.880034 -0.197764
vt 0.775145 -0.208154
vt 0.879891 -0.208774
vt 0.775016 -0.216622
vt 0.879782 -0.217211
vt 0.774962 -0.219660
vt 0.879744 -0.220214
vt 0.879686 -0.224687
vt 0.879625 -0.229465
vt 0.879571 -0.233609
vt 0.600478 1.260896
vt 0.496097 1.260940
vt 0.251855 -0.179635
vt 0.251800 -0.184524
vt 0.251760 -0.188199
vt 0.251684 -0.194466
vt 0.147424 -0.162660
vt 0.147365 -0.167590
vt 0.147300 -0.173262
vt 0.147234 -0.179083
vt 0.147180 -0.183972
vt 0.147141 -0.187647
vt 0.147071 -0.193916
vt 0.146939 -0.204853
vt 0.146829 -0.213342
vt 0.146784 -0.216383
vt 0.043097 -0.141869
vt 0.043000 -0.149382
vt 0.042888 -0.157990
vt 0.042835 -0.162109
vt 0.042771 -0.167058
vt 0.042697 -0.172723
vt 0.042622 -0.178534
vt 0.042558 -0.183422
vt 0.042511 -0.187067
vt 0.042430 -0.193355
vt 0.042287 -0.204371
vt 0.042178 -0.212830
vt 0.042139 -0.215841
vt 0.042081 -0.220310
vt 0.042020 -0.225078
vt 0.041966 -0.229218
vt 0.887123 0.372549
vt 0.782557 0.373041
vt 0.782499 0.369544
vt 0.887071 0.369072
vt 0.677653 0.373490
vt 0.677596 0.369994
vt 0.572678 0.373948
vt 0.572624 0.370452
vt 0.467888 0.374413
vt 0.467836 0.370916
vt 0.363292 0.374873
vt 0.363239 0.371377
vt 0.258747 0.375333
vt 0.258693 0.371837
vt 0.154144 0.375791
vt 0.154091 0.372295
vt 0.049518 0.376211
vt 0.140473 0.372338
vt 0.890588 0.602278
vt 0.786082 0.603839
vt 0.681336 0.604311
vt 0.576522 0.604770
vt 0.471750 0.605215
vt 0.367074 0.605664
vt 0.262417 0.606114
vt 0.157731 0.606567
vt 0.052983 0.605929
vt 0.890147 0.573058
vt 0.785641 0.574866
vt 0.680864 0.575344
vt 0.576017 0.575803
vt 0.471227 0.576245
vt 0.366564 0.576693
vt 0.261932 0.577141
vt 0.157270 0.577595
vt 0.052542 0.576711
vt 0.851035 0.605866
vt 0.786134 0.607216
vt 0.681391 0.607687
vt 0.576581 0.608145
vt 0.471811 0.608591
vt 0.367133 0.609041
vt 0.262474 0.609490
vt 0.157784 0.609944
vt 0.053034 0.609343
vt 0.890689 0.608991
vt 0.786183 0.610477
vt 0.681444 0.610947
vt 0.576638 0.611405
vt 0.471870 0.611852
vt 0.367190 0.612302
vt 0.262528 0.612752
vt 0.157836 0.613205
vt 0.053084 0.612641
vt 0.572599 0.368856
vt 0.572554 0.366076
vt 0.677514 0.365618
vt 0.677570 0.368397
vt 0.467811 0.369320
vt 0.467773 0.366540
vt 0.363215 0.369780
vt 0.363177 0.367001
vt 0.782412 0.365167
vt 0.782472 0.367947
vt 0.258669 0.370240
vt 0.258627 0.367461
vt 0.154066 0.370699
vt 0.154022 0.367919
vt 0.054528 0.369738
vt 0.049387 0.367530
vt 0.887005 0.364716
vt 0.887047 0.367495
vt 0.886781 0.349875
vt 0.886906 0.358128
vt 0.782245 0.358599
vt 0.782005 0.350262
vt 0.677363 0.359054
vt 0.677151 0.350723
vt 0.572448 0.359513
vt 0.572309 0.351186
vt 0.467692 0.359976
vt 0.467595 0.351650
vt 0.363092 0.360436
vt 0.362991 0.352113
vt 0.258530 0.360896
vt 0.258407 0.352575
vt 0.153919 0.361356
vt 0.153788 0.353037
vt 0.049296 0.361473
vt 0.049171 0.353187
vt 0.572185 0.343651
vt 0.572257 0.347975
vt 0.467554 0.348442
vt 0.467497 0.344121
vt 0.676982 0.343182
vt 0.677077 0.347508
vt 0.362949 0.348909
vt 0.362891 0.344591
vt 0.781820 0.342714
vt 0.781923 0.347040
vt 0.258359 0.349376
vt 0.258295 0.345060
vt 0.153737 0.349843
vt 0.153671 0.345529
vt 0.049127 0.350339
vt 0.049060 0.345977
vt 0.886664 0.342244
vt 0.886731 0.346604
vt 0.573522 0.427968
vt 0.468704 0.428433
vt 0.468987 0.446550
vt 0.573811 0.446085
vt 0.469290 0.464767
vt 0.574114 0.464302
vt 0.783452 0.427071
vt 0.887932 0.426177
vt 0.678535 0.427513
vt 0.364107 0.428891
vt 0.259573 0.429348
vt 0.154976 0.429802
vt 0.050327 0.429814
vt 0.679113 0.463847
vt 0.678827 0.445630
vt 0.364387 0.447008
vt 0.364682 0.465225
vt 0.784017 0.463406
vt 0.783743 0.445189
vt 0.259852 0.447466
vt 0.260140 0.465682
vt 0.155255 0.447920
vt 0.155537 0.466137
vt 0.050600 0.447924
vt 0.050874 0.466146
vt 0.888480 0.462509
vt 0.888205 0.444287
vt 0.575131 0.524010
vt 0.680044 0.523552
vt 0.679510 0.489445
vt 0.574549 0.489902
vt 0.469729 0.490357
vt 0.470320 0.524465
vt 0.365107 0.490811
vt 0.365681 0.524919
vt 0.784884 0.523094
vt 0.784387 0.488986
vt 0.260547 0.491266
vt 0.261095 0.525373
vt 0.155934 0.491721
vt 0.156464 0.525828
vt 0.051267 0.492171
vt 0.051782 0.526278
vt 0.889387 0.522629
vt 0.888872 0.488522
vn 0.9389 0.3441 0.0001
vn 0.9961 0.0880 -0.0000
vn 0.9961 0.0881 -0.0000
vn 0.9389 0.3442 -0.0000
vn 0.9390 0.3440 0.0001
vn 0.6194 0.7850 -0.0000
vn 0.6199 0.7847 0.0000
vn 0.6191 0.7853 0.0000
vn 0.1984 0.9801 0.0000
vn 0.1986 0.9801 0.0000
vn 0.1982 0.9802 -0.0000
vn -0.2165 0.9763 0.0000
vn -0.2166 0.9763 0.0000
vn -0.6309 0.7758 0.0000
vn -0.6310 0.7758 -0.0000
vn -0.6311 0.7757 0.0000
vn -0.9554 0.2953 0.0000
vn -0.9554 0.2952 0.0000
vn -0.9555 0.2951 -0.0000
vn -0.9995 -0.0311 0.0000
vn -0.9995 -0.0312 -0.0000
vn -0.9995 -0.0313 -0.0000
vn -0.8897 -0.4566 -0.0000
vn -0.8896 -0.4568 0.0000
vn -0.8896 -0.4568 0.0001
vn -0.1933 -0.9811 -0.0000
vn -0.0785 -0.9969 -0.0000
vn -0.0784 -0.9969 -0.0000
vn 0.1983 0.9801 0.0000
vn -0.6307 0.7760 -0.0000
vn -0.9996 -0.0300 0.0000
vn -0.8887 -0.4584 -0.0000
vn -0.1942 -0.9810 -0.0001
vn -0.0780 -0.9970 0.0000
vn -0.9996 -0.0290 0.0001
vn -0.8879 -0.4600 -0.0000
vn -0.1949 -0.9808 -0.0002
vn -0.0776 -0.9970 0.0000
vn 0.7686 -0.6397 0.0082
vn 0.5992 -0.8006 0.0101
vn 0.6137 -0.7895 0.0082
vn 0.7818 -0.6235 0.0060
vn 0.7617 -0.6479 0.0046
vn 0.5948 -0.8039 0.0048
vn 0.9243 -0.3817 0.0047
vn 0.9202 -0.3914 0.0027
vn 0.9295 -0.3687 0.0028
vn 0.9961 -0.0886 0.0007
vn 0.9950 -0.0994 0.0012
vn 0.9944 -0.1057 0.0007
vn 0.9925 0.1226 -0.0004
vn 0.9921 0.1253 -0.0005
vn 0.9919 0.1269 -0.0004
vn 0.7888 0.6146 -0.0016
vn 0.7791 0.6269 -0.0016
vn 0.7732 0.6342 -0.0010
vn -0.1687 0.9857 -0.0020
vn -0.1823 0.9832 -0.0017
vn -0.1908 0.9816 -0.0005
vn -0.3592 0.9333 -0.0012
vn -0.3636 0.9316 -0.0010
vn -0.3662 0.9305 -0.0002
vn -0.3978 0.9175 -0.0007
vn -0.3999 0.9165 -0.0006
vn -0.3910 0.9204 -0.0001
vn -0.4854 0.8743 -0.0003
vn -0.4866 0.8736 -0.0002
vn -0.4900 0.8717 0.0002
vn -0.6852 0.7284 -0.0001
vn -0.6908 0.7230 0.0000
vn -0.7697 0.6384 0.0001
vn -0.9052 0.4251 -0.0000
vn -0.9053 0.4247 0.0000
vn -0.9049 0.4257 -0.0000
vn -0.9989 0.0470 0.0000
vn -0.9989 0.0469 0.0000
vn -0.9989 0.0472 -0.0000
vn -0.9782 -0.2077 0.0000
vn -0.9782 -0.2076 -0.0000
vn -0.9782 -0.2078 0.0000
vn -0.8909 -0.4542 -0.0001
vn -0.8910 -0.4540 -0.0001
vn -0.8908 -0.4544 0.0000
vn -0.4442 -0.8959 -0.0003
vn -0.4443 -0.8959 -0.0005
vn -0.4439 -0.8961 -0.0000
vn -0.1679 -0.9858 -0.0004
vn -0.1682 -0.9858 -0.0008
vn -0.1677 -0.9858 0.0000
vn 0.1007 -0.9949 0.0018
vn 0.1055 -0.9944 0.0020
vn 0.0938 -0.9956 0.0008
vn -0.8909 -0.4543 -0.0000
vn -0.4437 -0.8962 -0.0000
vn -0.1678 -0.9858 -0.0000
vn 0.0919 -0.9958 -0.0000
vn 0.3449 -0.9386 0.0006
vn 0.3586 -0.9335 0.0038
vn 0.3879 -0.9216 0.0085
vn 0.5747 -0.8184 0.0027
vn 0.5887 -0.8083 0.0095
vn 0.6072 -0.7943 0.0191
vn 0.7636 -0.6457 0.0037
vn 0.7691 -0.6389 0.0155
vn 0.7948 -0.6062 0.0305
vn 0.8606 -0.5093 -0.0010
vn 0.8596 -0.5105 0.0232
vn 0.8894 -0.4552 0.0413
vn 0.9433 -0.3319 -0.0080
vn 0.9395 -0.3411 0.0307
vn 0.9390 -0.3408 0.0465
vn 0.9998 -0.0158 -0.0091
vn 0.9993 -0.0210 0.0315
vn 0.9930 -0.1096 0.0432
vn 0.9531 0.3027 -0.0048
vn 0.9544 0.2974 0.0251
vn 0.9721 0.2323 0.0332
vn 0.7925 0.6099 -0.0021
vn 0.7912 0.6112 0.0184
vn 0.8054 0.5922 0.0233
vn 0.6225 0.7826 -0.0008
vn 0.6215 0.7833 0.0138
vn 0.6273 0.7786 0.0165
vn 0.4235 0.9059 -0.0003
vn 0.4265 0.9044 0.0090
vn 0.4381 0.8989 0.0107
vn 0.3366 0.9416 0.0001
vn 0.3452 0.9385 0.0056
vn 0.3709 0.9286 0.0066
vn 0.3183 0.9480 0.0003
vn 0.3251 0.9457 0.0039
vn 0.3424 0.9395 0.0043
vn 0.1422 0.9898 0.0002
vn 0.1440 0.9896 0.0012
vn 0.1481 0.9890 0.0013
vn -0.0439 0.9990 0.0000
vn -0.0446 0.9990 -0.0001
vn -0.0459 0.9989 -0.0001
vn -0.3425 0.9395 -0.0002
vn -0.3444 0.9388 -0.0011
vn -0.3476 0.9376 -0.0011
vn -0.5211 0.8535 -0.0003
vn -0.5231 0.8522 -0.0014
vn -0.5266 0.8501 -0.0013
vn -0.6826 0.7308 -0.0003
vn -0.6843 0.7292 -0.0012
vn -0.6871 0.7266 -0.0012
vn -0.8117 0.5841 -0.0003
vn -0.8128 0.5826 -0.0011
vn -0.8149 0.5796 -0.0010
vn -0.9311 0.3648 -0.0004
vn -0.9315 0.3638 -0.0009
vn -0.9321 0.3622 -0.0009
vn -0.9900 0.1412 -0.0003
vn -0.9900 0.1410 -0.0009
vn -0.9900 0.1408 -0.0008
vn -1.0000 0.0031 -0.0003
vn -1.0000 0.0037 -0.0010
vn -1.0000 0.0045 -0.0009
vn -0.9961 -0.0882 -0.0003
vn -0.9960 -0.0893 -0.0010
vn -0.9959 -0.0899 -0.0008
vn -0.9711 -0.2385 -0.0008
vn -0.9708 -0.2399 -0.0006
vn -0.9714 -0.2374 -0.0003
vn -0.8802 -0.4746 -0.0007
vn -0.8809 -0.4733 -0.0006
vn -0.8800 -0.4750 -0.0002
vn -0.7457 -0.6663 -0.0007
vn -0.7478 -0.6639 -0.0007
vn -0.7445 -0.6676 -0.0002
vn -0.4593 -0.8883 -0.0005
vn -0.4607 -0.8876 -0.0005
vn -0.4589 -0.8885 -0.0002
vn 0.0091 -1.0000 0.0000
vn 0.0077 -1.0000 -0.0003
vn 0.0090 -1.0000 0.0000
vn -0.0151 -0.9999 -0.0000
vn -0.0152 -0.9999 -0.0006
vn -0.0395 -0.9992 -0.0000
vn -0.0395 -0.9992 -0.0007
vn 0.0386 0.9993 -0.0000
vn 0.0384 0.9993 0.0004
vn 0.0327 0.9995 0.0003
vn 0.0328 0.9995 -0.0000
vn 0.3480 0.9375 -0.0044
vn 0.3251 0.9457 -0.0028
vn 0.4295 0.9030 -0.0073
vn 0.1433 0.9897 -0.0008
vn -0.0445 0.9990 0.0000
vn -0.3432 0.9393 0.0006
vn -0.5219 0.8530 0.0007
vn -0.6830 0.7304 0.0006
vn -0.8122 0.5834 0.0005
vn -0.9313 0.3643 0.0004
vn -0.9899 0.1417 0.0004
vn -1.0000 0.0034 0.0005
vn -0.9961 -0.0885 0.0005
vn -0.9713 -0.2379 0.0004
vn -0.8801 -0.4748 0.0002
vn -0.7445 -0.6676 0.0002
vn -0.4589 -0.8885 0.0002
vn 0.0270 0.9996 -0.0000
vn -0.0587 0.9983 -0.0051
vn -0.0587 0.9983 0.0050
vn -0.0587 0.9983 -0.0050
vn 0.0832 -0.9965 -0.0000
vn 0.2450 -0.9695 -0.0000
vn 0.2450 -0.9695 0.0001
vn 0.0831 -0.9965 -0.0000
vn 0.8441 -0.5362 -0.0000
vn 0.8441 -0.5361 0.0000
vn 0.9657 -0.2597 -0.0000
vn 0.9656 -0.2599 0.0000
vn 0.9992 -0.0407 0.0000
vn 0.9992 -0.0406 0.0000
vn 0.9993 0.0379 0.0000
vn 0.9843 0.1764 0.0000
vn 0.9843 0.1763 0.0000
vn 0.9140 0.4056 -0.0000
vn 0.9141 0.4056 0.0000
vn 0.9141 0.4055 0.0000
vn 0.7796 0.6263 -0.0000
vn 0.7796 0.6262 0.0000
vn 0.5325 0.8464 0.0000
vn 0.5326 0.8464 0.0000
vn 0.3284 0.9445 -0.0000
vn 0.3284 0.9446 0.0000
vn 0.2591 0.9658 -0.0000
vn 0.0825 0.9966 0.0000
vn -0.0939 0.9956 -0.0000
vn -0.2580 0.9661 -0.0000
vn -0.4378 0.8991 -0.0000
vn -0.4379 0.8990 -0.0000
vn -0.5451 0.8384 -0.0000
vn -0.7214 0.6925 0.0000
vn -0.7215 0.6925 -0.0000
vn -0.8965 0.4431 0.0000
vn -0.8965 0.4430 -0.0000
vn -0.9985 0.0546 -0.0000
vn -0.9985 0.0547 -0.0000
vn -0.9817 -0.1905 -0.0000
vn -0.9817 -0.1902 -0.0000
vn -0.9142 -0.4053 0.0000
vn -0.7714 -0.6364 -0.0000
vn -0.8801 -0.4748 0.0005
vn -0.7456 -0.6664 0.0006
vn -0.9707 -0.2402 0.0007
vn -0.4594 -0.8882 0.0004
vn 0.0089 -1.0000 -0.0000
vn -0.0587 0.9983 0.0051
vn 0.3283 0.9446 -0.0000
vn -0.0938 0.9956 -0.0000
vn -0.5377 -0.8431 -0.0000
vn -0.3722 -0.9281 -0.0000
vn -0.3722 -0.9282 0.0000
vn -0.2558 -0.9667 -0.0000
vn -0.1425 -0.9898 -0.0000
vn -0.1419 -0.9899 0.0000
vn 0.0165 -0.9999 0.0000
vn 0.4216 -0.9068 -0.0000
vn 0.7215 -0.6924 0.0000
vn 0.8419 -0.5396 0.0000
vn 0.8422 -0.5392 0.0000
vn 0.9482 -0.3178 -0.0000
vn 0.9481 -0.3179 0.0000
vn 0.9965 -0.0841 0.0000
vn 0.9964 -0.0843 0.0000
vn 0.9772 0.2122 0.0000
vn 0.9772 0.2121 0.0000
vn 0.9773 0.2121 0.0000
vn 0.8637 0.5041 -0.0000
vn 0.8639 0.5036 -0.0000
vn 0.8639 0.5037 -0.0000
vn 0.7481 0.6636 -0.0000
vn 0.7477 0.6640 0.0000
vn 0.7477 0.6641 0.0000
vn 0.5749 0.8182 -0.0000
vn 0.1762 0.9844 -0.0000
vn 0.1761 0.9844 0.0000
vn -0.1548 0.9879 0.0000
vn -0.3224 0.9466 -0.0000
vn -0.4639 0.8859 -0.0000
vn -0.4634 0.8861 -0.0000
vn -0.4693 0.8830 -0.0000
vn -0.6891 0.7247 -0.0000
vn -0.6890 0.7247 -0.0000
vn -0.9799 0.1994 0.0000
vn -0.9799 0.1995 0.0000
vn -0.9812 -0.1932 -0.0000
vn -0.9107 -0.4131 -0.0000
vn -0.8091 -0.5876 -0.0000
vn -0.8092 -0.5876 -0.0000
vn -0.6486 -0.7611 -0.0000
vn -0.3666 -0.9304 -0.0000
vn -0.3665 -0.9304 0.0000
vn 0.0015 -1.0000 -0.0000
vn 0.4342 -0.9008 0.0000
vn 0.4341 -0.9008 -0.0000
vn 0.9102 -0.4141 -0.0000
vn 0.9103 -0.4140 0.0000
vn 0.2449 -0.9696 -0.0000
vn 0.8442 -0.5361 0.0000
vn 0.0826 0.9966 -0.0000
vn -0.2580 0.9662 -0.0000
vn -0.4374 0.8993 -0.0000
vn 0.7476 0.6641 -0.0000
vn 0.5750 0.8182 0.0000
vn 0.1766 0.9843 -0.0000
vn -0.9811 -0.1933 0.0000
vn -0.2579 0.9662 0.0001
vn -0.4381 0.8989 0.0001
vn -0.8964 0.4433 -0.0000
vn -0.9817 -0.1903 0.0000
vn -0.9141 -0.4055 -0.0001
vn -0.7712 -0.6366 -0.0001
vn -0.5377 -0.8431 -0.0002
vn -0.3720 -0.9282 -0.0002
vn -0.2558 -0.9667 -0.0003
vn -0.1423 -0.9898 -0.0003
vn 0.0161 -0.9999 -0.0001
vn 0.4219 -0.9066 0.0000
vn 0.7215 -0.6925 0.0000
vn 0.9965 -0.0839 0.0000
vn 0.8635 0.5043 0.0000
vn 0.5755 0.8178 0.0001
vn 0.1766 0.9843 0.0001
vn -0.3222 0.9467 0.0000
vn -0.4642 0.8857 0.0001
vn -0.6890 0.7248 0.0000
vn -0.9800 0.1992 -0.0000
vn -0.9811 -0.1933 -0.0001
vn -0.9107 -0.4132 -0.0001
vn -0.1426 -0.9898 -0.0006
vn 0.0161 -0.9999 -0.0003
vn -0.2559 -0.9667 -0.0006
vn 0.4223 -0.9065 0.0000
vn 0.7214 -0.6925 0.0000
vn 0.9772 0.2122 0.0001
vn 0.8636 0.5041 0.0001
vn 0.5757 0.8177 0.0002
vn 0.1767 0.9843 0.0002
vn -0.1547 0.9880 0.0001
vn -0.3222 0.9467 0.0001
vn -0.4646 0.8855 0.0001
vn -0.6889 0.7248 0.0001
vn 0.8372 -0.5470 0.0006
vn 0.8363 -0.5483 0.0011
vn 0.9999 0.0129 -0.0000
vn 0.9999 0.0125 0.0000
vn 0.5662 -0.8243 0.0008
vn 0.5640 -0.8258 0.0015
vn 0.8373 -0.5467 -0.0000
vn 0.5670 -0.8237 -0.0001
vn 0.9999 0.0120 0.0000
vn 0.8608 0.5090 -0.0011
vn 0.8605 0.5094 -0.0006
vn 0.8605 0.5094 0.0000
vn 0.3535 0.9354 -0.0019
vn 0.3541 0.9352 -0.0012
vn 0.3552 0.9348 -0.0001
vn -0.2431 0.9700 -0.0019
vn -0.2423 0.9702 -0.0013
vn -0.2415 0.9704 -0.0003
vn -0.5041 0.8637 -0.0017
vn -0.5036 0.8639 -0.0011
vn -0.5038 0.8638 -0.0003
vn -0.7366 0.6763 -0.0013
vn -0.7326 0.6807 -0.0009
vn -0.7312 0.6822 -0.0001
vn -0.9814 0.1921 -0.0003
vn -0.9784 0.2068 -0.0002
vn -0.9775 0.2110 0.0000
vn -0.9969 -0.0790 -0.0001
vn -0.9977 -0.0685 0.0003
vn -0.9978 -0.0665 0.0001
vn -0.8466 -0.5322 -0.0034
vn -0.9574 -0.2886 0.0000
vn -0.9699 -0.2437 0.0005
vn 0.0696 -0.9976 0.0034
vn -0.0158 -0.9998 0.0097
vn -0.0476 -0.9989 0.0029
vn 0.4464 -0.8948 0.0072
vn 0.4313 -0.9022 0.0093
vn 0.4263 -0.9046 0.0035
vn 0.8356 -0.5494 0.0005
vn 0.9999 0.0132 0.0000
vn 0.5620 -0.8271 0.0007
vn 0.8611 0.5084 -0.0005
vn 0.3543 0.9351 -0.0008
vn -0.2425 0.9701 -0.0008
vn -0.5052 0.8630 -0.0007
vn -0.7395 0.6731 -0.0005
vn -0.9833 0.1819 -0.0001
vn -0.9957 -0.0927 -0.0003
vn -0.7683 -0.6401 -0.0024
vn 0.1665 -0.9860 -0.0038
vn 0.4693 -0.8830 -0.0030
vn 0.6381 -0.7699 -0.0027
vn 0.7924 -0.6100 -0.0027
vn 0.9323 -0.3617 -0.0012
vn 0.9969 -0.0790 -0.0001
vn 0.9924 0.1230 -0.0000
vn 0.7882 0.6154 0.0001
vn -0.1659 0.9861 0.0000
vn -0.3575 0.9339 -0.0001
vn -0.3963 0.9181 -0.0001
vn -0.4842 0.8750 -0.0001
vn -0.6849 0.7286 0.0000
vn -0.9047 0.4260 -0.0000
vn -0.9989 0.0475 0.0000
vn 0.5617 -0.8274 -0.0005
vn 0.8357 -0.5491 -0.0003
vn 0.2382 -0.9712 0.0007
vn 0.2383 -0.9712 -0.0004
vn 0.2409 -0.9706 0.0015
vn 0.9999 0.0134 -0.0000
vn 0.8611 0.5084 0.0004
vn 0.3544 0.9351 0.0007
vn -0.2431 0.9700 0.0007
vn -0.5062 0.8624 0.0005
vn -0.7416 0.6709 0.0004
vn -0.9846 0.1747 0.0002
vn -0.9948 -0.1021 0.0000
vn -0.7083 -0.7059 -0.0015
vn 0.2228 -0.9749 -0.0031
vn 0.4910 -0.8711 -0.0047
vn 0.6567 -0.7541 -0.0057
vn 0.7950 -0.6066 -0.0048
vn 0.9327 -0.3607 -0.0023
vn 0.9974 -0.0724 -0.0003
vn 0.9920 0.1266 0.0003
vn 0.7789 0.6272 0.0012
vn -0.1720 0.9851 0.0015
vn -0.3600 0.9329 0.0009
vn -0.3977 0.9175 0.0005
vn -0.4846 0.8747 0.0001
vn -0.6847 0.7288 -0.0000
vn -0.9989 0.0476 -0.0000
vn -0.9782 -0.2075 -0.0000
vn -0.8909 -0.4542 -0.0000
vn 0.0918 -0.9958 -0.0000
vn 0.3496 -0.9369 -0.0014
vn 0.5869 -0.8096 -0.0072
vn 0.7789 -0.6270 -0.0150
vn 0.8941 -0.4472 -0.0241
vn 0.9514 -0.3063 -0.0312
vn 0.9962 -0.0818 -0.0303
vn 0.9665 0.2556 -0.0230
vn 0.8043 0.5940 -0.0161
vn 0.6267 0.7792 -0.0115
vn 0.5637 -0.8260 -0.0011
vn 0.8368 -0.5476 -0.0009
vn 0.2408 -0.9706 -0.0011
vn 0.9999 0.0137 -0.0000
vn 0.8605 0.5094 0.0009
vn 0.3521 0.9360 0.0015
vn -0.2449 0.9696 0.0015
vn -0.5076 0.8616 0.0013
vn -0.7429 0.6694 0.0010
vn -0.9852 0.1712 0.0003
vn -0.9948 -0.1015 0.0000
vn -0.7161 -0.6980 -0.0010
vn 0.2358 -0.9718 -0.0027
vn 0.5080 -0.8614 -0.0040
vn 0.6609 -0.7504 -0.0048
vn 0.7933 -0.6088 -0.0039
vn 0.9312 -0.3646 -0.0020
vn 0.9976 -0.0696 -0.0003
vn 0.9915 0.1300 0.0003
vn 0.7693 0.6389 0.0013
vn -0.1800 0.9837 0.0015
vn -0.3637 0.9315 0.0010
vn -0.4003 0.9164 0.0006
vn -0.4860 0.8740 0.0003
vn -0.6848 0.7287 0.0001
vn -0.9047 0.4261 0.0000
vn -0.9989 0.0477 -0.0000
vn -0.8909 -0.4541 -0.0000
vn -0.4443 -0.8959 0.0000
vn 0.0956 -0.9954 -0.0017
vn 0.3855 -0.9227 -0.0089
vn 0.6229 -0.7820 -0.0224
vn 0.7942 -0.6068 -0.0324
vn 0.9072 -0.4191 -0.0372
vn 0.9448 -0.3256 -0.0350
vn 0.9878 -0.1530 -0.0305
vn 0.9798 0.1986 -0.0250
vn 0.8164 0.5772 -0.0183
vn 0.6318 0.7750 -0.0132
vn 0.4405 0.8977 -0.0086
vn 0.3690 0.9294 -0.0054
vn 0.3390 0.9408 -0.0036
vn 0.1458 0.9893 -0.0011
vn -0.0455 0.9990 0.0001
vn -0.3457 0.9383 0.0010
vn -0.5247 0.8513 0.0012
vn -0.6848 0.7287 0.0010
vn -0.8133 0.5818 0.0010
vn -0.9317 0.3633 0.0009
vn -0.9899 0.1416 0.0009
vn -1.0000 0.0044 0.0009
vn -0.9960 -0.0896 0.0009
vn 0.5662 -0.8243 -0.0010
vn 0.8380 -0.5457 -0.0008
vn 0.2436 -0.9699 -0.0010
vn 0.9999 0.0139 -0.0000
vn 0.8599 0.5105 0.0008
vn 0.3491 0.9371 0.0013
vn -0.2462 0.9692 0.0013
vn -0.5089 0.8608 0.0011
vn -0.7440 0.6682 0.0009
vn -0.9854 0.1701 0.0003
vn -0.9951 -0.0994 -0.0000
vn -0.7342 -0.6789 -0.0007
vn 0.2317 -0.9728 -0.0016
vn 0.5174 -0.8558 -0.0020
vn 0.6606 -0.7507 -0.0023
vn 0.7917 -0.6110 -0.0019
vn 0.9305 -0.3663 -0.0011
vn 0.9977 -0.0675 -0.0002
vn 0.9912 0.1325 0.0002
vn 0.7623 0.6472 0.0008
vn -0.1859 0.9826 0.0010
vn -0.3666 0.9304 0.0006
vn -0.4024 0.9155 0.0004
vn -0.4873 0.8732 0.0002
vn -0.6853 0.7282 0.0001
vn -0.9047 0.4262 0.0000
vn -0.9783 -0.2074 -0.0000
vn -0.4445 -0.8958 -0.0000
vn -0.1679 -0.9858 -0.0000
vn 0.1047 -0.9945 -0.0019
vn 0.4267 -0.9044 -0.0074
vn 0.6341 -0.7732 -0.0122
vn 0.8013 -0.5981 -0.0151
vn 0.9067 -0.4213 -0.0180
vn 0.9331 -0.3591 -0.0180
vn 0.9808 -0.1945 -0.0170
vn 0.9865 0.1633 -0.0153
vn 0.8253 0.5646 -0.0117
vn 0.6364 0.7713 -0.0084
vn 0.4495 0.8932 -0.0055
vn 0.3872 0.9220 -0.0037
vn 0.3514 0.9362 -0.0025
vn 0.1493 0.9888 -0.0008
vn -0.0463 0.9989 0.0001
vn -0.3482 0.9374 0.0008
vn -0.5276 0.8495 0.0009
vn -0.6870 0.7266 0.0008
vn -0.8143 0.5805 0.0007
vn -0.9320 0.3624 0.0007
vn -0.9900 0.1410 0.0007
vn -1.0000 0.0047 0.0007
vn -0.9959 -0.0899 0.0006
vn -0.9704 -0.2414 0.0006
vn -0.8802 -0.4746 0.0005
vn -0.7471 -0.6647 0.0005
vn -0.4599 -0.8879 0.0004
vn 0.0088 -1.0000 -0.0000
vn -0.0588 0.9983 0.0051
vn 0.2457 -0.9693 -0.0002
vn 0.5656 -0.8247 -0.0003
vn 0.0739 -0.9973 -0.0010
vn 0.0776 -0.9970 -0.0002
vn 0.0709 -0.9975 -0.0010
vn 0.8387 -0.5446 -0.0002
vn 0.9998 0.0177 -0.0000
vn 0.8594 0.5113 0.0001
vn 0.3485 0.9373 0.0002
vn -0.2465 0.9691 0.0003
vn -0.5098 0.8603 0.0002
vn -0.7455 0.6665 0.0001
vn -0.9858 0.1682 0.0001
vn -0.9951 -0.0987 0.0001
vn -0.7498 -0.6617 0.0003
vn 0.2253 -0.9743 0.0003
vn 0.5173 -0.8558 0.0001
vn 0.6582 -0.7528 -0.0002
vn 0.7904 -0.6125 -0.0000
vn 0.9307 -0.3657 -0.0000
vn 0.9979 -0.0649 0.0000
vn 0.9911 0.1335 -0.0000
vn 0.7584 0.6518 0.0001
vn -0.1921 0.9814 -0.0001
vn -0.3680 0.9298 -0.0001
vn -0.4032 0.9151 -0.0001
vn -0.4876 0.8730 -0.0001
vn -0.6856 0.7280 -0.0001
vn -0.9048 0.4258 -0.0000
vn -0.9783 -0.2072 0.0000
vn -0.8909 -0.4541 0.0001
vn -0.4451 -0.8955 0.0003
vn -0.1681 -0.9858 0.0004
vn 0.1110 -0.9938 0.0001
vn 0.4441 -0.8960 -0.0004
vn 0.6263 -0.7796 -0.0003
vn 0.8070 -0.5905 -0.0005
vn 0.9093 -0.4161 -0.0012
vn 0.9318 -0.3630 -0.0019
vn 0.9796 -0.2008 -0.0028
vn 0.9878 0.1557 -0.0035
vn 0.8286 0.5598 -0.0032
vn 0.6388 0.7693 -0.0027
vn 0.4540 0.8910 -0.0019
vn 0.3925 0.9197 -0.0015
vn 0.3579 0.9337 -0.0010
vn 0.1491 0.9888 -0.0003
vn -0.0468 0.9989 0.0000
vn -0.3495 0.9369 0.0003
vn -0.5293 0.8484 0.0005
vn -0.6886 0.7252 0.0005
vn -0.8152 0.5792 0.0004
vn -0.9322 0.3620 0.0003
vn -0.9901 0.1405 0.0003
vn -1.0000 0.0039 0.0003
vn -0.9959 -0.0900 0.0003
vn -0.9704 -0.2413 0.0003
vn -0.8805 -0.4741 0.0003
vn -0.7486 -0.6630 0.0003
vn -0.4610 -0.8874 0.0003
vn 0.0075 -1.0000 0.0003
vn -0.0152 -0.9999 0.0006
vn -0.0395 -0.9992 0.0007
vn 0.0327 0.9995 -0.0003
vn 0.0384 0.9993 -0.0004
vn -0.0641 0.9979 0.0097
vn 0.0281 0.9996 0.0004
vn 0.0830 -0.9965 -0.0004
vn 0.2447 -0.9696 -0.0002
vn 0.9158 0.4017 -0.0000
vn 0.5262 0.8504 -0.0000
vn 0.2468 -0.9691 0.0003
vn 0.5049 -0.8632 0.0002
vn 0.0798 -0.9968 0.0003
vn 0.8417 -0.5399 0.0002
vn 0.9803 0.1977 -0.0001
vn 0.8594 0.5114 -0.0003
vn 0.3497 0.9369 -0.0005
vn -0.2458 0.9693 -0.0004
vn -0.5096 0.8604 -0.0003
vn -0.7458 0.6662 -0.0002
vn -0.9854 0.1700 -0.0000
vn -0.9952 -0.0980 0.0001
vn -0.7701 -0.6379 0.0022
vn 0.2109 -0.9775 0.0030
vn 0.5143 -0.8576 0.0006
vn 0.6567 -0.7541 -0.0005
vn 0.7909 -0.6119 0.0000
vn 0.9323 -0.3616 0.0003
vn 0.9981 -0.0621 0.0001
vn 0.9910 0.1338 -0.0001
vn 0.7569 0.6535 -0.0004
vn -0.1959 0.9806 -0.0007
vn -0.3685 0.9296 -0.0007
vn -0.4035 0.9150 -0.0005
vn -0.4877 0.8730 -0.0004
vn -0.6856 0.7279 -0.0001
vn -0.9051 0.4252 -0.0000
vn -0.8910 -0.4540 0.0002
vn -0.4456 -0.8952 0.0006
vn -0.1684 -0.9857 0.0008
vn 0.1113 -0.9938 0.0003
vn 0.4428 -0.8966 -0.0020
vn 0.6227 -0.7824 -0.0056
vn 0.8073 -0.5901 -0.0071
vn 0.9101 -0.4145 -0.0046
vn 0.9330 -0.3599 -0.0015
vn 0.9804 -0.1972 -0.0004
vn 0.9876 0.1567 -0.0003
vn 0.8285 0.5599 -0.0005
vn 0.6393 0.7690 -0.0008
vn 0.4552 0.8904 -0.0008
vn 0.3243 0.9460 -0.0007
vn 0.3625 0.9320 -0.0004
vn 0.0953 0.9954 0.0000
vn -0.3496 0.9369 0.0001
vn -0.5296 0.8482 0.0002
vn -0.6891 0.7246 0.0004
vn -0.8158 0.5784 0.0004
vn -0.9323 0.3617 0.0002
vn -0.9901 0.1404 0.0001
vn -1.0000 0.0041 0.0001
vn -0.9959 -0.0906 0.0002
vn -0.9705 -0.2413 0.0002
vn -0.8806 -0.4739 0.0002
vn -0.7495 -0.6620 0.0003
vn -0.4621 -0.8868 0.0003
vn 0.0062 -1.0000 0.0004
vn -0.0153 -0.9999 0.0012
vn -0.0395 -0.9992 0.0013
vn 0.0327 0.9995 -0.0006
vn 0.0382 0.9993 -0.0007
vn -0.0552 0.9985 -0.0054
vn 0.0276 0.9996 -0.0014
vn 0.0828 -0.9966 -0.0008
vn 0.2445 -0.9697 -0.0005
vn 0.9657 -0.2596 0.0000
vn 0.9361 0.3519 0.0000
vn 0.7795 0.6264 -0.0000
vn 0.4466 0.8947 -0.0000
vn -0.2581 0.9661 0.0001
vn -0.4384 0.8988 0.0001
vn -0.7215 0.6924 -0.0000
vn -0.8963 0.4434 -0.0000
vn -0.9140 -0.4057 -0.0001
vn -0.7710 -0.6368 -0.0002
vn -0.5377 -0.8431 -0.0003
vn -0.3719 -0.9283 -0.0005
vn -0.9995 -0.0301 -0.0000
vn -0.9555 0.2949 0.0000
vn -0.9555 0.2950 -0.0001
vn -0.9996 -0.0291 -0.0001
vn -0.8888 -0.4583 0.0000
vn -0.8881 -0.4597 0.0001
vn -0.8898 -0.4564 0.0000
vn -0.1934 -0.9811 0.0000
vn -0.1946 -0.9809 0.0001
vn -0.1955 -0.9807 0.0001
vn 0.1987 0.9801 0.0000
vn -0.9555 0.2950 -0.0000
vn -0.8896 -0.4567 -0.0000
vn 0.9390 0.3439 0.0001
vn 0.9961 0.0879 0.0000
vn 0.9391 0.3438 0.0001
vn 0.6203 0.7844 0.0000
vn 0.6205 0.7842 0.0000
vn 0.9995 -0.0302 -0.0000
vn 0.2446 -0.9696 0.0007
vn 0.0764 -0.9971 0.0007
vn 0.0716 -0.9974 0.0014
vn 0.2465 -0.9691 -0.0002
vn 0.0791 -0.9969 -0.0002
vn 0.4083 -0.9128 0.0106
vn 0.6151 -0.7881 0.0240
vn 0.8097 -0.5856 0.0389
vn 0.9027 -0.4277 0.0459
vn 0.9358 -0.3500 0.0414
vn 0.9854 -0.1669 0.0336
vn 0.9818 0.1879 0.0262
vn 0.8152 0.5788 0.0184
vn 0.6320 0.7748 0.0127
vn 0.4458 0.8951 0.0081
vn 0.3867 0.9222 0.0050
vn 0.3527 0.9357 0.0031
vn 0.1507 0.9886 0.0009
vn -0.0466 0.9989 -0.0001
vn -0.3490 0.9371 -0.0007
vn -0.5283 0.8491 -0.0008
vn -0.6885 0.7253 -0.0008
vn -0.8160 0.5780 -0.0008
vn -0.9324 0.3615 -0.0007
vn -0.9901 0.1405 -0.0006
vn -1.0000 0.0047 -0.0005
vn -0.9959 -0.0906 -0.0004
vn -0.9706 -0.2407 -0.0003
vn -0.8814 -0.4724 -0.0003
vn -0.7491 -0.6624 -0.0004
vn -0.4618 -0.8870 -0.0003
vn 0.0063 -1.0000 -0.0005
vn -0.0153 -0.9999 -0.0010
vn -0.0395 -0.9992 -0.0013
vn 0.0382 0.9993 0.0007
vn 0.0333 0.9994 0.0006
vn 0.0271 0.9996 0.0005
vn -0.0583 0.9983 -0.0037
vn 0.0272 0.9996 0.0010
vn -0.0549 0.9985 0.0034
vn 0.0829 -0.9966 0.0004
vn 0.2448 -0.9696 0.0003
vn 0.2446 -0.9696 0.0003
vn 0.0827 -0.9966 0.0007
vn 0.9992 -0.0408 0.0000
vn 0.7797 0.6262 -0.0000
vn 0.5326 0.8463 0.0000
vn 0.5327 0.8463 -0.0000
vn -0.2580 0.9661 -0.0001
vn -0.2582 0.9661 -0.0001
vn -0.4382 0.8989 -0.0001
vn -0.4385 0.8987 -0.0001
vn -0.7216 0.6923 0.0000
vn -0.8964 0.4432 -0.0000
vn -0.9141 -0.4055 0.0001
vn -0.9140 -0.4057 0.0001
vn -0.7712 -0.6366 0.0001
vn -0.7710 -0.6368 0.0002
vn -0.5375 -0.8433 0.0002
vn -0.5373 -0.8434 0.0004
vn -0.3721 -0.9282 -0.0000
vn -0.3720 -0.9282 0.0003
vn -0.3718 -0.9283 0.0006
vn -0.2559 -0.9667 0.0003
vn -0.2561 -0.9667 0.0007
vn -0.1428 -0.9898 0.0003
vn -0.1426 -0.9898 0.0006
vn 0.0162 -0.9999 0.0001
vn 0.0161 -0.9999 0.0002
vn 0.4220 -0.9066 -0.0000
vn 0.4224 -0.9064 0.0000
vn 0.7196 -0.6944 0.0000
vn 0.6850 -0.7286 0.0000
vn 0.8419 -0.5397 0.0000
vn 0.8418 -0.5398 0.0000
vn 0.9494 -0.3140 -0.0000
vn 0.9695 -0.2451 0.0000
vn 0.9965 -0.0838 -0.0000
vn 0.9772 0.2122 -0.0001
vn 0.8641 0.5034 0.0000
vn 0.8636 0.5042 -0.0000
vn 0.8637 0.5040 -0.0001
vn 0.7478 0.6639 0.0000
vn 0.5753 0.8179 -0.0001
vn 0.5756 0.8178 -0.0002
vn 0.1759 0.9844 -0.0001
vn 0.1760 0.9844 -0.0002
vn -0.1547 0.9880 -0.0000
vn -0.3222 0.9467 -0.0001
vn -0.4643 0.8857 -0.0001
vn -0.4646 0.8855 -0.0001
vn -0.6888 0.7249 -0.0001
vn -0.6888 0.7250 -0.0001
vn -0.9799 0.1993 -0.0000
vn -0.9800 0.1992 -0.0001
vn -0.9812 -0.1931 0.0001
vn -0.9107 -0.4132 -0.0000
vn -0.9107 -0.4131 0.0001
vn -0.9107 -0.4131 0.0002
vn -0.8091 -0.5877 0.0001
vn -0.8091 -0.5877 0.0003
vn -0.6486 -0.7612 0.0002
vn -0.6485 -0.7612 0.0003
vn -0.3663 -0.9305 0.0002
vn -0.3660 -0.9306 0.0004
vn 0.0013 -1.0000 0.0002
vn 0.0011 -1.0000 0.0004
vn 0.4343 -0.9008 -0.0000
vn 0.4328 -0.9015 0.0000
vn 0.4313 -0.9022 0.0001
vn 0.9100 -0.4145 -0.0001
vn 0.9995 -0.0303 0.0000
vn 0.9961 0.0882 -0.0000
vn 0.9387 0.3448 -0.0001
vn 0.6197 0.7848 -0.0000
vn 0.6189 0.7855 -0.0001
vn -0.2167 0.9762 -0.0000
vn -0.6308 0.7760 -0.0000
vn 0.0687 -0.9976 0.0006
vn 0.0687 -0.9976 -0.0004
vn 0.0014 -1.0000 0.0000
vn 0.4340 -0.9009 0.0000
vn 0.9102 -0.4142 -0.0000
vn -0.8091 -0.5876 -0.0001
vn -0.6486 -0.7611 -0.0002
vn -0.3666 -0.9304 -0.0002
vn 0.0011 -1.0000 -0.0001
vn 0.4327 -0.9015 -0.0000
vn 0.9387 0.3447 0.0001
vn 0.6182 0.7860 0.0000
vn -0.9800 0.1991 0.0001
vn -0.9812 -0.1932 -0.0001
vn -0.9107 -0.4131 -0.0002
vn -0.8092 -0.5876 -0.0003
vn -0.6485 -0.7612 -0.0003
vn -0.3665 -0.9304 -0.0003
vn 0.0009 -1.0000 -0.0003
vn 0.4313 -0.9022 0.0000
vn 0.9100 -0.4147 0.0001
vn 0.9961 0.0884 -0.0000
vn 0.9385 0.3453 0.0001
vn 0.6174 0.7867 0.0001
vn 0.1975 0.9803 -0.0000
vn -0.6305 0.7762 -0.0000
vn 0.2091 -0.9779 0.0012
vn 0.2080 -0.9781 0.0007
vn 0.2080 -0.9781 0.0018
vn 0.2091 -0.9779 0.0036
vn 0.2069 -0.9784 0.0000
vn 0.2070 -0.9784 -0.0000
vn 0.2089 -0.9779 -0.0007
vn 0.2079 -0.9781 -0.0027
vn 0.2094 -0.9778 -0.0012
vn 0.2091 -0.9779 -0.0075
vn 0.0269 0.9996 0.0009
vn 0.0262 0.9997 0.0000
vn 0.0269 0.9996 0.0000
vn 0.0271 0.9996 -0.0004
vn 0.0272 0.9996 -0.0009
vn -0.1452 0.9894 0.0047
vn -0.1450 0.9894 0.0024
vn -0.1440 0.9896 0.0000
vn -0.1441 0.9896 -0.0000
vn -0.1519 0.9884 0.0048
vn -0.1469 0.9891 -0.0060
vn 0.0269 0.9996 0.0010
vn 0.0270 0.9996 0.0005
vn 0.0272 0.9996 -0.0008
vn 0.0275 0.9996 0.0005
vn 0.0278 0.9996 0.0003
vn 0.0271 0.9996 -0.0003
vn 0.0272 0.9996 -0.0006
vn -0.0902 -0.9959 -0.0000
vn -0.3041 -0.9526 -0.0000
vn -0.3041 -0.9527 0.0000
vn -0.0903 -0.9959 -0.0000
vn -0.3042 -0.9526 -0.0000
vn -0.3050 -0.9523 0.0018
vn -0.0901 -0.9959 0.0019
vn -0.1912 -0.9815 -0.0043
vn -0.3315 -0.9435 -0.0001
vn -0.4556 -0.8901 -0.0093
vn -0.3423 -0.9396 0.0013
vn -0.3059 -0.9521 0.0035
vn -0.0900 -0.9959 0.0038
vn 0.1155 -0.9933 -0.0097
vn -0.7370 -0.6759 0.0017
vn -0.5478 -0.8366 0.0026
vn -0.5471 -0.8371 0.0012
vn -0.7363 -0.6766 0.0008
vn -0.5463 -0.8376 0.0000
vn -0.7355 -0.6775 0.0000
vn -0.5463 -0.8376 0.0001
vn -0.5464 -0.8375 -0.0000
vn -0.7356 -0.6774 0.0000
vn -0.5473 -0.8369 0.0007
vn -0.7349 -0.6782 -0.0002
vn -0.5498 -0.8353 0.0013
vn -0.7351 -0.6780 -0.0010
vn -0.5392 -0.8422 0.0000
vn -0.5391 -0.8422 0.0000
vn -0.5393 -0.8421 0.0005
vn -0.5413 -0.8409 -0.0008
vn -0.5434 -0.8395 -0.0016
vn -0.5395 -0.8420 0.0010
vn -0.0070 -1.0000 0.0000
vn -0.0069 -1.0000 0.0000
vn -0.0069 -1.0000 -0.0006
vn -0.0069 -1.0000 -0.0011
vn -0.0070 -1.0000 0.0006
vn -0.0070 -1.0000 0.0011
vn -0.9052 -0.4250 0.0001
vn -0.9052 -0.4250 0.0000
vn -0.9052 -0.4251 -0.0000
vn -0.9072 -0.4207 -0.0010
vn -0.9091 -0.4165 -0.0021
vn -0.9053 -0.4247 0.0003
vn -0.9055 -0.4243 0.0007
vn -0.1412 0.9900 0.0000
vn -0.1347 0.9908 0.0156
vn -0.0307 0.9995 0.0000
vn 0.1024 0.9947 -0.0074
vn 0.1024 0.9947 0.0075
vn 0.2080 -0.9779 -0.0215
vn 0.2305 -0.9731 0.0020
vn 0.2069 -0.9781 -0.0220
vn 0.2285 -0.9736 -0.0000
vn 0.2221 -0.9749 0.0156
vn 0.2069 -0.9781 -0.0221
vn 0.2082 -0.9778 -0.0226
vn 0.2307 -0.9730 -0.0020
vn 0.1024 0.9947 0.0074
vn -0.1193 0.9926 -0.0221
vn -0.1193 0.9926 -0.0220
vn 0.1024 0.9947 -0.0075
vn 0.1019 0.9948 0.0081
vn -0.0313 0.9995 0.0005
vn -0.1202 0.9925 -0.0215
vn -0.1201 0.9925 -0.0226
vn -0.0314 0.9995 -0.0005
vn 0.1019 0.9948 -0.0081
vn -0.1431 0.9897 -0.0020
vn -0.0329 0.9995 -0.0010
vn 0.1084 0.9941 -0.0010
vn 0.1084 0.9941 0.0010
vn -0.0328 0.9995 0.0010
vn -0.1429 0.9897 0.0021
vn -0.0716 0.9973 0.0161
vn -0.0716 0.9973 -0.0161
vn 0.0740 0.9972 0.0104
vn 0.0740 0.9972 -0.0105
vn 0.0740 0.9972 -0.0106
vn -0.0716 0.9973 0.0162
vn -0.0721 0.9973 -0.0143
vn 0.0734 0.9972 0.0112
vn 0.0734 0.9972 -0.0112
vn -0.0722 0.9973 0.0143
vn 0.0626 0.9980 -0.0017
vn -0.0886 0.9961 -0.0032
vn -0.0886 0.9961 0.0031
vn 0.0626 0.9980 0.0017
usemtl aiStandardSurface10SG.002
s 1
f 1262/2302/1017 1263/2303/1018 1264/2304/1019 1265/2305/1020
f 1262/2302/1017 1266/2306/1021 1267/2307/1018 1263/2303/1018
f 1262/2302/1017 1268/2308/1022 1269/2309/1023 1266/2306/1021
f 1262/2302/1017 1265/2305/1020 1270/2310/1024 1268/2308/1022
f 1268/2308/1022 1270/2310/1024 1271/2311/1025 1272/2312/1026
f 1268/2308/1022 1272/2312/1026 1273/2313/1027 1269/2309/1023
f 1272/2312/1026 1271/2311/1025 1274/2314/1028 1275/2315/1029
f 1272/2312/1026 1275/2315/1029 1276/2316/1028 1273/2313/1027
f 1275/2315/1029 1274/2314/1028 1277/2317/1030 1278/2318/1031
f 1275/2315/1029 1278/2318/1031 1279/2319/1032 1276/2316/1028
f 1278/2318/1031 1277/2317/1030 1280/2320/1033 1281/2321/1034
f 1278/2318/1031 1281/2321/1034 1282/2322/1035 1279/2319/1032
f 1281/2321/1034 1280/2320/1033 1283/2323/1036 1284/2324/1037
f 1281/2321/1034 1284/2324/1037 1285/2325/1038 1282/2322/1035
f 1284/2324/1037 1283/2323/1036 1286/2326/1039 1287/2327/1040
f 1284/2324/1037 1287/2327/1040 1288/2328/1041 1285/2325/1038
f 1287/2327/1040 1286/2326/1039 1289/2329/1042 1290/2330/1042
f 1287/2327/1040 1290/2330/1042 1291/2331/1042 1288/2328/1041
f 1290/2330/1042 1289/2329/1042 1292/2332/1043 1293/2333/1044
f 1290/2330/1042 1293/2333/1044 1294/2334/1044 1291/2331/1042
f 1274/2314/1028 1271/2311/1025 1295/2335/1045 1296/2336/1029
f 1274/2314/1028 1296/2336/1029 1297/2337/1046 1277/2317/1030
f 1277/2317/1030 1297/2337/1046 1298/2338/1033 1280/2320/1033
f 1280/2320/1033 1298/2338/1033 1299/2339/1047 1283/2323/1036
f 1283/2323/1036 1299/2339/1047 1300/2340/1048 1286/2326/1039
f 1286/2326/1039 1300/2340/1048 1301/2341/1049 1289/2329/1042
f 1289/2329/1042 1301/2341/1049 1302/2342/1050 1292/2332/1043
f 1299/2339/1047 1298/2338/1033 1303/2343/1033 1304/2344/1051
f 1299/2339/1047 1304/2344/1051 1305/2345/1052 1300/2340/1048
f 1300/2340/1048 1305/2345/1052 1306/2346/1053 1301/2341/1049
f 1301/2341/1049 1306/2346/1053 1307/2347/1054 1302/2342/1050
f 1308/2348/1055 1309/2349/1056 1310/2350/1057 1311/2351/1058
f 1308/2348/1055 1312/2352/1059 1313/2353/1060 1309/2349/1056
f 1308/2348/1055 1314/2354/1061 1315/2355/1062 1312/2352/1059
f 1308/2348/1055 1311/2351/1058 1316/2356/1063 1314/2354/1061
f 1314/2354/1061 1316/2356/1063 1317/2357/1064 1318/2358/1065
f 1314/2354/1061 1318/2358/1065 1319/2359/1066 1315/2355/1062
f 1318/2358/1065 1317/2357/1064 1320/2360/1067 1321/2361/1068
f 1318/2358/1065 1321/2361/1068 1322/2362/1069 1319/2359/1066
f 1321/2361/1068 1320/2360/1067 1323/2363/1070 1324/2364/1071
f 1321/2361/1068 1324/2364/1071 1325/2365/1072 1322/2362/1069
f 1324/2364/1071 1323/2363/1070 1326/2366/1073 1327/2367/1074
f 1324/2364/1071 1327/2367/1074 1328/2368/1075 1325/2365/1072
f 1327/2367/1074 1326/2366/1073 1329/2369/1076 1330/2370/1077
f 1327/2367/1074 1330/2370/1077 1331/2371/1078 1328/2368/1075
f 1330/2370/1077 1329/2369/1076 1332/2372/1079 1333/2373/1080
f 1330/2370/1077 1333/2373/1080 1334/2374/1081 1331/2371/1078
f 1333/2373/1080 1332/2372/1079 1335/2375/1082 1336/2376/1083
f 1333/2373/1080 1336/2376/1083 1337/2377/1084 1334/2374/1081
f 1336/2376/1083 1335/2375/1082 1338/2378/1085 1339/2379/1086
f 1336/2376/1083 1339/2379/1086 1340/2380/1087 1337/2377/1084
f 1339/2379/1086 1341/2381/1088 1342/2382/1089 1340/2380/1087
f 1339/2379/1086 1338/2378/1085 1343/2383/1090 1341/2381/1088
f 1341/2381/1088 1344/2384/1091 1345/2385/1092 1342/2382/1089
f 1341/2381/1088 1343/2383/1090 1346/2386/1093 1344/2384/1091
f 1344/2384/1091 1347/2387/1094 1348/2388/1095 1345/2385/1092
f 1344/2384/1091 1346/2386/1093 1349/2389/1096 1347/2387/1094
f 1347/2387/1094 1350/2390/1097 1351/2391/1098 1348/2388/1095
f 1347/2387/1094 1349/2389/1096 1352/2392/1099 1350/2390/1097
f 1350/2390/1097 1353/2393/1100 1354/2394/1101 1351/2391/1098
f 1350/2390/1097 1352/2392/1099 1355/2395/1102 1353/2393/1100
f 1353/2393/1100 1356/2396/1103 1357/2397/1104 1354/2394/1101
f 1353/2393/1100 1355/2395/1102 1358/2398/1105 1356/2396/1103
f 1356/2396/1103 1359/2399/1106 1360/2400/1107 1357/2397/1104
f 1356/2396/1103 1358/2398/1105 1361/2401/1108 1359/2399/1106
f 1352/2392/1099 1349/2389/1096 1362/2402/1094 1363/2403/1109
f 1352/2392/1099 1363/2403/1109 1364/2404/1110 1355/2395/1102
f 1355/2395/1102 1364/2404/1110 1365/2405/1111 1358/2398/1105
f 1358/2398/1105 1365/2405/1111 1366/2406/1112 1361/2401/1108
f 1361/2401/1108 1366/2406/1112 1367/2407/1113 1368/2408/1114
f 1361/2401/1108 1368/2408/1114 1369/2409/1115 1359/2399/1106
f 1368/2408/1114 1367/2407/1113 1370/2410/1116 1371/2411/1117
f 1368/2408/1114 1371/2411/1117 1372/2412/1118 1369/2409/1115
f 1371/2411/1117 1370/2410/1116 1373/2413/1119 1374/2414/1120
f 1371/2411/1117 1374/2414/1120 1375/2415/1121 1372/2412/1118
f 1374/2414/1120 1373/2413/1119 1376/2416/1122 1377/2417/1123
f 1374/2414/1120 1377/2417/1123 1378/2418/1124 1375/2415/1121
f 1377/2417/1123 1376/2416/1122 1379/2419/1125 1380/2420/1126
f 1377/2417/1123 1380/2420/1126 1381/2421/1127 1378/2418/1124
f 1380/2420/1126 1379/2419/1125 1382/2422/1128 1383/2423/1129
f 1380/2420/1126 1383/2423/1129 1384/2424/1130 1381/2421/1127
f 1383/2423/1129 1382/2422/1128 1385/2425/1131 1386/2426/1132
f 1383/2423/1129 1386/2426/1132 1387/2427/1133 1384/2424/1130
f 1386/2426/1132 1385/2425/1131 1388/2428/1134 1389/2429/1135
f 1386/2426/1132 1389/2429/1135 1390/2430/1136 1387/2427/1133
f 1389/2429/1135 1388/2428/1134 1391/2431/1137 1392/2432/1138
f 1389/2429/1135 1392/2432/1138 1393/2433/1139 1390/2430/1136
f 1392/2432/1138 1391/2431/1137 1394/2434/1140 1395/2435/1141
f 1392/2432/1138 1395/2435/1141 1396/2436/1142 1393/2433/1139
f 1395/2435/1141 1394/2434/1140 1397/2437/1143 1398/2438/1144
f 1395/2435/1141 1398/2438/1144 1399/2439/1145 1396/2436/1142
f 1398/2438/1144 1397/2437/1143 1400/2440/1146 1401/2441/1147
f 1398/2438/1144 1401/2441/1147 1402/2442/1148 1399/2439/1145
f 1401/2441/1147 1400/2440/1146 1403/2443/1149 1404/2444/1150
f 1401/2441/1147 1404/2444/1150 1405/2445/1151 1402/2442/1148
f 1404/2444/1150 1403/2443/1149 1406/2446/1152 1407/2447/1153
f 1404/2444/1150 1407/2447/1153 1408/2448/1154 1405/2445/1151
f 1407/2447/1153 1406/2446/1152 1409/2449/1155 1410/2450/1156
f 1407/2447/1153 1410/2450/1156 1411/2451/1157 1408/2448/1154
f 1410/2450/1156 1409/2449/1155 1412/2452/1158 1413/2453/1159
f 1410/2450/1156 1413/2453/1159 1414/2454/1160 1411/2451/1157
f 1413/2453/1159 1412/2452/1158 1415/2455/1161 1416/2456/1162
f 1413/2453/1159 1416/2456/1162 1417/2457/1163 1414/2454/1160
f 1416/2456/1162 1415/2455/1161 1418/2458/1164 1419/2459/1165
f 1416/2456/1162 1419/2459/1165 1420/2460/1166 1417/2457/1163
f 1419/2459/1165 1418/2458/1164 1421/2461/1167 1422/2462/1168
f 1419/2459/1165 1422/2462/1168 1423/2463/1169 1420/2460/1166
f 1422/2462/1168 1421/2461/1167 1424/2464/1170 1425/2465/1171
f 1422/2462/1168 1425/2465/1171 1426/2466/1172 1423/2463/1169
f 1425/2465/1171 1424/2464/1170 1427/2467/1173 1428/2468/1174
f 1425/2465/1171 1428/2468/1174 1429/2469/1175 1426/2466/1172
f 1428/2468/1174 1427/2467/1173 1430/2470/1176 1431/2471/1177
f 1428/2468/1174 1431/2471/1177 1432/2472/1178 1429/2469/1175
f 1431/2471/1177 1433/2473/1179 1434/2474/1180 1432/2472/1178
f 1431/2471/1177 1430/2470/1176 1435/2475/1181 1433/2473/1179
f 1433/2473/1179 1436/2476/1182 1437/2477/1183 1434/2474/1180
f 1433/2473/1179 1435/2475/1181 1438/2478/1184 1436/2476/1182
f 1436/2476/1182 1439/2479/1185 1440/2480/1186 1437/2477/1183
f 1436/2476/1182 1438/2478/1184 1441/2481/1187 1439/2479/1185
f 1439/2479/1185 1442/2482/1188 1443/2483/1189 1440/2480/1186
f 1439/2479/1185 1441/2481/1187 1444/2484/1190 1442/2482/1188
f 1442/2482/1188 1445/2485/1191 1446/2486/1192 1443/2483/1189
f 1442/2482/1188 1444/2484/1190 1447/2487/1193 1445/2485/1191
f 1445/2485/1191 1448/2488/1194 1449/2489/1195 1446/2486/1192
f 1445/2485/1191 1447/2487/1193 1450/2490/1194 1448/2488/1194
f 1448/2488/1194 1451/2491/1196 1452/2492/1197 1449/2489/1195
f 1448/2488/1194 1450/2490/1194 1453/2493/1196 1451/2491/1196
f 1451/2491/1198 1452/2492/1199 1455/2494/1200 1454/2495/1201
f 1451/2491/1198 1454/2495/1201 1456/2496/1201 1453/2493/1198
f 1397/2437/1143 1457/2497/1202 1458/2498/1203 1400/2440/1146
f 1397/2437/1143 1394/2434/1140 1459/2499/1204 1457/2497/1202
f 1400/2440/1146 1458/2498/1203 1460/2500/1205 1403/2443/1149
f 1403/2443/1149 1460/2500/1205 1461/2501/1206 1406/2446/1152
f 1406/2446/1152 1461/2501/1206 1462/2502/1207 1409/2449/1155
f 1409/2449/1155 1462/2502/1207 1463/2503/1208 1412/2452/1158
f 1412/2452/1158 1463/2503/1208 1464/2504/1209 1415/2455/1161
f 1415/2455/1161 1464/2504/1209 1465/2505/1210 1418/2458/1164
f 1418/2458/1164 1465/2505/1210 1466/2506/1211 1421/2461/1167
f 1421/2461/1167 1466/2506/1211 1467/2507/1212 1424/2464/1170
f 1424/2464/1170 1467/2507/1212 1468/2508/1213 1427/2467/1173
f 1427/2467/1173 1468/2508/1213 1469/2509/1214 1430/2470/1176
f 1430/2470/1176 1469/2509/1214 1470/2510/1215 1435/2475/1181
f 1435/2475/1181 1470/2510/1215 1471/2511/1216 1438/2478/1184
f 1438/2478/1184 1471/2511/1216 1472/2512/1217 1441/2481/1187
f 1441/2481/1187 1472/2512/1217 1473/2513/1218 1444/2484/1190
f 1444/2484/1190 1473/2513/1218 1474/2514/1193 1447/2487/1193
f 1447/2487/1193 1474/2514/1193 1475/2515/1194 1450/2490/1194
f 1450/2490/1194 1475/2515/1194 1476/2516/1196 1453/2493/1196
f 1453/2493/1198 1456/2496/1201 1477/2517/1201 1476/2516/1198
f 1478/2518/1219 1481/2519/1220 1480/2520/1221 1479/2521/1219
f 1482/2522/1219 1483/2523/1222 1481/2519/1220 1478/2518/1219
f 1484/2524/1223 1485/2525/1223 1486/2526/1224 1487/2527/1224
f 1484/2524/1223 1487/2527/1224 1488/2528/1225 1489/2529/1226
f 1487/2527/1224 1486/2526/1224 1490/2530/1227 1491/2531/1227
f 1487/2527/1224 1491/2531/1227 1492/2532/1228 1488/2528/1225
f 1491/2531/1227 1490/2530/1227 1493/2533/1229 1494/2534/1229
f 1491/2531/1227 1494/2534/1229 1495/2535/1230 1492/2532/1228
f 1494/2534/1229 1493/2533/1229 1496/2536/1231 1497/2537/1232
f 1494/2534/1229 1497/2537/1232 1498/2538/1231 1495/2535/1230
f 1497/2537/1232 1496/2536/1231 1499/2539/1233 1500/2540/1233
f 1497/2537/1232 1500/2540/1233 1501/2541/1233 1498/2538/1231
f 1500/2540/1233 1499/2539/1233 1502/2542/1234 1503/2543/1235
f 1500/2540/1233 1503/2543/1235 1504/2544/1234 1501/2541/1233
f 1503/2543/1235 1502/2542/1234 1505/2545/1236 1506/2546/1237
f 1503/2543/1235 1506/2546/1237 1507/2547/1238 1504/2544/1234
f 1506/2546/1237 1505/2545/1236 1508/2548/1239 1509/2549/1239
f 1506/2546/1237 1509/2549/1239 1510/2550/1240 1507/2547/1238
f 1509/2549/1239 1508/2548/1239 1511/2551/1241 1512/2552/1241
f 1509/2549/1239 1512/2552/1241 1513/2553/1242 1510/2550/1240
f 1512/2552/1241 1511/2551/1241 1514/2554/1243 1515/2555/1243
f 1512/2552/1241 1515/2555/1243 1516/2556/1244 1513/2553/1242
f 1515/2555/1243 1514/2554/1243 1517/2557/1245 1518/2558/1245
f 1515/2555/1243 1518/2558/1245 1519/2559/1245 1516/2556/1244
f 1518/2558/1245 1517/2557/1245 1520/2560/1246 1521/2561/1246
f 1518/2558/1245 1521/2561/1246 1522/2562/1246 1519/2559/1245
f 1521/2561/1246 1520/2560/1246 1523/2563/1247 1524/2564/1247
f 1521/2561/1246 1524/2564/1247 1525/2565/1247 1522/2562/1246
f 1524/2564/1247 1523/2563/1247 1526/2566/1248 1527/2567/1248
f 1524/2564/1247 1527/2567/1248 1528/2568/1248 1525/2565/1247
f 1527/2567/1248 1526/2566/1248 1529/2569/1249 1530/2570/1249
f 1527/2567/1248 1530/2570/1249 1531/2571/1250 1528/2568/1248
f 1530/2570/1249 1532/2572/1251 1533/2573/1251 1531/2571/1250
f 1530/2570/1249 1529/2569/1249 1534/2574/1251 1532/2572/1251
f 1532/2572/1251 1535/2575/1252 1536/2576/1253 1533/2573/1251
f 1532/2572/1251 1534/2574/1251 1537/2577/1252 1535/2575/1252
f 1535/2575/1252 1538/2578/1254 1539/2579/1255 1536/2576/1253
f 1535/2575/1252 1537/2577/1252 1540/2580/1254 1538/2578/1254
f 1538/2578/1254 1541/2581/1256 1542/2582/1256 1539/2579/1255
f 1538/2578/1254 1540/2580/1254 1543/2583/1257 1541/2581/1256
f 1541/2581/1256 1544/2584/1258 1545/2585/1259 1542/2582/1256
f 1541/2581/1256 1543/2583/1257 1546/2586/1258 1544/2584/1258
f 1544/2584/1258 1547/2587/1260 1548/2588/1260 1545/2585/1259
f 1544/2584/1258 1546/2586/1258 1549/2589/1260 1547/2587/1260
f 1547/2587/1260 1550/2590/1261 1551/2591/1261 1548/2588/1260
f 1547/2587/1260 1549/2589/1260 1552/2592/1261 1550/2590/1261
f 1471/2511/1216 1553/2593/1262 1554/2594/1263 1472/2512/1217
f 1471/2511/1216 1470/2510/1215 1555/2595/1264 1553/2593/1262
f 1472/2512/1217 1554/2594/1263 1556/2596/1265 1473/2513/1218
f 1473/2513/1218 1556/2596/1265 1557/2597/1266 1474/2514/1193
f 1474/2514/1193 1557/2597/1266 1558/2598/1194 1475/2515/1194
f 1475/2515/1194 1558/2598/1194 1559/2599/1196 1476/2516/1196
f 1476/2516/1198 1477/2517/1201 1560/2600/1201 1559/2599/1198
f 1479/2521/1219 1480/2520/1221 1562/2601/1267 1561/2602/1219
f 1485/2525/1223 1563/2603/1223 1564/2604/1224 1486/2526/1224
f 1486/2526/1224 1564/2604/1224 1565/2605/1228 1490/2530/1227
f 1490/2530/1227 1565/2605/1228 1566/2606/1229 1493/2533/1229
f 1493/2533/1229 1566/2606/1229 1567/2607/1231 1496/2536/1231
f 1496/2536/1231 1567/2607/1231 1568/2608/1233 1499/2539/1233
f 1499/2539/1233 1568/2608/1233 1569/2609/1235 1502/2542/1234
f 1502/2542/1234 1569/2609/1235 1570/2610/1236 1505/2545/1236
f 1505/2545/1236 1570/2610/1236 1571/2611/1240 1508/2548/1239
f 1508/2548/1239 1571/2611/1240 1572/2612/1241 1511/2551/1241
f 1511/2551/1241 1572/2612/1241 1573/2613/1268 1514/2554/1243
f 1514/2554/1243 1573/2613/1268 1574/2614/1245 1517/2557/1245
f 1517/2557/1245 1574/2614/1245 1575/2615/1246 1520/2560/1246
f 1520/2560/1246 1575/2615/1246 1576/2616/1269 1523/2563/1247
f 1523/2563/1247 1576/2616/1269 1577/2617/1248 1526/2566/1248
f 1526/2566/1248 1577/2617/1248 1578/2618/1249 1529/2569/1249
f 1529/2569/1249 1578/2618/1249 1579/2619/1251 1534/2574/1251
f 1534/2574/1251 1579/2619/1251 1580/2620/1252 1537/2577/1252
f 1537/2577/1252 1580/2620/1252 1581/2621/1254 1540/2580/1254
f 1540/2580/1254 1581/2621/1254 1582/2622/1256 1543/2583/1257
f 1543/2583/1257 1582/2622/1256 1583/2623/1258 1546/2586/1258
f 1546/2586/1258 1583/2623/1258 1584/2624/1260 1549/2589/1260
f 1549/2589/1260 1584/2624/1260 1585/2625/1261 1552/2592/1261
f 1552/2592/1261 1585/2625/1261 1586/2626/1270 1587/2627/1270
f 1552/2592/1261 1587/2627/1270 1588/2628/1270 1550/2590/1261
f 1587/2627/1270 1586/2626/1270 1589/2629/1271 1590/2630/1272
f 1587/2627/1270 1590/2630/1272 1591/2631/1272 1588/2628/1270
f 1590/2630/1272 1589/2629/1271 1592/2632/1273 1593/2633/1273
f 1590/2630/1272 1593/2633/1273 1594/2634/1273 1591/2631/1272
f 1593/2633/1273 1592/2632/1273 1595/2635/1274 1596/2636/1275
f 1593/2633/1273 1596/2636/1275 1597/2637/1275 1594/2634/1273
f 1596/2636/1275 1595/2635/1274 1598/2638/1276 1599/2639/1276
f 1596/2636/1275 1599/2639/1276 1600/2640/1276 1597/2637/1275
f 1599/2639/1276 1598/2638/1276 1601/2641/1277 1602/2642/1277
f 1599/2639/1276 1602/2642/1277 1603/2643/1277 1600/2640/1276
f 1602/2642/1277 1601/2641/1277 1604/2644/1278 1605/2645/1278
f 1602/2642/1277 1605/2645/1278 1606/2646/1278 1603/2643/1277
f 1605/2645/1278 1604/2644/1278 1607/2647/1279 1608/2648/1280
f 1605/2645/1278 1608/2648/1280 1609/2649/1280 1606/2646/1278
f 1608/2648/1280 1607/2647/1279 1610/2650/1281 1611/2651/1282
f 1608/2648/1280 1611/2651/1282 1612/2652/1282 1609/2649/1280
f 1611/2651/1282 1610/2650/1281 1613/2653/1283 1614/2654/1284
f 1611/2651/1282 1614/2654/1284 1615/2655/1283 1612/2652/1282
f 1614/2654/1284 1613/2653/1283 1616/2656/1285 1617/2657/1286
f 1614/2654/1284 1617/2657/1286 1618/2658/1287 1615/2655/1283
f 1617/2657/1286 1616/2656/1285 1619/2659/1288 1620/2660/1289
f 1617/2657/1286 1620/2660/1289 1621/2661/1290 1618/2658/1287
f 1620/2660/1289 1619/2659/1288 1622/2662/1291 1623/2663/1292
f 1620/2660/1289 1623/2663/1292 1624/2664/1293 1621/2661/1290
f 1623/2663/1292 1622/2662/1291 1625/2665/1294 1626/2666/1294
f 1623/2663/1292 1626/2666/1294 1627/2667/1294 1624/2664/1293
f 1626/2666/1294 1625/2665/1294 1628/2668/1295 1629/2669/1296
f 1626/2666/1294 1629/2669/1296 1630/2670/1296 1627/2667/1294
f 1629/2669/1296 1628/2668/1295 1631/2671/1297 1632/2672/1297
f 1629/2669/1296 1632/2672/1297 1633/2673/1297 1630/2670/1296
f 1632/2672/1297 1631/2671/1297 1634/2674/1298 1635/2675/1298
f 1632/2672/1297 1635/2675/1298 1636/2676/1298 1633/2673/1297
f 1635/2675/1298 1634/2674/1298 1637/2677/1299 1638/2678/1299
f 1635/2675/1298 1638/2678/1299 1639/2679/1300 1636/2676/1298
f 1638/2678/1299 1637/2677/1299 1640/2680/1301 1641/2681/1301
f 1638/2678/1299 1641/2681/1301 1642/2682/1301 1639/2679/1300
f 1641/2681/1301 1640/2680/1301 1643/2683/1302 1644/2684/1302
f 1641/2681/1301 1644/2684/1302 1645/2685/1303 1642/2682/1301
f 1644/2684/1302 1643/2683/1302 1646/2686/1304 1647/2687/1305
f 1644/2684/1302 1647/2687/1305 1648/2688/1305 1645/2685/1303
f 1647/2687/1305 1646/2686/1304 1649/2689/1306 1650/2690/1306
f 1647/2687/1305 1650/2690/1306 1651/2691/1306 1648/2688/1305
f 1650/2690/1306 1652/2692/1307 1653/2693/1307 1651/2691/1306
f 1650/2690/1306 1649/2689/1306 1654/2694/1307 1652/2692/1307
f 1652/2692/1307 1655/2695/1308 1656/2696/1308 1653/2693/1307
f 1652/2692/1307 1654/2694/1307 1657/2697/1309 1655/2695/1308
f 1655/2695/1308 1658/2698/1310 1659/2699/1310 1656/2696/1308
f 1655/2695/1308 1657/2697/1309 1660/2700/1310 1658/2698/1310
f 1658/2698/1310 1661/2701/1311 1662/2702/1312 1659/2699/1310
f 1658/2698/1310 1660/2700/1310 1663/2703/1311 1661/2701/1311
f 1661/2701/1311 1664/2704/1313 1665/2705/1313 1662/2702/1312
f 1661/2701/1311 1663/2703/1311 1666/2706/1313 1664/2704/1313
f 1664/2704/1313 1667/2707/1314 1668/2708/1314 1665/2705/1313
f 1664/2704/1313 1666/2706/1313 1669/2709/1315 1667/2707/1314
f 1667/2707/1314 1670/2710/1316 1671/2711/1317 1668/2708/1314
f 1667/2707/1314 1669/2709/1315 1672/2712/1316 1670/2710/1316
f 1563/2603/1223 1673/2713/1223 1674/2714/1318 1564/2604/1224
f 1564/2604/1224 1674/2714/1318 1675/2715/1319 1565/2605/1228
f 1565/2605/1228 1675/2715/1319 1676/2716/1229 1566/2606/1229
f 1566/2606/1229 1676/2716/1229 1677/2717/1231 1567/2607/1231
f 1567/2607/1231 1677/2717/1231 1678/2718/1233 1568/2608/1233
f 1568/2608/1233 1678/2718/1233 1679/2719/1234 1569/2609/1235
f 1569/2609/1235 1679/2719/1234 1680/2720/1236 1570/2610/1236
f 1570/2610/1236 1680/2720/1236 1681/2721/1240 1571/2611/1240
f 1571/2611/1240 1681/2721/1240 1682/2722/1241 1572/2612/1241
f 1572/2612/1241 1682/2722/1241 1683/2723/1268 1573/2613/1268
f 1573/2613/1268 1683/2723/1268 1684/2724/1245 1574/2614/1245
f 1574/2614/1245 1684/2724/1245 1685/2725/1320 1575/2615/1246
f 1575/2615/1246 1685/2725/1320 1686/2726/1269 1576/2616/1269
f 1576/2616/1269 1686/2726/1269 1687/2727/1321 1577/2617/1248
f 1577/2617/1248 1687/2727/1321 1688/2728/1322 1578/2618/1249
f 1578/2618/1249 1688/2728/1322 1689/2729/1251 1579/2619/1251
f 1579/2619/1251 1689/2729/1251 1690/2730/1252 1580/2620/1252
f 1580/2620/1252 1690/2730/1252 1691/2731/1254 1581/2621/1254
f 1581/2621/1254 1691/2731/1254 1692/2732/1257 1582/2622/1256
f 1582/2622/1256 1692/2732/1257 1693/2733/1259 1583/2623/1258
f 1583/2623/1258 1693/2733/1259 1694/2734/1260 1584/2624/1260
f 1584/2624/1260 1694/2734/1260 1695/2735/1261 1585/2625/1261
f 1585/2625/1261 1695/2735/1261 1696/2736/1270 1586/2626/1270
f 1586/2626/1270 1696/2736/1270 1697/2737/1271 1589/2629/1271
f 1589/2629/1271 1697/2737/1271 1698/2738/1273 1592/2632/1273
f 1592/2632/1273 1698/2738/1273 1699/2739/1275 1595/2635/1274
f 1595/2635/1274 1699/2739/1275 1700/2740/1276 1598/2638/1276
f 1598/2638/1276 1700/2740/1276 1701/2741/1277 1601/2641/1277
f 1601/2641/1277 1701/2741/1277 1702/2742/1278 1604/2644/1278
f 1604/2644/1278 1702/2742/1278 1703/2743/1279 1607/2647/1279
f 1607/2647/1279 1703/2743/1279 1704/2744/1281 1610/2650/1281
f 1610/2650/1281 1704/2744/1281 1705/2745/1283 1613/2653/1283
f 1613/2653/1283 1705/2745/1283 1706/2746/1285 1616/2656/1285
f 1616/2656/1285 1706/2746/1285 1707/2747/1290 1619/2659/1288
f 1619/2659/1288 1707/2747/1290 1708/2748/1323 1622/2662/1291
f 1622/2662/1291 1708/2748/1323 1709/2749/1324 1625/2665/1294
f 1625/2665/1294 1709/2749/1324 1710/2750/1325 1628/2668/1295
f 1628/2668/1295 1710/2750/1325 1711/2751/1297 1631/2671/1297
f 1631/2671/1297 1711/2751/1297 1712/2752/1298 1634/2674/1298
f 1634/2674/1298 1712/2752/1298 1713/2753/1299 1637/2677/1299
f 1637/2677/1299 1713/2753/1299 1714/2754/1301 1640/2680/1301
f 1640/2680/1301 1714/2754/1301 1715/2755/1302 1643/2683/1302
f 1643/2683/1302 1715/2755/1302 1716/2756/1304 1646/2686/1304
f 1646/2686/1304 1716/2756/1304 1717/2757/1326 1649/2689/1306
f 1649/2689/1306 1717/2757/1326 1718/2758/1307 1654/2694/1307
f 1654/2694/1307 1718/2758/1307 1719/2759/1308 1657/2697/1309
f 1657/2697/1309 1719/2759/1308 1720/2760/1310 1660/2700/1310
f 1660/2700/1310 1720/2760/1310 1721/2761/1311 1663/2703/1311
f 1686/2726/1269 1722/2762/1269 1723/2763/1327 1687/2727/1321
f 1686/2726/1269 1685/2725/1320 1724/2764/1320 1722/2762/1269
f 1687/2727/1321 1723/2763/1327 1725/2765/1328 1688/2728/1322
f 1688/2728/1322 1725/2765/1328 1726/2766/1251 1689/2729/1251
f 1689/2729/1251 1726/2766/1251 1727/2767/1253 1690/2730/1252
f 1690/2730/1252 1727/2767/1253 1728/2768/1329 1691/2731/1254
f 1691/2731/1254 1728/2768/1329 1729/2769/1257 1692/2732/1257
f 1692/2732/1257 1729/2769/1257 1730/2770/1330 1693/2733/1259
f 1693/2733/1259 1730/2770/1330 1731/2771/1331 1694/2734/1260
f 1694/2734/1260 1731/2771/1331 1732/2772/1332 1695/2735/1261
f 1695/2735/1261 1732/2772/1332 1733/2773/1333 1696/2736/1270
f 1696/2736/1270 1733/2773/1333 1734/2774/1334 1697/2737/1271
f 1697/2737/1271 1734/2774/1334 1735/2775/1335 1698/2738/1273
f 1698/2738/1273 1735/2775/1335 1736/2776/1336 1699/2739/1275
f 1699/2739/1275 1736/2776/1336 1737/2777/1337 1700/2740/1276
f 1700/2740/1276 1737/2777/1337 1738/2778/1338 1701/2741/1277
f 1701/2741/1277 1738/2778/1338 1739/2779/1339 1702/2742/1278
f 1702/2742/1278 1739/2779/1339 1740/2780/1279 1703/2743/1279
f 1703/2743/1279 1740/2780/1279 1741/2781/1282 1704/2744/1281
f 1704/2744/1281 1741/2781/1282 1742/2782/1340 1705/2745/1283
f 1705/2745/1283 1742/2782/1340 1743/2783/1286 1706/2746/1285
f 1706/2746/1285 1743/2783/1286 1744/2784/1341 1707/2747/1290
f 1707/2747/1290 1744/2784/1341 1745/2785/1292 1708/2748/1323
f 1708/2748/1323 1745/2785/1292 1746/2786/1342 1709/2749/1324
f 1709/2749/1324 1746/2786/1342 1747/2787/1343 1710/2750/1325
f 1710/2750/1325 1747/2787/1343 1748/2788/1297 1711/2751/1297
f 1711/2751/1297 1748/2788/1297 1749/2789/1344 1712/2752/1298
f 1712/2752/1298 1749/2789/1344 1750/2790/1345 1713/2753/1299
f 1713/2753/1299 1750/2790/1345 1751/2791/1301 1714/2754/1301
f 1714/2754/1301 1751/2791/1301 1752/2792/1346 1715/2755/1302
f 1715/2755/1302 1752/2792/1346 1753/2793/1347 1716/2756/1304
f 1716/2756/1304 1753/2793/1347 1754/2794/1348 1717/2757/1326
f 1717/2757/1326 1754/2794/1348 1755/2795/1349 1718/2758/1307
f 1736/2776/1336 1756/2796/1350 1757/2797/1351 1737/2777/1337
f 1736/2776/1336 1735/2775/1335 1758/2798/1352 1756/2796/1350
f 1737/2777/1337 1757/2797/1351 1759/2799/1353 1738/2778/1338
f 1738/2778/1338 1759/2799/1353 1760/2800/1354 1739/2779/1339
f 1739/2779/1339 1760/2800/1354 1761/2801/1280 1740/2780/1279
f 1740/2780/1279 1761/2801/1280 1762/2802/1282 1741/2781/1282
f 1741/2781/1282 1762/2802/1282 1763/2803/1340 1742/2782/1340
f 1742/2782/1340 1763/2803/1340 1764/2804/1355 1743/2783/1286
f 1743/2783/1286 1764/2804/1355 1765/2805/1356 1744/2784/1341
f 1744/2784/1341 1765/2805/1356 1766/2806/1291 1745/2785/1292
f 1745/2785/1292 1766/2806/1291 1767/2807/1357 1746/2786/1342
f 1746/2786/1342 1767/2807/1357 1768/2808/1358 1747/2787/1343
f 1747/2787/1343 1768/2808/1358 1769/2809/1359 1748/2788/1297
f 1748/2788/1297 1769/2809/1359 1770/2810/1360 1749/2789/1344
f 1749/2789/1344 1770/2810/1360 1771/2811/1361 1750/2790/1345
f 1750/2790/1345 1771/2811/1361 1772/2812/1301 1751/2791/1301
f 1751/2791/1301 1772/2812/1301 1773/2813/1362 1752/2792/1346
f 1774/2814/1363 1775/2815/1364 1776/2816/1365 1777/2817/1366
f 1774/2814/1363 1778/2818/1367 1779/2819/1368 1775/2815/1364
f 1774/2814/1363 1780/2820/1369 1781/2821/1370 1778/2818/1367
f 1774/2814/1363 1777/2817/1366 1782/2822/1371 1780/2820/1369
f 1777/2817/1366 1776/2816/1365 1783/2823/1372 1784/2824/1373
f 1777/2817/1366 1784/2824/1373 1785/2825/1374 1782/2822/1371
f 1784/2824/1373 1783/2823/1372 1786/2826/1375 1787/2827/1376
f 1784/2824/1373 1787/2827/1376 1788/2828/1377 1785/2825/1374
f 1787/2827/1376 1786/2826/1375 1789/2829/1378 1790/2830/1379
f 1787/2827/1376 1790/2830/1379 1791/2831/1380 1788/2828/1377
f 1790/2830/1379 1789/2829/1378 1792/2832/1381 1793/2833/1382
f 1790/2830/1379 1793/2833/1382 1794/2834/1383 1791/2831/1380
f 1793/2833/1382 1792/2832/1381 1795/2835/1384 1796/2836/1385
f 1793/2833/1382 1796/2836/1385 1797/2837/1386 1794/2834/1383
f 1796/2836/1385 1795/2835/1384 1798/2838/1387 1799/2839/1388
f 1796/2836/1385 1799/2839/1388 1800/2840/1389 1797/2837/1386
f 1799/2839/1388 1798/2838/1387 1801/2841/1390 1802/2842/1391
f 1799/2839/1388 1802/2842/1391 1803/2843/1392 1800/2840/1389
f 1802/2842/1391 1801/2841/1390 1804/2844/1393 1805/2845/1394
f 1802/2842/1391 1805/2845/1394 1806/2846/1395 1803/2843/1392
f 1805/2845/1394 1804/2844/1393 1807/2847/1396 1808/2848/1397
f 1805/2845/1394 1808/2848/1397 1809/2849/1398 1806/2846/1395
f 1808/2848/1397 1807/2847/1396 1810/2850/1399 1811/2851/1400
f 1808/2848/1397 1811/2851/1400 1812/2852/1401 1809/2849/1398
f 1811/2851/1400 1810/2850/1399 1310/2350/1057 1309/2349/1056
f 1811/2851/1400 1309/2349/1056 1313/2353/1060 1812/2852/1401
f 1775/2815/1364 1813/2853/1402 1814/2854/1403 1776/2816/1365
f 1775/2815/1364 1779/2819/1368 1815/2855/1404 1813/2853/1402
f 1776/2816/1365 1814/2854/1403 1816/2856/1405 1783/2823/1372
f 1783/2823/1372 1816/2856/1405 1817/2857/1406 1786/2826/1375
f 1786/2826/1375 1817/2857/1406 1818/2858/1407 1789/2829/1378
f 1789/2829/1378 1818/2858/1407 1819/2859/1408 1792/2832/1381
f 1792/2832/1381 1819/2859/1408 1820/2860/1409 1795/2835/1384
f 1795/2835/1384 1820/2860/1409 1821/2861/1410 1798/2838/1387
f 1798/2838/1387 1821/2861/1410 1822/2862/1411 1801/2841/1390
f 1801/2841/1390 1822/2862/1411 1823/2863/1412 1804/2844/1393
f 1804/2844/1393 1823/2863/1412 1824/2864/1413 1807/2847/1396
f 1807/2847/1396 1824/2864/1413 1825/2865/1414 1810/2850/1399
f 1810/2850/1399 1825/2865/1414 1826/2866/1415 1310/2350/1057
f 1310/2350/1057 1826/2866/1415 1827/2867/1416 1311/2351/1058
f 1311/2351/1058 1827/2867/1416 1828/2868/1417 1316/2356/1063
f 1316/2356/1063 1828/2868/1417 1829/2869/1418 1317/2357/1064
f 1317/2357/1064 1829/2869/1418 1830/2870/1419 1320/2360/1067
f 1320/2360/1067 1830/2870/1419 1831/2871/1420 1323/2363/1070
f 1323/2363/1070 1831/2871/1420 1832/2872/1421 1326/2366/1073
f 1326/2366/1073 1832/2872/1421 1833/2873/1422 1329/2369/1076
f 1329/2369/1076 1833/2873/1422 1834/2874/1423 1332/2372/1079
f 1332/2372/1079 1834/2874/1423 1835/2875/1424 1335/2375/1082
f 1335/2375/1082 1835/2875/1424 1836/2876/1425 1338/2378/1085
f 1338/2378/1085 1836/2876/1425 1837/2877/1426 1343/2383/1090
f 1343/2383/1090 1837/2877/1426 1838/2878/1427 1346/2386/1093
f 1346/2386/1093 1838/2878/1427 1362/2402/1094 1349/2389/1096
f 1815/2855/1404 1839/2879/1428 1840/2880/1429 1813/2853/1402
f 1815/2855/1404 1841/2881/1430 1842/2882/1431 1839/2879/1428
f 1815/2855/1404 1779/2819/1368 1843/2883/1432 1841/2881/1430
f 1813/2853/1402 1840/2880/1429 1844/2884/1433 1814/2854/1403
f 1814/2854/1403 1844/2884/1433 1845/2885/1434 1816/2856/1405
f 1816/2856/1405 1845/2885/1434 1846/2886/1435 1817/2857/1406
f 1817/2857/1406 1846/2886/1435 1847/2887/1436 1818/2858/1407
f 1818/2858/1407 1847/2887/1436 1848/2888/1437 1819/2859/1408
f 1819/2859/1408 1848/2888/1437 1849/2889/1438 1820/2860/1409
f 1820/2860/1409 1849/2889/1438 1850/2890/1439 1821/2861/1410
f 1821/2861/1410 1850/2890/1439 1851/2891/1440 1822/2862/1411
f 1822/2862/1411 1851/2891/1440 1852/2892/1441 1823/2863/1412
f 1823/2863/1412 1852/2892/1441 1853/2893/1442 1824/2864/1413
f 1824/2864/1413 1853/2893/1442 1854/2894/1443 1825/2865/1414
f 1825/2865/1414 1854/2894/1443 1855/2895/1444 1826/2866/1415
f 1826/2866/1415 1855/2895/1444 1856/2896/1445 1827/2867/1416
f 1827/2867/1416 1856/2896/1445 1857/2897/1446 1828/2868/1417
f 1828/2868/1417 1857/2897/1446 1858/2898/1447 1829/2869/1418
f 1829/2869/1418 1858/2898/1447 1859/2899/1448 1830/2870/1419
f 1830/2870/1419 1859/2899/1448 1860/2900/1449 1831/2871/1420
f 1831/2871/1420 1860/2900/1449 1861/2901/1450 1832/2872/1421
f 1832/2872/1421 1861/2901/1450 1862/2902/1451 1833/2873/1422
f 1833/2873/1422 1862/2902/1451 1863/2903/1452 1834/2874/1423
f 1834/2874/1423 1863/2903/1452 1864/2904/1453 1835/2875/1424
f 1835/2875/1424 1864/2904/1453 1865/2905/1454 1836/2876/1425
f 1836/2876/1425 1865/2905/1454 1866/2906/1426 1837/2877/1426
f 1837/2877/1426 1866/2906/1426 1867/2907/1455 1838/2878/1427
f 1838/2878/1427 1867/2907/1455 1868/2908/1456 1362/2402/1094
f 1362/2402/1094 1868/2908/1456 1869/2909/1457 1363/2403/1109
f 1363/2403/1109 1869/2909/1457 1870/2910/1102 1364/2404/1110
f 1364/2404/1110 1870/2910/1102 1871/2911/1111 1365/2405/1111
f 1365/2405/1111 1871/2911/1111 1872/2912/1458 1366/2406/1112
f 1366/2406/1112 1872/2912/1458 1873/2913/1459 1367/2407/1113
f 1367/2407/1113 1873/2913/1459 1874/2914/1460 1370/2410/1116
f 1370/2410/1116 1874/2914/1460 1875/2915/1461 1373/2413/1119
f 1373/2413/1119 1875/2915/1461 1876/2916/1462 1376/2416/1122
f 1376/2416/1122 1876/2916/1462 1877/2917/1463 1379/2419/1125
f 1379/2419/1125 1877/2917/1463 1878/2918/1464 1382/2422/1128
f 1382/2422/1128 1878/2918/1464 1879/2919/1465 1385/2425/1131
f 1385/2425/1131 1879/2919/1465 1880/2920/1466 1388/2428/1134
f 1388/2428/1134 1880/2920/1466 1881/2921/1467 1391/2431/1137
f 1391/2431/1137 1881/2921/1467 1459/2499/1204 1394/2434/1140
f 1839/2879/1428 1882/2922/1468 1883/2923/1469 1840/2880/1429
f 1839/2879/1428 1842/2882/1431 1884/2924/1470 1882/2922/1468
f 1840/2880/1429 1883/2923/1469 1885/2925/1471 1844/2884/1433
f 1844/2884/1433 1885/2925/1471 1886/2926/1472 1845/2885/1434
f 1845/2885/1434 1886/2926/1472 1887/2927/1473 1846/2886/1435
f 1846/2886/1435 1887/2927/1473 1888/2928/1474 1847/2887/1436
f 1847/2887/1436 1888/2928/1474 1889/2929/1475 1848/2888/1437
f 1848/2888/1437 1889/2929/1475 1890/2930/1476 1849/2889/1438
f 1849/2889/1438 1890/2930/1476 1891/2931/1477 1850/2890/1439
f 1850/2890/1439 1891/2931/1477 1892/2932/1478 1851/2891/1440
f 1851/2891/1440 1892/2932/1478 1893/2933/1479 1852/2892/1441
f 1852/2892/1441 1893/2933/1479 1894/2934/1480 1853/2893/1442
f 1853/2893/1442 1894/2934/1480 1895/2935/1481 1854/2894/1443
f 1854/2894/1443 1895/2935/1481 1896/2936/1482 1855/2895/1444
f 1855/2895/1444 1896/2936/1482 1897/2937/1483 1856/2896/1445
f 1856/2896/1445 1897/2937/1483 1898/2938/1484 1857/2897/1446
f 1857/2897/1446 1898/2938/1484 1899/2939/1485 1858/2898/1447
f 1858/2898/1447 1899/2939/1485 1900/2940/1486 1859/2899/1448
f 1859/2899/1448 1900/2940/1486 1901/2941/1487 1860/2900/1449
f 1860/2900/1449 1901/2941/1487 1902/2942/1488 1861/2901/1450
f 1861/2901/1450 1902/2942/1488 1903/2943/1489 1862/2902/1451
f 1862/2902/1451 1903/2943/1489 1904/2944/1490 1863/2903/1452
f 1863/2903/1452 1904/2944/1490 1905/2945/1491 1864/2904/1453
f 1864/2904/1453 1905/2945/1491 1906/2946/1492 1865/2905/1454
f 1865/2905/1454 1906/2946/1492 1907/2947/1493 1866/2906/1426
f 1866/2906/1426 1907/2947/1493 1908/2948/1494 1867/2907/1455
f 1867/2907/1455 1908/2948/1494 1909/2949/1456 1868/2908/1456
f 1868/2908/1456 1909/2949/1456 1910/2950/1495 1869/2909/1457
f 1869/2909/1457 1910/2950/1495 1911/2951/1496 1870/2910/1102
f 1870/2910/1102 1911/2951/1496 1912/2952/1111 1871/2911/1111
f 1871/2911/1111 1912/2952/1111 1913/2953/1497 1872/2912/1458
f 1872/2912/1458 1913/2953/1497 1914/2954/1498 1873/2913/1459
f 1873/2913/1459 1914/2954/1498 1915/2955/1499 1874/2914/1460
f 1874/2914/1460 1915/2955/1499 1916/2956/1500 1875/2915/1461
f 1875/2915/1461 1916/2956/1500 1917/2957/1501 1876/2916/1462
f 1876/2916/1462 1917/2957/1501 1918/2958/1502 1877/2917/1463
f 1877/2917/1463 1918/2958/1502 1919/2959/1503 1878/2918/1464
f 1878/2918/1464 1919/2959/1503 1920/2960/1504 1879/2919/1465
f 1879/2919/1465 1920/2960/1504 1921/2961/1505 1880/2920/1466
f 1880/2920/1466 1921/2961/1505 1922/2962/1506 1881/2921/1467
f 1881/2921/1467 1922/2962/1506 1923/2963/1507 1459/2499/1204
f 1459/2499/1204 1923/2963/1507 1924/2964/1508 1457/2497/1202
f 1457/2497/1202 1924/2964/1508 1925/2965/1509 1458/2498/1203
f 1458/2498/1203 1925/2965/1509 1926/2966/1510 1460/2500/1205
f 1460/2500/1205 1926/2966/1510 1927/2967/1511 1461/2501/1206
f 1461/2501/1206 1927/2967/1511 1928/2968/1512 1462/2502/1207
f 1462/2502/1207 1928/2968/1512 1929/2969/1513 1463/2503/1208
f 1463/2503/1208 1929/2969/1513 1930/2970/1514 1464/2504/1209
f 1464/2504/1209 1930/2970/1514 1931/2971/1515 1465/2505/1210
f 1465/2505/1210 1931/2971/1515 1932/2972/1516 1466/2506/1211
f 1466/2506/1211 1932/2972/1516 1933/2973/1517 1467/2507/1212
f 1467/2507/1212 1933/2973/1517 1934/2974/1518 1468/2508/1213
f 1468/2508/1213 1934/2974/1518 1935/2975/1519 1469/2509/1214
f 1469/2509/1214 1935/2975/1519 1555/2595/1264 1470/2510/1215
f 1882/2922/1468 1936/2976/1520 1937/2977/1521 1883/2923/1469
f 1882/2922/1468 1884/2924/1470 1938/2978/1522 1936/2976/1520
f 1883/2923/1469 1937/2977/1521 1939/2979/1523 1885/2925/1471
f 1885/2925/1471 1939/2979/1523 1940/2980/1524 1886/2926/1472
f 1886/2926/1472 1940/2980/1524 1941/2981/1525 1887/2927/1473
f 1887/2927/1473 1941/2981/1525 1942/2982/1526 1888/2928/1474
f 1888/2928/1474 1942/2982/1526 1943/2983/1527 1889/2929/1475
f 1889/2929/1475 1943/2983/1527 1944/2984/1528 1890/2930/1476
f 1890/2930/1476 1944/2984/1528 1945/2985/1529 1891/2931/1477
f 1891/2931/1477 1945/2985/1529 1946/2986/1530 1892/2932/1478
f 1892/2932/1478 1946/2986/1530 1947/2987/1531 1893/2933/1479
f 1893/2933/1479 1947/2987/1531 1948/2988/1532 1894/2934/1480
f 1894/2934/1480 1948/2988/1532 1949/2989/1533 1895/2935/1481
f 1895/2935/1481 1949/2989/1533 1950/2990/1534 1896/2936/1482
f 1896/2936/1482 1950/2990/1534 1951/2991/1535 1897/2937/1483
f 1897/2937/1483 1951/2991/1535 1952/2992/1536 1898/2938/1484
f 1898/2938/1484 1952/2992/1536 1953/2993/1537 1899/2939/1485
f 1899/2939/1485 1953/2993/1537 1954/2994/1538 1900/2940/1486
f 1900/2940/1486 1954/2994/1538 1955/2995/1539 1901/2941/1487
f 1901/2941/1487 1955/2995/1539 1956/2996/1540 1902/2942/1488
f 1902/2942/1488 1956/2996/1540 1957/2997/1541 1903/2943/1489
f 1903/2943/1489 1957/2997/1541 1958/2998/1542 1904/2944/1490
f 1904/2944/1490 1958/2998/1542 1959/2999/1543 1905/2945/1491
f 1905/2945/1491 1959/2999/1543 1960/3000/1544 1906/2946/1492
f 1906/2946/1492 1960/3000/1544 1961/3001/1545 1907/2947/1493
f 1907/2947/1493 1961/3001/1545 1962/3002/1494 1908/2948/1494
f 1908/2948/1494 1962/3002/1494 1963/3003/1546 1909/2949/1456
f 1909/2949/1456 1963/3003/1546 1964/3004/1495 1910/2950/1495
f 1910/2950/1495 1964/3004/1495 1965/3005/1547 1911/2951/1496
f 1911/2951/1496 1965/3005/1547 1966/3006/1548 1912/2952/1111
f 1912/2952/1111 1966/3006/1548 1967/3007/1549 1913/2953/1497
f 1913/2953/1497 1967/3007/1549 1968/3008/1550 1914/2954/1498
f 1914/2954/1498 1968/3008/1550 1969/3009/1551 1915/2955/1499
f 1915/2955/1499 1969/3009/1551 1970/3010/1552 1916/2956/1500
f 1916/2956/1500 1970/3010/1552 1971/3011/1553 1917/2957/1501
f 1917/2957/1501 1971/3011/1553 1972/3012/1554 1918/2958/1502
f 1918/2958/1502 1972/3012/1554 1973/3013/1555 1919/2959/1503
f 1919/2959/1503 1973/3013/1555 1974/3014/1556 1920/2960/1504
f 1920/2960/1504 1974/3014/1556 1975/3015/1557 1921/2961/1505
f 1921/2961/1505 1975/3015/1557 1976/3016/1558 1922/2962/1506
f 1922/2962/1506 1976/3016/1558 1977/3017/1559 1923/2963/1507
f 1923/2963/1507 1977/3017/1559 1978/3018/1560 1924/2964/1508
f 1924/2964/1508 1978/3018/1560 1979/3019/1561 1925/2965/1509
f 1925/2965/1509 1979/3019/1561 1980/3020/1562 1926/2966/1510
f 1926/2966/1510 1980/3020/1562 1981/3021/1563 1927/2967/1511
f 1927/2967/1511 1981/3021/1563 1982/3022/1564 1928/2968/1512
f 1928/2968/1512 1982/3022/1564 1983/3023/1565 1929/2969/1513
f 1929/2969/1513 1983/3023/1565 1984/3024/1566 1930/2970/1514
f 1930/2970/1514 1984/3024/1566 1985/3025/1567 1931/2971/1515
f 1931/2971/1515 1985/3025/1567 1986/3026/1568 1932/2972/1516
f 1932/2972/1516 1986/3026/1568 1987/3027/1569 1933/2973/1517
f 1933/2973/1517 1987/3027/1569 1988/3028/1570 1934/2974/1518
f 1934/2974/1518 1988/3028/1570 1989/3029/1571 1935/2975/1519
f 1935/2975/1519 1989/3029/1571 1990/3030/1572 1555/2595/1264
f 1555/2595/1264 1990/3030/1572 1991/3031/1573 1553/2593/1262
f 1553/2593/1262 1991/3031/1573 1992/3032/1574 1554/2594/1263
f 1554/2594/1263 1992/3032/1574 1993/3033/1575 1556/2596/1265
f 1556/2596/1265 1993/3033/1575 1994/3034/1576 1557/2597/1266
f 1557/2597/1266 1994/3034/1576 1995/3035/1194 1558/2598/1194
f 1558/2598/1194 1995/3035/1194 1996/3036/1196 1559/2599/1196
f 1559/2599/1198 1560/2600/1201 1997/3037/1201 1996/3036/1198
f 1561/2602/1219 1562/2601/1267 1999/3038/1577 1998/3039/1219
f 1938/2978/1522 2000/3040/1578 2001/3041/1579 1936/2976/1520
f 1938/2978/1522 2002/3042/1580 2003/3043/1581 2000/3040/1578
f 1938/2978/1522 1884/2924/1470 2004/3044/1582 2002/3042/1580
f 1936/2976/1520 2001/3041/1579 2005/3045/1583 1937/2977/1521
f 1937/2977/1521 2005/3045/1583 2006/3046/1584 1939/2979/1523
f 1939/2979/1523 2006/3046/1584 2007/3047/1585 1940/2980/1524
f 1940/2980/1524 2007/3047/1585 2008/3048/1586 1941/2981/1525
f 1941/2981/1525 2008/3048/1586 2009/3049/1587 1942/2982/1526
f 1942/2982/1526 2009/3049/1587 2010/3050/1588 1943/2983/1527
f 1943/2983/1527 2010/3050/1588 2011/3051/1589 1944/2984/1528
f 1944/2984/1528 2011/3051/1589 2012/3052/1590 1945/2985/1529
f 1945/2985/1529 2012/3052/1590 2013/3053/1591 1946/2986/1530
f 1946/2986/1530 2013/3053/1591 2014/3054/1592 1947/2987/1531
f 1947/2987/1531 2014/3054/1592 2015/3055/1593 1948/2988/1532
f 1948/2988/1532 2015/3055/1593 2016/3056/1594 1949/2989/1533
f 1949/2989/1533 2016/3056/1594 2017/3057/1595 1950/2990/1534
f 1950/2990/1534 2017/3057/1595 2018/3058/1596 1951/2991/1535
f 1951/2991/1535 2018/3058/1596 2019/3059/1597 1952/2992/1536
f 1952/2992/1536 2019/3059/1597 2020/3060/1598 1953/2993/1537
f 1953/2993/1537 2020/3060/1598 2021/3061/1599 1954/2994/1538
f 1954/2994/1538 2021/3061/1599 2022/3062/1600 1955/2995/1539
f 1955/2995/1539 2022/3062/1600 2023/3063/1601 1956/2996/1540
f 1956/2996/1540 2023/3063/1601 2024/3064/1602 1957/2997/1541
f 1957/2997/1541 2024/3064/1602 2025/3065/1603 1958/2998/1542
f 1958/2998/1542 2025/3065/1603 2026/3066/1604 1959/2999/1543
f 1959/2999/1543 2026/3066/1604 2027/3067/1605 1960/3000/1544
f 1960/3000/1544 2027/3067/1605 2028/3068/1606 1961/3001/1545
f 1961/3001/1545 2028/3068/1606 2029/3069/1455 1962/3002/1494
f 1962/3002/1494 2029/3069/1455 2030/3070/1607 1963/3003/1546
f 1963/3003/1546 2030/3070/1607 2031/3071/1608 1964/3004/1495
f 1964/3004/1495 2031/3071/1608 2032/3072/1609 1965/3005/1547
f 1965/3005/1547 2032/3072/1609 2033/3073/1610 1966/3006/1548
f 1966/3006/1548 2033/3073/1610 2034/3074/1611 1967/3007/1549
f 1967/3007/1549 2034/3074/1611 2035/3075/1612 1968/3008/1550
f 1968/3008/1550 2035/3075/1612 2036/3076/1613 1969/3009/1551
f 1969/3009/1551 2036/3076/1613 2037/3077/1614 1970/3010/1552
f 1970/3010/1552 2037/3077/1614 2038/3078/1615 1971/3011/1553
f 1971/3011/1553 2038/3078/1615 2039/3079/1616 1972/3012/1554
f 1972/3012/1554 2039/3079/1616 2040/3080/1617 1973/3013/1555
f 1973/3013/1555 2040/3080/1617 2041/3081/1618 1974/3014/1556
f 1974/3014/1556 2041/3081/1618 2042/3082/1619 1975/3015/1557
f 1975/3015/1557 2042/3082/1619 2043/3083/1620 1976/3016/1558
f 1976/3016/1558 2043/3083/1620 2044/3084/1621 1977/3017/1559
f 1977/3017/1559 2044/3084/1621 2045/3085/1622 1978/3018/1560
f 1978/3018/1560 2045/3085/1622 2046/3086/1623 1979/3019/1561
f 1979/3019/1561 2046/3086/1623 2047/3087/1624 1980/3020/1562
f 1980/3020/1562 2047/3087/1624 2048/3088/1625 1981/3021/1563
f 1981/3021/1563 2048/3088/1625 2049/3089/1626 1982/3022/1564
f 1982/3022/1564 2049/3089/1626 2050/3090/1627 1983/3023/1565
f 1983/3023/1565 2050/3090/1627 2051/3091/1628 1984/3024/1566
f 1984/3024/1566 2051/3091/1628 2052/3092/1629 1985/3025/1567
f 1985/3025/1567 2052/3092/1629 2053/3093/1630 1986/3026/1568
f 1986/3026/1568 2053/3093/1630 2054/3094/1631 1987/3027/1569
f 1987/3027/1569 2054/3094/1631 2055/3095/1632 1988/3028/1570
f 1988/3028/1570 2055/3095/1632 2056/3096/1633 1989/3029/1571
f 1989/3029/1571 2056/3096/1633 2057/3097/1634 1990/3030/1572
f 1990/3030/1572 2057/3097/1634 2058/3098/1635 1991/3031/1573
f 1991/3031/1573 2058/3098/1635 2059/3099/1636 1992/3032/1574
f 1992/3032/1574 2059/3099/1636 2060/3100/1637 1993/3033/1575
f 1993/3033/1575 2060/3100/1637 2061/3101/1638 1994/3034/1576
f 1994/3034/1576 2061/3101/1638 2062/3102/1639 1995/3035/1194
f 1995/3035/1194 2062/3102/1639 2063/3103/1640 1996/3036/1196
f 1996/3036/1198 1997/3037/1201 2064/3104/1641 2063/3103/1642
f 1998/3039/1219 1999/3038/1577 2066/3105/1643 2065/3106/1644
f 1673/2713/1223 2067/3107/1645 2068/3108/1646 1674/2714/1318
f 1674/2714/1318 2068/3108/1646 2069/3109/1228 1675/2715/1319
f 1675/2715/1319 2069/3109/1228 2070/3110/1229 1676/2716/1229
f 1676/2716/1229 2070/3110/1229 2071/3111/1231 1677/2717/1231
f 1677/2717/1231 2071/3111/1231 2072/3112/1233 1678/2718/1233
f 1678/2718/1233 2072/3112/1233 2073/3113/1234 1679/2719/1234
f 1679/2719/1234 2073/3113/1234 2074/3114/1647 1680/2720/1236
f 1680/2720/1236 2074/3114/1647 2075/3115/1239 1681/2721/1240
f 1681/2721/1240 2075/3115/1239 2076/3116/1648 1682/2722/1241
f 1682/2722/1241 2076/3116/1648 2077/3117/1268 1683/2723/1268
f 1683/2723/1268 2077/3117/1268 2078/3118/1245 1684/2724/1245
f 1684/2724/1245 2078/3118/1245 1724/2764/1320 1685/2725/1320
f 2000/3040/1578 2079/3119/1649 2080/3120/1650 2001/3041/1579
f 2000/3040/1578 2003/3043/1581 2081/3121/1651 2079/3119/1649
f 2001/3041/1579 2080/3120/1650 2082/3122/1652 2005/3045/1583
f 2005/3045/1583 2082/3122/1652 2083/3123/1653 2006/3046/1584
f 2006/3046/1584 2083/3123/1653 2084/3124/1654 2007/3047/1585
f 2007/3047/1585 2084/3124/1654 2085/3125/1655 2008/3048/1586
f 2008/3048/1586 2085/3125/1655 2086/3126/1656 2009/3049/1587
f 2009/3049/1587 2086/3126/1656 2087/3127/1657 2010/3050/1588
f 2010/3050/1588 2087/3127/1657 2088/3128/1658 2011/3051/1589
f 2011/3051/1589 2088/3128/1658 2089/3129/1659 2012/3052/1590
f 2012/3052/1590 2089/3129/1659 2090/3130/1660 2013/3053/1591
f 2013/3053/1591 2090/3130/1660 2091/3131/1661 2014/3054/1592
f 2014/3054/1592 2091/3131/1661 2092/3132/1662 2015/3055/1593
f 2015/3055/1593 2092/3132/1662 2093/3133/1663 2016/3056/1594
f 2016/3056/1594 2093/3133/1663 2094/3134/1664 2017/3057/1595
f 2017/3057/1595 2094/3134/1664 2095/3135/1665 2018/3058/1596
f 2018/3058/1596 2095/3135/1665 2096/3136/1666 2019/3059/1597
f 2019/3059/1597 2096/3136/1666 2097/3137/1667 2020/3060/1598
f 2020/3060/1598 2097/3137/1667 2098/3138/1668 2021/3061/1599
f 2021/3061/1599 2098/3138/1668 2099/3139/1669 2022/3062/1600
f 2022/3062/1600 2099/3139/1669 2100/3140/1670 2023/3063/1601
f 2023/3063/1601 2100/3140/1670 2101/3141/1671 2024/3064/1602
f 2024/3064/1602 2101/3141/1671 2102/3142/1672 2025/3065/1603
f 2025/3065/1603 2102/3142/1672 2103/3143/1673 2026/3066/1604
f 2026/3066/1604 2103/3143/1673 2104/3144/1674 2027/3067/1605
f 2027/3067/1605 2104/3144/1674 2105/3145/1675 2028/3068/1606
f 2028/3068/1606 2105/3145/1675 2106/3146/1427 2029/3069/1455
f 2029/3069/1455 2106/3146/1427 2107/3147/1607 2030/3070/1607
f 2030/3070/1607 2107/3147/1607 2108/3148/1676 2031/3071/1608
f 2031/3071/1608 2108/3148/1676 2109/3149/1677 2032/3072/1609
f 2032/3072/1609 2109/3149/1677 2110/3150/1678 2033/3073/1610
f 2033/3073/1610 2110/3150/1678 2111/3151/1679 2034/3074/1611
f 2034/3074/1611 2111/3151/1679 2112/3152/1680 2035/3075/1612
f 2035/3075/1612 2112/3152/1680 2113/3153/1681 2036/3076/1613
f 2036/3076/1613 2113/3153/1681 2114/3154/1682 2037/3077/1614
f 2037/3077/1614 2114/3154/1682 2115/3155/1683 2038/3078/1615
f 2038/3078/1615 2115/3155/1683 2116/3156/1684 2039/3079/1616
f 2039/3079/1616 2116/3156/1684 2117/3157/1685 2040/3080/1617
f 2040/3080/1617 2117/3157/1685 2118/3158/1686 2041/3081/1618
f 2041/3081/1618 2118/3158/1686 2119/3159/1687 2042/3082/1619
f 2042/3082/1619 2119/3159/1687 2120/3160/1688 2043/3083/1620
f 2043/3083/1620 2120/3160/1688 2121/3161/1689 2044/3084/1621
f 2044/3084/1621 2121/3161/1689 2122/3162/1690 2045/3085/1622
f 2045/3085/1622 2122/3162/1690 2123/3163/1691 2046/3086/1623
f 2046/3086/1623 2123/3163/1691 2124/3164/1692 2047/3087/1624
f 2047/3087/1624 2124/3164/1692 2125/3165/1625 2048/3088/1625
f 2048/3088/1625 2125/3165/1625 2126/3166/1693 2049/3089/1626
f 2049/3089/1626 2126/3166/1693 2127/3167/1694 2050/3090/1627
f 2050/3090/1627 2127/3167/1694 2128/3168/1695 2051/3091/1628
f 2051/3091/1628 2128/3168/1695 2129/3169/1696 2052/3092/1629
f 2052/3092/1629 2129/3169/1696 2130/3170/1697 2053/3093/1630
f 2053/3093/1630 2130/3170/1697 2131/3171/1698 2054/3094/1631
f 2054/3094/1631 2131/3171/1698 2132/3172/1699 2055/3095/1632
f 2055/3095/1632 2132/3172/1699 2133/3173/1700 2056/3096/1633
f 2056/3096/1633 2133/3173/1700 2134/3174/1701 2057/3097/1634
f 2057/3097/1634 2134/3174/1701 2135/3175/1702 2058/3098/1635
f 2058/3098/1635 2135/3175/1702 2136/3176/1703 2059/3099/1636
f 2059/3099/1636 2136/3176/1703 2137/3177/1704 2060/3100/1637
f 2060/3100/1637 2137/3177/1704 2138/3178/1705 2061/3101/1638
f 2061/3101/1638 2138/3178/1705 2139/3179/1706 2062/3102/1639
f 2062/3102/1639 2139/3179/1706 2140/3180/1707 2063/3103/1640
f 2063/3103/1642 2064/3104/1641 2141/3181/1708 2140/3180/1709
f 2065/3106/1644 2066/3105/1643 2143/3182/1710 2142/3183/1711
f 2067/3107/1645 2144/3184/1712 2145/3185/1713 2068/3108/1646
f 2068/3108/1646 2145/3185/1713 2146/3186/1228 2069/3109/1228
f 2069/3109/1228 2146/3186/1228 2147/3187/1714 2070/3110/1229
f 2070/3110/1229 2147/3187/1714 2148/3188/1231 2071/3111/1231
f 2071/3111/1231 2148/3188/1231 2149/3189/1233 2072/3112/1233
f 2072/3112/1233 2149/3189/1233 2150/3190/1234 2073/3113/1234
f 2073/3113/1234 2150/3190/1234 2151/3191/1715 2074/3114/1647
f 2074/3114/1647 2151/3191/1715 2152/3192/1716 2075/3115/1239
f 2075/3115/1239 2152/3192/1716 2153/3193/1717 2076/3116/1648
f 2076/3116/1648 2153/3193/1717 2154/3194/1268 2077/3117/1268
f 2077/3117/1268 2154/3194/1268 2155/3195/1245 2078/3118/1245
f 2078/3118/1245 2155/3195/1245 2156/3196/1320 1724/2764/1320
f 1724/2764/1320 2156/3196/1320 2157/3197/1269 1722/2762/1269
f 1722/2762/1269 2157/3197/1269 2158/3198/1718 1723/2763/1327
f 1723/2763/1327 2158/3198/1718 2159/3199/1719 1725/2765/1328
f 1725/2765/1328 2159/3199/1719 2160/3200/1251 1726/2766/1251
f 1726/2766/1251 2160/3200/1251 2161/3201/1720 1727/2767/1253
f 1727/2767/1253 2161/3201/1720 2162/3202/1721 1728/2768/1329
f 1728/2768/1329 2162/3202/1721 2163/3203/1257 1729/2769/1257
f 1729/2769/1257 2163/3203/1257 2164/3204/1330 1730/2770/1330
f 1730/2770/1330 2164/3204/1330 2165/3205/1722 1731/2771/1331
f 1731/2771/1331 2165/3205/1722 2166/3206/1723 1732/2772/1332
f 1732/2772/1332 2166/3206/1723 2167/3207/1724 1733/2773/1333
f 1733/2773/1333 2167/3207/1724 2168/3208/1725 1734/2774/1334
f 1734/2774/1334 2168/3208/1725 1758/2798/1352 1735/2775/1335
f 2169/3209/1726 2170/3210/1727 2171/3211/1728 2172/3212/1036
f 2169/3209/1726 2173/3213/1729 2174/3214/1727 2170/3210/1727
f 2169/3209/1726 2175/3215/1730 2176/3216/1731 2173/3213/1729
f 2169/3209/1726 2172/3212/1036 2177/3217/1732 2175/3215/1730
f 2175/3215/1730 2177/3217/1732 2178/3218/1733 2179/3219/1734
f 2175/3215/1730 2179/3219/1734 2180/3220/1735 2176/3216/1731
f 2179/3219/1734 2178/3218/1733 2181/3221/1044 2182/3222/1050
f 2179/3219/1734 2182/3222/1050 2183/3223/1054 2180/3220/1735
f 2184/3224/1028 2185/3225/1045 2186/3226/1736 2187/3227/1029
f 2184/3224/1028 2188/3228/1029 2189/3229/1045 2185/3225/1045
f 2184/3224/1028 2190/3230/1032 2191/3231/1031 2188/3228/1029
f 2184/3224/1028 2187/3227/1029 2192/3232/1032 2190/3230/1032
f 2190/3230/1032 2192/3232/1032 2193/3233/1737 2171/3211/1728
f 2190/3230/1032 2171/3211/1728 2170/3210/1727 2191/3231/1031
f 2171/3211/1728 2193/3233/1737 2194/3234/1037 2172/3212/1036
f 2172/3212/1036 2194/3234/1037 2195/3235/1738 2177/3217/1732
f 2177/3217/1732 2195/3235/1738 2196/3236/1733 2178/3218/1733
f 2178/3218/1733 2196/3236/1733 2197/3237/1044 2181/3221/1044
f 2198/3238/1739 2199/3239/1740 1267/2307/1018 1266/2306/1021
f 2198/3238/1739 2200/3240/1741 2201/3241/1740 2199/3239/1740
f 2198/3238/1739 2202/3242/1742 2203/3243/1743 2200/3240/1741
f 2198/3238/1739 1266/2306/1021 1269/2309/1023 2202/3242/1742
f 2202/3242/1742 1269/2309/1023 1273/2313/1027 2186/3226/1736
f 2202/3242/1742 2186/3226/1736 2185/3225/1045 2203/3243/1743
f 2186/3226/1736 1273/2313/1027 1276/2316/1028 2187/3227/1029
f 2187/3227/1029 1276/2316/1028 1279/2319/1032 2192/3232/1032
f 2192/3232/1032 1279/2319/1032 1282/2322/1035 2193/3233/1737
f 2193/3233/1737 1282/2322/1035 1285/2325/1038 2194/3234/1037
f 2194/3234/1037 1285/2325/1038 1288/2328/1041 2195/3235/1738
f 2195/3235/1738 1288/2328/1041 1291/2331/1042 2196/3236/1733
f 2196/3236/1733 1291/2331/1042 1294/2334/1044 2197/3237/1044
f 1670/2710/1316 2204/3244/1744 2205/3245/1744 1671/2711/1317
f 1670/2710/1316 1672/2712/1316 2206/3246/1744 2204/3244/1744
f 2204/3244/1744 1267/2307/1018 2199/3239/1740 2205/3245/1744
f 2204/3244/1744 2206/3246/1744 1263/2303/1018 1267/2307/1018
f 2207/3247/1745 1843/2883/1432 1779/2819/1368 1778/2818/1367
f 2207/3247/1745 2208/3248/1746 2209/3249/1747 1843/2883/1432
f 2207/3247/1745 2210/3250/1748 2211/3251/1749 2208/3248/1746
f 2207/3247/1745 1778/2818/1367 1781/2821/1370 2210/3250/1748
f 1359/2399/1106 1369/2409/1115 2212/3252/1750 1360/2400/1107
f 1369/2409/1115 1372/2412/1118 2213/3253/1751 2212/3252/1750
f 1372/2412/1118 1375/2415/1121 2214/3254/1752 2213/3253/1751
f 1375/2415/1121 1378/2418/1124 2215/3255/1753 2214/3254/1752
f 1378/2418/1124 1381/2421/1127 2216/3256/1754 2215/3255/1753
f 1381/2421/1127 1384/2424/1130 2217/3257/1755 2216/3256/1754
f 1384/2424/1130 1387/2427/1133 2218/3258/1756 2217/3257/1755
f 1387/2427/1133 1390/2430/1136 2219/3259/1757 2218/3258/1756
f 1390/2430/1136 1393/2433/1139 2220/3260/1758 2219/3259/1757
f 1393/2433/1139 1396/2436/1142 2221/3261/1759 2220/3260/1758
f 1396/2436/1142 1399/2439/1145 2222/3262/1760 2221/3261/1759
f 1399/2439/1145 1402/2442/1148 2223/3263/1761 2222/3262/1760
f 1402/2442/1148 1405/2445/1151 2224/3264/1762 2223/3263/1761
f 1405/2445/1151 1408/2448/1154 2225/3265/1763 2224/3264/1762
f 1408/2448/1154 1411/2451/1157 2226/3266/1764 2225/3265/1763
f 1411/2451/1157 1414/2454/1160 2227/3267/1765 2226/3266/1764
f 1414/2454/1160 1417/2457/1163 2228/3268/1766 2227/3267/1765
f 1417/2457/1163 1420/2460/1166 2229/3269/1767 2228/3268/1766
f 1420/2460/1166 1423/2463/1169 2230/3270/1768 2229/3269/1767
f 1423/2463/1169 1426/2466/1172 2231/3271/1769 2230/3270/1768
f 1426/2466/1172 1429/2469/1175 2232/3272/1770 2231/3271/1769
f 1429/2469/1175 1432/2472/1178 2233/3273/1771 2232/3272/1770
f 1432/2472/1178 1434/2474/1180 2234/3274/1772 2233/3273/1771
f 1434/2474/1180 1437/2477/1183 2235/3275/1773 2234/3274/1772
f 1437/2477/1183 1440/2480/1186 2236/3276/1774 2235/3275/1773
f 1440/2480/1186 1443/2483/1189 2237/3277/1775 2236/3276/1774
f 1443/2483/1189 1446/2486/1192 2238/3278/1776 2237/3277/1775
f 1446/2486/1192 1449/2489/1195 2239/3279/1777 2238/3278/1776
f 1449/2489/1195 1452/2492/1197 2240/3280/1778 2239/3279/1777
f 1452/2492/1199 2240/3280/1779 2241/3281/1780 1455/2494/1200
f 2242/3282/1781 2243/3283/1782 1483/2523/1222 1482/2522/1219
f 2244/3284/1783 2245/3285/1784 2243/3283/1782 2242/3282/1781
f 2246/3286/1785 1489/2529/1226 1488/2528/1225 2247/3287/1786
f 2246/3286/1785 2247/3287/1786 2248/3288/1787 2249/3289/1788
f 2247/3287/1786 1488/2528/1225 1492/2532/1228 2250/3290/1228
f 2247/3287/1786 2250/3290/1228 2251/3291/1319 2248/3288/1787
f 2250/3290/1228 1492/2532/1228 1495/2535/1230 2252/3292/1229
f 2250/3290/1228 2252/3292/1229 2253/3293/1714 2251/3291/1319
f 2252/3292/1229 1495/2535/1230 1498/2538/1231 2254/3294/1789
f 2252/3292/1229 2254/3294/1789 2255/3295/1231 2253/3293/1714
f 2254/3294/1789 1498/2538/1231 1501/2541/1233 2256/3296/1233
f 2254/3294/1789 2256/3296/1233 2257/3297/1233 2255/3295/1231
f 2256/3296/1233 1501/2541/1233 1504/2544/1234 2258/3298/1235
f 2256/3296/1233 2258/3298/1235 2259/3299/1235 2257/3297/1233
f 2258/3298/1235 1504/2544/1234 1507/2547/1238 2260/3300/1238
f 2258/3298/1235 2260/3300/1238 2261/3301/1238 2259/3299/1235
f 2260/3300/1238 1507/2547/1238 1510/2550/1240 2262/3302/1240
f 2260/3300/1238 2262/3302/1240 2263/3303/1790 2261/3301/1238
f 2262/3302/1240 1510/2550/1240 1513/2553/1242 2264/3304/1791
f 2262/3302/1240 2264/3304/1791 2265/3305/1792 2263/3303/1790
f 2264/3304/1791 1513/2553/1242 1516/2556/1244 2266/3306/1243
f 2264/3304/1791 2266/3306/1243 2267/3307/1243 2265/3305/1792
f 2266/3306/1243 1516/2556/1244 1519/2559/1245 2268/3308/1245
f 2266/3306/1243 2268/3308/1245 2269/3309/1245 2267/3307/1243
f 2268/3308/1245 1519/2559/1245 1522/2562/1246 2270/3310/1246
f 2268/3308/1245 2270/3310/1246 2271/3311/1246 2269/3309/1245
f 2270/3310/1246 1522/2562/1246 1525/2565/1247 2272/3312/1247
f 2270/3310/1246 2272/3312/1247 2273/3313/1247 2271/3311/1246
f 2272/3312/1247 1525/2565/1247 1528/2568/1248 2274/3314/1793
f 2272/3312/1247 2274/3314/1793 2275/3315/1794 2273/3313/1247
f 2274/3314/1793 1528/2568/1248 1531/2571/1250 2276/3316/1795
f 2274/3314/1793 2276/3316/1795 2277/3317/1796 2275/3315/1794
f 2276/3316/1795 1531/2571/1250 1533/2573/1251 2278/3318/1251
f 2276/3316/1795 2278/3318/1251 2279/3319/1251 2277/3317/1796
f 2278/3318/1251 1533/2573/1251 1536/2576/1253 2280/3320/1720
f 2278/3318/1251 2280/3320/1720 2281/3321/1797 2279/3319/1251
f 2280/3320/1720 1536/2576/1253 1539/2579/1255 2282/3322/1254
f 2280/3320/1720 2282/3322/1254 2283/3323/1798 2281/3321/1797
f 2282/3322/1254 1539/2579/1255 1542/2582/1256 2284/3324/1256
f 2282/3322/1254 2284/3324/1256 2285/3325/1256 2283/3323/1798
f 2284/3324/1256 1542/2582/1256 1545/2585/1259 2286/3326/1330
f 2284/3324/1256 2286/3326/1330 2287/3327/1330 2285/3325/1256
f 2286/3326/1330 1545/2585/1259 1548/2588/1260 2288/3328/1799
f 2286/3326/1330 2288/3328/1799 2289/3329/1800 2287/3327/1330
f 2288/3328/1799 1548/2588/1260 1551/2591/1261 2290/3330/1801
f 2288/3328/1799 2290/3330/1801 2291/3331/1802 2289/3329/1800
f 2290/3330/1801 1551/2591/1261 2292/3332/1270 2293/3333/1803
f 2290/3330/1801 2293/3333/1803 2294/3334/1804 2291/3331/1802
f 2293/3333/1803 2292/3332/1270 2295/3335/1805 2296/3336/1806
f 2293/3333/1803 2296/3336/1806 2297/3337/1807 2294/3334/1804
f 2296/3336/1806 2295/3335/1805 2298/3338/1273 2299/3339/1808
f 2296/3336/1806 2299/3339/1808 2300/3340/1809 2297/3337/1807
f 2299/3339/1808 2298/3338/1273 2301/3341/1275 2302/3342/1810
f 2299/3339/1808 2302/3342/1810 2303/3343/1811 2300/3340/1809
f 2302/3342/1810 2301/3341/1275 2304/3344/1276 2305/3345/1812
f 2302/3342/1810 2305/3345/1812 2306/3346/1813 2303/3343/1811
f 2305/3345/1812 2304/3344/1276 2307/3347/1277 2308/3348/1814
f 2305/3345/1812 2308/3348/1814 2309/3349/1815 2306/3346/1813
f 2308/3348/1814 2307/3347/1277 2310/3350/1278 2311/3351/1816
f 2308/3348/1814 2311/3351/1816 2312/3352/1817 2309/3349/1815
f 2311/3351/1816 2310/3350/1278 2313/3353/1279 2314/3354/1818
f 2311/3351/1816 2314/3354/1818 2315/3355/1819 2312/3352/1817
f 2314/3354/1818 2313/3353/1279 2316/3356/1282 2317/3357/1820
f 2314/3354/1818 2317/3357/1820 2318/3358/1821 2315/3355/1819
f 2317/3357/1820 2316/3356/1282 2319/3359/1284 2320/3360/1283
f 2317/3357/1820 2320/3360/1283 2321/3361/1822 2318/3358/1821
f 2320/3360/1283 2319/3359/1284 2322/3362/1287 2323/3363/1287
f 2320/3360/1283 2323/3363/1287 2324/3364/1823 2321/3361/1822
f 2323/3363/1287 2322/3362/1287 2325/3365/1824 2326/3366/1825
f 2323/3363/1287 2326/3366/1825 2327/3367/1826 2324/3364/1823
f 2326/3366/1825 2325/3365/1824 2328/3368/1827 2329/3369/1292
f 2326/3366/1825 2329/3369/1292 2330/3370/1827 2327/3367/1826
f 2329/3369/1292 2328/3368/1827 2331/3371/1294 2332/3372/1828
f 2329/3369/1292 2332/3372/1828 2333/3373/1829 2330/3370/1827
f 2332/3372/1828 2331/3371/1294 2334/3374/1296 2335/3375/1830
f 2332/3372/1828 2335/3375/1830 2336/3376/1831 2333/3373/1829
f 2335/3375/1830 2334/3374/1296 2337/3377/1297 2338/3378/1297
f 2335/3375/1830 2338/3378/1297 2339/3379/1832 2336/3376/1831
f 2338/3378/1297 2337/3377/1297 2340/3380/1298 2341/3381/1833
f 2338/3378/1297 2341/3381/1833 2342/3382/1833 2339/3379/1832
f 2341/3381/1833 2340/3380/1298 2343/3383/1299 2344/3384/1834
f 2341/3381/1833 2344/3384/1834 2345/3385/1835 2342/3382/1833
f 2344/3384/1834 2343/3383/1299 2346/3386/1301 2347/3387/1301
f 2344/3384/1834 2347/3387/1301 2348/3388/1301 2345/3385/1835
f 2347/3387/1301 2346/3386/1301 2349/3389/1346 2350/3390/1836
f 2347/3387/1301 2350/3390/1836 2351/3391/1837 2348/3388/1301
f 2350/3390/1836 2349/3389/1346 2352/3392/1305 2353/3393/1838
f 2350/3390/1836 2353/3393/1838 2354/3394/1839 2351/3391/1837
f 2353/3393/1838 2352/3392/1305 2355/3395/1306 2356/3396/1306
f 2353/3393/1838 2356/3396/1306 2357/3397/1840 2354/3394/1839
f 2356/3396/1306 2355/3395/1306 2358/3398/1841 2359/3399/1842
f 2356/3396/1306 2359/3399/1842 2360/3400/1843 2357/3397/1840
f 2359/3399/1842 2358/3398/1841 2361/3401/1308 2362/3402/1844
f 2359/3399/1842 2362/3402/1844 2363/3403/1845 2360/3400/1843
f 2362/3402/1844 2361/3401/1308 2364/3404/1310 2365/3405/1846
f 2362/3402/1844 2365/3405/1846 2366/3406/1847 2363/3403/1845
f 2365/3405/1846 2364/3404/1310 2367/3407/1311 2368/3408/1848
f 2365/3405/1846 2368/3408/1848 2369/3409/1849 2366/3406/1847
f 2368/3408/1848 2367/3407/1311 2370/3410/1313 2371/3411/1850
f 2368/3408/1848 2371/3411/1850 2372/3412/1851 2369/3409/1849
f 2371/3411/1850 2370/3410/1313 2373/3413/1852 2374/3414/1853
f 2371/3411/1850 2374/3414/1853 2375/3415/1854 2372/3412/1851
f 2374/3414/1853 2373/3413/1852 2376/3416/1317 2377/3417/1316
f 2374/3414/1853 2377/3417/1316 2378/3418/1855 2375/3415/1854
f 2377/3417/1316 2376/3416/1317 2379/3419/1744 2380/3420/1744
f 2377/3417/1316 2380/3420/1744 2381/3421/1856 2378/3418/1855
f 2380/3420/1744 2379/3419/1744 2201/3241/1740 2382/3422/1018
f 2380/3420/1744 2382/3422/1018 2383/3423/1857 2381/3421/1856
f 2382/3422/1018 2201/3241/1740 2200/3240/1741 2384/3424/1020
f 2382/3422/1018 2384/3424/1020 2385/3425/1858 2383/3423/1857
f 2384/3424/1020 2200/3240/1741 2203/3243/1743 2386/3426/1859
f 2384/3424/1020 2386/3426/1859 2387/3427/1860 2385/3425/1858
f 2386/3426/1859 2203/3243/1743 2185/3225/1045 2189/3229/1045
f 2386/3426/1859 2189/3229/1045 2388/3428/1025 2387/3427/1860
f 2189/3229/1045 2188/3228/1029 2389/3429/1861 2388/3428/1025
f 2188/3228/1029 2191/3231/1031 2390/3430/1862 2389/3429/1861
f 2191/3231/1031 2170/3210/1727 2174/3214/1727 2390/3430/1862
f 1551/2591/1261 1550/2590/1261 1588/2628/1270 2292/3332/1270
f 2292/3332/1270 1588/2628/1270 1591/2631/1272 2295/3335/1805
f 2295/3335/1805 1591/2631/1272 1594/2634/1273 2298/3338/1273
f 2298/3338/1273 1594/2634/1273 1597/2637/1275 2301/3341/1275
f 2301/3341/1275 1597/2637/1275 1600/2640/1276 2304/3344/1276
f 2304/3344/1276 1600/2640/1276 1603/2643/1277 2307/3347/1277
f 2307/3347/1277 1603/2643/1277 1606/2646/1278 2310/3350/1278
f 2310/3350/1278 1606/2646/1278 1609/2649/1280 2313/3353/1279
f 2313/3353/1279 1609/2649/1280 1612/2652/1282 2316/3356/1282
f 2316/3356/1282 1612/2652/1282 1615/2655/1283 2319/3359/1284
f 2319/3359/1284 1615/2655/1283 1618/2658/1287 2322/3362/1287
f 2322/3362/1287 1618/2658/1287 1621/2661/1290 2325/3365/1824
f 2325/3365/1824 1621/2661/1290 1624/2664/1293 2328/3368/1827
f 2328/3368/1827 1624/2664/1293 1627/2667/1294 2331/3371/1294
f 2331/3371/1294 1627/2667/1294 1630/2670/1296 2334/3374/1296
f 2334/3374/1296 1630/2670/1296 1633/2673/1297 2337/3377/1297
f 2337/3377/1297 1633/2673/1297 1636/2676/1298 2340/3380/1298
f 2340/3380/1298 1636/2676/1298 1639/2679/1300 2343/3383/1299
f 2343/3383/1299 1639/2679/1300 1642/2682/1301 2346/3386/1301
f 2346/3386/1301 1642/2682/1301 1645/2685/1303 2349/3389/1346
f 2349/3389/1346 1645/2685/1303 1648/2688/1305 2352/3392/1305
f 2352/3392/1305 1648/2688/1305 1651/2691/1306 2355/3395/1306
f 2355/3395/1306 1651/2691/1306 1653/2693/1307 2358/3398/1841
f 2358/3398/1841 1653/2693/1307 1656/2696/1308 2361/3401/1308
f 2361/3401/1308 1656/2696/1308 1659/2699/1310 2364/3404/1310
f 2364/3404/1310 1659/2699/1310 1662/2702/1312 2367/3407/1311
f 2367/3407/1311 1662/2702/1312 1665/2705/1313 2370/3410/1313
f 2370/3410/1313 1665/2705/1313 1668/2708/1314 2373/3413/1852
f 2373/3413/1852 1668/2708/1314 1671/2711/1317 2376/3416/1317
f 2376/3416/1317 1671/2711/1317 2205/3245/1744 2379/3419/1744
f 2379/3419/1744 2205/3245/1744 2199/3239/1740 2201/3241/1740
f 1843/2883/1432 2209/3249/1747 2391/3431/1863 1841/2881/1430
f 1841/2881/1430 2391/3431/1863 2392/3432/1864 1842/2882/1431
f 1842/2882/1431 2392/3432/1864 2004/3044/1582 1884/2924/1470
f 1663/2703/1311 1721/2761/1311 2393/3433/1865 1666/2706/1313
f 1666/2706/1313 2393/3433/1865 2394/3434/1866 1669/2709/1315
f 1669/2709/1315 2394/3434/1866 2395/3435/1867 1672/2712/1316
f 1672/2712/1316 2395/3435/1867 2396/3436/1744 2206/3246/1744
f 2206/3246/1744 2396/3436/1744 1264/2304/1019 1263/2303/1018
f 1718/2758/1307 1755/2795/1349 2397/3437/1868 1719/2759/1308
f 1719/2759/1308 2397/3437/1868 2398/3438/1869 1720/2760/1310
f 1720/2760/1310 2398/3438/1869 2399/3439/1870 1721/2761/1311
f 1721/2761/1311 2399/3439/1870 2400/3440/1871 2393/3433/1865
f 2393/3433/1865 2400/3440/1871 2401/3441/1872 2394/3434/1866
f 2394/3434/1866 2401/3441/1872 2402/3442/1867 2395/3435/1867
f 2395/3435/1867 2402/3442/1867 2403/3443/1744 2396/3436/1744
f 2396/3436/1744 2403/3443/1744 2404/3444/1857 1264/2304/1019
f 1264/2304/1019 2404/3444/1857 2405/3445/1873 1265/2305/1020
f 1265/2305/1020 2405/3445/1873 2406/3446/1874 1270/2310/1024
f 1270/2310/1024 2406/3446/1874 1295/2335/1045 1271/2311/1025
f 1752/2792/1346 1773/2813/1362 2407/3447/1875 1753/2793/1347
f 1753/2793/1347 2407/3447/1875 2408/3448/1876 1754/2794/1348
f 1754/2794/1348 2408/3448/1876 2409/3449/1877 1755/2795/1349
f 1755/2795/1349 2409/3449/1877 2410/3450/1878 2397/3437/1868
f 2397/3437/1868 2410/3450/1878 2411/3451/1879 2398/3438/1869
f 2398/3438/1869 2411/3451/1879 2412/3452/1880 2399/3439/1870
f 2399/3439/1870 2412/3452/1880 2413/3453/1881 2400/3440/1871
f 2400/3440/1871 2413/3453/1881 2414/3454/1882 2401/3441/1872
f 2401/3441/1872 2414/3454/1882 2415/3455/1883 2402/3442/1867
f 2402/3442/1867 2415/3455/1883 2416/3456/1856 2403/3443/1744
f 2403/3443/1744 2416/3456/1856 2417/3457/1884 2404/3444/1857
f 2404/3444/1857 2417/3457/1884 2418/3458/1885 2405/3445/1873
f 2405/3445/1873 2418/3458/1885 2419/3459/1886 2406/3446/1874
f 2406/3446/1874 2419/3459/1886 2420/3460/1887 1295/2335/1045
f 1295/2335/1045 2420/3460/1887 2421/3461/1029 1296/2336/1029
f 1296/2336/1029 2421/3461/1029 2422/3462/1888 1297/2337/1046
f 1297/2337/1046 2422/3462/1888 1303/2343/1033 1298/2338/1033
f 2423/3463/1889 2424/3464/1890 2425/3465/1891 2426/3466/1892
f 2424/3464/1890 2427/3467/1893 2428/3468/1893 2425/3465/1891
f 2427/3467/1893 2429/3469/1893 2430/3470/1893 2428/3468/1893
f 2429/3469/1893 2431/3471/1893 2432/3472/1893 2430/3470/1893
f 2431/3471/1893 2433/3473/1893 2434/3474/1893 2432/3472/1893
f 2433/3473/1893 2435/3475/1893 2436/3476/1894 2434/3474/1893
f 2435/3475/1893 2437/3477/1895 2438/3478/1896 2436/3476/1894
f 2437/3477/1895 2439/3479/1897 2440/3480/1898 2438/3478/1896
f 2441/3481/1899 2244/3284/1783 2242/3282/1781 2442/3482/1900
f 2442/3482/1900 2242/3282/1781 1482/2522/1219 2443/3483/1901
f 2443/3483/1901 1482/2522/1219 1478/2518/1219 2444/3484/1901
f 2444/3484/1901 1478/2518/1219 1479/2521/1219 2445/3485/1901
f 2445/3485/1901 1479/2521/1219 1561/2602/1219 2446/3486/1901
f 2446/3486/1901 1561/2602/1219 1998/3039/1219 2447/3487/1901
f 2447/3487/1901 1998/3039/1219 2065/3106/1644 2448/3488/1902
f 2448/3488/1902 2065/3106/1644 2142/3183/1711 2449/3489/1903
f 2243/3283/1782 2245/3285/1784 2451/3490/1904 2450/3491/1905
f 2243/3283/1782 2450/3491/1905 2452/3492/1906 1483/2523/1222
f 1481/2519/1220 1483/2523/1222 2452/3492/1906 2453/3493/1906
f 1481/2519/1220 2453/3493/1906 2454/3494/1907 1480/2520/1221
f 1480/2520/1221 2454/3494/1907 2455/3495/1907 1562/2601/1267
f 1562/2601/1267 2455/3495/1907 2456/3496/1907 1999/3038/1577
f 1999/3038/1577 2456/3496/1907 2457/3497/1908 2066/3105/1643
f 2066/3105/1643 2457/3497/1908 2458/3498/1909 2143/3182/1710
f 2459/3499/1910 2441/3481/1899 2442/3482/1900 2460/3500/1911
f 2460/3500/1911 2442/3482/1900 2443/3483/1901 2461/3501/1901
f 2461/3501/1901 2443/3483/1901 2444/3484/1901 2462/3502/1901
f 2462/3502/1901 2444/3484/1901 2445/3485/1901 2463/3503/1219
f 2463/3503/1219 2445/3485/1901 2446/3486/1901 2464/3504/1219
f 2464/3504/1219 2446/3486/1901 2447/3487/1901 2465/3505/1219
f 2465/3505/1219 2447/3487/1901 2448/3488/1902 2466/3506/1902
f 2466/3506/1902 2448/3488/1902 2449/3489/1903 2467/3507/1912
f 2468/3508/1913 2459/3499/1910 2460/3500/1911 2469/3509/1914
f 2469/3509/1914 2460/3500/1911 2461/3501/1901 2470/3510/1901
f 2470/3510/1901 2461/3501/1901 2462/3502/1901 2471/3511/1901
f 2471/3511/1901 2462/3502/1901 2463/3503/1219 2472/3512/1219
f 2472/3512/1219 2463/3503/1219 2464/3504/1219 2473/3513/1219
f 2473/3513/1219 2464/3504/1219 2465/3505/1219 2474/3514/1219
f 2474/3514/1219 2465/3505/1219 2466/3506/1902 2475/3515/1915
f 2475/3515/1915 2466/3506/1902 2467/3507/1912 2476/3516/1916
f 1455/2494/1200 2241/3281/1780 2468/3508/1913 2469/3509/1914
f 1455/2494/1200 2469/3509/1914 2470/3510/1901 1454/2495/1201
f 1456/2496/1201 1454/2495/1201 2470/3510/1901 2471/3511/1901
f 1456/2496/1201 2471/3511/1901 2472/3512/1219 1477/2517/1201
f 1477/2517/1201 2472/3512/1219 2473/3513/1219 1560/2600/1201
f 1560/2600/1201 2473/3513/1219 2474/3514/1219 1997/3037/1201
f 1997/3037/1201 2474/3514/1219 2475/3515/1915 2064/3104/1641
f 2064/3104/1641 2475/3515/1915 2476/3516/1916 2141/3181/1708
f 2477/3517/1917 2478/3518/1918 2479/3519/1919 2480/3520/1917
f 2478/3518/1918 2477/3517/1917 2481/3521/1920 2482/3522/1918
f 2482/3522/1918 2481/3521/1920 2483/3523/1920 2484/3524/1921
f 2480/3520/1917 2479/3519/1919 2485/3525/1922 2486/3526/1923
f 2484/3524/1921 2483/3523/1920 2487/3527/1920 2488/3528/1921
f 2488/3528/1921 2487/3527/1920 2489/3529/1924 2490/3530/1925
f 2490/3530/1925 2489/3529/1924 2491/3531/1926 2492/3532/1927
f 2486/3526/1923 2485/3525/1922 2493/3533/1928 2494/3534/1929
f 2430/3470/1893 2432/3472/1893 2481/3521/1920 2477/3517/1917
f 2428/3468/1893 2430/3470/1893 2477/3517/1917 2480/3520/1917
f 2432/3472/1893 2434/3474/1893 2483/3523/1920 2481/3521/1920
f 2434/3474/1893 2436/3476/1894 2487/3527/1920 2483/3523/1920
f 2436/3476/1894 2438/3478/1896 2489/3529/1924 2487/3527/1920
f 2438/3478/1896 2440/3480/1898 2491/3531/1930 2489/3529/1924
f 2425/3465/1891 2428/3468/1893 2480/3520/1917 2486/3526/1923
f 2426/3466/1892 2425/3465/1891 2486/3526/1923 2494/3534/1929
f 2495/3535/1931 2496/3536/1932 2497/3537/1933 2498/3538/1934
f 2498/3538/1934 2497/3537/1933 2499/3539/1935 2500/3540/1936
f 2500/3540/1936 2499/3539/1935 2501/3541/1935 2502/3542/1936
f 2502/3542/1936 2501/3541/1935 2503/3543/1937 2504/3544/1936
f 2504/3544/1936 2503/3543/1937 2505/3545/1938 2506/3546/1939
f 2506/3546/1939 2505/3545/1938 2507/3547/1938 2508/3548/1939
f 2508/3548/1939 2507/3547/1938 2509/3549/1940 2510/3550/1941
f 2510/3550/1941 2509/3549/1940 2511/3551/1942 2512/3552/1943
f 2497/3537/1933 2496/3536/1932 2493/3533/1928 2485/3525/1922
f 2485/3525/1922 2479/3519/1919 2499/3539/1935 2497/3537/1933
f 2479/3519/1919 2478/3518/1918 2501/3541/1935 2499/3539/1935
f 2478/3518/1918 2482/3522/1918 2503/3543/1937 2501/3541/1935
f 2505/3545/1938 2503/3543/1937 2482/3522/1918 2484/3524/1921
f 2507/3547/1938 2505/3545/1938 2484/3524/1921 2488/3528/1921
f 2509/3549/1940 2507/3547/1938 2488/3528/1921 2490/3530/1925
f 2511/3551/1942 2509/3549/1940 2490/3530/1925 2492/3532/1927
f 2513/3553/1944 2514/3554/1944 2515/3555/1945 2516/3556/1945
f 2514/3554/1944 2513/3553/1944 2517/3557/1945 2518/3558/1945
f 2516/3556/1945 2515/3555/1945 2519/3559/1945 2520/3560/1945
f 2518/3558/1945 2517/3557/1945 2521/3561/1946 2522/3562/1946
f 2520/3560/1945 2519/3559/1945 2523/3563/1945 2524/3564/1945
f 2524/3564/1945 2523/3563/1945 2525/3565/1947 2526/3566/1947
f 2526/3566/1947 2525/3565/1947 2527/3567/1948 2528/3568/1948
f 2522/3562/1946 2521/3561/1946 2529/3569/1949 2530/3570/1949
f 2513/3553/1950 2516/3556/1950 1485/2525/1223 1484/2524/1223
f 2513/3553/1950 1484/2524/1223 1489/2529/1226 2517/3557/1950
f 2516/3556/1950 2520/3560/1950 1563/2603/1223 1485/2525/1223
f 1563/2603/1223 2520/3560/1950 2524/3564/1951 1673/2713/1223
f 2524/3564/1951 2526/3566/1952 2067/3107/1645 1673/2713/1223
f 2526/3566/1952 2528/3568/1953 2144/3184/1712 2067/3107/1645
f 2521/3561/1954 2517/3557/1950 1489/2529/1226 2246/3286/1785
f 2521/3561/1954 2246/3286/1785 2249/3289/1788 2529/3569/1955
f 2502/3542/1936 2504/3544/1936 2515/3555/1956 2514/3554/1957
f 2500/3540/1936 2502/3542/1936 2514/3554/1957 2518/3558/1958
f 2515/3555/1956 2504/3544/1936 2506/3546/1939 2519/3559/1956
f 2519/3559/1956 2506/3546/1939 2508/3548/1939 2523/3563/1957
f 2523/3563/1957 2508/3548/1939 2510/3550/1941 2525/3565/1959
f 2525/3565/1959 2510/3550/1941 2512/3552/1943 2527/3567/1960
f 2498/3538/1934 2500/3540/1936 2518/3558/1958 2522/3562/1961
f 2522/3562/1961 2530/3570/1962 2495/3535/1931 2498/3538/1934
f 2531/3571/1963 2534/3572/1964 2533/3573/1965 2532/3574/1965
f 2532/3574/1965 2533/3573/1965 2536/3575/1966 2535/3576/1967
f 2537/3577/1968 2424/3464/1890 2423/3463/1889 2538/3578/1969
f 2537/3577/1968 2539/3579/1970 2427/3467/1893 2424/3464/1890
f 2531/3571/1971 2429/3469/1893 2427/3467/1893 2539/3579/1970
f 2531/3571/1971 2534/3572/1972 2431/3471/1893 2429/3469/1893
f 2534/3572/1972 2540/3580/1973 2433/3473/1893 2431/3471/1893
f 2540/3580/1973 2541/3581/1970 2435/3475/1893 2433/3473/1893
f 2541/3581/1970 2542/3582/1974 2437/3477/1895 2435/3475/1893
f 2542/3582/1974 2543/3583/1975 2439/3479/1897 2437/3477/1895
f 2535/3576/1967 2545/3584/1976 2544/3585/1965 2532/3574/1965
f 2532/3574/1965 2544/3585/1965 2539/3579/1977 2531/3571/1963
f 2534/3572/1964 2540/3580/1978 2546/3586/1965 2533/3573/1965
f 2533/3573/1965 2546/3586/1965 2547/3587/1979 2536/3575/1966
f 2545/3584/1976 2549/3588/1980 2548/3589/1981 2544/3585/1965
f 2544/3585/1965 2548/3589/1981 2537/3577/1982 2539/3579/1977
f 2540/3580/1978 2541/3581/1977 2550/3590/1965 2546/3586/1965
f 2546/3586/1965 2550/3590/1965 2551/3591/1979 2547/3587/1979
f 2541/3581/1977 2542/3582/1983 2552/3592/1984 2550/3590/1965
f 2550/3590/1965 2552/3592/1984 2553/3593/1985 2551/3591/1979
f 2542/3582/1983 2543/3583/1986 2554/3594/1987 2552/3592/1984
f 2552/3592/1984 2554/3594/1987 2555/3595/1988 2553/3593/1985
f 2549/3588/1980 2557/3596/1989 2556/3597/1990 2548/3589/1981
f 2548/3589/1981 2556/3597/1990 2538/3578/1991 2537/3577/1982
f 2558/3598/1992 2561/3599/1993 2560/3600/1994 2559/3601/1995
f 2559/3601/1995 2563/3602/1996 2562/3603/1997 2558/3598/1992
f 2563/3602/1996 2565/3604/1996 2564/3605/1997 2562/3603/1997
f 2561/3599/1993 2567/3606/1998 2566/3607/1999 2560/3600/1994
f 2565/3604/1996 2569/3608/1995 2568/3609/1992 2564/3605/1997
f 2569/3608/1995 2571/3610/2000 2570/3611/2001 2568/3609/1992
f 2571/3610/2000 2573/3612/2002 2572/3613/2003 2570/3611/2001
f 2567/3606/1998 2575/3614/2004 2574/3615/2005 2566/3607/1999
f 2453/3493/1906 2558/3598/1992 2562/3603/1997 2454/3494/1907
f 2452/3492/1906 2561/3599/1993 2558/3598/1992 2453/3493/1906
f 2454/3494/1907 2562/3603/1997 2564/3605/1997 2455/3495/1907
f 2455/3495/1907 2564/3605/1997 2568/3609/1992 2456/3496/1907
f 2456/3496/1907 2568/3609/1992 2570/3611/2001 2457/3497/1908
f 2457/3497/1908 2570/3611/2001 2572/3613/2003 2458/3498/1909
f 2450/3491/1905 2567/3606/1998 2561/3599/1993 2452/3492/1906
f 2451/3490/1904 2575/3614/2004 2567/3606/1998 2450/3491/1905
f 2559/3601/1995 2535/3576/1967 2536/3575/1966 2563/3602/1996
f 2559/3601/1995 2560/3600/1994 2545/3584/1976 2535/3576/1967
f 2563/3602/1996 2536/3575/1966 2547/3587/1979 2565/3604/1996
f 2565/3604/1996 2547/3587/1979 2551/3591/1979 2569/3608/1995
f 2569/3608/1995 2551/3591/1979 2553/3593/1985 2571/3610/2000
f 2571/3610/2000 2553/3593/1985 2555/3595/1988 2573/3612/2002
f 2566/3607/1999 2549/3588/1980 2545/3584/1976 2560/3600/1994
f 2566/3607/1999 2574/3615/2005 2557/3596/1989 2549/3588/1980
o sorcerer_desk.014
v -4.319554 3.842731 -6.880013
v -4.269370 3.847324 -6.881065
v -4.268959 3.846458 -6.783386
v -4.319821 3.841265 -6.783092
v -4.244343 3.855829 -6.884218
v -4.242835 3.855718 -6.783733
v -4.243059 3.857160 -6.682915
v -4.268766 3.848070 -6.685417
v -4.319524 3.843041 -6.685946
v -4.222891 3.869028 -6.890781
v -4.220302 3.869654 -6.784007
v -4.164899 3.932169 -6.929008
v -4.161623 3.933167 -6.784026
v -4.163182 3.934339 -6.638629
v -4.221161 3.871016 -6.676817
v -4.270516 3.932190 -7.034686
v -4.308787 3.869030 -6.976677
v -4.415562 3.869655 -6.979268
v -4.415513 3.933181 -7.037956
v -4.315353 3.855830 -6.955226
v -4.415834 3.855720 -6.956735
v -4.516419 3.856996 -6.956612
v -4.522493 3.870824 -6.978498
v -4.560685 3.934145 -7.036470
v -4.318503 3.847325 -6.930200
v -4.416183 3.846459 -6.930610
v -4.416474 3.841266 -6.879745
v -4.513407 3.842874 -6.880199
v -4.513915 3.847899 -6.930943
v -4.172281 3.931987 -6.993543
v -4.038350 4.090235 -7.125257
v -4.030254 4.090496 -7.027142
v -4.185427 3.932103 -7.014135
v -4.052586 4.090219 -7.146964
v -3.921487 4.251752 -7.278049
v -3.906907 4.251719 -7.255712
v -3.898777 4.251756 -7.124485
v -4.205997 3.932000 -7.027297
v -4.074195 4.090289 -7.161263
v -4.172252 4.090577 -7.169382
v -4.074794 4.251885 -7.300897
v -3.943666 4.251805 -7.292728
v -4.668153 3.932383 -6.929281
v -4.610155 3.869238 -6.891068
v -4.612840 3.869654 -6.784007
v -4.671518 3.933167 -6.784026
v -4.588693 3.856004 -6.884475
v -4.590306 3.855718 -6.783733
v -4.590082 3.857160 -6.682915
v -4.611981 3.871016 -6.676817
v -4.669959 3.934339 -6.638629
v -4.563629 3.847502 -6.881312
v -4.564182 3.846458 -6.783386
v -4.513320 3.841265 -6.783092
v -4.513618 3.843041 -6.685946
v -4.564375 3.848070 -6.685417
v -4.625731 3.934251 -7.029598
v -4.757974 4.091600 -7.162562
v -4.659541 4.091722 -7.170393
v -4.646915 3.933737 -7.016070
v -4.780018 4.091165 -7.148057
v -4.911408 4.251910 -7.278230
v -4.889020 4.252018 -7.292939
v -4.757709 4.252067 -7.301054
v -4.660504 3.932844 -6.994629
v -4.794556 4.090728 -7.125871
v -4.802828 4.090618 -7.027296
v -4.934336 4.251777 -7.124517
v -4.926127 4.251804 -7.255816
v -4.271915 3.934691 -6.529335
v -4.206302 3.935043 -6.536861
v -4.074511 4.092080 -6.403700
v -4.173252 4.092045 -6.395494
v -4.184257 3.935278 -6.550879
v -4.051957 4.092104 -6.418499
v -3.921445 4.252142 -6.287896
v -3.943960 4.252136 -6.273118
v -4.075308 4.252127 -6.264926
v -4.170305 3.935043 -6.572858
v -4.037197 4.092080 -6.441016
v -4.029233 4.091828 -6.539854
v -3.898537 4.252074 -6.441751
v -3.906671 4.252136 -6.310389
v -4.318880 3.848169 -6.635080
v -4.416571 3.846855 -6.634888
v -4.416571 3.841365 -6.686121
v -4.316279 3.857363 -6.609279
v -4.416571 3.856531 -6.608333
v -4.516863 3.857363 -6.609279
v -4.514261 3.848169 -6.635080
v -4.310107 3.871333 -6.587313
v -4.416571 3.870922 -6.585497
v -4.416571 3.934573 -6.526825
v -4.561227 3.934691 -6.529335
v -4.523035 3.871333 -6.587313
v -4.662836 3.935043 -6.572858
v -4.795944 4.092079 -6.441016
v -4.803908 4.091827 -6.539854
v -4.648884 3.935278 -6.550879
v -4.781185 4.092103 -6.418499
v -4.911701 4.252140 -6.287899
v -4.926469 4.252135 -6.310403
v -4.934599 4.252073 -6.441774
v -4.626840 3.935043 -6.536861
v -4.758630 4.092079 -6.403700
v -4.659889 4.092044 -6.395494
v -4.757860 4.252125 -6.264924
v -4.889198 4.252134 -6.273116
v -3.850290 4.323698 -7.160345
v -3.847575 4.323679 -6.782959
v -3.895947 4.251910 -6.783143
v -3.848224 4.350477 -7.161785
v -3.845502 4.350458 -6.782939
v -3.848256 4.350446 -6.404120
v -3.850317 4.323669 -6.405594
v -3.856012 4.376250 -7.155876
v -3.853278 4.376238 -6.782959
v -3.925164 4.390296 -7.060299
v -4.000443 4.395215 -6.782999
v -3.925192 4.390298 -6.505699
v -3.856039 4.376234 -6.410067
v -4.139154 4.390330 -7.274380
v -4.043555 4.376287 -7.343554
v -4.416364 4.376299 -7.346231
v -4.416387 4.395274 -7.199058
v -4.037572 4.350536 -7.351376
v -4.416387 4.350510 -7.354060
v -4.795235 4.350481 -7.351264
v -4.789211 4.376308 -7.343426
v -4.693633 4.390369 -7.274279
v -4.038943 4.323803 -7.349359
v -4.416372 4.323751 -7.352036
v -4.416221 4.251997 -7.303689
v -4.793838 4.323692 -7.349243
v -4.907915 4.390332 -7.060353
v -4.977095 4.376270 -7.155916
v -4.979792 4.376286 -6.783152
v -4.832609 4.395269 -6.783171
v -4.984890 4.350485 -7.161817
v -4.987600 4.350477 -6.783072
v -4.984834 4.350466 -6.404306
v -4.976999 4.376301 -6.410345
v -4.907845 4.390365 -6.505930
v -4.982830 4.323694 -7.160355
v -4.985550 4.323683 -6.783028
v -4.937191 4.251910 -6.783160
v -4.982805 4.323671 -6.405690
v -4.039271 4.323668 -6.216763
v -4.416631 4.323665 -6.214024
v -4.416586 4.252123 -6.262196
v -4.037894 4.350460 -6.214735
v -4.416692 4.350450 -6.211977
v -4.795462 4.350442 -6.214694
v -4.793977 4.323664 -6.216748
v -4.043927 4.376298 -6.222569
v -4.416755 4.376268 -6.219780
v -4.139500 4.390364 -6.291724
v -4.416733 4.395264 -6.366963
v -4.693941 4.390318 -6.291658
v -4.789537 4.376240 -6.222484
v -4.416571 3.839535 -6.782997
v -4.415834 4.091218 -7.172544
v -4.806074 4.091162 -6.783617
v -4.416571 4.092033 -6.392761
v -4.027067 4.091163 -6.783617
v -4.228201 3.869689 -6.941702
v -4.238951 3.870341 -6.960618
v -4.247010 3.857785 -6.932817
v -4.250575 3.861506 -6.948995
v -4.269611 3.850715 -6.929958
v -4.266753 3.857786 -6.952559
v -4.257865 3.869690 -6.971370
v -4.562961 3.851426 -6.930950
v -4.565330 3.859202 -6.954391
v -4.585712 3.858488 -6.933846
v -4.581802 3.862742 -6.950664
v -4.604558 3.870529 -6.942848
v -4.593363 3.871918 -6.962639
v -4.573884 3.871797 -6.973741
v -4.226198 3.872568 -6.624660
v -4.245586 3.859857 -6.633299
v -4.237736 3.873391 -6.604362
v -4.249656 3.863908 -6.616223
v -4.258101 3.872568 -6.592757
v -4.266773 3.859857 -6.612113
v -4.269183 3.852114 -6.635664
v -4.575041 3.872568 -6.592757
v -4.566369 3.859857 -6.612113
v -4.595405 3.873391 -6.604362
v -4.583486 3.863908 -6.616223
v -4.606944 3.872568 -6.624660
v -4.587555 3.859857 -6.633299
v -4.563959 3.852114 -6.635664
v -3.946191 4.390302 -7.253370
v -4.008677 4.395220 -7.162765
v -3.864230 4.376258 -7.297853
v -3.879065 4.376266 -7.320483
v -3.856417 4.350495 -7.305719
v -3.871206 4.350514 -7.328322
v -3.858453 4.323727 -7.303769
v -3.873187 4.323762 -7.326341
v -3.895616 4.323797 -7.341166
v -3.893718 4.350533 -7.343170
v -3.901648 4.376276 -7.335342
v -4.036792 4.395224 -7.190898
v -4.974631 4.323691 -7.303715
v -4.959823 4.323684 -7.326229
v -4.976672 4.350484 -7.305672
v -4.961816 4.350479 -7.328217
v -4.968853 4.376273 -7.297791
v -4.824401 4.395245 -7.162707
v -4.886798 4.390350 -7.253252
v -4.953941 4.376288 -7.320356
v -4.796110 4.395295 -7.190761
v -4.931232 4.376302 -7.335185
v -4.939191 4.350472 -7.343030
v -4.937273 4.323678 -7.341022
v -3.858524 4.323668 -6.262235
v -3.873332 4.323669 -6.239736
v -3.856490 4.350448 -6.260258
v -3.871345 4.350456 -6.237736
v -3.864303 4.376250 -6.268157
v -4.008731 4.395239 -6.403299
v -3.946344 4.390344 -6.312737
v -3.879215 4.376273 -6.245607
v -4.037019 4.395293 -6.375252
v -3.901918 4.376294 -6.230794
v -3.893962 4.350461 -6.222940
v -3.895876 4.323669 -6.224957
v -4.937331 4.323665 -6.224946
v -4.959830 4.323667 -6.239756
v -4.939308 4.350445 -6.222914
v -4.961829 4.350453 -6.237767
v -4.931409 4.376246 -6.230724
v -4.796272 4.395236 -6.375173
v -4.886830 4.390341 -6.312774
v -4.953957 4.376270 -6.245636
v -4.824318 4.395291 -6.403462
v -4.968770 4.376292 -6.268341
v -4.976624 4.350459 -6.260386
v -4.974610 4.323667 -6.262300
v -4.416539 4.401583 -6.783048
vt 0.431180 0.943858
vt 0.394951 0.945971
vt 0.395477 0.875510
vt 0.431846 0.875128
vt 0.375000 0.967654
vt 0.375000 0.876020
vt 0.375000 0.784387
vt 0.394991 0.805523
vt 0.430984 0.807418
vt 0.342654 0.000000
vt 0.332738 0.006915
vt 0.260087 0.006956
vt 0.251020 0.000000
vt 0.338968 0.027552
vt 0.265741 0.027561
vt 0.190233 0.027506
vt 0.185924 0.006865
vt 0.159387 0.000000
vt 0.439446 0.027557
vt 0.434698 0.006915
vt 0.508206 0.006956
vt 0.513728 0.027565
vt 0.407539 0.000000
vt 0.499714 0.000000
vt 0.591890 0.000000
vt 0.581637 0.007282
vt 0.587816 0.028103
vt 0.407539 1.000000
vt 0.429181 0.980061
vt 0.499857 0.979523
vt 0.499714 1.000000
vt 0.499964 0.943154
vt 0.568758 0.943722
vt 0.570569 0.979973
vt 0.591890 1.000000
vt 0.373317 0.028307
vt 0.373899 0.076662
vt 0.339758 0.075631
vt 0.388469 0.028878
vt 0.387785 0.077397
vt 0.383874 0.125811
vt 0.371306 0.125036
vt 0.337233 0.123900
vt 0.404103 0.028311
vt 0.402205 0.076678
vt 0.437325 0.075656
vt 0.431556 0.123938
vt 0.396836 0.125062
vt 0.689487 0.027612
vt 0.685044 0.006956
vt 0.758248 0.006956
vt 0.763747 0.027561
vt 0.658759 0.000000
vt 0.749797 0.000000
vt 0.840836 0.000000
vt 0.830354 0.006865
vt 0.836154 0.027506
vt 0.625000 0.966241
vt 0.605013 0.945428
vt 0.604523 0.875101
vt 0.625000 0.875203
vt 0.568154 0.875025
vt 0.567233 0.807375
vt 0.603990 0.805351
vt 0.625000 0.784164
vt 0.622577 0.028942
vt 0.623437 0.077081
vt 0.589050 0.076001
vt 0.637959 0.029339
vt 0.637445 0.077694
vt 0.633798 0.125869
vt 0.621189 0.125133
vt 0.587044 0.123995
vt 0.653910 0.028550
vt 0.652052 0.076819
vt 0.687328 0.075671
vt 0.681622 0.123909
vt 0.646841 0.125069
vt 0.413151 0.723448
vt 0.383764 0.724043
vt 0.382636 0.674099
vt 0.412222 0.674232
vt 0.375000 0.740170
vt 0.375000 0.673922
vt 0.375000 0.607674
vt 0.383102 0.624548
vt 0.413956 0.625916
vt 0.125000 0.009830
vt 0.149038 0.026558
vt 0.146930 0.075901
vt 0.125000 0.076078
vt 0.187305 0.075702
vt 0.180922 0.124069
vt 0.142787 0.125453
vt 0.125000 0.142326
vt 0.428396 0.774277
vt 0.495923 0.775289
vt 0.498981 0.808049
vt 0.424086 0.759600
vt 0.491559 0.760532
vt 0.561142 0.759596
vt 0.564469 0.774263
vt 0.418055 0.747280
vt 0.486623 0.747594
vt 0.483783 0.723250
vt 0.558468 0.723448
vt 0.558535 0.747280
vt 0.866174 0.026558
vt 0.867364 0.075901
vt 0.837540 0.075702
vt 0.875000 0.009830
vt 0.875000 0.076078
vt 0.875000 0.142326
vt 0.866898 0.125452
vt 0.835984 0.124068
vt 0.625000 0.740170
vt 0.600018 0.724043
vt 0.603070 0.674099
vt 0.625000 0.673922
vt 0.562764 0.674232
vt 0.569095 0.625915
vt 0.607213 0.624547
vt 0.625000 0.607674
vt 0.333515 0.145103
vt 0.254472 0.144773
vt 0.259754 0.123565
vt 0.328419 0.152715
vt 0.248926 0.152527
vt 0.169672 0.152719
vt 0.174866 0.145221
vt 0.321760 0.160211
vt 0.243318 0.160267
vt 0.326093 0.175673
vt 0.297980 0.191826
vt 0.208605 0.175476
vt 0.165871 0.160119
vt 0.429301 0.175681
vt 0.415177 0.160217
vt 0.493273 0.160280
vt 0.485432 0.191842
vt 0.419611 0.152727
vt 0.498896 0.152535
vt 0.578397 0.152713
vt 0.571700 0.160225
vt 0.548255 0.175693
vt 0.425361 0.145131
vt 0.504431 0.144790
vt 0.509396 0.123589
vt 0.583502 0.145100
vt 0.651529 0.175683
vt 0.665190 0.160217
vt 0.743283 0.160279
vt 0.672935 0.191842
vt 0.669645 0.152719
vt 0.748920 0.152530
vt 0.828433 0.152720
vt 0.822379 0.160136
vt 0.834853 0.168050
vt 0.675425 0.145104
vt 0.754474 0.144772
vt 0.759448 0.123564
vt 0.832959 0.145219
vt 0.417042 0.604782
vt 0.495529 0.605232
vt 0.490315 0.626371
vt 0.421567 0.597282
vt 0.501085 0.597477
vt 0.580332 0.597282
vt 0.575134 0.604780
vt 0.427622 0.589866
vt 0.506720 0.589725
vt 0.415147 0.581950
vt 0.501189 0.506177
vt 0.563248 0.551414
vt 0.584138 0.589879
vt 0.500000 0.875000
vt 0.513310 0.075478
vt 0.763343 0.075462
vt 0.485707 0.674277
vt 0.264571 0.075462
vt 0.367405 0.007313
vt 0.383228 0.007623
vt 0.358827 0.000000
vt 0.375000 0.000000
vt 0.393373 0.981675
vt 0.375000 0.983827
vt 0.391269 1.000000
vt 0.375000 1.000000
vt 0.399349 0.007313
vt 0.391269 0.000000
vt 0.606484 0.981322
vt 0.608445 1.000000
vt 0.625000 0.983121
vt 0.625000 1.000000
vt 0.649469 0.007476
vt 0.641879 0.000000
vt 0.632910 0.007933
vt 0.625000 0.000000
vt 0.616752 0.007738
vt 0.608445 0.000000
vt 0.146722 0.006066
vt 0.142194 0.000000
vt 0.125000 0.004915
vt 0.125000 0.000000
vt 0.387119 0.746340
vt 0.375000 0.745085
vt 0.390957 0.756801
vt 0.375000 0.750000
vt 0.393533 0.771241
vt 0.375000 0.767194
vt 0.599503 0.746340
vt 0.600602 0.756787
vt 0.625000 0.745085
vt 0.625000 0.750000
vt 0.862634 0.006066
vt 0.875000 0.004915
vt 0.857918 0.000000
vt 0.875000 0.000000
vt 0.602390 0.771185
vt 0.625000 0.767082
vt 0.378232 0.175229
vt 0.382255 0.191062
vt 0.356583 0.160035
vt 0.369275 0.159918
vt 0.362853 0.153272
vt 0.374546 0.153645
vt 0.367693 0.146089
vt 0.379437 0.146751
vt 0.391178 0.146108
vt 0.385813 0.153280
vt 0.381325 0.160038
vt 0.402280 0.191063
vt 0.641220 0.146085
vt 0.629446 0.146737
vt 0.635835 0.153274
vt 0.624548 0.153642
vt 0.631333 0.160042
vt 0.589780 0.191069
vt 0.600432 0.175243
vt 0.619265 0.159928
vt 0.569706 0.191083
vt 0.606542 0.160048
vt 0.612841 0.153268
vt 0.617690 0.146079
vt 0.138999 0.146573
vt 0.125000 0.148375
vt 0.135952 0.153302
vt 0.125000 0.154425
vt 0.134033 0.159681
vt 0.218159 0.190622
vt 0.125000 0.163770
vt 0.125000 0.159097
vt 0.375000 0.586231
vt 0.395073 0.584090
vt 0.390753 0.590309
vt 0.375000 0.590903
vt 0.387037 0.596698
vt 0.375000 0.595575
vt 0.384528 0.603429
vt 0.375000 0.601625
vt 0.611002 0.603427
vt 0.625000 0.601625
vt 0.614048 0.596698
vt 0.625000 0.595575
vt 0.615967 0.590319
vt 0.580964 0.507396
vt 0.625000 0.586231
vt 0.625000 0.590903
vt 0.875000 0.163769
vt 0.854927 0.165910
vt 0.859246 0.159691
vt 0.875000 0.159097
vt 0.862963 0.153302
vt 0.875000 0.154425
vt 0.865472 0.146571
vt 0.875000 0.148375
vt 0.473246 0.271036
vt 0.729927 0.377141
vt 0.270073 0.372860
vn 0.0408 -0.9983 -0.0408
vn 0.1726 -0.9845 -0.0308
vn 0.1812 -0.9834 0.0032
vn 0.0450 -0.9990 0.0016
vn 0.4271 -0.9039 -0.0240
vn 0.4313 -0.9022 0.0032
vn 0.4336 -0.9005 0.0324
vn 0.1795 -0.9830 0.0387
vn 0.0441 -0.9980 0.0459
vn 0.6961 -0.7174 -0.0282
vn 0.6969 -0.7172 0.0010
vn 0.7496 -0.6614 -0.0256
vn 0.7546 -0.6562 0.0003
vn 0.7492 -0.6618 0.0270
vn 0.6967 -0.7167 0.0313
vn 0.0256 -0.6614 -0.7496
vn 0.0282 -0.7174 -0.6961
vn -0.0008 -0.7170 -0.6971
vn 0.0002 -0.6560 -0.7547
vn 0.0240 -0.9039 -0.4271
vn -0.0022 -0.9022 -0.4314
vn -0.0276 -0.9003 -0.4345
vn -0.0277 -0.7158 -0.6978
vn -0.0247 -0.6608 -0.7502
vn 0.0308 -0.9845 -0.1727
vn -0.0019 -0.9834 -0.1813
vn -0.0008 -0.9990 -0.0448
vn -0.0421 -0.9982 -0.0435
vn -0.0340 -0.9831 -0.1798
vn 0.6967 -0.7043 -0.1360
vn 0.7153 -0.6876 -0.1249
vn 0.7636 -0.6453 -0.0224
vn 0.4534 -0.7677 -0.4529
vn 0.4611 -0.7588 -0.4600
vn 0.4817 -0.7329 -0.4804
vn 0.7480 -0.6517 -0.1257
vn 0.7909 -0.6116 -0.0214
vn 0.1361 -0.7044 -0.6967
vn 0.1251 -0.6877 -0.7152
vn 0.0224 -0.6453 -0.7636
vn 0.0213 -0.6116 -0.7909
vn 0.1259 -0.6518 -0.7479
vn -0.7486 -0.6624 -0.0281
vn -0.6949 -0.7184 -0.0321
vn -0.6968 -0.7173 0.0008
vn -0.7544 -0.6564 -0.0003
vn -0.4262 -0.9042 -0.0291
vn -0.4312 -0.9022 0.0021
vn -0.4336 -0.9005 0.0324
vn -0.6967 -0.7167 0.0313
vn -0.7492 -0.6618 0.0270
vn -0.1727 -0.9843 -0.0355
vn -0.1813 -0.9834 0.0020
vn -0.0453 -0.9990 0.0010
vn -0.0441 -0.9980 0.0459
vn -0.1795 -0.9830 0.0387
vn -0.1325 -0.7030 -0.6987
vn -0.1230 -0.6871 -0.7161
vn -0.0219 -0.6450 -0.7638
vn -0.4413 -0.7679 -0.4643
vn -0.4517 -0.7597 -0.4677
vn -0.4768 -0.7337 -0.4841
vn -0.1251 -0.6514 -0.7483
vn -0.0212 -0.6112 -0.7912
vn -0.6915 -0.7077 -0.1447
vn -0.7118 -0.6902 -0.1302
vn -0.7628 -0.6462 -0.0238
vn -0.7905 -0.6121 -0.0220
vn -0.7461 -0.6534 -0.1281
vn 0.0274 -0.6619 0.7491
vn 0.1416 -0.7067 0.6932
vn 0.1283 -0.6898 0.7125
vn 0.0234 -0.6459 0.7630
vn 0.4525 -0.7685 0.4524
vn 0.4591 -0.7606 0.4590
vn 0.4796 -0.7347 0.4799
vn 0.1274 -0.6532 0.7464
vn 0.0218 -0.6118 0.7907
vn 0.6937 -0.7064 0.1408
vn 0.7128 -0.6896 0.1279
vn 0.7631 -0.6458 0.0232
vn 0.7907 -0.6118 0.0217
vn 0.7465 -0.6531 0.1273
vn 0.0368 -0.9824 0.1829
vn -0.0000 -0.9822 0.1881
vn -0.0000 -0.9989 0.0479
vn 0.0306 -0.8987 0.4374
vn -0.0000 -0.8985 0.4390
vn -0.0306 -0.8987 0.4374
vn -0.0368 -0.9824 0.1829
vn 0.0316 -0.7164 0.6970
vn -0.0000 -0.7160 0.6981
vn -0.0000 -0.6561 0.7547
vn -0.0274 -0.6619 0.7491
vn -0.0316 -0.7164 0.6970
vn -0.6937 -0.7064 0.1408
vn -0.7128 -0.6896 0.1278
vn -0.7631 -0.6458 0.0232
vn -0.4525 -0.7685 0.4524
vn -0.4592 -0.7606 0.4589
vn -0.4798 -0.7347 0.4796
vn -0.7465 -0.6531 0.1272
vn -0.7907 -0.6118 0.0217
vn -0.1416 -0.7067 0.6932
vn -0.1283 -0.6899 0.7125
vn -0.0234 -0.6459 0.7630
vn -0.0218 -0.6118 0.7907
vn -0.1274 -0.6533 0.7463
vn 0.8945 -0.4465 -0.0226
vn 0.8920 -0.4520 -0.0003
vn 0.7932 -0.6090 0.0000
vn 0.9942 0.1051 -0.0225
vn 0.9942 0.1080 0.0000
vn 0.9942 0.1051 0.0227
vn 0.8948 -0.4460 0.0227
vn 0.3934 0.9192 -0.0177
vn 0.3812 0.9245 0.0000
vn 0.0686 0.9976 0.0005
vn 0.0497 0.9988 0.0000
vn 0.0687 0.9976 -0.0006
vn 0.3937 0.9191 0.0177
vn -0.0004 0.9977 -0.0685
vn 0.0177 0.9192 -0.3933
vn -0.0002 0.9245 -0.3811
vn 0.0001 0.9988 -0.0496
vn 0.0225 0.1067 -0.9940
vn -0.0002 0.1097 -0.9940
vn -0.0228 0.1067 -0.9940
vn -0.0178 0.9190 -0.3938
vn 0.0006 0.9976 -0.0686
vn 0.0226 -0.4462 -0.8947
vn -0.0000 -0.4516 -0.8922
vn 0.0000 -0.6088 -0.7933
vn -0.0227 -0.4453 -0.8951
vn -0.0686 0.9976 0.0005
vn -0.3936 0.9191 -0.0178
vn -0.3813 0.9245 -0.0000
vn -0.0496 0.9988 -0.0001
vn -0.9942 0.1055 -0.0226
vn -0.9941 0.1088 0.0001
vn -0.9941 0.1062 0.0227
vn -0.3940 0.9190 0.0178
vn -0.0686 0.9976 -0.0006
vn -0.8945 -0.4465 -0.0227
vn -0.8921 -0.4518 0.0000
vn -0.7932 -0.6090 -0.0001
vn -0.8949 -0.4457 0.0227
vn 0.0227 -0.4455 0.8950
vn 0.0001 -0.4513 0.8924
vn 0.0000 -0.6088 0.7933
vn 0.0226 0.1062 0.9941
vn 0.0001 0.1087 0.9941
vn -0.0226 0.1056 0.9942
vn -0.0227 -0.4456 0.8949
vn 0.0177 0.9189 0.3940
vn -0.0001 0.9244 0.3815
vn -0.0006 0.9976 0.0686
vn -0.0001 0.9988 0.0496
vn 0.0005 0.9976 0.0686
vn -0.0178 0.9190 0.3938
vn -0.0002 -1.0000 0.0009
vn 0.0001 -0.6398 -0.7685
vn -0.7683 -0.6401 -0.0001
vn 0.0000 -0.6400 0.7684
vn 0.7684 -0.6400 0.0001
vn 0.6528 -0.7447 -0.1390
vn 0.4350 -0.7884 -0.4350
vn 0.4035 -0.9087 -0.1074
vn 0.3189 -0.8925 -0.3189
vn 0.1419 -0.9796 -0.1419
vn 0.1075 -0.9086 -0.4035
vn 0.1390 -0.7447 -0.6528
vn -0.1418 -0.9777 -0.1550
vn -0.1066 -0.9022 -0.4180
vn -0.3997 -0.9084 -0.1228
vn -0.3098 -0.8877 -0.3404
vn -0.6465 -0.7477 -0.1515
vn -0.4220 -0.7872 -0.4497
vn -0.1347 -0.7416 -0.6572
vn 0.6512 -0.7446 0.1467
vn 0.4143 -0.9020 0.1212
vn 0.4369 -0.7863 0.4368
vn 0.3319 -0.8830 0.3320
vn 0.1477 -0.7449 0.6507
vn 0.1207 -0.9017 0.4152
vn 0.1538 -0.9758 0.1552
vn -0.1477 -0.7448 0.6507
vn -0.1207 -0.9017 0.4152
vn -0.4369 -0.7864 0.4368
vn -0.3319 -0.8830 0.3319
vn -0.6512 -0.7446 0.1467
vn -0.4143 -0.9020 0.1212
vn -0.1539 -0.9758 0.1552
vn 0.0649 0.9958 -0.0645
vn 0.0359 0.9993 -0.0062
vn 0.3983 0.9163 -0.0425
vn 0.2090 0.9556 -0.2074
vn 0.9828 0.1124 -0.1464
vn 0.7004 0.1514 -0.6975
vn 0.8690 -0.4737 -0.1427
vn 0.5802 -0.5738 -0.5780
vn 0.1432 -0.4735 -0.8691
vn 0.1471 0.1137 -0.9826
vn 0.0428 0.9164 -0.3980
vn 0.0063 0.9993 -0.0358
vn -0.8686 -0.4744 -0.1433
vn -0.5777 -0.5741 -0.5802
vn -0.9827 0.1125 -0.1472
vn -0.6978 0.1513 -0.7001
vn -0.3985 0.9162 -0.0428
vn -0.0360 0.9993 -0.0061
vn -0.0652 0.9958 -0.0645
vn -0.2086 0.9555 -0.2085
vn -0.0063 0.9993 -0.0357
vn -0.0427 0.9160 -0.3988
vn -0.1469 0.1137 -0.9826
vn -0.1433 -0.4726 -0.8695
vn 0.8689 -0.4737 0.1436
vn 0.5780 -0.5748 0.5793
vn 0.9827 0.1124 0.1474
vn 0.6975 0.1514 0.7004
vn 0.3988 0.9160 0.0427
vn 0.0361 0.9993 0.0060
vn 0.0654 0.9958 0.0644
vn 0.2088 0.9555 0.2085
vn 0.0063 0.9993 0.0357
vn 0.0427 0.9161 0.3988
vn 0.1466 0.1136 0.9826
vn 0.1434 -0.4734 0.8691
vn -0.1436 -0.4737 0.8689
vn -0.5793 -0.5748 0.5779
vn -0.1473 0.1125 0.9827
vn -0.7004 0.1514 0.6975
vn -0.0428 0.9160 0.3988
vn -0.0061 0.9993 0.0360
vn -0.0644 0.9958 0.0653
vn -0.2084 0.9555 0.2088
vn -0.0357 0.9993 0.0063
vn -0.3988 0.9160 0.0427
vn -0.9827 0.1136 0.1466
vn -0.8692 -0.4733 0.1434
vn 0.0000 1.0000 -0.0000
usemtl M_BlueliquidSG.002
s 1
f 2576/3616/2006 2577/3617/2007 2578/3618/2008 2579/3619/2009
f 2577/3617/2007 2580/3620/2010 2581/3621/2011 2578/3618/2008
f 2578/3618/2008 2581/3621/2011 2582/3622/2012 2583/3623/2013
f 2579/3619/2009 2578/3618/2008 2583/3623/2013 2584/3624/2014
f 2580/3625/2010 2585/3626/2015 2586/3627/2016 2581/3628/2011
f 2585/3626/2015 2587/3629/2017 2588/3630/2018 2586/3627/2016
f 2586/3627/2016 2588/3630/2018 2589/3631/2019 2590/3632/2020
f 2581/3628/2011 2586/3627/2016 2590/3632/2020 2582/3633/2012
f 2591/3634/2021 2592/3635/2022 2593/3636/2023 2594/3637/2024
f 2592/3635/2022 2595/3638/2025 2596/3639/2026 2593/3636/2023
f 2593/3636/2023 2596/3639/2026 2597/3640/2027 2598/3641/2028
f 2594/3637/2024 2593/3636/2023 2598/3641/2028 2599/3642/2029
f 2595/3643/2025 2600/3644/2030 2601/3645/2031 2596/3646/2026
f 2600/3644/2030 2576/3616/2006 2602/3647/2032 2601/3645/2031
f 2601/3645/2031 2602/3647/2032 2603/3648/2033 2604/3649/2034
f 2596/3646/2026 2601/3645/2031 2604/3649/2034 2597/3650/2027
f 2587/3629/2017 2605/3651/2035 2606/3652/2036 2607/3653/2037
f 2605/3651/2035 2608/3654/2038 2609/3655/2039 2606/3652/2036
f 2606/3652/2036 2609/3655/2039 2610/3656/2040 2611/3657/2041
f 2607/3653/2037 2606/3652/2036 2611/3657/2041 2612/3658/2042
f 2608/3654/2038 2613/3659/2043 2614/3660/2044 2609/3655/2039
f 2613/3659/2043 2591/3634/2021 2615/3661/2045 2614/3660/2044
f 2614/3660/2044 2615/3661/2045 2616/3662/2046 2617/3663/2047
f 2609/3655/2039 2614/3660/2044 2617/3663/2047 2610/3656/2040
f 2618/3664/2048 2619/3665/2049 2620/3666/2050 2621/3667/2051
f 2619/3665/2049 2622/3668/2052 2623/3669/2053 2620/3666/2050
f 2620/3666/2050 2623/3669/2053 2624/3670/2054 2625/3671/2055
f 2621/3667/2051 2620/3666/2050 2625/3671/2055 2626/3672/2056
f 2622/3673/2052 2627/3674/2057 2628/3675/2058 2623/3676/2053
f 2627/3674/2057 2603/3648/2033 2629/3677/2059 2628/3675/2058
f 2628/3675/2058 2629/3677/2059 2630/3678/2060 2631/3679/2061
f 2623/3676/2053 2628/3675/2058 2631/3679/2061 2624/3680/2054
f 2599/3642/2029 2632/3681/2062 2633/3682/2063 2634/3683/2064
f 2632/3681/2062 2635/3684/2065 2636/3685/2066 2633/3682/2063
f 2633/3682/2063 2636/3685/2066 2637/3686/2067 2638/3687/2068
f 2634/3683/2064 2633/3682/2063 2638/3687/2068 2639/3688/2069
f 2635/3684/2065 2640/3689/2070 2641/3690/2071 2636/3685/2066
f 2640/3689/2070 2618/3664/2048 2642/3691/2072 2641/3690/2071
f 2641/3690/2071 2642/3691/2072 2643/3692/2073 2644/3693/2074
f 2636/3685/2066 2641/3690/2071 2644/3693/2074 2637/3686/2067
f 2645/3694/2075 2646/3695/2076 2647/3696/2077 2648/3697/2078
f 2646/3695/2076 2649/3698/2079 2650/3699/2080 2647/3696/2077
f 2647/3696/2077 2650/3699/2080 2651/3700/2081 2652/3701/2082
f 2648/3697/2078 2647/3696/2077 2652/3701/2082 2653/3702/2083
f 2649/3703/2079 2654/3704/2084 2655/3705/2085 2650/3706/2080
f 2654/3704/2084 2589/3631/2019 2656/3707/2086 2655/3705/2085
f 2655/3705/2085 2656/3707/2086 2657/3708/2087 2658/3709/2088
f 2650/3706/2080 2655/3705/2085 2658/3709/2088 2651/3710/2081
f 2584/3624/2014 2659/3711/2089 2660/3712/2090 2661/3713/2091
f 2659/3711/2089 2662/3714/2092 2663/3715/2093 2660/3712/2090
f 2660/3712/2090 2663/3715/2093 2664/3716/2094 2665/3717/2095
f 2661/3713/2091 2660/3712/2090 2665/3717/2095 2630/3678/2060
f 2662/3714/2092 2666/3718/2096 2667/3719/2097 2663/3715/2093
f 2666/3718/2096 2645/3694/2075 2668/3720/2098 2667/3719/2097
f 2667/3719/2097 2668/3720/2098 2669/3721/2099 2670/3722/2100
f 2663/3715/2093 2667/3719/2097 2670/3722/2100 2664/3716/2094
f 2626/3672/2056 2671/3723/2101 2672/3724/2102 2673/3725/2103
f 2671/3723/2101 2674/3726/2104 2675/3727/2105 2672/3724/2102
f 2672/3724/2102 2675/3727/2105 2676/3728/2106 2677/3729/2107
f 2673/3725/2103 2672/3724/2102 2677/3729/2107 2678/3730/2108
f 2674/3731/2104 2679/3732/2109 2680/3733/2110 2675/3734/2105
f 2679/3732/2109 2669/3721/2099 2681/3735/2111 2680/3733/2110
f 2680/3733/2110 2681/3735/2111 2682/3736/2112 2683/3737/2113
f 2675/3734/2105 2680/3733/2110 2683/3737/2113 2676/3738/2106
f 2612/3658/2042 2684/3739/2114 2685/3740/2115 2686/3741/2116
f 2684/3739/2114 2687/3742/2117 2688/3743/2118 2685/3740/2115
f 2685/3740/2115 2688/3743/2118 2689/3744/2119 2690/3745/2120
f 2686/3741/2116 2685/3740/2115 2690/3745/2120 2657/3708/2087
f 2687/3742/2117 2691/3746/2121 2692/3747/2122 2688/3743/2118
f 2691/3746/2121 2693/3748/2123 2694/3749/2124 2692/3747/2122
f 2692/3747/2122 2694/3749/2124 2695/3750/2125 2696/3751/2126
f 2688/3743/2118 2692/3747/2122 2696/3751/2126 2689/3744/2119
f 2697/3752/2127 2698/3753/2128 2699/3754/2129 2700/3755/2130
f 2698/3753/2128 2701/3756/2131 2702/3757/2132 2699/3754/2129
f 2699/3754/2129 2702/3757/2132 2703/3758/2133 2704/3759/2134
f 2700/3755/2130 2699/3754/2129 2704/3759/2134 2705/3760/2135
f 2701/3756/2131 2706/3761/2136 2707/3762/2137 2702/3757/2132
f 2706/3761/2136 2616/3662/2046 2708/3763/2138 2707/3762/2137
f 2707/3762/2137 2708/3763/2138 2639/3688/2069 2709/3764/2139
f 2702/3757/2132 2707/3762/2137 2709/3764/2139 2703/3758/2133
f 2710/3765/2140 2711/3766/2141 2712/3767/2142 2713/3768/2143
f 2711/3766/2141 2714/3769/2144 2715/3770/2145 2712/3767/2142
f 2712/3767/2142 2715/3770/2145 2716/3771/2146 2717/3772/2147
f 2713/3768/2143 2712/3767/2142 2717/3772/2147 2718/3773/2148
f 2714/3769/2144 2719/3774/2149 2720/3775/2150 2715/3770/2145
f 2719/3774/2149 2643/3692/2073 2721/3776/2151 2720/3775/2150
f 2720/3775/2150 2721/3776/2151 2678/3730/2108 2722/3777/2152
f 2715/3770/2145 2720/3775/2150 2722/3777/2152 2716/3771/2146
f 2653/3702/2083 2723/3778/2153 2724/3779/2154 2725/3780/2155
f 2723/3778/2153 2726/3781/2156 2727/3782/2157 2724/3779/2154
f 2724/3779/2154 2727/3782/2157 2728/3783/2158 2729/3784/2159
f 2725/3780/2155 2724/3779/2154 2729/3784/2159 2682/3736/2112
f 2726/3781/2156 2730/3785/2160 2731/3786/2161 2727/3782/2157
f 2730/3785/2160 2732/3787/2162 2733/3788/2163 2731/3786/2161
f 2731/3786/2161 2733/3788/2163 2734/3789/2164 2735/3790/2165
f 2727/3782/2157 2731/3786/2161 2735/3790/2165 2728/3783/2158
f 2584/3624/2014 2661/3713/2091 2736/3791/2166 2579/3619/2009
f 2661/3713/2091 2630/3678/2060 2629/3677/2059 2736/3791/2166
f 2736/3791/2166 2629/3677/2059 2603/3648/2033 2602/3647/2032
f 2579/3619/2009 2736/3791/2166 2602/3647/2032 2576/3616/2006
f 2591/3634/2021 2594/3637/2024 2737/3792/2167 2615/3661/2045
f 2594/3637/2024 2599/3642/2029 2634/3683/2064 2737/3792/2167
f 2737/3792/2167 2634/3683/2064 2639/3688/2069 2708/3763/2138
f 2615/3661/2045 2737/3792/2167 2708/3763/2138 2616/3662/2046
f 2618/3664/2048 2621/3667/2051 2738/3793/2168 2642/3691/2072
f 2621/3667/2051 2626/3672/2056 2673/3725/2103 2738/3793/2168
f 2738/3793/2168 2673/3725/2103 2678/3730/2108 2721/3776/2151
f 2642/3691/2072 2738/3793/2168 2721/3776/2151 2643/3692/2073
f 2653/3702/2083 2725/3780/2155 2739/3794/2169 2648/3697/2078
f 2725/3780/2155 2682/3736/2112 2681/3735/2111 2739/3794/2169
f 2739/3794/2169 2681/3735/2111 2669/3721/2099 2668/3720/2098
f 2648/3697/2078 2739/3794/2169 2668/3720/2098 2645/3694/2075
f 2589/3631/2019 2588/3630/2018 2740/3795/2170 2656/3707/2086
f 2588/3630/2018 2587/3629/2017 2607/3653/2037 2740/3795/2170
f 2740/3795/2170 2607/3653/2037 2612/3658/2042 2686/3741/2116
f 2656/3707/2086 2740/3795/2170 2686/3741/2116 2657/3708/2087
f 2608/3654/2038 2605/3651/2035 2741/3796/2171 2742/3797/2172
f 2605/3651/2035 2587/3629/2017 2585/3626/2015 2741/3796/2171
f 2741/3796/2171 2585/3626/2015 2580/3625/2010 2743/3798/2173
f 2742/3797/2172 2741/3796/2171 2743/3798/2173 2744/3799/2174
f 2580/3620/2010 2577/3617/2007 2745/3800/2175 2743/3801/2173
f 2577/3617/2007 2576/3616/2006 2600/3644/2030 2745/3800/2175
f 2745/3800/2175 2600/3644/2030 2595/3643/2025 2746/3802/2176
f 2743/3801/2173 2745/3800/2175 2746/3802/2176 2744/3803/2174
f 2595/3638/2025 2592/3635/2022 2747/3804/2177 2746/3805/2176
f 2592/3635/2022 2591/3634/2021 2613/3659/2043 2747/3804/2177
f 2747/3804/2177 2613/3659/2043 2608/3654/2038 2742/3797/2172
f 2746/3805/2176 2747/3804/2177 2742/3797/2172 2744/3799/2174
f 2597/3650/2027 2604/3649/2034 2748/3806/2178 2749/3807/2179
f 2604/3649/2034 2603/3648/2033 2627/3674/2057 2748/3806/2178
f 2748/3806/2178 2627/3674/2057 2622/3673/2052 2750/3808/2180
f 2749/3807/2179 2748/3806/2178 2750/3808/2180 2751/3809/2181
f 2622/3668/2052 2619/3665/2049 2752/3810/2182 2750/3811/2180
f 2619/3665/2049 2618/3664/2048 2640/3689/2070 2752/3810/2182
f 2752/3810/2182 2640/3689/2070 2635/3684/2065 2753/3812/2183
f 2750/3811/2180 2752/3810/2182 2753/3812/2183 2751/3813/2181
f 2635/3684/2065 2632/3681/2062 2754/3814/2184 2753/3812/2183
f 2632/3681/2062 2599/3642/2029 2598/3641/2028 2754/3814/2184
f 2754/3814/2184 2598/3641/2028 2597/3640/2027 2749/3815/2179
f 2753/3812/2183 2754/3814/2184 2749/3815/2179 2751/3813/2181
f 2582/3633/2012 2590/3632/2020 2755/3816/2185 2756/3817/2186
f 2590/3632/2020 2589/3631/2019 2654/3704/2084 2755/3816/2185
f 2755/3816/2185 2654/3704/2084 2649/3703/2079 2757/3818/2187
f 2756/3817/2186 2755/3816/2185 2757/3818/2187 2758/3819/2188
f 2649/3698/2079 2646/3695/2076 2759/3820/2189 2757/3821/2187
f 2646/3695/2076 2645/3694/2075 2666/3718/2096 2759/3820/2189
f 2759/3820/2189 2666/3718/2096 2662/3714/2092 2760/3822/2190
f 2757/3821/2187 2759/3820/2189 2760/3822/2190 2758/3823/2188
f 2662/3714/2092 2659/3711/2089 2761/3824/2191 2760/3822/2190
f 2659/3711/2089 2584/3624/2014 2583/3623/2013 2761/3824/2191
f 2761/3824/2191 2583/3623/2013 2582/3622/2012 2756/3825/2186
f 2760/3822/2190 2761/3824/2191 2756/3825/2186 2758/3823/2188
f 2664/3716/2094 2670/3722/2100 2762/3826/2192 2763/3827/2193
f 2670/3722/2100 2669/3721/2099 2679/3732/2109 2762/3826/2192
f 2762/3826/2192 2679/3732/2109 2674/3731/2104 2764/3828/2194
f 2763/3827/2193 2762/3826/2192 2764/3828/2194 2765/3829/2195
f 2674/3726/2104 2671/3723/2101 2766/3830/2196 2764/3831/2194
f 2671/3723/2101 2626/3672/2056 2625/3671/2055 2766/3830/2196
f 2766/3830/2196 2625/3671/2055 2624/3670/2054 2767/3832/2197
f 2764/3831/2194 2766/3830/2196 2767/3832/2197 2765/3833/2195
f 2624/3680/2054 2631/3679/2061 2768/3834/2198 2767/3835/2197
f 2631/3679/2061 2630/3678/2060 2665/3717/2095 2768/3834/2198
f 2768/3834/2198 2665/3717/2095 2664/3716/2094 2763/3827/2193
f 2767/3835/2197 2768/3834/2198 2763/3827/2193 2765/3829/2195
f 2769/3836/2199 2770/3837/2200 2771/3838/2201 2772/3839/2202
f 2770/3837/2200 2693/3748/2123 2691/3746/2121 2771/3838/2201
f 2771/3838/2201 2691/3746/2121 2687/3742/2117 2773/3840/2203
f 2772/3839/2202 2771/3838/2201 2773/3840/2203 2774/3841/2204
f 2687/3742/2117 2684/3739/2114 2775/3842/2205 2773/3840/2203
f 2684/3739/2114 2612/3658/2042 2611/3657/2041 2775/3842/2205
f 2775/3842/2205 2611/3657/2041 2610/3656/2040 2776/3843/2206
f 2773/3840/2203 2775/3842/2205 2776/3843/2206 2774/3841/2204
f 2610/3656/2040 2617/3663/2047 2777/3844/2207 2776/3843/2206
f 2617/3663/2047 2616/3662/2046 2706/3761/2136 2777/3844/2207
f 2777/3844/2207 2706/3761/2136 2701/3756/2131 2778/3845/2208
f 2776/3843/2206 2777/3844/2207 2778/3845/2208 2774/3841/2204
f 2701/3756/2131 2698/3753/2128 2779/3846/2209 2778/3845/2208
f 2698/3753/2128 2697/3752/2127 2780/3847/2210 2779/3846/2209
f 2779/3846/2209 2780/3847/2210 2769/3836/2199 2772/3839/2202
f 2778/3845/2208 2779/3846/2209 2772/3839/2202 2774/3841/2204
f 2637/3686/2067 2644/3693/2074 2781/3848/2211 2782/3849/2212
f 2644/3693/2074 2643/3692/2073 2719/3774/2149 2781/3848/2211
f 2781/3848/2211 2719/3774/2149 2714/3769/2144 2783/3850/2213
f 2782/3849/2212 2781/3848/2211 2783/3850/2213 2784/3851/2214
f 2714/3769/2144 2711/3766/2141 2785/3852/2215 2783/3850/2213
f 2711/3766/2141 2710/3765/2140 2786/3853/2216 2785/3852/2215
f 2785/3852/2215 2786/3853/2216 2787/3854/2217 2788/3855/2218
f 2783/3850/2213 2785/3852/2215 2788/3855/2218 2784/3851/2214
f 2787/3854/2217 2789/3856/2219 2790/3857/2220 2788/3855/2218
f 2789/3856/2219 2705/3760/2135 2704/3759/2134 2790/3857/2220
f 2790/3857/2220 2704/3759/2134 2703/3758/2133 2791/3858/2221
f 2788/3855/2218 2790/3857/2220 2791/3858/2221 2784/3851/2214
f 2703/3758/2133 2709/3764/2139 2792/3859/2222 2791/3858/2221
f 2709/3764/2139 2639/3688/2069 2638/3687/2068 2792/3859/2222
f 2792/3859/2222 2638/3687/2068 2637/3686/2067 2782/3849/2212
f 2791/3858/2221 2792/3859/2222 2782/3849/2212 2784/3851/2214
f 2651/3710/2081 2658/3709/2088 2793/3860/2223 2794/3861/2224
f 2658/3709/2088 2657/3708/2087 2690/3745/2120 2793/3860/2223
f 2793/3860/2223 2690/3745/2120 2689/3744/2119 2795/3862/2225
f 2794/3861/2224 2793/3860/2223 2795/3862/2225 2796/3863/2226
f 2689/3744/2119 2696/3751/2126 2797/3864/2227 2795/3862/2225
f 2696/3751/2126 2695/3750/2125 2798/3865/2228 2797/3864/2227
f 2797/3864/2227 2798/3865/2228 2799/3866/2229 2800/3867/2230
f 2795/3862/2225 2797/3864/2227 2800/3867/2230 2796/3863/2226
f 2799/3868/2229 2801/3869/2231 2802/3870/2232 2800/3871/2230
f 2801/3869/2231 2732/3787/2162 2730/3785/2160 2802/3870/2232
f 2802/3870/2232 2730/3785/2160 2726/3781/2156 2803/3872/2233
f 2800/3871/2230 2802/3870/2232 2803/3872/2233 2796/3873/2226
f 2726/3781/2156 2723/3778/2153 2804/3874/2234 2803/3872/2233
f 2723/3778/2153 2653/3702/2083 2652/3701/2082 2804/3874/2234
f 2804/3874/2234 2652/3701/2082 2651/3700/2081 2794/3875/2224
f 2803/3872/2233 2804/3874/2234 2794/3875/2224 2796/3873/2226
f 2676/3738/2106 2683/3737/2113 2805/3876/2235 2806/3877/2236
f 2683/3737/2113 2682/3736/2112 2729/3784/2159 2805/3876/2235
f 2805/3876/2235 2729/3784/2159 2728/3783/2158 2807/3878/2237
f 2806/3877/2236 2805/3876/2235 2807/3878/2237 2808/3879/2238
f 2728/3783/2158 2735/3790/2165 2809/3880/2239 2807/3878/2237
f 2735/3790/2165 2734/3789/2164 2810/3881/2240 2809/3880/2239
f 2809/3880/2239 2810/3881/2240 2811/3882/2241 2812/3883/2242
f 2807/3878/2237 2809/3880/2239 2812/3883/2242 2808/3879/2238
f 2811/3884/2241 2813/3885/2243 2814/3886/2244 2812/3887/2242
f 2813/3885/2243 2718/3773/2148 2717/3772/2147 2814/3886/2244
f 2814/3886/2244 2717/3772/2147 2716/3771/2146 2815/3888/2245
f 2812/3887/2242 2814/3886/2244 2815/3888/2245 2808/3889/2238
f 2716/3771/2146 2722/3777/2152 2816/3890/2246 2815/3888/2245
f 2722/3777/2152 2678/3730/2108 2677/3729/2107 2816/3890/2246
f 2816/3890/2246 2677/3729/2107 2676/3728/2106 2806/3891/2236
f 2815/3888/2245 2816/3890/2246 2806/3891/2236 2808/3889/2238
f 2697/3752/2127 2700/3755/2130 2817/3892/2247 2780/3847/2210
f 2705/3760/2135 2789/3856/2219 2817/3892/2247 2700/3755/2130
f 2787/3854/2217 2786/3853/2216 2817/3892/2247 2789/3856/2219
f 2710/3765/2140 2713/3768/2143 2817/3892/2247 2786/3853/2216
f 2718/3773/2148 2813/3893/2243 2817/3892/2247 2713/3768/2143
f 2811/3882/2241 2810/3881/2240 2817/3892/2247 2813/3893/2243
f 2734/3789/2164 2733/3788/2163 2817/3892/2247 2810/3881/2240
f 2732/3787/2162 2801/3894/2231 2817/3892/2247 2733/3788/2163
f 2799/3866/2229 2798/3865/2228 2817/3892/2247 2801/3894/2231
f 2695/3750/2125 2694/3749/2124 2817/3892/2247 2798/3865/2228
f 2693/3748/2123 2770/3837/2200 2817/3892/2247 2694/3749/2124
f 2769/3836/2199 2780/3847/2210 2817/3892/2247 2770/3837/2200
o sorcerer_desk.015
v -4.539613 5.120918 -6.758515
v -4.532473 5.120918 -6.734976
v -4.576916 5.445986 -6.716567
v -4.586794 5.445986 -6.749130
v -4.520877 5.120918 -6.713282
v -4.560875 5.445986 -6.686556
v -4.505272 5.120918 -6.694266
v -4.539287 5.445986 -6.660251
v -4.486257 5.120918 -6.678662
v -4.512983 5.445986 -6.638664
v -4.464563 5.120918 -6.667066
v -4.482972 5.445986 -6.622622
v -4.441024 5.120918 -6.659926
v -4.450409 5.445986 -6.612745
v -4.416544 5.120918 -6.657514
v -4.416544 5.445986 -6.609409
v -4.392064 5.120918 -6.659926
v -4.382679 5.445986 -6.612745
v -4.368525 5.120918 -6.667066
v -4.350116 5.445986 -6.622622
v -4.346831 5.120918 -6.678662
v -4.320105 5.445986 -6.638664
v -4.327816 5.120918 -6.694266
v -4.293800 5.445986 -6.660251
v -4.312211 5.120918 -6.713282
v -4.272213 5.445986 -6.686556
v -4.300615 5.120918 -6.734975
v -4.256172 5.445986 -6.716567
v -4.293475 5.120918 -6.758515
v -4.246294 5.445986 -6.749130
v -4.291064 5.120918 -6.782994
v -4.242959 5.445986 -6.782994
v -4.293475 5.120918 -6.807475
v -4.246294 5.445986 -6.816860
v -4.300615 5.120918 -6.831014
v -4.256172 5.445986 -6.849423
v -4.312211 5.120918 -6.852708
v -4.272213 5.445986 -6.879434
v -4.327816 5.120918 -6.871723
v -4.293800 5.445986 -6.905738
v -4.346831 5.120918 -6.887327
v -4.320105 5.445986 -6.927326
v -4.368525 5.120918 -6.898923
v -4.350116 5.445986 -6.943367
v -4.392064 5.120918 -6.906064
v -4.382679 5.445986 -6.953245
v -4.416544 5.120918 -6.908475
v -4.416544 5.445986 -6.956580
v -4.441024 5.120918 -6.906064
v -4.450409 5.445986 -6.953245
v -4.464563 5.120918 -6.898923
v -4.482972 5.445986 -6.943367
v -4.486257 5.120918 -6.887327
v -4.512983 5.445986 -6.927326
v -4.505272 5.120918 -6.871723
v -4.539287 5.445986 -6.905738
v -4.520877 5.120918 -6.852708
v -4.560875 5.445986 -6.879434
v -4.532473 5.120918 -6.831014
v -4.576916 5.445986 -6.849423
v -4.539613 5.120918 -6.807475
v -4.586794 5.445986 -6.816860
v -4.542024 5.120918 -6.782994
v -4.590129 5.445986 -6.782994
v -4.519383 5.108742 -6.740397
v -4.525717 5.108742 -6.761279
v -4.416544 5.108742 -6.782994
v -4.509096 5.108742 -6.721153
v -4.495253 5.108742 -6.704286
v -4.478385 5.108742 -6.690442
v -4.459141 5.108742 -6.680155
v -4.438260 5.108742 -6.673821
v -4.416544 5.108742 -6.671683
v -4.394828 5.108742 -6.673821
v -4.373947 5.108742 -6.680155
v -4.354702 5.108742 -6.690442
v -4.337834 5.108742 -6.704285
v -4.323991 5.108742 -6.721153
v -4.313705 5.108742 -6.740397
v -4.307371 5.108742 -6.761279
v -4.305232 5.108742 -6.782994
v -4.307371 5.108742 -6.804711
v -4.313705 5.108742 -6.825592
v -4.323991 5.108742 -6.844836
v -4.337834 5.108742 -6.861704
v -4.354702 5.108742 -6.875547
v -4.373947 5.108742 -6.885834
v -4.394828 5.108742 -6.892168
v -4.416544 5.108742 -6.894307
v -4.438260 5.108742 -6.892168
v -4.459141 5.108742 -6.885834
v -4.478385 5.108742 -6.875547
v -4.495253 5.108742 -6.861704
v -4.509096 5.108742 -6.844836
v -4.519383 5.108742 -6.825592
v -4.525717 5.108742 -6.804711
v -4.527856 5.108742 -6.782994
v -4.574795 5.460086 -6.751517
v -4.565613 5.460086 -6.721249
v -4.416544 5.460086 -6.782994
v -4.550703 5.460086 -6.693353
v -4.530636 5.460086 -6.668902
v -4.506186 5.460086 -6.648836
v -4.478291 5.460086 -6.633926
v -4.448022 5.460086 -6.624744
v -4.416544 5.460086 -6.621644
v -4.385066 5.460086 -6.624744
v -4.354798 5.460086 -6.633926
v -4.326903 5.460086 -6.648836
v -4.302452 5.460086 -6.668902
v -4.282385 5.460086 -6.693352
v -4.267475 5.460086 -6.721248
v -4.258293 5.460086 -6.751517
v -4.255193 5.460086 -6.782994
v -4.258293 5.460086 -6.814473
v -4.267475 5.460086 -6.844741
v -4.282385 5.460086 -6.872637
v -4.302452 5.460086 -6.897087
v -4.326902 5.460086 -6.917153
v -4.354797 5.460086 -6.932064
v -4.385066 5.460086 -6.941245
v -4.416544 5.460086 -6.944346
v -4.448022 5.460086 -6.941245
v -4.478291 5.460086 -6.932064
v -4.506186 5.460086 -6.917153
v -4.530636 5.460086 -6.897087
v -4.550703 5.460086 -6.872637
v -4.565613 5.460086 -6.844741
v -4.574795 5.460086 -6.814473
v -4.577895 5.460086 -6.782994
v -4.534897 5.112206 -6.759453
v -4.528031 5.112206 -6.736815
v -4.516879 5.112206 -6.715953
v -4.501872 5.112206 -6.697667
v -4.483586 5.112206 -6.682660
v -4.462723 5.112206 -6.671508
v -4.440086 5.112206 -6.664641
v -4.416544 5.112206 -6.662322
v -4.393002 5.112206 -6.664641
v -4.370365 5.112206 -6.671508
v -4.349502 5.112206 -6.682660
v -4.331216 5.112206 -6.697667
v -4.316209 5.112206 -6.715953
v -4.305057 5.112206 -6.736815
v -4.298191 5.112206 -6.759453
v -4.295872 5.112206 -6.782994
v -4.298191 5.112206 -6.806536
v -4.305057 5.112206 -6.829174
v -4.316209 5.112206 -6.850036
v -4.331216 5.112206 -6.868323
v -4.349502 5.112206 -6.883330
v -4.370365 5.112206 -6.894481
v -4.393002 5.112206 -6.901348
v -4.416544 5.112206 -6.903667
v -4.440086 5.112206 -6.901348
v -4.462723 5.112206 -6.894481
v -4.483586 5.112206 -6.883330
v -4.501872 5.112206 -6.868323
v -4.516879 5.112206 -6.850036
v -4.528031 5.112206 -6.829174
v -4.534897 5.112206 -6.806536
v -4.537216 5.112206 -6.782994
v -4.583974 5.455822 -6.749691
v -4.587254 5.455822 -6.782994
v -4.574259 5.455822 -6.717667
v -4.558484 5.455822 -6.688153
v -4.537254 5.455822 -6.662285
v -4.511385 5.455822 -6.641054
v -4.481872 5.455822 -6.625279
v -4.449848 5.455822 -6.615565
v -4.416544 5.455822 -6.612285
v -4.383240 5.455822 -6.615565
v -4.351216 5.455822 -6.625279
v -4.321703 5.455822 -6.641054
v -4.295834 5.455822 -6.662284
v -4.274604 5.455822 -6.688153
v -4.258829 5.455822 -6.717666
v -4.249114 5.455822 -6.749691
v -4.245834 5.455822 -6.782994
v -4.249114 5.455822 -6.816298
v -4.258828 5.455822 -6.848322
v -4.274604 5.455822 -6.877836
v -4.295834 5.455822 -6.903705
v -4.321703 5.455822 -6.924935
v -4.351216 5.455822 -6.940710
v -4.383240 5.455822 -6.950425
v -4.416544 5.455822 -6.953705
v -4.449848 5.455822 -6.950425
v -4.481872 5.455822 -6.940710
v -4.511385 5.455822 -6.924935
v -4.537254 5.455822 -6.903705
v -4.558484 5.455822 -6.877836
v -4.574260 5.455822 -6.848323
v -4.583974 5.455822 -6.816298
v -3.322019 4.809869 -6.658055
v -3.281907 4.809869 -6.617943
v -3.296434 5.014932 -6.592781
v -3.347181 5.014932 -6.643528
v -3.227111 4.809869 -6.603260
v -3.227111 5.014932 -6.574206
v -3.172316 4.809869 -6.617943
v -3.157789 5.014932 -6.592781
v -3.132203 4.809869 -6.658055
v -3.107041 5.014932 -6.643528
v -3.117520 4.809869 -6.712851
v -3.088466 5.014932 -6.712851
v -3.132203 4.809869 -6.767646
v -3.107041 5.014932 -6.782174
v -3.172316 4.809869 -6.807759
v -3.157789 5.014932 -6.832921
v -3.227111 4.809869 -6.822442
v -3.227111 5.014932 -6.851496
v -3.281907 4.809869 -6.807759
v -3.296434 5.014932 -6.832921
v -3.322019 4.809869 -6.767646
v -3.347181 5.014932 -6.782174
v -3.336702 4.809869 -6.712851
v -3.365756 5.014932 -6.712851
v -3.275971 4.800708 -6.628223
v -3.311738 4.800708 -6.663991
v -3.227111 4.800708 -6.712851
v -3.227111 4.800708 -6.615132
v -3.178252 4.800708 -6.628223
v -3.142484 4.800708 -6.663991
v -3.129392 4.800708 -6.712851
v -3.142484 4.800708 -6.761710
v -3.178252 4.800708 -6.797479
v -3.227111 4.800708 -6.810570
v -3.275971 4.800708 -6.797479
v -3.311738 4.800708 -6.761710
v -3.324831 4.800708 -6.712851
v -3.337372 5.024994 -6.649192
v -3.290770 5.024994 -6.602590
v -3.227111 5.024994 -6.712851
v -3.227111 5.024994 -6.585533
v -3.163452 5.024994 -6.602590
v -3.116850 5.024994 -6.649192
v -3.099793 5.024994 -6.712851
v -3.116850 5.024994 -6.776510
v -3.163452 5.024994 -6.823112
v -3.227111 5.024994 -6.840169
v -3.290770 5.024994 -6.823112
v -3.337372 5.024994 -6.776510
v -3.354429 5.024994 -6.712851
v -3.318692 4.803340 -6.659976
v -3.279986 4.803340 -6.621270
v -3.227111 4.803340 -6.607102
v -3.174237 4.803340 -6.621270
v -3.135530 4.803340 -6.659976
v -3.121362 4.803340 -6.712851
v -3.135530 4.803340 -6.765726
v -3.174237 4.803340 -6.804432
v -3.227111 4.803340 -6.818599
v -3.279986 4.803340 -6.804432
v -3.318692 4.803340 -6.765726
v -3.332860 4.803340 -6.712851
v -3.344654 5.021985 -6.644988
v -3.362838 5.021985 -6.712851
v -3.294975 5.021985 -6.595308
v -3.227111 5.021985 -6.577123
v -3.159247 5.021985 -6.595308
v -3.109568 5.021985 -6.644988
v -3.091384 5.021985 -6.712851
v -3.109568 5.021985 -6.780714
v -3.159247 5.021985 -6.830394
v -3.227111 5.021985 -6.848578
v -3.294975 5.021985 -6.830394
v -3.344654 5.021985 -6.780714
vt 0.281250 0.000000
vt 0.312500 0.000000
vt 0.312500 0.485315
vt 0.281250 0.485315
vt 0.343750 0.000000
vt 0.343750 0.485315
vt 0.375000 0.000000
vt 0.375000 0.485315
vt 0.406250 0.000000
vt 0.406250 0.485315
vt 0.437500 0.000000
vt 0.437500 0.485315
vt 0.468750 0.000000
vt 0.468750 0.485315
vt 0.500000 0.000000
vt 0.500000 0.485315
vt 0.531250 0.000000
vt 0.531250 0.485315
vt 0.562500 0.000000
vt 0.562500 0.485315
vt 0.593750 0.000000
vt 0.593750 0.485315
vt 0.625000 0.000000
vt 0.625000 0.485315
vt 0.656250 0.000000
vt 0.656250 0.485315
vt 0.687500 0.000000
vt 0.687500 0.485315
vt 0.718750 0.000000
vt 0.718750 0.485315
vt 0.750000 0.000000
vt 0.750000 0.485315
vt 0.781250 0.000000
vt 0.781250 0.485315
vt 0.812500 0.000000
vt 0.812500 0.485315
vt 0.843750 0.000000
vt 0.843750 0.485315
vt 0.875000 0.000000
vt 0.875000 0.485315
vt 0.906250 0.000000
vt 0.906250 0.485315
vt 0.937500 0.000000
vt 0.937500 0.485315
vt 0.968750 0.000000
vt 0.968750 0.485315
vt 1.000000 0.000000
vt 1.000000 0.485315
vt 0.000000 0.000000
vt 0.031250 0.000000
vt 0.031250 0.485315
vt 0.000000 0.485315
vt 0.062500 0.000000
vt 0.062500 0.485315
vt 0.093750 0.000000
vt 0.093750 0.485315
vt 0.125000 0.000000
vt 0.125000 0.485315
vt 0.156250 0.000000
vt 0.156250 0.485315
vt 0.187500 0.000000
vt 0.187500 0.485315
vt 0.218750 0.000000
vt 0.218750 0.485315
vt 0.250000 0.000000
vt 0.250000 0.485315
vt 0.706445 0.598886
vt 0.714218 0.624509
vt 0.580255 0.645692
vt 0.693823 0.575271
vt 0.676837 0.554573
vt 0.656139 0.537587
vt 0.632525 0.524965
vt 0.606902 0.517192
vt 0.580255 0.514567
vt 0.553608 0.517192
vt 0.527985 0.524965
vt 0.504371 0.537587
vt 0.483672 0.554573
vt 0.466686 0.575271
vt 0.454064 0.598885
vt 0.446291 0.624508
vt 0.443666 0.651155
vt 0.446291 0.677802
vt 0.454064 0.703425
vt 0.466686 0.727039
vt 0.483672 0.747738
vt 0.504370 0.764724
vt 0.527985 0.777346
vt 0.553608 0.785119
vt 0.580255 0.787743
vt 0.606902 0.785119
vt 0.632525 0.777347
vt 0.656139 0.764724
vt 0.676837 0.747738
vt 0.693824 0.727040
vt 0.706446 0.703425
vt 0.714218 0.677802
vt 0.716843 0.651156
vt 0.408229 0.752545
vt 0.397003 0.789548
vt 0.214763 0.706172
vt 0.378775 0.823651
vt 0.354244 0.853543
vt 0.324353 0.878074
vt 0.290249 0.896302
vt 0.253246 0.907527
vt 0.214763 0.911317
vt 0.176280 0.907527
vt 0.139277 0.896302
vt 0.105174 0.878073
vt 0.075282 0.853543
vt 0.050751 0.823651
vt 0.032523 0.789548
vt 0.021298 0.752544
vt 0.017508 0.714062
vt 0.021298 0.675579
vt 0.032523 0.638576
vt 0.050751 0.604473
vt 0.075283 0.574581
vt 0.105174 0.550050
vt 0.139277 0.531822
vt 0.176280 0.520597
vt 0.214763 0.516806
vt 0.253246 0.520597
vt 0.290249 0.531822
vt 0.324352 0.550050
vt 0.354244 0.574582
vt 0.378775 0.604473
vt 0.397003 0.638576
vt 0.408228 0.675579
vt 0.412019 0.714062
vt 0.409863 0.828558
vt 0.409862 0.803525
vt 0.424868 0.803525
vt 0.424868 0.828548
vt 0.729101 0.622155
vt 0.720465 0.593686
vt 0.439873 0.803525
vt 0.439873 0.828548
vt 0.706441 0.567448
vt 0.454878 0.803525
vt 0.454878 0.828548
vt 0.687567 0.544450
vt 0.469884 0.803525
vt 0.469884 0.828548
vt 0.664569 0.525577
vt 0.484889 0.803525
vt 0.484889 0.828548
vt 0.638332 0.511552
vt 0.499895 0.803525
vt 0.499895 0.828548
vt 0.609862 0.502916
vt 0.514900 0.803525
vt 0.514900 0.828548
vt 0.580255 0.500000
vt 0.529905 0.803525
vt 0.529905 0.828548
vt 0.550647 0.502916
vt 0.544911 0.803525
vt 0.544911 0.828548
vt 0.522178 0.511552
vt 0.559916 0.803525
vt 0.559916 0.828548
vt 0.495940 0.525577
vt 0.574921 0.803525
vt 0.574921 0.828548
vt 0.472943 0.544450
vt 0.589927 0.803525
vt 0.589927 0.828548
vt 0.454069 0.567448
vt 0.604932 0.803525
vt 0.604932 0.828548
vt 0.440045 0.593685
vt 0.619938 0.803525
vt 0.619938 0.828559
vt 0.431408 0.622155
vt 0.634943 0.803525
vt 0.634943 0.828558
vt 0.428492 0.651762
vt 0.649948 0.803525
vt 0.649948 0.828548
vt 0.431408 0.681370
vt 0.664954 0.803525
vt 0.664954 0.828558
vt 0.440044 0.709839
vt 0.679959 0.803525
vt 0.679959 0.828559
vt 0.454069 0.736077
vt 0.694965 0.803525
vt 0.694965 0.828558
vt 0.472942 0.759075
vt 0.709970 0.803525
vt 0.709970 0.828560
vt 0.495940 0.777948
vt 0.724975 0.803525
vt 0.724975 0.828548
vt 0.522178 0.791973
vt 0.739981 0.803525
vt 0.739981 0.828548
vt 0.550647 0.800609
vt 0.754986 0.803525
vt 0.754986 0.828558
vt 0.580255 0.803525
vt 0.769991 0.803525
vt 0.769991 0.828559
vt 0.609862 0.800609
vt 0.784997 0.803525
vt 0.784997 0.828558
vt 0.638332 0.791973
vt 0.800002 0.803525
vt 0.800002 0.828548
vt 0.664569 0.777948
vt 0.815008 0.803525
vt 0.815008 0.828548
vt 0.687567 0.759075
vt 0.830013 0.803525
vt 0.830013 0.828548
vt 0.706441 0.736077
vt 0.845018 0.803525
vt 0.845018 0.828548
vt 0.720465 0.709839
vt 0.860024 0.803525
vt 0.860024 0.828559
vt 0.729101 0.681370
vt 0.875029 0.803525
vt 0.875029 0.828559
vt 0.732017 0.651762
vt 0.890035 0.803525
vt 0.890035 0.828548
vt 0.281250 0.500000
vt 0.250000 0.500000
vt 0.425400 0.756661
vt 0.429526 0.714762
vt 0.413178 0.796949
vt 0.312500 0.500000
vt 0.393332 0.834078
vt 0.343750 0.500000
vt 0.366624 0.866623
vt 0.375000 0.500000
vt 0.334079 0.893331
vt 0.406250 0.500000
vt 0.296949 0.913178
vt 0.437500 0.500000
vt 0.256661 0.925399
vt 0.468750 0.500000
vt 0.214763 0.929525
vt 0.500000 0.500000
vt 0.172865 0.925399
vt 0.531250 0.500000
vt 0.132577 0.913178
vt 0.562500 0.500000
vt 0.095447 0.893331
vt 0.593750 0.500000
vt 0.062903 0.866623
vt 0.625000 0.500000
vt 0.036194 0.834078
vt 0.656250 0.500000
vt 0.016348 0.796949
vt 0.687500 0.500000
vt 0.004127 0.756660
vt 0.718750 0.500000
vt 0.000000 0.714762
vt 0.750000 0.500000
vt 0.004127 0.672864
vt 0.781250 0.500000
vt 0.016348 0.632576
vt 0.812500 0.500000
vt 0.036194 0.595446
vt 0.843750 0.500000
vt 0.062903 0.562902
vt 0.875000 0.500000
vt 0.095447 0.536193
vt 0.906250 0.500000
vt 0.132577 0.516347
vt 0.937500 0.500000
vt 0.172865 0.504126
vt 0.968750 0.500000
vt 0.214763 0.499999
vt 1.000000 0.500000
vt 0.256661 0.504126
vt 0.000000 0.500000
vt 0.031250 0.500000
vt 0.296949 0.516347
vt 0.062500 0.500000
vt 0.334079 0.536193
vt 0.093750 0.500000
vt 0.366624 0.562902
vt 0.125000 0.500000
vt 0.393332 0.595446
vt 0.156250 0.500000
vt 0.413178 0.632576
vt 0.187500 0.500000
vt 0.425399 0.672864
vt 0.218750 0.500000
vt 0.333333 0.014931
vt 0.416666 0.014931
vt 0.416667 0.483871
vt 0.333333 0.483871
vt 0.500000 0.014931
vt 0.500000 0.483871
vt 0.583334 0.014931
vt 0.583333 0.483871
vt 0.666667 0.014931
vt 0.666667 0.483871
vt 0.750000 0.014931
vt 0.750000 0.483871
vt 0.833333 0.014931
vt 0.833333 0.483871
vt 0.916666 0.014931
vt 0.916667 0.483871
vt 1.000000 0.014931
vt 1.000000 0.483871
vt 0.000000 0.014931
vt 0.083334 0.014931
vt 0.083333 0.483871
vt 0.000000 0.483871
vt 0.166667 0.014931
vt 0.166667 0.483871
vt 0.250000 0.014931
vt 0.250000 0.483871
vt 0.665167 0.536177
vt 0.720200 0.591210
vt 0.589990 0.660373
vt 0.589990 0.516033
vt 0.514813 0.536177
vt 0.459779 0.591210
vt 0.439636 0.666387
vt 0.459779 0.741564
vt 0.514813 0.796598
vt 0.589990 0.816741
vt 0.665167 0.796598
vt 0.720200 0.741564
vt 0.740344 0.666387
vt 0.383454 0.811229
vt 0.311996 0.882686
vt 0.214384 0.705807
vt 0.214384 0.908841
vt 0.116771 0.882686
vt 0.045314 0.811229
vt 0.019159 0.713616
vt 0.045314 0.616004
vt 0.116771 0.544546
vt 0.214384 0.518391
vt 0.311996 0.544546
vt 0.383454 0.616004
vt 0.409609 0.713616
vt 0.333334 0.000000
vt 0.416667 0.000000
vt 0.734666 0.583526
vt 0.673519 0.522379
vt 0.500000 0.000000
vt 0.589990 0.499997
vt 0.583333 0.000000
vt 0.506461 0.522379
vt 0.666666 0.000000
vt 0.445313 0.583526
vt 0.750000 0.000000
vt 0.422932 0.667055
vt 0.833334 0.000000
vt 0.445313 0.750585
vt 0.916667 0.000000
vt 0.506461 0.811732
vt 1.000000 0.000000
vt 0.589990 0.834114
vt 0.000000 0.000000
vt 0.083333 0.000000
vt 0.673519 0.811732
vt 0.166666 0.000000
vt 0.734666 0.750585
vt 0.250000 0.000000
vt 0.757048 0.667055
vt 0.333333 0.500000
vt 0.250000 0.500000
vt 0.400046 0.821574
vt 0.428768 0.714382
vt 0.321576 0.900044
vt 0.416667 0.500000
vt 0.214384 0.928766
vt 0.500000 0.500000
vt 0.107192 0.900044
vt 0.583333 0.500000
vt 0.028722 0.821574
vt 0.666667 0.500000
vt 0.000000 0.714382
vt 0.750000 0.500000
vt 0.028722 0.607191
vt 0.833333 0.500000
vt 0.107192 0.528721
vt 0.916667 0.500000
vt 0.214384 0.499999
vt 1.000000 0.500000
vt 0.321576 0.528721
vt 0.000000 0.500000
vt 0.083333 0.500000
vt 0.400046 0.607191
vt 0.166667 0.500000
vn -0.9690 -0.1545 0.1927
vn -0.9128 -0.1545 0.3781
vn -0.9158 -0.1321 0.3793
vn -0.9722 -0.1321 0.1934
vn -0.8215 -0.1545 0.5489
vn -0.8242 -0.1321 0.5507
vn -0.6986 -0.1545 0.6986
vn -0.7009 -0.1321 0.7009
vn -0.5489 -0.1545 0.8215
vn -0.5507 -0.1321 0.8242
vn -0.3781 -0.1545 0.9128
vn -0.3793 -0.1321 0.9158
vn -0.1928 -0.1545 0.9690
vn -0.1934 -0.1321 0.9722
vn -0.0000 -0.1545 0.9880
vn 0.0000 -0.1321 0.9912
vn 0.1928 -0.1545 0.9690
vn 0.1934 -0.1321 0.9722
vn 0.3781 -0.1545 0.9128
vn 0.3793 -0.1321 0.9158
vn 0.5489 -0.1545 0.8215
vn 0.5507 -0.1321 0.8242
vn 0.6986 -0.1545 0.6986
vn 0.7009 -0.1321 0.7009
vn 0.8215 -0.1545 0.5489
vn 0.8242 -0.1321 0.5507
vn 0.9128 -0.1545 0.3781
vn 0.9158 -0.1321 0.3793
vn 0.9690 -0.1545 0.1927
vn 0.9722 -0.1321 0.1934
vn 0.9880 -0.1545 0.0000
vn 0.9912 -0.1321 -0.0000
vn 0.9690 -0.1545 -0.1927
vn 0.9722 -0.1321 -0.1934
vn 0.9128 -0.1545 -0.3781
vn 0.9158 -0.1321 -0.3793
vn 0.8215 -0.1545 -0.5489
vn 0.8242 -0.1321 -0.5507
vn 0.6986 -0.1545 -0.6986
vn 0.7009 -0.1321 -0.7009
vn 0.5489 -0.1545 -0.8215
vn 0.5507 -0.1321 -0.8242
vn 0.3781 -0.1545 -0.9128
vn 0.3793 -0.1321 -0.9158
vn 0.1928 -0.1545 -0.9690
vn 0.1934 -0.1321 -0.9722
vn 0.0000 -0.1545 -0.9880
vn -0.0000 -0.1321 -0.9912
vn -0.1928 -0.1545 -0.9690
vn -0.1934 -0.1321 -0.9722
vn -0.3781 -0.1545 -0.9128
vn -0.3793 -0.1321 -0.9158
vn -0.5489 -0.1545 -0.8215
vn -0.5507 -0.1321 -0.8242
vn -0.6986 -0.1545 -0.6986
vn -0.7009 -0.1321 -0.7009
vn -0.8215 -0.1545 -0.5489
vn -0.8242 -0.1321 -0.5507
vn -0.9128 -0.1545 -0.3781
vn -0.9158 -0.1321 -0.3793
vn -0.9690 -0.1545 -0.1927
vn -0.9722 -0.1321 -0.1934
vn -0.9880 -0.1545 0.0000
vn -0.9912 -0.1321 0.0000
vn -0.0564 -0.9981 0.0234
vn -0.0598 -0.9981 0.0119
vn 0.0000 -1.0000 0.0000
vn -0.0508 -0.9981 0.0339
vn -0.0431 -0.9981 0.0431
vn -0.0339 -0.9981 0.0507
vn -0.0233 -0.9981 0.0564
vn -0.0119 -0.9981 0.0598
vn 0.0000 -0.9981 0.0610
vn 0.0119 -0.9981 0.0598
vn 0.0234 -0.9981 0.0564
vn 0.0339 -0.9981 0.0507
vn 0.0432 -0.9981 0.0431
vn 0.0507 -0.9981 0.0339
vn 0.0564 -0.9981 0.0234
vn 0.0598 -0.9981 0.0119
vn 0.0610 -0.9981 0.0000
vn 0.0598 -0.9981 -0.0119
vn 0.0564 -0.9981 -0.0234
vn 0.0507 -0.9981 -0.0339
vn 0.0431 -0.9981 -0.0431
vn 0.0339 -0.9981 -0.0507
vn 0.0233 -0.9981 -0.0564
vn 0.0119 -0.9981 -0.0598
vn -0.0000 -0.9981 -0.0610
vn -0.0119 -0.9981 -0.0598
vn -0.0234 -0.9981 -0.0564
vn -0.0339 -0.9981 -0.0507
vn -0.0431 -0.9981 -0.0431
vn -0.0508 -0.9981 -0.0339
vn -0.0564 -0.9981 -0.0233
vn -0.0598 -0.9981 -0.0119
vn -0.0610 -0.9981 -0.0000
vn -0.0529 0.9985 0.0105
vn -0.0499 0.9985 0.0207
vn 0.0000 1.0000 0.0000
vn -0.0448 0.9985 0.0300
vn -0.0382 0.9985 0.0382
vn -0.0300 0.9985 0.0449
vn -0.0207 0.9985 0.0499
vn -0.0105 0.9985 0.0529
vn 0.0000 0.9985 0.0540
vn 0.0105 0.9985 0.0529
vn 0.0207 0.9985 0.0499
vn 0.0300 0.9985 0.0449
vn 0.0382 0.9985 0.0382
vn 0.0448 0.9985 0.0300
vn 0.0499 0.9985 0.0207
vn 0.0529 0.9985 0.0105
vn 0.0540 0.9985 0.0000
vn 0.0529 0.9985 -0.0105
vn 0.0499 0.9985 -0.0207
vn 0.0448 0.9985 -0.0299
vn 0.0382 0.9985 -0.0382
vn 0.0300 0.9985 -0.0449
vn 0.0207 0.9985 -0.0499
vn 0.0105 0.9985 -0.0529
vn 0.0000 0.9985 -0.0540
vn -0.0105 0.9985 -0.0529
vn -0.0207 0.9985 -0.0499
vn -0.0300 0.9985 -0.0449
vn -0.0382 0.9985 -0.0382
vn -0.0449 0.9985 -0.0300
vn -0.0499 0.9985 -0.0207
vn -0.0529 0.9985 -0.0105
vn -0.0540 0.9985 0.0000
vn -0.8587 -0.4832 0.1708
vn -0.8089 -0.4832 0.3350
vn -0.3404 -0.9378 0.0677
vn -0.3207 -0.9378 0.1328
vn -0.7279 -0.4832 0.4864
vn -0.2886 -0.9378 0.1928
vn -0.6191 -0.4832 0.6191
vn -0.2454 -0.9378 0.2454
vn -0.4864 -0.4832 0.7279
vn -0.1928 -0.9378 0.2886
vn -0.3350 -0.4832 0.8089
vn -0.1328 -0.9378 0.3207
vn -0.1708 -0.4832 0.8587
vn -0.0677 -0.9378 0.3404
vn -0.0000 -0.4831 0.8755
vn 0.0000 -0.9378 0.3471
vn 0.1708 -0.4832 0.8587
vn 0.0677 -0.9378 0.3404
vn 0.3350 -0.4832 0.8089
vn 0.1328 -0.9378 0.3207
vn 0.4864 -0.4832 0.7280
vn 0.1928 -0.9378 0.2886
vn 0.6191 -0.4832 0.6191
vn 0.2454 -0.9378 0.2455
vn 0.7280 -0.4832 0.4864
vn 0.2886 -0.9378 0.1928
vn 0.8089 -0.4832 0.3350
vn 0.3207 -0.9378 0.1328
vn 0.8587 -0.4832 0.1708
vn 0.3404 -0.9378 0.0677
vn 0.8755 -0.4832 0.0000
vn 0.3471 -0.9378 -0.0000
vn 0.8587 -0.4832 -0.1708
vn 0.3404 -0.9378 -0.0677
vn 0.8089 -0.4832 -0.3350
vn 0.3207 -0.9378 -0.1328
vn 0.7279 -0.4832 -0.4864
vn 0.2886 -0.9378 -0.1929
vn 0.6191 -0.4832 -0.6191
vn 0.2454 -0.9378 -0.2454
vn 0.4864 -0.4832 -0.7280
vn 0.1928 -0.9378 -0.2886
vn 0.3351 -0.4832 -0.8089
vn 0.1328 -0.9378 -0.3207
vn 0.1708 -0.4832 -0.8587
vn 0.0677 -0.9378 -0.3404
vn 0.0000 -0.4832 -0.8755
vn -0.0000 -0.9378 -0.3471
vn -0.1708 -0.4832 -0.8587
vn -0.0677 -0.9378 -0.3404
vn -0.3351 -0.4832 -0.8089
vn -0.1328 -0.9378 -0.3207
vn -0.4864 -0.4832 -0.7280
vn -0.1928 -0.9378 -0.2886
vn -0.6191 -0.4832 -0.6191
vn -0.2454 -0.9378 -0.2454
vn -0.7279 -0.4832 -0.4864
vn -0.2886 -0.9378 -0.1928
vn -0.8088 -0.4832 -0.3350
vn -0.3207 -0.9378 -0.1328
vn -0.8587 -0.4832 -0.1708
vn -0.3404 -0.9378 -0.0677
vn -0.8755 -0.4832 -0.0000
vn -0.3471 -0.9378 -0.0000
vn -0.9414 0.2806 0.1873
vn -0.9598 0.2805 -0.0000
vn -0.4066 0.9100 0.0809
vn -0.4146 0.9100 0.0000
vn -0.3830 0.9100 0.1587
vn -0.8868 0.2806 0.3673
vn -0.3447 0.9100 0.2303
vn -0.7981 0.2806 0.5333
vn -0.2932 0.9100 0.2931
vn -0.6787 0.2806 0.6787
vn -0.2303 0.9100 0.3447
vn -0.5333 0.2806 0.7981
vn -0.1587 0.9100 0.3830
vn -0.3673 0.2806 0.8868
vn -0.0809 0.9100 0.4066
vn -0.1872 0.2806 0.9414
vn 0.0000 0.9100 0.4146
vn 0.0000 0.2806 0.9598
vn 0.0809 0.9100 0.4066
vn 0.1872 0.2806 0.9414
vn 0.1586 0.9100 0.3830
vn 0.3673 0.2806 0.8868
vn 0.2303 0.9100 0.3447
vn 0.5332 0.2806 0.7981
vn 0.2932 0.9100 0.2932
vn 0.6787 0.2806 0.6787
vn 0.3447 0.9100 0.2304
vn 0.7981 0.2806 0.5332
vn 0.3830 0.9100 0.1587
vn 0.8868 0.2806 0.3673
vn 0.4066 0.9100 0.0809
vn 0.9414 0.2806 0.1873
vn 0.4146 0.9100 0.0000
vn 0.9598 0.2806 0.0000
vn 0.4066 0.9100 -0.0809
vn 0.9414 0.2806 -0.1872
vn 0.3830 0.9100 -0.1586
vn 0.8868 0.2806 -0.3673
vn 0.3447 0.9100 -0.2303
vn 0.7981 0.2806 -0.5332
vn 0.2932 0.9100 -0.2931
vn 0.6787 0.2806 -0.6787
vn 0.2303 0.9100 -0.3447
vn 0.5332 0.2806 -0.7981
vn 0.1587 0.9100 -0.3830
vn 0.3673 0.2806 -0.8868
vn 0.0809 0.9100 -0.4066
vn 0.1872 0.2806 -0.9414
vn 0.0000 0.9100 -0.4146
vn 0.0000 0.2806 -0.9598
vn -0.0809 0.9100 -0.4066
vn -0.1872 0.2806 -0.9414
vn -0.1587 0.9100 -0.3830
vn -0.3673 0.2806 -0.8868
vn -0.2303 0.9100 -0.3447
vn -0.5333 0.2806 -0.7981
vn -0.2932 0.9100 -0.2932
vn -0.6787 0.2806 -0.6787
vn -0.3447 0.9100 -0.2303
vn -0.7981 0.2806 -0.5333
vn -0.3830 0.9100 -0.1587
vn -0.8868 0.2806 -0.3673
vn -0.4066 0.9100 -0.0809
vn -0.9414 0.2806 -0.1872
vn -0.8561 -0.1509 0.4943
vn -0.4943 -0.1509 0.8561
vn -0.4963 -0.1211 0.8597
vn -0.8596 -0.1211 0.4963
vn 0.0000 -0.1509 0.9886
vn 0.0000 -0.1212 0.9926
vn 0.4943 -0.1509 0.8561
vn 0.4963 -0.1211 0.8597
vn 0.8561 -0.1509 0.4943
vn 0.8596 -0.1211 0.4963
vn 0.9886 -0.1509 -0.0000
vn 0.9926 -0.1211 -0.0000
vn 0.8561 -0.1509 -0.4943
vn 0.8596 -0.1211 -0.4963
vn 0.4943 -0.1509 -0.8561
vn 0.4963 -0.1211 -0.8597
vn 0.0000 -0.1509 -0.9885
vn -0.0000 -0.1211 -0.9926
vn -0.4943 -0.1509 -0.8561
vn -0.4963 -0.1211 -0.8596
vn -0.8561 -0.1509 -0.4943
vn -0.8596 -0.1211 -0.4963
vn -0.9886 -0.1509 -0.0000
vn -0.9926 -0.1211 0.0000
vn -0.0314 -0.9980 0.0543
vn -0.0543 -0.9980 0.0313
vn 0.0000 -0.9980 0.0627
vn 0.0313 -0.9980 0.0543
vn 0.0543 -0.9980 0.0314
vn 0.0627 -0.9980 0.0000
vn 0.0543 -0.9980 -0.0313
vn 0.0314 -0.9980 -0.0543
vn -0.0000 -0.9980 -0.0627
vn -0.0314 -0.9980 -0.0543
vn -0.0543 -0.9980 -0.0313
vn -0.0627 -0.9980 -0.0000
vn -0.0491 0.9984 0.0284
vn -0.0284 0.9984 0.0491
vn -0.0000 0.9984 0.0567
vn 0.0284 0.9984 0.0491
vn 0.0491 0.9984 0.0284
vn 0.0567 0.9984 -0.0000
vn 0.0491 0.9984 -0.0284
vn 0.0284 0.9984 -0.0491
vn -0.0000 0.9984 -0.0567
vn -0.0284 0.9984 -0.0491
vn -0.0491 0.9984 -0.0284
vn -0.0567 0.9984 -0.0000
vn -0.7464 -0.5072 0.4309
vn -0.4309 -0.5072 0.7464
vn -0.2698 -0.9502 0.1558
vn -0.1558 -0.9502 0.2698
vn 0.0000 -0.5072 0.8618
vn 0.0000 -0.9502 0.3115
vn 0.4309 -0.5072 0.7464
vn 0.1558 -0.9502 0.2698
vn 0.7464 -0.5072 0.4309
vn 0.2698 -0.9503 0.1557
vn 0.8619 -0.5071 -0.0000
vn 0.3115 -0.9503 -0.0000
vn 0.7464 -0.5071 -0.4310
vn 0.2698 -0.9503 -0.1557
vn 0.4309 -0.5071 -0.7464
vn 0.1558 -0.9502 -0.2698
vn 0.0000 -0.5072 -0.8618
vn -0.0000 -0.9502 -0.3115
vn -0.4309 -0.5071 -0.7464
vn -0.1558 -0.9502 -0.2698
vn -0.7464 -0.5071 -0.4310
vn -0.2698 -0.9502 -0.1558
vn -0.8619 -0.5071 -0.0000
vn -0.3115 -0.9502 -0.0000
vn -0.8002 0.3823 0.4620
vn -0.9240 0.3823 -0.0000
vn -0.2918 0.9415 0.1684
vn -0.3369 0.9415 -0.0000
vn -0.1685 0.9415 0.2917
vn -0.4620 0.3823 0.8003
vn -0.0000 0.9416 0.3369
vn 0.0000 0.3822 0.9241
vn 0.1685 0.9415 0.2918
vn 0.4620 0.3823 0.8002
vn 0.2918 0.9415 0.1685
vn 0.8002 0.3823 0.4620
vn 0.3369 0.9415 -0.0000
vn 0.9240 0.3823 0.0000
vn 0.2918 0.9415 -0.1684
vn 0.8002 0.3823 -0.4620
vn 0.1685 0.9415 -0.2917
vn 0.4620 0.3823 -0.8002
vn -0.0000 0.9415 -0.3369
vn -0.0000 0.3823 -0.9240
vn -0.1685 0.9415 -0.2918
vn -0.4620 0.3823 -0.8002
vn -0.2918 0.9415 -0.1685
vn -0.8002 0.3823 -0.4620
usemtl aiStandardSurface7SG.002
s 1
f 2818/3895/2248 2819/3896/2249 2820/3897/2250 2821/3898/2251
f 2819/3896/2249 2822/3899/2252 2823/3900/2253 2820/3897/2250
f 2822/3899/2252 2824/3901/2254 2825/3902/2255 2823/3900/2253
f 2824/3901/2254 2826/3903/2256 2827/3904/2257 2825/3902/2255
f 2826/3903/2256 2828/3905/2258 2829/3906/2259 2827/3904/2257
f 2828/3905/2258 2830/3907/2260 2831/3908/2261 2829/3906/2259
f 2830/3907/2260 2832/3909/2262 2833/3910/2263 2831/3908/2261
f 2832/3909/2262 2834/3911/2264 2835/3912/2265 2833/3910/2263
f 2834/3911/2264 2836/3913/2266 2837/3914/2267 2835/3912/2265
f 2836/3913/2266 2838/3915/2268 2839/3916/2269 2837/3914/2267
f 2838/3915/2268 2840/3917/2270 2841/3918/2271 2839/3916/2269
f 2840/3917/2270 2842/3919/2272 2843/3920/2273 2841/3918/2271
f 2842/3919/2272 2844/3921/2274 2845/3922/2275 2843/3920/2273
f 2844/3921/2274 2846/3923/2276 2847/3924/2277 2845/3922/2275
f 2846/3923/2276 2848/3925/2278 2849/3926/2279 2847/3924/2277
f 2848/3925/2278 2850/3927/2280 2851/3928/2281 2849/3926/2279
f 2850/3927/2280 2852/3929/2282 2853/3930/2283 2851/3928/2281
f 2852/3929/2282 2854/3931/2284 2855/3932/2285 2853/3930/2283
f 2854/3931/2284 2856/3933/2286 2857/3934/2287 2855/3932/2285
f 2856/3933/2286 2858/3935/2288 2859/3936/2289 2857/3934/2287
f 2858/3935/2288 2860/3937/2290 2861/3938/2291 2859/3936/2289
f 2860/3937/2290 2862/3939/2292 2863/3940/2293 2861/3938/2291
f 2862/3939/2292 2864/3941/2294 2865/3942/2295 2863/3940/2293
f 2864/3943/2294 2866/3944/2296 2867/3945/2297 2865/3946/2295
f 2866/3944/2296 2868/3947/2298 2869/3948/2299 2867/3945/2297
f 2868/3947/2298 2870/3949/2300 2871/3950/2301 2869/3948/2299
f 2870/3949/2300 2872/3951/2302 2873/3952/2303 2871/3950/2301
f 2872/3951/2302 2874/3953/2304 2875/3954/2305 2873/3952/2303
f 2874/3953/2304 2876/3955/2306 2877/3956/2307 2875/3954/2305
f 2876/3955/2306 2878/3957/2308 2879/3958/2309 2877/3956/2307
f 2878/3957/2308 2880/3959/2310 2881/3960/2311 2879/3958/2309
f 2880/3959/2310 2818/3895/2248 2821/3898/2251 2881/3960/2311
f 2882/3961/2312 2883/3962/2313 2884/3963/2314
f 2885/3964/2315 2882/3961/2312 2884/3963/2314
f 2886/3965/2316 2885/3964/2315 2884/3963/2314
f 2887/3966/2317 2886/3965/2316 2884/3963/2314
f 2888/3967/2318 2887/3966/2317 2884/3963/2314
f 2889/3968/2319 2888/3967/2318 2884/3963/2314
f 2890/3969/2320 2889/3968/2319 2884/3963/2314
f 2891/3970/2321 2890/3969/2320 2884/3963/2314
f 2892/3971/2322 2891/3970/2321 2884/3963/2314
f 2893/3972/2323 2892/3971/2322 2884/3963/2314
f 2894/3973/2324 2893/3972/2323 2884/3963/2314
f 2895/3974/2325 2894/3973/2324 2884/3963/2314
f 2896/3975/2326 2895/3974/2325 2884/3963/2314
f 2897/3976/2327 2896/3975/2326 2884/3963/2314
f 2898/3977/2328 2897/3976/2327 2884/3963/2314
f 2899/3978/2329 2898/3977/2328 2884/3963/2314
f 2900/3979/2330 2899/3978/2329 2884/3963/2314
f 2901/3980/2331 2900/3979/2330 2884/3963/2314
f 2902/3981/2332 2901/3980/2331 2884/3963/2314
f 2903/3982/2333 2902/3981/2332 2884/3963/2314
f 2904/3983/2334 2903/3982/2333 2884/3963/2314
f 2905/3984/2335 2904/3983/2334 2884/3963/2314
f 2906/3985/2336 2905/3984/2335 2884/3963/2314
f 2907/3986/2337 2906/3985/2336 2884/3963/2314
f 2908/3987/2338 2907/3986/2337 2884/3963/2314
f 2909/3988/2339 2908/3987/2338 2884/3963/2314
f 2910/3989/2340 2909/3988/2339 2884/3963/2314
f 2911/3990/2341 2910/3989/2340 2884/3963/2314
f 2912/3991/2342 2911/3990/2341 2884/3963/2314
f 2913/3992/2343 2912/3991/2342 2884/3963/2314
f 2914/3993/2344 2913/3992/2343 2884/3963/2314
f 2883/3962/2313 2914/3993/2344 2884/3963/2314
f 2915/3994/2345 2916/3995/2346 2917/3996/2347
f 2916/3995/2346 2918/3997/2348 2917/3996/2347
f 2918/3997/2348 2919/3998/2349 2917/3996/2347
f 2919/3998/2349 2920/3999/2350 2917/3996/2347
f 2920/3999/2350 2921/4000/2351 2917/3996/2347
f 2921/4000/2351 2922/4001/2352 2917/3996/2347
f 2922/4001/2352 2923/4002/2353 2917/3996/2347
f 2923/4002/2353 2924/4003/2354 2917/3996/2347
f 2924/4003/2354 2925/4004/2355 2917/3996/2347
f 2925/4004/2355 2926/4005/2356 2917/3996/2347
f 2926/4005/2356 2927/4006/2357 2917/3996/2347
f 2927/4006/2357 2928/4007/2358 2917/3996/2347
f 2928/4007/2358 2929/4008/2359 2917/3996/2347
f 2929/4008/2359 2930/4009/2360 2917/3996/2347
f 2930/4009/2360 2931/4010/2361 2917/3996/2347
f 2931/4010/2361 2932/4011/2362 2917/3996/2347
f 2932/4011/2362 2933/4012/2363 2917/3996/2347
f 2933/4012/2363 2934/4013/2364 2917/3996/2347
f 2934/4013/2364 2935/4014/2365 2917/3996/2347
f 2935/4014/2365 2936/4015/2366 2917/3996/2347
f 2936/4015/2366 2937/4016/2367 2917/3996/2347
f 2937/4016/2367 2938/4017/2368 2917/3996/2347
f 2938/4017/2368 2939/4018/2369 2917/3996/2347
f 2939/4018/2369 2940/4019/2370 2917/3996/2347
f 2940/4019/2370 2941/4020/2371 2917/3996/2347
f 2941/4020/2371 2942/4021/2372 2917/3996/2347
f 2942/4021/2372 2943/4022/2373 2917/3996/2347
f 2943/4022/2373 2944/4023/2374 2917/3996/2347
f 2944/4023/2374 2945/4024/2375 2917/3996/2347
f 2945/4024/2375 2946/4025/2376 2917/3996/2347
f 2946/4025/2376 2947/4026/2377 2917/3996/2347
f 2947/4026/2377 2915/3994/2345 2917/3996/2347
f 2818/4027/2248 2948/4028/2378 2949/4029/2379 2819/4030/2249
f 2948/4031/2380 2883/3962/2313 2882/3961/2312 2949/4032/2381
f 2819/4030/2249 2949/4029/2379 2950/4033/2382 2822/4034/2252
f 2949/4032/2381 2882/3961/2312 2885/3964/2315 2950/4035/2383
f 2822/4034/2252 2950/4033/2382 2951/4036/2384 2824/4037/2254
f 2950/4035/2383 2885/3964/2315 2886/3965/2316 2951/4038/2385
f 2824/4037/2254 2951/4036/2384 2952/4039/2386 2826/4040/2256
f 2951/4038/2385 2886/3965/2316 2887/3966/2317 2952/4041/2387
f 2826/4040/2256 2952/4039/2386 2953/4042/2388 2828/4043/2258
f 2952/4041/2387 2887/3966/2317 2888/3967/2318 2953/4044/2389
f 2828/4043/2258 2953/4042/2388 2954/4045/2390 2830/4046/2260
f 2953/4044/2389 2888/3967/2318 2889/3968/2319 2954/4047/2391
f 2830/4046/2260 2954/4045/2390 2955/4048/2392 2832/4049/2262
f 2954/4047/2391 2889/3968/2319 2890/3969/2320 2955/4050/2393
f 2832/4049/2262 2955/4048/2392 2956/4051/2394 2834/4052/2264
f 2955/4050/2393 2890/3969/2320 2891/3970/2321 2956/4053/2395
f 2834/4052/2264 2956/4051/2394 2957/4054/2396 2836/4055/2266
f 2956/4053/2395 2891/3970/2321 2892/3971/2322 2957/4056/2397
f 2836/4055/2266 2957/4054/2396 2958/4057/2398 2838/4058/2268
f 2957/4056/2397 2892/3971/2322 2893/3972/2323 2958/4059/2399
f 2838/4058/2268 2958/4057/2398 2959/4060/2400 2840/4061/2270
f 2958/4059/2399 2893/3972/2323 2894/3973/2324 2959/4062/2401
f 2840/4061/2270 2959/4060/2400 2960/4063/2402 2842/4064/2272
f 2959/4062/2401 2894/3973/2324 2895/3974/2325 2960/4065/2403
f 2842/4064/2272 2960/4063/2402 2961/4066/2404 2844/4067/2274
f 2960/4065/2403 2895/3974/2325 2896/3975/2326 2961/4068/2405
f 2844/4067/2274 2961/4066/2404 2962/4069/2406 2846/4070/2276
f 2961/4068/2405 2896/3975/2326 2897/3976/2327 2962/4071/2407
f 2846/4070/2276 2962/4069/2406 2963/4072/2408 2848/4073/2278
f 2962/4071/2407 2897/3976/2327 2898/3977/2328 2963/4074/2409
f 2848/4073/2278 2963/4072/2408 2964/4075/2410 2850/4076/2280
f 2963/4074/2409 2898/3977/2328 2899/3978/2329 2964/4077/2411
f 2850/4076/2280 2964/4075/2410 2965/4078/2412 2852/4079/2282
f 2964/4077/2411 2899/3978/2329 2900/3979/2330 2965/4080/2413
f 2852/4079/2282 2965/4078/2412 2966/4081/2414 2854/4082/2284
f 2965/4080/2413 2900/3979/2330 2901/3980/2331 2966/4083/2415
f 2854/4082/2284 2966/4081/2414 2967/4084/2416 2856/4085/2286
f 2966/4083/2415 2901/3980/2331 2902/3981/2332 2967/4086/2417
f 2856/4085/2286 2967/4084/2416 2968/4087/2418 2858/4088/2288
f 2967/4086/2417 2902/3981/2332 2903/3982/2333 2968/4089/2419
f 2858/4088/2288 2968/4087/2418 2969/4090/2420 2860/4091/2290
f 2968/4089/2419 2903/3982/2333 2904/3983/2334 2969/4092/2421
f 2860/4091/2290 2969/4090/2420 2970/4093/2422 2862/4094/2292
f 2969/4092/2421 2904/3983/2334 2905/3984/2335 2970/4095/2423
f 2862/4094/2292 2970/4093/2422 2971/4096/2424 2864/4097/2294
f 2970/4095/2423 2905/3984/2335 2906/3985/2336 2971/4098/2425
f 2864/4097/2294 2971/4096/2424 2972/4099/2426 2866/4100/2296
f 2971/4098/2425 2906/3985/2336 2907/3986/2337 2972/4101/2427
f 2866/4100/2296 2972/4099/2426 2973/4102/2428 2868/4103/2298
f 2972/4101/2427 2907/3986/2337 2908/3987/2338 2973/4104/2429
f 2868/4103/2298 2973/4102/2428 2974/4105/2430 2870/4106/2300
f 2973/4104/2429 2908/3987/2338 2909/3988/2339 2974/4107/2431
f 2870/4106/2300 2974/4105/2430 2975/4108/2432 2872/4109/2302
f 2974/4107/2431 2909/3988/2339 2910/3989/2340 2975/4110/2433
f 2872/4109/2302 2975/4108/2432 2976/4111/2434 2874/4112/2304
f 2975/4110/2433 2910/3989/2340 2911/3990/2341 2976/4113/2435
f 2874/4112/2304 2976/4111/2434 2977/4114/2436 2876/4115/2306
f 2976/4113/2435 2911/3990/2341 2912/3991/2342 2977/4116/2437
f 2876/4115/2306 2977/4114/2436 2978/4117/2438 2878/4118/2308
f 2977/4116/2437 2912/3991/2342 2913/3992/2343 2978/4119/2439
f 2878/4118/2308 2978/4117/2438 2979/4120/2440 2880/4121/2310
f 2978/4119/2439 2913/3992/2343 2914/3993/2344 2979/4122/2441
f 2883/3962/2313 2948/4031/2380 2979/4122/2441 2914/3993/2344
f 2948/4123/2378 2818/4124/2248 2880/4121/2310 2979/4120/2440
f 2821/3898/2251 2980/4125/2442 2981/4126/2443 2881/3960/2311
f 2980/4127/2444 2915/3994/2345 2947/4026/2377 2981/4128/2445
f 2915/3994/2345 2980/4127/2444 2982/4129/2446 2916/3995/2346
f 2980/4125/2442 2821/3898/2251 2820/3897/2250 2982/4130/2447
f 2916/3995/2346 2982/4129/2446 2983/4131/2448 2918/3997/2348
f 2982/4130/2447 2820/3897/2250 2823/3900/2253 2983/4132/2449
f 2918/3997/2348 2983/4131/2448 2984/4133/2450 2919/3998/2349
f 2983/4132/2449 2823/3900/2253 2825/3902/2255 2984/4134/2451
f 2919/3998/2349 2984/4133/2450 2985/4135/2452 2920/3999/2350
f 2984/4134/2451 2825/3902/2255 2827/3904/2257 2985/4136/2453
f 2920/3999/2350 2985/4135/2452 2986/4137/2454 2921/4000/2351
f 2985/4136/2453 2827/3904/2257 2829/3906/2259 2986/4138/2455
f 2921/4000/2351 2986/4137/2454 2987/4139/2456 2922/4001/2352
f 2986/4138/2455 2829/3906/2259 2831/3908/2261 2987/4140/2457
f 2922/4001/2352 2987/4139/2456 2988/4141/2458 2923/4002/2353
f 2987/4140/2457 2831/3908/2261 2833/3910/2263 2988/4142/2459
f 2923/4002/2353 2988/4141/2458 2989/4143/2460 2924/4003/2354
f 2988/4142/2459 2833/3910/2263 2835/3912/2265 2989/4144/2461
f 2924/4003/2354 2989/4143/2460 2990/4145/2462 2925/4004/2355
f 2989/4144/2461 2835/3912/2265 2837/3914/2267 2990/4146/2463
f 2925/4004/2355 2990/4145/2462 2991/4147/2464 2926/4005/2356
f 2990/4146/2463 2837/3914/2267 2839/3916/2269 2991/4148/2465
f 2926/4005/2356 2991/4147/2464 2992/4149/2466 2927/4006/2357
f 2991/4148/2465 2839/3916/2269 2841/3918/2271 2992/4150/2467
f 2927/4006/2357 2992/4149/2466 2993/4151/2468 2928/4007/2358
f 2992/4150/2467 2841/3918/2271 2843/3920/2273 2993/4152/2469
f 2928/4007/2358 2993/4151/2468 2994/4153/2470 2929/4008/2359
f 2993/4152/2469 2843/3920/2273 2845/3922/2275 2994/4154/2471
f 2929/4008/2359 2994/4153/2470 2995/4155/2472 2930/4009/2360
f 2994/4154/2471 2845/3922/2275 2847/3924/2277 2995/4156/2473
f 2930/4009/2360 2995/4155/2472 2996/4157/2474 2931/4010/2361
f 2995/4156/2473 2847/3924/2277 2849/3926/2279 2996/4158/2475
f 2931/4010/2361 2996/4157/2474 2997/4159/2476 2932/4011/2362
f 2996/4158/2475 2849/3926/2279 2851/3928/2281 2997/4160/2477
f 2932/4011/2362 2997/4159/2476 2998/4161/2478 2933/4012/2363
f 2997/4160/2477 2851/3928/2281 2853/3930/2283 2998/4162/2479
f 2933/4012/2363 2998/4161/2478 2999/4163/2480 2934/4013/2364
f 2998/4162/2479 2853/3930/2283 2855/3932/2285 2999/4164/2481
f 2934/4013/2364 2999/4163/2480 3000/4165/2482 2935/4014/2365
f 2999/4164/2481 2855/3932/2285 2857/3934/2287 3000/4166/2483
f 2935/4014/2365 3000/4165/2482 3001/4167/2484 2936/4015/2366
f 3000/4166/2483 2857/3934/2287 2859/3936/2289 3001/4168/2485
f 2936/4015/2366 3001/4167/2484 3002/4169/2486 2937/4016/2367
f 3001/4168/2485 2859/3936/2289 2861/3938/2291 3002/4170/2487
f 2937/4016/2367 3002/4169/2486 3003/4171/2488 2938/4017/2368
f 3002/4170/2487 2861/3938/2291 2863/3940/2293 3003/4172/2489
f 2938/4017/2368 3003/4171/2488 3004/4173/2490 2939/4018/2369
f 3003/4172/2489 2863/3940/2293 2865/3942/2295 3004/4174/2491
f 2939/4018/2369 3004/4173/2490 3005/4175/2492 2940/4019/2370
f 3004/4176/2491 2865/3946/2295 2867/3945/2297 3005/4177/2493
f 2940/4019/2370 3005/4175/2492 3006/4178/2494 2941/4020/2371
f 3005/4177/2493 2867/3945/2297 2869/3948/2299 3006/4179/2495
f 2941/4020/2371 3006/4178/2494 3007/4180/2496 2942/4021/2372
f 3006/4179/2495 2869/3948/2299 2871/3950/2301 3007/4181/2497
f 2942/4021/2372 3007/4180/2496 3008/4182/2498 2943/4022/2373
f 3007/4181/2497 2871/3950/2301 2873/3952/2303 3008/4183/2499
f 2943/4022/2373 3008/4182/2498 3009/4184/2500 2944/4023/2374
f 3008/4183/2499 2873/3952/2303 2875/3954/2305 3009/4185/2501
f 2944/4023/2374 3009/4184/2500 3010/4186/2502 2945/4024/2375
f 3009/4185/2501 2875/3954/2305 2877/3956/2307 3010/4187/2503
f 2945/4024/2375 3010/4186/2502 3011/4188/2504 2946/4025/2376
f 3010/4187/2503 2877/3956/2307 2879/3958/2309 3011/4189/2505
f 2946/4025/2376 3011/4188/2504 2981/4128/2445 2947/4026/2377
f 3011/4189/2505 2879/3958/2309 2881/3960/2311 2981/4126/2443
f 3012/4190/2506 3013/4191/2507 3014/4192/2508 3015/4193/2509
f 3013/4191/2507 3016/4194/2510 3017/4195/2511 3014/4192/2508
f 3016/4194/2510 3018/4196/2512 3019/4197/2513 3017/4195/2511
f 3018/4196/2512 3020/4198/2514 3021/4199/2515 3019/4197/2513
f 3020/4198/2514 3022/4200/2516 3023/4201/2517 3021/4199/2515
f 3022/4200/2516 3024/4202/2518 3025/4203/2519 3023/4201/2517
f 3024/4202/2518 3026/4204/2520 3027/4205/2521 3025/4203/2519
f 3026/4204/2520 3028/4206/2522 3029/4207/2523 3027/4205/2521
f 3028/4208/2522 3030/4209/2524 3031/4210/2525 3029/4211/2523
f 3030/4209/2524 3032/4212/2526 3033/4213/2527 3031/4210/2525
f 3032/4212/2526 3034/4214/2528 3035/4215/2529 3033/4213/2527
f 3034/4214/2528 3012/4190/2506 3015/4193/2509 3035/4215/2529
f 3036/4216/2530 3037/4217/2531 3038/4218/2314
f 3039/4219/2532 3036/4216/2530 3038/4218/2314
f 3040/4220/2533 3039/4219/2532 3038/4218/2314
f 3041/4221/2534 3040/4220/2533 3038/4218/2314
f 3042/4222/2535 3041/4221/2534 3038/4218/2314
f 3043/4223/2536 3042/4222/2535 3038/4218/2314
f 3044/4224/2537 3043/4223/2536 3038/4218/2314
f 3045/4225/2538 3044/4224/2537 3038/4218/2314
f 3046/4226/2539 3045/4225/2538 3038/4218/2314
f 3047/4227/2540 3046/4226/2539 3038/4218/2314
f 3048/4228/2541 3047/4227/2540 3038/4218/2314
f 3037/4217/2531 3048/4228/2541 3038/4218/2314
f 3049/4229/2542 3050/4230/2543 3051/4231/2347
f 3050/4230/2543 3052/4232/2544 3051/4231/2347
f 3052/4232/2544 3053/4233/2545 3051/4231/2347
f 3053/4233/2545 3054/4234/2546 3051/4231/2347
f 3054/4234/2546 3055/4235/2547 3051/4231/2347
f 3055/4235/2547 3056/4236/2548 3051/4231/2347
f 3056/4236/2548 3057/4237/2549 3051/4231/2347
f 3057/4237/2549 3058/4238/2550 3051/4231/2347
f 3058/4238/2550 3059/4239/2551 3051/4231/2347
f 3059/4239/2551 3060/4240/2552 3051/4231/2347
f 3060/4240/2552 3061/4241/2553 3051/4231/2347
f 3061/4241/2553 3049/4229/2542 3051/4231/2347
f 3012/4190/2506 3062/4242/2554 3063/4243/2555 3013/4191/2507
f 3062/4244/2556 3037/4217/2531 3036/4216/2530 3063/4245/2557
f 3013/4191/2507 3063/4243/2555 3064/4246/2558 3016/4194/2510
f 3063/4245/2557 3036/4216/2530 3039/4219/2532 3064/4247/2559
f 3016/4194/2510 3064/4246/2558 3065/4248/2560 3018/4196/2512
f 3064/4247/2559 3039/4219/2532 3040/4220/2533 3065/4249/2561
f 3018/4196/2512 3065/4248/2560 3066/4250/2562 3020/4198/2514
f 3065/4249/2561 3040/4220/2533 3041/4221/2534 3066/4251/2563
f 3020/4198/2514 3066/4250/2562 3067/4252/2564 3022/4200/2516
f 3066/4251/2563 3041/4221/2534 3042/4222/2535 3067/4253/2565
f 3022/4200/2516 3067/4252/2564 3068/4254/2566 3024/4202/2518
f 3067/4253/2565 3042/4222/2535 3043/4223/2536 3068/4255/2567
f 3024/4202/2518 3068/4254/2566 3069/4256/2568 3026/4204/2520
f 3068/4255/2567 3043/4223/2536 3044/4224/2537 3069/4257/2569
f 3026/4204/2520 3069/4256/2568 3070/4258/2570 3028/4206/2522
f 3069/4257/2569 3044/4224/2537 3045/4225/2538 3070/4259/2571
f 3028/4208/2522 3070/4260/2570 3071/4261/2572 3030/4209/2524
f 3070/4259/2571 3045/4225/2538 3046/4226/2539 3071/4262/2573
f 3030/4209/2524 3071/4261/2572 3072/4263/2574 3032/4212/2526
f 3071/4262/2573 3046/4226/2539 3047/4227/2540 3072/4264/2575
f 3032/4212/2526 3072/4263/2574 3073/4265/2576 3034/4214/2528
f 3072/4264/2575 3047/4227/2540 3048/4228/2541 3073/4266/2577
f 3037/4217/2531 3062/4244/2556 3073/4266/2577 3048/4228/2541
f 3062/4242/2554 3012/4190/2506 3034/4214/2528 3073/4265/2576
f 3015/4193/2509 3074/4267/2578 3075/4268/2579 3035/4215/2529
f 3074/4269/2580 3049/4229/2542 3061/4241/2553 3075/4270/2581
f 3049/4229/2542 3074/4269/2580 3076/4271/2582 3050/4230/2543
f 3074/4267/2578 3015/4193/2509 3014/4192/2508 3076/4272/2583
f 3050/4230/2543 3076/4271/2582 3077/4273/2584 3052/4232/2544
f 3076/4272/2583 3014/4192/2508 3017/4195/2511 3077/4274/2585
f 3052/4232/2544 3077/4273/2584 3078/4275/2586 3053/4233/2545
f 3077/4274/2585 3017/4195/2511 3019/4197/2513 3078/4276/2587
f 3053/4233/2545 3078/4275/2586 3079/4277/2588 3054/4234/2546
f 3078/4276/2587 3019/4197/2513 3021/4199/2515 3079/4278/2589
f 3054/4234/2546 3079/4277/2588 3080/4279/2590 3055/4235/2547
f 3079/4278/2589 3021/4199/2515 3023/4201/2517 3080/4280/2591
f 3055/4235/2547 3080/4279/2590 3081/4281/2592 3056/4236/2548
f 3080/4280/2591 3023/4201/2517 3025/4203/2519 3081/4282/2593
f 3056/4236/2548 3081/4281/2592 3082/4283/2594 3057/4237/2549
f 3081/4282/2593 3025/4203/2519 3027/4205/2521 3082/4284/2595
f 3057/4237/2549 3082/4283/2594 3083/4285/2596 3058/4238/2550
f 3082/4284/2595 3027/4205/2521 3029/4207/2523 3083/4286/2597
f 3058/4238/2550 3083/4285/2596 3084/4287/2598 3059/4239/2551
f 3083/4288/2597 3029/4211/2523 3031/4210/2525 3084/4289/2599
f 3059/4239/2551 3084/4287/2598 3085/4290/2600 3060/4240/2552
f 3084/4289/2599 3031/4210/2525 3033/4213/2527 3085/4291/2601
f 3060/4240/2552 3085/4290/2600 3075/4270/2581 3061/4241/2553
f 3085/4291/2601 3033/4213/2527 3035/4215/2529 3075/4268/2579
o sorcerer_desk.016
v -3.514024 4.368802 -6.636397
v -3.483678 4.368802 -6.564723
v -3.436778 4.368802 -6.502604
v -3.376085 4.368802 -6.454822
v -3.304357 4.368802 -6.426152
v -3.227111 4.368802 -6.416595
v -3.149865 4.368802 -6.426152
v -3.078137 4.368802 -6.454822
v -3.017444 4.368802 -6.502604
v -2.970545 4.368802 -6.564723
v -2.940198 4.368802 -6.636397
v -2.929163 4.368802 -6.712852
v -2.940198 4.368802 -6.789306
v -2.970545 4.368802 -6.860981
v -3.017444 4.368802 -6.923100
v -3.078137 4.368802 -6.970881
v -3.149865 4.368802 -6.999553
v -3.227111 4.368802 -7.009109
v -3.304357 4.368802 -6.999553
v -3.376085 4.368802 -6.970881
v -3.436778 4.368802 -6.923100
v -3.483678 4.368802 -6.860981
v -3.514024 4.368802 -6.789306
v -3.525059 4.368802 -6.712852
v -3.116701 3.826137 -6.521616
v -3.170268 3.825820 -6.498258
v -3.180679 3.824606 -6.533278
v -3.135996 3.825240 -6.555037
v -3.227111 3.825503 -6.489415
v -3.227111 3.823972 -6.523914
v -3.227111 3.826091 -6.554566
v -3.197951 3.827464 -6.571691
v -3.159356 3.828722 -6.595497
v -3.337521 3.826137 -6.521616
v -3.318226 3.825240 -6.555037
v -3.273544 3.824606 -6.533278
v -3.283955 3.825820 -6.498258
v -3.294867 3.828722 -6.595497
v -3.256271 3.827464 -6.571691
v -3.227111 3.839238 -6.712852
v -3.187620 3.833941 -6.644451
v -3.227111 3.831574 -6.611516
v -3.266603 3.833941 -6.644451
v -3.006291 3.826137 -6.712852
v -3.012845 3.825820 -6.654781
v -3.048380 3.824606 -6.663278
v -3.044881 3.825240 -6.712852
v -3.033609 3.825503 -6.601132
v -3.063487 3.823972 -6.618382
v -3.090033 3.826091 -6.633708
v -3.090281 3.827464 -6.667523
v -3.091600 3.828722 -6.712852
v -3.094812 3.824606 -6.582852
v -3.069688 3.825820 -6.556325
v -3.119441 3.827464 -6.617018
v -3.148128 3.833941 -6.712852
v -3.139352 3.831574 -6.662185
v -3.116701 3.826137 -6.904088
v -3.069688 3.825820 -6.869378
v -3.094812 3.824606 -6.842851
v -3.135996 3.825240 -6.870667
v -3.033609 3.825503 -6.824571
v -3.063487 3.823972 -6.807321
v -3.090032 3.826091 -6.791995
v -3.119441 3.827464 -6.808687
v -3.159356 3.828722 -6.830206
v -3.048380 3.824606 -6.762426
v -3.012845 3.825820 -6.770923
v -3.090281 3.827464 -6.758181
v -3.187620 3.833941 -6.781252
v -3.139352 3.831574 -6.763518
v -3.337521 3.826137 -6.904088
v -3.283954 3.825820 -6.927446
v -3.273543 3.824606 -6.892426
v -3.318226 3.825240 -6.870667
v -3.227111 3.825503 -6.936288
v -3.227111 3.823972 -6.901790
v -3.227111 3.826091 -6.871137
v -3.256271 3.827464 -6.854013
v -3.294866 3.828722 -6.830206
v -3.180679 3.824606 -6.892426
v -3.170268 3.825820 -6.927446
v -3.197951 3.827464 -6.854013
v -3.266603 3.833941 -6.781252
v -3.227111 3.831574 -6.814188
v -3.447931 3.826137 -6.712852
v -3.441378 3.825820 -6.770923
v -3.405842 3.824606 -6.762426
v -3.409341 3.825240 -6.712852
v -3.420614 3.825503 -6.824571
v -3.390735 3.823972 -6.807321
v -3.364190 3.826091 -6.791995
v -3.363941 3.827464 -6.758181
v -3.362622 3.828722 -6.712852
v -3.359410 3.824606 -6.842851
v -3.384534 3.825820 -6.869378
v -3.334781 3.827464 -6.808687
v -3.306094 3.833941 -6.712852
v -3.314870 3.831574 -6.763518
v -3.384534 3.825820 -6.556325
v -3.359410 3.824606 -6.582852
v -3.420614 3.825503 -6.601132
v -3.390736 3.823972 -6.618382
v -3.364190 3.826091 -6.633708
v -3.334781 3.827464 -6.617018
v -3.405843 3.824606 -6.663278
v -3.441378 3.825820 -6.654781
v -3.363941 3.827464 -6.667523
v -3.314870 3.831574 -6.662185
v -3.395285 3.926673 -6.421566
v -3.314312 3.926673 -6.389203
v -3.322613 3.989403 -6.358394
v -3.411294 3.989403 -6.393838
v -3.227111 3.926673 -6.378414
v -3.227111 3.989403 -6.346578
v -3.227111 4.064033 -6.319746
v -3.329609 4.064033 -6.332428
v -3.424786 4.064033 -6.370470
v -3.139910 3.926673 -6.389203
v -3.131609 3.989403 -6.358394
v -3.058938 3.926673 -6.421566
v -3.042929 3.989403 -6.393838
v -3.029437 4.064033 -6.370470
v -3.124613 4.064033 -6.332428
v -3.121218 4.144754 -6.319827
v -3.227111 4.144754 -6.306726
v -3.022889 4.144754 -6.359128
v -3.027715 4.225756 -6.367486
v -3.123720 4.225756 -6.329113
v -3.227111 4.225756 -6.316321
v -3.333004 4.144754 -6.319827
v -3.431333 4.144754 -6.359128
v -3.330502 4.225756 -6.329113
v -3.426508 4.225756 -6.367486
v -2.990423 3.926673 -6.475509
v -2.967892 3.989403 -6.452916
v -2.937479 3.926673 -6.545632
v -2.909908 3.989403 -6.529716
v -2.886672 4.064033 -6.516300
v -2.948903 4.064033 -6.433874
v -2.903222 3.926673 -6.626544
v -2.872390 3.989403 -6.618330
v -2.890764 3.926673 -6.712852
v -2.858747 3.989403 -6.712852
v -2.831762 4.064033 -6.712852
v -2.846405 4.064033 -6.611404
v -2.833795 4.144754 -6.608046
v -2.875396 4.144754 -6.509789
v -2.818667 4.144754 -6.712852
v -2.828318 4.225756 -6.712852
v -2.843088 4.225756 -6.610520
v -2.883706 4.225756 -6.514586
v -2.939688 4.144754 -6.424634
v -2.946479 4.225756 -6.431444
v -2.903222 3.926673 -6.799159
v -2.872390 3.989403 -6.807374
v -2.937479 3.926673 -6.880072
v -2.909908 3.989403 -6.895988
v -2.886672 4.064033 -6.909406
v -2.846405 4.064033 -6.814299
v -2.990423 3.926673 -6.950194
v -2.967892 3.989403 -6.972787
v -3.058938 3.926673 -7.004138
v -3.042929 3.989403 -7.031866
v -3.029437 4.064033 -7.055233
v -2.948902 4.064033 -6.991829
v -2.939688 4.144754 -7.001070
v -2.875395 4.144754 -6.915915
v -3.022889 4.144754 -7.066576
v -3.027715 4.225756 -7.058218
v -2.946479 4.225756 -6.994259
v -2.883706 4.225756 -6.911118
v -2.833795 4.144754 -6.817657
v -2.843088 4.225756 -6.815183
v -3.139910 3.926673 -7.036501
v -3.131609 3.989403 -7.067310
v -3.227111 3.926673 -7.047289
v -3.227111 3.989403 -7.079125
v -3.227111 4.064033 -7.105958
v -3.124613 4.064033 -7.093277
v -3.314312 3.926673 -7.036501
v -3.322613 3.989403 -7.067310
v -3.395285 3.926673 -7.004138
v -3.411293 3.989403 -7.031866
v -3.424786 4.064033 -7.055233
v -3.329609 4.064033 -7.093277
v -3.333004 4.144754 -7.105876
v -3.227111 4.144754 -7.118979
v -3.431333 4.144754 -7.066576
v -3.426508 4.225756 -7.058218
v -3.330502 4.225756 -7.096591
v -3.227111 4.225756 -7.109383
v -3.121218 4.144754 -7.105876
v -3.123720 4.225756 -7.096591
v -3.463800 3.926673 -6.950194
v -3.486331 3.989403 -6.972787
v -3.516743 3.926673 -6.880072
v -3.544314 3.989403 -6.895988
v -3.567551 4.064033 -6.909406
v -3.505320 4.064033 -6.991829
v -3.551001 3.926673 -6.799159
v -3.581833 3.989403 -6.807374
v -3.563458 3.926673 -6.712852
v -3.595476 3.989403 -6.712852
v -3.622460 4.064033 -6.712852
v -3.607818 4.064033 -6.814299
v -3.620428 4.144754 -6.817658
v -3.578827 4.144754 -6.915915
v -3.635555 4.144754 -6.712852
v -3.625904 4.225756 -6.712852
v -3.611134 4.225756 -6.815183
v -3.570516 4.225756 -6.911118
v -3.514535 4.144754 -7.001070
v -3.507743 4.225756 -6.994259
v -3.551001 3.926673 -6.626544
v -3.581833 3.989403 -6.618330
v -3.516743 3.926673 -6.545632
v -3.544314 3.989403 -6.529716
v -3.567551 4.064033 -6.516300
v -3.607818 4.064033 -6.611404
v -3.463800 3.926673 -6.475509
v -3.486331 3.989403 -6.452916
v -3.505320 4.064033 -6.433875
v -3.514535 4.144754 -6.424634
v -3.578827 4.144754 -6.509789
v -3.507743 4.225756 -6.431444
v -3.570516 4.225756 -6.514586
v -3.620428 4.144754 -6.608046
v -3.611134 4.225756 -6.610520
v -3.292530 3.833930 -6.468598
v -3.353590 3.834057 -6.493783
v -3.227111 3.833804 -6.459782
v -3.227111 3.851609 -6.432847
v -3.299977 3.851640 -6.442045
v -3.367717 3.851672 -6.469316
v -3.161692 3.833930 -6.468598
v -3.100632 3.834057 -6.493783
v -3.086505 3.851672 -6.469316
v -3.154245 3.851640 -6.442045
v -3.147220 3.881654 -6.416333
v -3.227111 3.881653 -6.406447
v -3.073035 3.881654 -6.445983
v -3.307003 3.881653 -6.416333
v -3.381187 3.881654 -6.445983
v -3.048291 3.833930 -6.534070
v -3.007946 3.833804 -6.586318
v -2.984621 3.851609 -6.572851
v -3.029018 3.851640 -6.514345
v -2.982872 3.833930 -6.647379
v -2.974153 3.834057 -6.712852
v -2.945899 3.851672 -6.712852
v -2.956152 3.851640 -6.640553
v -2.930372 3.881654 -6.633780
v -2.961758 3.881653 -6.559649
v -2.918959 3.881654 -6.712852
v -3.010263 3.881653 -6.495405
v -2.982872 3.833930 -6.778325
v -3.007946 3.833804 -6.839386
v -2.984621 3.851609 -6.852852
v -2.956152 3.851640 -6.785151
v -3.048291 3.833930 -6.891634
v -3.100632 3.834057 -6.931920
v -3.086505 3.851672 -6.956388
v -3.029018 3.851640 -6.911361
v -3.010263 3.881654 -6.930301
v -2.961758 3.881653 -6.866055
v -3.073035 3.881654 -6.979720
v -2.930372 3.881653 -6.791924
v -3.161692 3.833930 -6.957106
v -3.227111 3.833804 -6.965921
v -3.227111 3.851609 -6.992856
v -3.154245 3.851640 -6.983660
v -3.292530 3.833930 -6.957106
v -3.353590 3.834057 -6.931920
v -3.367717 3.851672 -6.956388
v -3.299977 3.851640 -6.983660
v -3.307002 3.881654 -7.009372
v -3.227111 3.881653 -7.019256
v -3.381187 3.881654 -6.979720
v -3.147220 3.881653 -7.009372
v -3.405931 3.833930 -6.891634
v -3.446277 3.833804 -6.839386
v -3.469601 3.851609 -6.852852
v -3.425204 3.851640 -6.911361
v -3.471350 3.833930 -6.778325
v -3.480069 3.834057 -6.712852
v -3.508323 3.851672 -6.712852
v -3.498071 3.851640 -6.785151
v -3.523850 3.881654 -6.791924
v -3.492465 3.881653 -6.866055
v -3.535264 3.881654 -6.712852
v -3.443959 3.881653 -6.930301
v -3.471350 3.833930 -6.647379
v -3.446277 3.833804 -6.586318
v -3.469601 3.851609 -6.572851
v -3.498071 3.851640 -6.640553
v -3.405931 3.833930 -6.534070
v -3.425204 3.851640 -6.514345
v -3.443959 3.881654 -6.495405
v -3.492465 3.881653 -6.559649
v -3.523850 3.881653 -6.633780
v -3.571409 4.301230 -6.621108
v -3.584651 4.301230 -6.712852
v -3.534993 4.301230 -6.535097
v -3.478713 4.301230 -6.460555
v -3.405881 4.301230 -6.403214
v -3.478713 4.301230 -6.965149
v -3.405881 4.301230 -7.022491
v -3.534993 4.301230 -6.890606
v -3.571409 4.301230 -6.804596
v -3.134416 4.301230 -7.056896
v -3.048341 4.301230 -7.022491
v -3.227111 4.301230 -7.068364
v -3.319807 4.301230 -7.056896
v -2.882813 4.301230 -6.804595
v -2.869571 4.301230 -6.712852
v -2.919230 4.301230 -6.890606
v -2.975509 4.301230 -6.965149
v -2.975509 4.301230 -6.460555
v -3.048341 4.301230 -6.403214
v -2.919230 4.301230 -6.535097
v -2.882814 4.301230 -6.621108
v -3.319807 4.301230 -6.368810
v -3.227111 4.301230 -6.357340
v -3.134416 4.301230 -6.368810
vt 0.593750 0.527828
vt 0.604167 0.528066
vt 0.614583 0.528778
vt 0.375000 0.529727
vt 0.385417 0.528778
vt 0.395833 0.528066
vt 0.406250 0.527828
vt 0.416667 0.527828
vt 0.427083 0.527828
vt 0.437500 0.527828
vt 0.447917 0.527828
vt 0.458333 0.527828
vt 0.468750 0.527828
vt 0.479167 0.527828
vt 0.489583 0.527828
vt 0.500000 0.527828
vt 0.510417 0.527828
vt 0.520833 0.527828
vt 0.531250 0.527828
vt 0.541667 0.527828
vt 0.552083 0.527828
vt 0.562500 0.527828
vt 0.572917 0.527828
vt 0.583333 0.527828
vt 0.421875 0.020934
vt 0.460938 0.020934
vt 0.470703 0.047953
vt 0.443848 0.057754
vt 0.500000 0.020934
vt 0.500000 0.045199
vt 0.500000 0.064178
vt 0.482910 0.073703
vt 0.460938 0.086232
vt 0.578125 0.020934
vt 0.556152 0.057754
vt 0.529297 0.047953
vt 0.539063 0.020934
vt 0.539063 0.086232
vt 0.517090 0.073703
vt 0.500000 0.152315
vt 0.478027 0.114937
vt 0.500000 0.096917
vt 0.521973 0.114937
vt 0.343750 0.156250
vt 0.363281 0.122421
vt 0.392578 0.126887
vt 0.387695 0.155013
vt 0.382813 0.088592
vt 0.404785 0.100171
vt 0.421875 0.109283
vt 0.421875 0.128675
vt 0.421875 0.153890
vt 0.421875 0.076144
vt 0.402344 0.054763
vt 0.438965 0.099075
vt 0.456055 0.152995
vt 0.451172 0.125108
vt 0.421875 0.291566
vt 0.402344 0.257737
vt 0.421875 0.234013
vt 0.443848 0.252272
vt 0.382813 0.223908
vt 0.404785 0.210116
vt 0.421875 0.199494
vt 0.438965 0.209020
vt 0.460938 0.221548
vt 0.392578 0.183269
vt 0.363281 0.190079
vt 0.421875 0.179419
vt 0.478027 0.191053
vt 0.451172 0.181490
vt 0.578125 0.291566
vt 0.539063 0.291566
vt 0.529297 0.262204
vt 0.556152 0.252272
vt 0.500000 0.291566
vt 0.500000 0.265088
vt 0.500000 0.244600
vt 0.517090 0.234391
vt 0.539063 0.221548
vt 0.470703 0.262204
vt 0.460938 0.291566
vt 0.482910 0.234391
vt 0.521973 0.191053
vt 0.500000 0.209680
vt 0.656250 0.156250
vt 0.636719 0.190079
vt 0.607422 0.183269
vt 0.612305 0.155013
vt 0.617188 0.223908
vt 0.595215 0.210116
vt 0.578125 0.199494
vt 0.578125 0.179419
vt 0.578125 0.153890
vt 0.578125 0.234013
vt 0.597656 0.257737
vt 0.561035 0.209020
vt 0.543945 0.152995
vt 0.548828 0.181490
vt 0.597656 0.054763
vt 0.578125 0.076144
vt 0.617188 0.088592
vt 0.595215 0.100171
vt 0.578125 0.109283
vt 0.561035 0.099075
vt 0.607422 0.126887
vt 0.636719 0.122421
vt 0.578125 0.128675
vt 0.548828 0.125108
vt 0.375000 0.324643
vt 0.385417 0.338112
vt 0.385417 0.362312
vt 0.375000 0.358464
vt 0.395833 0.342441
vt 0.395833 0.365199
vt 0.395833 0.394028
vt 0.385417 0.393281
vt 0.375000 0.392285
vt 0.406250 0.343884
vt 0.406250 0.366161
vt 0.416667 0.343884
vt 0.416667 0.366161
vt 0.416667 0.394277
vt 0.406250 0.394277
vt 0.406250 0.426376
vt 0.395833 0.426342
vt 0.416667 0.426376
vt 0.416667 0.460602
vt 0.406250 0.460602
vt 0.395833 0.460551
vt 0.385417 0.426241
vt 0.375000 0.426106
vt 0.385417 0.460400
vt 0.375000 0.459928
vt 0.427083 0.343884
vt 0.427083 0.366161
vt 0.437500 0.343884
vt 0.437500 0.366161
vt 0.437500 0.394277
vt 0.427083 0.394277
vt 0.447917 0.343884
vt 0.447917 0.366161
vt 0.458333 0.343884
vt 0.458333 0.366161
vt 0.458333 0.394277
vt 0.447917 0.394277
vt 0.447917 0.426376
vt 0.437500 0.426376
vt 0.458333 0.426376
vt 0.458333 0.460602
vt 0.447917 0.460602
vt 0.437500 0.460602
vt 0.427083 0.426376
vt 0.427083 0.460602
vt 0.468750 0.343884
vt 0.468750 0.366161
vt 0.479167 0.343884
vt 0.479167 0.366161
vt 0.479167 0.394277
vt 0.468750 0.394277
vt 0.489583 0.343884
vt 0.489583 0.366161
vt 0.500000 0.343884
vt 0.500000 0.366161
vt 0.500000 0.394277
vt 0.489583 0.394277
vt 0.489583 0.426376
vt 0.479167 0.426376
vt 0.500000 0.426376
vt 0.500000 0.460602
vt 0.489583 0.460602
vt 0.479167 0.460602
vt 0.468750 0.426376
vt 0.468750 0.460602
vt 0.510417 0.343884
vt 0.510417 0.366161
vt 0.520833 0.343884
vt 0.520833 0.366161
vt 0.520833 0.394277
vt 0.510417 0.394277
vt 0.531250 0.343884
vt 0.531250 0.366161
vt 0.541667 0.343884
vt 0.541667 0.366161
vt 0.541667 0.394277
vt 0.531250 0.394277
vt 0.531250 0.426376
vt 0.520833 0.426376
vt 0.541667 0.426376
vt 0.541667 0.460602
vt 0.531250 0.460602
vt 0.520833 0.460602
vt 0.510417 0.426376
vt 0.510417 0.460602
vt 0.552083 0.343884
vt 0.552083 0.366161
vt 0.562500 0.343884
vt 0.562500 0.366161
vt 0.562500 0.394277
vt 0.552083 0.394277
vt 0.572917 0.343884
vt 0.572917 0.366161
vt 0.583333 0.343884
vt 0.583333 0.366161
vt 0.583333 0.394277
vt 0.572917 0.394277
vt 0.572917 0.426376
vt 0.562500 0.426376
vt 0.583333 0.426376
vt 0.583333 0.460602
vt 0.572917 0.460602
vt 0.562500 0.460602
vt 0.552083 0.426376
vt 0.552083 0.460602
vt 0.593750 0.343884
vt 0.593750 0.366161
vt 0.604167 0.342441
vt 0.604167 0.365198
vt 0.604167 0.394028
vt 0.593750 0.394277
vt 0.614583 0.338112
vt 0.614583 0.362312
vt 0.625000 0.324643
vt 0.625000 0.358464
vt 0.625000 0.392285
vt 0.614583 0.393281
vt 0.614583 0.426241
vt 0.604167 0.426342
vt 0.625000 0.426106
vt 0.625000 0.459928
vt 0.614583 0.460400
vt 0.604167 0.460551
vt 0.593750 0.426376
vt 0.593750 0.460602
vt 0.375000 0.312500
vt 0.385417 0.312500
vt 0.385417 0.315536
vt 0.375000 0.315536
vt 0.395833 0.312500
vt 0.395833 0.315536
vt 0.395833 0.320255
vt 0.385417 0.319534
vt 0.375000 0.318572
vt 0.406250 0.312500
vt 0.406250 0.315536
vt 0.416667 0.312500
vt 0.416667 0.315536
vt 0.416667 0.320496
vt 0.406250 0.320496
vt 0.406250 0.329304
vt 0.395833 0.328342
vt 0.416667 0.329304
vt 0.385417 0.325455
vt 0.375000 0.321607
vt 0.427083 0.312500
vt 0.427083 0.315536
vt 0.437500 0.312500
vt 0.437500 0.315536
vt 0.437500 0.320496
vt 0.427083 0.320496
vt 0.447917 0.312500
vt 0.447917 0.315536
vt 0.458333 0.312500
vt 0.458333 0.315536
vt 0.458333 0.320496
vt 0.447917 0.320496
vt 0.447917 0.329304
vt 0.437500 0.329304
vt 0.458333 0.329304
vt 0.427083 0.329304
vt 0.468750 0.312500
vt 0.468750 0.315536
vt 0.479167 0.312500
vt 0.479167 0.315536
vt 0.479167 0.320496
vt 0.468750 0.320496
vt 0.489583 0.312500
vt 0.489583 0.315536
vt 0.500000 0.312500
vt 0.500000 0.315536
vt 0.500000 0.320496
vt 0.489583 0.320496
vt 0.489583 0.329304
vt 0.479167 0.329304
vt 0.500000 0.329304
vt 0.468750 0.329304
vt 0.510417 0.312500
vt 0.510417 0.315536
vt 0.520833 0.312500
vt 0.520833 0.315536
vt 0.520833 0.320496
vt 0.510417 0.320496
vt 0.531250 0.312500
vt 0.531250 0.315536
vt 0.541667 0.312500
vt 0.541667 0.315536
vt 0.541667 0.320496
vt 0.531250 0.320496
vt 0.531250 0.329304
vt 0.520833 0.329304
vt 0.541667 0.329304
vt 0.510417 0.329304
vt 0.552083 0.312500
vt 0.552083 0.315536
vt 0.562500 0.312500
vt 0.562500 0.315536
vt 0.562500 0.320496
vt 0.552083 0.320496
vt 0.572917 0.312500
vt 0.572917 0.315536
vt 0.583333 0.312500
vt 0.583333 0.315536
vt 0.583333 0.320496
vt 0.572917 0.320496
vt 0.572917 0.329304
vt 0.562500 0.329304
vt 0.583333 0.329304
vt 0.552083 0.329304
vt 0.593750 0.312500
vt 0.593750 0.315536
vt 0.604167 0.312500
vt 0.604167 0.315536
vt 0.604167 0.320255
vt 0.593750 0.320496
vt 0.614583 0.312500
vt 0.614583 0.315536
vt 0.625000 0.312500
vt 0.625000 0.315536
vt 0.625000 0.318572
vt 0.614583 0.319534
vt 0.614583 0.325455
vt 0.604167 0.328342
vt 0.625000 0.321607
vt 0.593750 0.329304
vt 0.593750 0.495097
vt 0.583333 0.495097
vt 0.604167 0.495064
vt 0.614583 0.494962
vt 0.625000 0.494828
vt 0.625000 0.529727
vt 0.552083 0.495097
vt 0.541667 0.495097
vt 0.562500 0.495097
vt 0.572917 0.495097
vt 0.510417 0.495097
vt 0.500000 0.495097
vt 0.520833 0.495097
vt 0.531250 0.495097
vt 0.468750 0.495097
vt 0.458333 0.495097
vt 0.479167 0.495097
vt 0.489583 0.495097
vt 0.427083 0.495097
vt 0.416667 0.495097
vt 0.437500 0.495097
vt 0.447917 0.495097
vt 0.385417 0.494962
vt 0.375000 0.494828
vt 0.395833 0.495063
vt 0.406250 0.495097
vn 0.0000 1.0000 0.0000
vn 0.0733 -0.9892 0.1270
vn 0.0473 -0.9880 0.1470
vn 0.0057 -0.9999 -0.0154
vn -0.0097 -0.9998 -0.0168
vn -0.0000 -0.9866 0.1630
vn 0.0000 -1.0000 -0.0038
vn 0.0000 -0.9967 -0.0807
vn -0.0115 -0.9965 -0.0833
vn -0.0405 -0.9967 -0.0701
vn -0.0733 -0.9892 0.1270
vn 0.0097 -0.9998 -0.0167
vn -0.0057 -0.9999 -0.0153
vn -0.0472 -0.9880 0.1469
vn 0.0405 -0.9967 -0.0701
vn 0.0115 -0.9965 -0.0833
vn 0.0000 -1.0000 -0.0000
vn -0.0368 -0.9973 -0.0638
vn 0.0000 -0.9963 -0.0856
vn 0.0368 -0.9973 -0.0637
vn 0.1466 -0.9892 -0.0000
vn 0.1508 -0.9880 0.0326
vn -0.0105 -0.9999 -0.0126
vn -0.0194 -0.9998 -0.0000
vn 0.1412 -0.9866 0.0815
vn -0.0033 -1.0000 -0.0019
vn -0.0700 -0.9967 -0.0404
vn -0.0779 -0.9965 -0.0317
vn -0.0811 -0.9967 0.0000
vn -0.0161 -0.9999 -0.0028
vn 0.1037 -0.9880 0.1143
vn -0.0664 -0.9965 -0.0516
vn -0.0735 -0.9973 -0.0000
vn -0.0741 -0.9963 -0.0428
vn 0.0733 -0.9892 -0.1270
vn 0.1037 -0.9880 -0.1143
vn -0.0161 -0.9999 0.0028
vn -0.0097 -0.9998 0.0167
vn 0.1412 -0.9866 -0.0815
vn -0.0033 -1.0000 0.0019
vn -0.0700 -0.9967 0.0404
vn -0.0664 -0.9965 0.0516
vn -0.0404 -0.9967 0.0700
vn -0.0105 -0.9999 0.0126
vn 0.1511 -0.9880 -0.0325
vn -0.0780 -0.9965 0.0317
vn -0.0368 -0.9973 0.0637
vn -0.0741 -0.9963 0.0428
vn -0.0733 -0.9892 -0.1270
vn -0.0472 -0.9880 -0.1469
vn -0.0057 -0.9999 0.0153
vn 0.0097 -0.9998 0.0167
vn 0.0000 -0.9866 -0.1631
vn -0.0000 -1.0000 0.0038
vn -0.0000 -0.9967 0.0806
vn 0.0115 -0.9965 0.0833
vn 0.0404 -0.9967 0.0700
vn 0.0057 -0.9999 0.0153
vn 0.0472 -0.9880 -0.1469
vn -0.0115 -0.9965 0.0833
vn 0.0368 -0.9973 0.0637
vn -0.0000 -0.9963 0.0856
vn -0.1466 -0.9892 -0.0000
vn -0.1510 -0.9880 -0.0325
vn 0.0105 -0.9999 0.0126
vn 0.0194 -0.9998 -0.0000
vn -0.1413 -0.9866 -0.0816
vn 0.0033 -1.0000 0.0019
vn 0.0700 -0.9967 0.0405
vn 0.0779 -0.9965 0.0317
vn 0.0811 -0.9967 -0.0000
vn 0.0161 -0.9999 0.0028
vn -0.1037 -0.9880 -0.1146
vn 0.0664 -0.9965 0.0516
vn 0.0735 -0.9973 0.0000
vn 0.0742 -0.9963 0.0428
vn -0.1037 -0.9880 0.1145
vn 0.0161 -0.9999 -0.0028
vn -0.1412 -0.9866 0.0815
vn 0.0033 -1.0000 -0.0019
vn 0.0698 -0.9967 -0.0403
vn 0.0664 -0.9965 -0.0516
vn 0.0105 -0.9999 -0.0126
vn -0.1510 -0.9880 0.0325
vn 0.0779 -0.9965 -0.0317
vn 0.0741 -0.9963 -0.0428
vn -0.4374 -0.4845 0.7576
vn -0.2175 -0.4834 0.8480
vn -0.2289 -0.3894 0.8922
vn -0.4603 -0.3903 0.7973
vn 0.0000 -0.4826 0.8758
vn -0.0000 -0.3887 0.9214
vn 0.0000 -0.2445 0.9696
vn -0.2410 -0.2448 0.9391
vn -0.4847 -0.2454 0.8395
vn 0.2175 -0.4834 0.8480
vn 0.2289 -0.3894 0.8922
vn 0.4374 -0.4845 0.7576
vn 0.4603 -0.3903 0.7973
vn 0.4847 -0.2455 0.8395
vn 0.2410 -0.2448 0.9391
vn 0.2491 -0.0208 0.9683
vn -0.0000 -0.0208 0.9998
vn 0.4999 -0.0209 0.8658
vn 0.4772 0.2983 0.8266
vn 0.2374 0.2978 0.9246
vn -0.0000 0.2977 0.9547
vn -0.2491 -0.0208 0.9683
vn -0.4999 -0.0209 0.8658
vn -0.2374 0.2979 0.9246
vn -0.4772 0.2984 0.8266
vn 0.6256 -0.4834 0.6124
vn 0.6582 -0.3894 0.6444
vn 0.7585 -0.4826 0.4379
vn 0.7979 -0.3887 0.4607
vn 0.8398 -0.2445 0.4848
vn 0.6928 -0.2448 0.6783
vn 0.8431 -0.4834 0.2356
vn 0.8871 -0.3894 0.2478
vn 0.8748 -0.4845 0.0000
vn 0.9207 -0.3903 -0.0000
vn 0.9694 -0.2454 -0.0000
vn 0.9338 -0.2448 0.2608
vn 0.9631 -0.0208 0.2684
vn 0.8658 -0.0208 0.4999
vn 0.9998 -0.0209 -0.0000
vn 0.9545 0.2982 -0.0000
vn 0.9195 0.2978 0.2567
vn 0.8268 0.2974 0.4774
vn 0.7140 -0.0208 0.6998
vn 0.6820 0.2980 0.6679
vn 0.8431 -0.4834 -0.2356
vn 0.8871 -0.3894 -0.2478
vn 0.7585 -0.4826 -0.4379
vn 0.7979 -0.3887 -0.4607
vn 0.8398 -0.2445 -0.4848
vn 0.9338 -0.2448 -0.2608
vn 0.6256 -0.4834 -0.6124
vn 0.6582 -0.3894 -0.6444
vn 0.4374 -0.4845 -0.7576
vn 0.4603 -0.3903 -0.7973
vn 0.4847 -0.2454 -0.8395
vn 0.6928 -0.2448 -0.6783
vn 0.7143 -0.0207 -0.6995
vn 0.8658 -0.0208 -0.4999
vn 0.4999 -0.0209 -0.8658
vn 0.4772 0.2984 -0.8266
vn 0.6820 0.2980 -0.6679
vn 0.8268 0.2974 -0.4774
vn 0.9631 -0.0208 -0.2684
vn 0.9194 0.2979 -0.2567
vn 0.2175 -0.4834 -0.8480
vn 0.2289 -0.3894 -0.8922
vn -0.0000 -0.4826 -0.8758
vn -0.0000 -0.3888 -0.9213
vn -0.0000 -0.2444 -0.9697
vn 0.2410 -0.2448 -0.9391
vn -0.2175 -0.4834 -0.8480
vn -0.2289 -0.3894 -0.8922
vn -0.4374 -0.4845 -0.7576
vn -0.4603 -0.3903 -0.7973
vn -0.4847 -0.2454 -0.8395
vn -0.2410 -0.2448 -0.9391
vn -0.2491 -0.0208 -0.9683
vn 0.0000 -0.0204 -0.9998
vn -0.4999 -0.0209 -0.8658
vn -0.4772 0.2983 -0.8266
vn -0.2374 0.2979 -0.9246
vn -0.0000 0.2975 -0.9547
vn 0.2491 -0.0208 -0.9683
vn 0.2374 0.2979 -0.9246
vn -0.6256 -0.4834 -0.6124
vn -0.6582 -0.3894 -0.6444
vn -0.7585 -0.4826 -0.4379
vn -0.7979 -0.3887 -0.4607
vn -0.8398 -0.2444 -0.4848
vn -0.6928 -0.2449 -0.6783
vn -0.8431 -0.4834 -0.2356
vn -0.8871 -0.3894 -0.2478
vn -0.8748 -0.4845 -0.0000
vn -0.9207 -0.3903 0.0000
vn -0.9694 -0.2455 0.0000
vn -0.9338 -0.2448 -0.2608
vn -0.9629 -0.0207 -0.2689
vn -0.8658 -0.0208 -0.4999
vn -0.9998 -0.0209 0.0000
vn -0.9545 0.2983 -0.0000
vn -0.9194 0.2979 -0.2567
vn -0.8268 0.2975 -0.4774
vn -0.7144 -0.0206 -0.6994
vn -0.6820 0.2980 -0.6679
vn -0.8431 -0.4834 0.2356
vn -0.8871 -0.3894 0.2478
vn -0.7585 -0.4826 0.4379
vn -0.7979 -0.3887 0.4607
vn -0.8398 -0.2444 0.4848
vn -0.9338 -0.2448 0.2608
vn -0.6256 -0.4834 0.6124
vn -0.6582 -0.3894 0.6444
vn -0.6928 -0.2448 0.6783
vn -0.7143 -0.0207 0.6995
vn -0.8658 -0.0208 0.4999
vn -0.6820 0.2979 0.6679
vn -0.8268 0.2974 0.4774
vn -0.9630 -0.0207 0.2687
vn -0.9195 0.2978 0.2567
vn -0.1111 -0.9061 0.4081
vn -0.2078 -0.9096 0.3599
vn -0.0000 -0.9024 0.4309
vn -0.0000 -0.7375 0.6753
vn -0.1693 -0.7409 0.6499
vn -0.3340 -0.7441 0.5786
vn 0.1111 -0.9061 0.4081
vn 0.2078 -0.9096 0.3599
vn 0.3340 -0.7442 0.5785
vn 0.1693 -0.7408 0.6500
vn 0.2023 -0.5833 0.7867
vn -0.0000 -0.5819 0.8133
vn 0.4055 -0.5850 0.7024
vn -0.2023 -0.5833 0.7867
vn -0.4056 -0.5849 0.7024
vn 0.2979 -0.9061 0.3003
vn 0.3732 -0.9024 0.2155
vn 0.5849 -0.7375 0.3377
vn 0.4783 -0.7409 0.4716
vn 0.4090 -0.9061 0.1079
vn 0.4156 -0.9095 -0.0000
vn 0.6680 -0.7441 -0.0000
vn 0.6475 -0.7408 0.1784
vn 0.7824 -0.5833 0.2182
vn 0.7043 -0.5819 0.4066
vn 0.8111 -0.5850 -0.0000
vn 0.5802 -0.5833 0.5685
vn 0.4090 -0.9061 -0.1079
vn 0.3732 -0.9024 -0.2155
vn 0.5849 -0.7375 -0.3377
vn 0.6475 -0.7408 -0.1784
vn 0.2979 -0.9061 -0.3003
vn 0.2078 -0.9096 -0.3599
vn 0.3340 -0.7441 -0.5786
vn 0.4783 -0.7408 -0.4716
vn 0.5802 -0.5833 -0.5685
vn 0.7043 -0.5819 -0.4067
vn 0.4055 -0.5849 -0.7024
vn 0.7824 -0.5833 -0.2182
vn 0.1111 -0.9061 -0.4081
vn 0.0000 -0.9024 -0.4309
vn 0.0000 -0.7375 -0.6754
vn 0.1693 -0.7408 -0.6500
vn -0.1111 -0.9061 -0.4081
vn -0.2078 -0.9095 -0.3599
vn -0.3340 -0.7441 -0.5786
vn -0.1693 -0.7408 -0.6500
vn -0.2023 -0.5833 -0.7867
vn -0.0000 -0.5819 -0.8133
vn -0.4055 -0.5849 -0.7024
vn 0.2023 -0.5833 -0.7867
vn -0.2979 -0.9061 -0.3003
vn -0.3732 -0.9024 -0.2155
vn -0.5849 -0.7375 -0.3377
vn -0.4783 -0.7409 -0.4716
vn -0.4090 -0.9061 -0.1079
vn -0.4156 -0.9095 0.0000
vn -0.6680 -0.7442 0.0000
vn -0.6475 -0.7408 -0.1784
vn -0.7824 -0.5833 -0.2182
vn -0.7043 -0.5819 -0.4066
vn -0.8111 -0.5850 0.0000
vn -0.5802 -0.5833 -0.5685
vn -0.4090 -0.9061 0.1079
vn -0.3732 -0.9024 0.2155
vn -0.5849 -0.7375 0.3377
vn -0.6475 -0.7409 0.1784
vn -0.2979 -0.9061 0.3003
vn -0.4783 -0.7408 0.4716
vn -0.5802 -0.5833 0.5685
vn -0.7043 -0.5819 0.4066
vn -0.7824 -0.5833 0.2182
vn -0.7953 0.5640 0.2222
vn -0.8252 0.5648 -0.0000
vn -0.7156 0.5633 0.4131
vn -0.6511 0.6593 0.3759
vn -0.7234 0.6601 0.2022
vn -0.7500 0.6614 -0.0000
vn -0.5901 0.5640 0.5777
vn -0.4126 0.5648 0.7146
vn -0.3750 0.6614 0.6495
vn -0.5369 0.6601 0.5254
vn -0.5901 0.5640 -0.5777
vn -0.4126 0.5648 -0.7146
vn -0.7155 0.5633 -0.4131
vn -0.6511 0.6593 -0.3759
vn -0.5369 0.6601 -0.5254
vn -0.3750 0.6614 -0.6495
vn -0.7953 0.5640 -0.2222
vn -0.7233 0.6601 -0.2026
vn 0.2053 0.5640 -0.7999
vn 0.4126 0.5648 -0.7146
vn -0.0000 0.5633 -0.8262
vn 0.0000 0.6593 -0.7519
vn 0.1866 0.6601 -0.7276
vn 0.3750 0.6614 -0.6495
vn -0.2053 0.5639 -0.7999
vn -0.1866 0.6601 -0.7276
vn 0.7953 0.5640 -0.2222
vn 0.8252 0.5648 0.0000
vn 0.7155 0.5633 -0.4131
vn 0.6511 0.6593 -0.3759
vn 0.7233 0.6601 -0.2027
vn 0.7500 0.6614 0.0000
vn 0.5901 0.5640 -0.5777
vn 0.5369 0.6601 -0.5254
vn 0.5901 0.5640 0.5777
vn 0.4126 0.5648 0.7146
vn 0.7155 0.5633 0.4131
vn 0.6511 0.6593 0.3759
vn 0.5369 0.6601 0.5254
vn 0.3750 0.6614 0.6495
vn 0.7953 0.5640 0.2222
vn 0.7234 0.6601 0.2022
vn -0.2053 0.5640 0.7999
vn -0.0000 0.5633 0.8262
vn 0.0000 0.6593 0.7519
vn -0.1862 0.6601 0.7277
vn 0.2053 0.5640 0.7998
vn 0.1866 0.6601 0.7276
usemtl aiStandardSurface4SG.002
s off
f 3086/4292/2602 3087/4293/2602 3088/4294/2602 3089/4295/2602 3090/4296/2602 3091/4297/2602 3092/4298/2602 3093/4299/2602 3094/4300/2602 3095/4301/2602 3096/4302/2602 3097/4303/2602 3098/4304/2602 3099/4305/2602 3100/4306/2602 3101/4307/2602 3102/4308/2602 3103/4309/2602 3104/4310/2602 3105/4311/2602 3106/4312/2602 3107/4313/2602 3108/4314/2602 3109/4315/2602
s 1
f 3110/4316/2603 3111/4317/2604 3112/4318/2605 3113/4319/2606
f 3111/4317/2604 3114/4320/2607 3115/4321/2608 3112/4318/2605
f 3112/4318/2605 3115/4321/2608 3116/4322/2609 3117/4323/2610
f 3113/4319/2606 3112/4318/2605 3117/4323/2610 3118/4324/2611
f 3119/4325/2612 3120/4326/2613 3121/4327/2614 3122/4328/2615
f 3120/4326/2613 3123/4329/2616 3124/4330/2617 3121/4327/2614
f 3121/4327/2614 3124/4330/2617 3116/4322/2609 3115/4321/2608
f 3122/4328/2615 3121/4327/2614 3115/4321/2608 3114/4320/2607
f 3125/4331/2618 3126/4332/2619 3127/4333/2620 3128/4334/2621
f 3126/4332/2619 3118/4324/2611 3117/4323/2610 3127/4333/2620
f 3127/4333/2620 3117/4323/2610 3116/4322/2609 3124/4330/2617
f 3128/4334/2621 3127/4333/2620 3124/4330/2617 3123/4329/2616
f 3129/4335/2622 3130/4336/2623 3131/4337/2624 3132/4338/2625
f 3130/4336/2623 3133/4339/2626 3134/4340/2627 3131/4337/2624
f 3131/4337/2624 3134/4340/2627 3135/4341/2628 3136/4342/2629
f 3132/4338/2625 3131/4337/2624 3136/4342/2629 3137/4343/2630
f 3110/4316/2603 3113/4319/2606 3138/4344/2631 3139/4345/2632
f 3113/4319/2606 3118/4324/2611 3140/4346/2633 3138/4344/2631
f 3138/4344/2631 3140/4346/2633 3135/4341/2628 3134/4340/2627
f 3139/4345/2632 3138/4344/2631 3134/4340/2627 3133/4339/2626
f 3125/4331/2618 3141/4347/2634 3142/4348/2635 3126/4332/2619
f 3141/4347/2634 3137/4343/2630 3136/4342/2629 3142/4348/2635
f 3142/4348/2635 3136/4342/2629 3135/4341/2628 3140/4346/2633
f 3126/4332/2619 3142/4348/2635 3140/4346/2633 3118/4324/2611
f 3143/4349/2636 3144/4350/2637 3145/4351/2638 3146/4352/2639
f 3144/4350/2637 3147/4353/2640 3148/4354/2641 3145/4351/2638
f 3145/4351/2638 3148/4354/2641 3149/4355/2642 3150/4356/2643
f 3146/4352/2639 3145/4351/2638 3150/4356/2643 3151/4357/2644
f 3129/4335/2622 3132/4338/2625 3152/4358/2645 3153/4359/2646
f 3132/4338/2625 3137/4343/2630 3154/4360/2647 3152/4358/2645
f 3152/4358/2645 3154/4360/2647 3149/4355/2642 3148/4354/2641
f 3153/4359/2646 3152/4358/2645 3148/4354/2641 3147/4353/2640
f 3125/4331/2618 3155/4361/2648 3156/4362/2649 3141/4347/2634
f 3155/4361/2648 3151/4357/2644 3150/4356/2643 3156/4362/2649
f 3156/4362/2649 3150/4356/2643 3149/4355/2642 3154/4360/2647
f 3141/4347/2634 3156/4362/2649 3154/4360/2647 3137/4343/2630
f 3157/4363/2650 3158/4364/2651 3159/4365/2652 3160/4366/2653
f 3158/4364/2651 3161/4367/2654 3162/4368/2655 3159/4365/2652
f 3159/4365/2652 3162/4368/2655 3163/4369/2656 3164/4370/2657
f 3160/4366/2653 3159/4365/2652 3164/4370/2657 3165/4371/2658
f 3143/4349/2636 3146/4352/2639 3166/4372/2659 3167/4373/2660
f 3146/4352/2639 3151/4357/2644 3168/4374/2661 3166/4372/2659
f 3166/4372/2659 3168/4374/2661 3163/4369/2656 3162/4368/2655
f 3167/4373/2660 3166/4372/2659 3162/4368/2655 3161/4367/2654
f 3125/4331/2618 3169/4375/2662 3170/4376/2663 3155/4361/2648
f 3169/4375/2662 3165/4371/2658 3164/4370/2657 3170/4376/2663
f 3170/4376/2663 3164/4370/2657 3163/4369/2656 3168/4374/2661
f 3155/4361/2648 3170/4376/2663 3168/4374/2661 3151/4357/2644
f 3171/4377/2664 3172/4378/2665 3173/4379/2666 3174/4380/2667
f 3172/4378/2665 3175/4381/2668 3176/4382/2669 3173/4379/2666
f 3173/4379/2666 3176/4382/2669 3177/4383/2670 3178/4384/2671
f 3174/4380/2667 3173/4379/2666 3178/4384/2671 3179/4385/2672
f 3157/4363/2650 3160/4366/2653 3180/4386/2673 3181/4387/2674
f 3160/4366/2653 3165/4371/2658 3182/4388/2675 3180/4386/2673
f 3180/4386/2673 3182/4388/2675 3177/4383/2670 3176/4382/2669
f 3181/4387/2674 3180/4386/2673 3176/4382/2669 3175/4381/2668
f 3125/4331/2618 3183/4389/2676 3184/4390/2677 3169/4375/2662
f 3183/4389/2676 3179/4385/2672 3178/4384/2671 3184/4390/2677
f 3184/4390/2677 3178/4384/2671 3177/4383/2670 3182/4388/2675
f 3169/4375/2662 3184/4390/2677 3182/4388/2675 3165/4371/2658
f 3119/4325/2612 3185/4391/2678 3186/4392/2679 3120/4326/2613
f 3185/4391/2678 3187/4393/2680 3188/4394/2681 3186/4392/2679
f 3186/4392/2679 3188/4394/2681 3189/4395/2682 3190/4396/2683
f 3120/4326/2613 3186/4392/2679 3190/4396/2683 3123/4329/2616
f 3171/4377/2664 3174/4380/2667 3191/4397/2684 3192/4398/2685
f 3174/4380/2667 3179/4385/2672 3193/4399/2686 3191/4397/2684
f 3191/4397/2684 3193/4399/2686 3189/4395/2682 3188/4394/2681
f 3192/4398/2685 3191/4397/2684 3188/4394/2681 3187/4393/2680
f 3125/4331/2618 3128/4334/2621 3194/4400/2687 3183/4389/2676
f 3128/4334/2621 3123/4329/2616 3190/4396/2683 3194/4400/2687
f 3194/4400/2687 3190/4396/2683 3189/4395/2682 3193/4399/2686
f 3183/4389/2676 3194/4400/2687 3193/4399/2686 3179/4385/2672
f 3195/4401/2688 3196/4402/2689 3197/4403/2690 3198/4404/2691
f 3196/4402/2689 3199/4405/2692 3200/4406/2693 3197/4403/2690
f 3197/4403/2690 3200/4406/2693 3201/4407/2694 3202/4408/2695
f 3198/4404/2691 3197/4403/2690 3202/4408/2695 3203/4409/2696
f 3199/4405/2692 3204/4410/2697 3205/4411/2698 3200/4406/2693
f 3204/4410/2697 3206/4412/2699 3207/4413/2700 3205/4411/2698
f 3205/4411/2698 3207/4413/2700 3208/4414/2701 3209/4415/2702
f 3200/4406/2693 3205/4411/2698 3209/4415/2702 3201/4407/2694
f 3201/4407/2694 3209/4415/2702 3210/4416/2703 3211/4417/2704
f 3209/4415/2702 3208/4414/2701 3212/4418/2705 3210/4416/2703
f 3210/4416/2703 3212/4418/2705 3213/4419/2706 3214/4420/2707
f 3211/4417/2704 3210/4416/2703 3214/4420/2707 3215/4421/2708
f 3203/4409/2696 3202/4408/2695 3216/4422/2709 3217/4423/2710
f 3202/4408/2695 3201/4407/2694 3211/4417/2704 3216/4422/2709
f 3216/4422/2709 3211/4417/2704 3215/4421/2708 3218/4424/2711
f 3217/4423/2710 3216/4422/2709 3218/4424/2711 3219/4425/2712
f 3206/4412/2699 3220/4426/2713 3221/4427/2714 3207/4413/2700
f 3220/4426/2713 3222/4428/2715 3223/4429/2716 3221/4427/2714
f 3221/4427/2714 3223/4429/2716 3224/4430/2717 3225/4431/2718
f 3207/4413/2700 3221/4427/2714 3225/4431/2718 3208/4414/2701
f 3222/4428/2715 3226/4432/2719 3227/4433/2720 3223/4429/2716
f 3226/4432/2719 3228/4434/2721 3229/4435/2722 3227/4433/2720
f 3227/4433/2720 3229/4435/2722 3230/4436/2723 3231/4437/2724
f 3223/4429/2716 3227/4433/2720 3231/4437/2724 3224/4430/2717
f 3224/4430/2717 3231/4437/2724 3232/4438/2725 3233/4439/2726
f 3231/4437/2724 3230/4436/2723 3234/4440/2727 3232/4438/2725
f 3232/4438/2725 3234/4440/2727 3235/4441/2728 3236/4442/2729
f 3233/4439/2726 3232/4438/2725 3236/4442/2729 3237/4443/2730
f 3208/4414/2701 3225/4431/2718 3238/4444/2731 3212/4418/2705
f 3225/4431/2718 3224/4430/2717 3233/4439/2726 3238/4444/2731
f 3238/4444/2731 3233/4439/2726 3237/4443/2730 3239/4445/2732
f 3212/4418/2705 3238/4444/2731 3239/4445/2732 3213/4419/2706
f 3228/4434/2721 3240/4446/2733 3241/4447/2734 3229/4435/2722
f 3240/4446/2733 3242/4448/2735 3243/4449/2736 3241/4447/2734
f 3241/4447/2734 3243/4449/2736 3244/4450/2737 3245/4451/2738
f 3229/4435/2722 3241/4447/2734 3245/4451/2738 3230/4436/2723
f 3242/4448/2735 3246/4452/2739 3247/4453/2740 3243/4449/2736
f 3246/4452/2739 3248/4454/2741 3249/4455/2742 3247/4453/2740
f 3247/4453/2740 3249/4455/2742 3250/4456/2743 3251/4457/2744
f 3243/4449/2736 3247/4453/2740 3251/4457/2744 3244/4450/2737
f 3244/4450/2737 3251/4457/2744 3252/4458/2745 3253/4459/2746
f 3251/4457/2744 3250/4456/2743 3254/4460/2747 3252/4458/2745
f 3252/4458/2745 3254/4460/2747 3255/4461/2748 3256/4462/2749
f 3253/4459/2746 3252/4458/2745 3256/4462/2749 3257/4463/2750
f 3230/4436/2723 3245/4451/2738 3258/4464/2751 3234/4440/2727
f 3245/4451/2738 3244/4450/2737 3253/4459/2746 3258/4464/2751
f 3258/4464/2751 3253/4459/2746 3257/4463/2750 3259/4465/2752
f 3234/4440/2727 3258/4464/2751 3259/4465/2752 3235/4441/2728
f 3248/4454/2741 3260/4466/2753 3261/4467/2754 3249/4455/2742
f 3260/4466/2753 3262/4468/2755 3263/4469/2756 3261/4467/2754
f 3261/4467/2754 3263/4469/2756 3264/4470/2757 3265/4471/2758
f 3249/4455/2742 3261/4467/2754 3265/4471/2758 3250/4456/2743
f 3262/4468/2755 3266/4472/2759 3267/4473/2760 3263/4469/2756
f 3266/4472/2759 3268/4474/2761 3269/4475/2762 3267/4473/2760
f 3267/4473/2760 3269/4475/2762 3270/4476/2763 3271/4477/2764
f 3263/4469/2756 3267/4473/2760 3271/4477/2764 3264/4470/2757
f 3264/4470/2757 3271/4477/2764 3272/4478/2765 3273/4479/2766
f 3271/4477/2764 3270/4476/2763 3274/4480/2767 3272/4478/2765
f 3272/4478/2765 3274/4480/2767 3275/4481/2768 3276/4482/2769
f 3273/4479/2766 3272/4478/2765 3276/4482/2769 3277/4483/2770
f 3250/4456/2743 3265/4471/2758 3278/4484/2771 3254/4460/2747
f 3265/4471/2758 3264/4470/2757 3273/4479/2766 3278/4484/2771
f 3278/4484/2771 3273/4479/2766 3277/4483/2770 3279/4485/2772
f 3254/4460/2747 3278/4484/2771 3279/4485/2772 3255/4461/2748
f 3268/4474/2761 3280/4486/2773 3281/4487/2774 3269/4475/2762
f 3280/4486/2773 3282/4488/2775 3283/4489/2776 3281/4487/2774
f 3281/4487/2774 3283/4489/2776 3284/4490/2777 3285/4491/2778
f 3269/4475/2762 3281/4487/2774 3285/4491/2778 3270/4476/2763
f 3282/4488/2775 3286/4492/2779 3287/4493/2780 3283/4489/2776
f 3286/4492/2779 3288/4494/2781 3289/4495/2782 3287/4493/2780
f 3287/4493/2780 3289/4495/2782 3290/4496/2783 3291/4497/2784
f 3283/4489/2776 3287/4493/2780 3291/4497/2784 3284/4490/2777
f 3284/4490/2777 3291/4497/2784 3292/4498/2785 3293/4499/2786
f 3291/4497/2784 3290/4496/2783 3294/4500/2787 3292/4498/2785
f 3292/4498/2785 3294/4500/2787 3295/4501/2788 3296/4502/2789
f 3293/4499/2786 3292/4498/2785 3296/4502/2789 3297/4503/2790
f 3270/4476/2763 3285/4491/2778 3298/4504/2791 3274/4480/2767
f 3285/4491/2778 3284/4490/2777 3293/4499/2786 3298/4504/2791
f 3298/4504/2791 3293/4499/2786 3297/4503/2790 3299/4505/2792
f 3274/4480/2767 3298/4504/2791 3299/4505/2792 3275/4481/2768
f 3288/4494/2781 3300/4506/2793 3301/4507/2794 3289/4495/2782
f 3300/4506/2793 3302/4508/2795 3303/4509/2796 3301/4507/2794
f 3301/4507/2794 3303/4509/2796 3304/4510/2797 3305/4511/2798
f 3289/4495/2782 3301/4507/2794 3305/4511/2798 3290/4496/2783
f 3302/4508/2795 3306/4512/2799 3307/4513/2800 3303/4509/2796
f 3306/4512/2799 3195/4514/2688 3198/4515/2691 3307/4513/2800
f 3307/4513/2800 3198/4515/2691 3203/4516/2696 3308/4517/2801
f 3303/4509/2796 3307/4513/2800 3308/4517/2801 3304/4510/2797
f 3304/4510/2797 3308/4517/2801 3309/4518/2802 3310/4519/2803
f 3308/4517/2801 3203/4516/2696 3217/4520/2710 3309/4518/2802
f 3309/4518/2802 3217/4520/2710 3219/4521/2712 3311/4522/2804
f 3310/4519/2803 3309/4518/2802 3311/4522/2804 3312/4523/2805
f 3290/4496/2783 3305/4511/2798 3313/4524/2806 3294/4500/2787
f 3305/4511/2798 3304/4510/2797 3310/4519/2803 3313/4524/2806
f 3313/4524/2806 3310/4519/2803 3312/4523/2805 3314/4525/2807
f 3294/4500/2787 3313/4524/2806 3314/4525/2807 3295/4501/2788
f 3119/4526/2612 3122/4527/2615 3315/4528/2808 3316/4529/2809
f 3122/4527/2615 3114/4530/2607 3317/4531/2810 3315/4528/2808
f 3315/4528/2808 3317/4531/2810 3318/4532/2811 3319/4533/2812
f 3316/4529/2809 3315/4528/2808 3319/4533/2812 3320/4534/2813
f 3114/4530/2607 3111/4535/2604 3321/4536/2814 3317/4531/2810
f 3111/4535/2604 3110/4537/2603 3322/4538/2815 3321/4536/2814
f 3321/4536/2814 3322/4538/2815 3323/4539/2816 3324/4540/2817
f 3317/4531/2810 3321/4536/2814 3324/4540/2817 3318/4532/2811
f 3318/4532/2811 3324/4540/2817 3325/4541/2818 3326/4542/2819
f 3324/4540/2817 3323/4539/2816 3327/4543/2820 3325/4541/2818
f 3325/4541/2818 3327/4543/2820 3206/4412/2699 3204/4410/2697
f 3326/4542/2819 3325/4541/2818 3204/4410/2697 3199/4405/2692
f 3320/4534/2813 3319/4533/2812 3328/4544/2821 3329/4545/2822
f 3319/4533/2812 3318/4532/2811 3326/4542/2819 3328/4544/2821
f 3328/4544/2821 3326/4542/2819 3199/4405/2692 3196/4402/2689
f 3329/4545/2822 3328/4544/2821 3196/4402/2689 3195/4401/2688
f 3110/4537/2603 3139/4546/2632 3330/4547/2823 3322/4538/2815
f 3139/4546/2632 3133/4548/2626 3331/4549/2824 3330/4547/2823
f 3330/4547/2823 3331/4549/2824 3332/4550/2825 3333/4551/2826
f 3322/4538/2815 3330/4547/2823 3333/4551/2826 3323/4539/2816
f 3133/4548/2626 3130/4552/2623 3334/4553/2827 3331/4549/2824
f 3130/4552/2623 3129/4554/2622 3335/4555/2828 3334/4553/2827
f 3334/4553/2827 3335/4555/2828 3336/4556/2829 3337/4557/2830
f 3331/4549/2824 3334/4553/2827 3337/4557/2830 3332/4550/2825
f 3332/4550/2825 3337/4557/2830 3338/4558/2831 3339/4559/2832
f 3337/4557/2830 3336/4556/2829 3340/4560/2833 3338/4558/2831
f 3338/4558/2831 3340/4560/2833 3228/4434/2721 3226/4432/2719
f 3339/4559/2832 3338/4558/2831 3226/4432/2719 3222/4428/2715
f 3323/4539/2816 3333/4551/2826 3341/4561/2834 3327/4543/2820
f 3333/4551/2826 3332/4550/2825 3339/4559/2832 3341/4561/2834
f 3341/4561/2834 3339/4559/2832 3222/4428/2715 3220/4426/2713
f 3327/4543/2820 3341/4561/2834 3220/4426/2713 3206/4412/2699
f 3129/4554/2622 3153/4562/2646 3342/4563/2835 3335/4555/2828
f 3153/4562/2646 3147/4564/2640 3343/4565/2836 3342/4563/2835
f 3342/4563/2835 3343/4565/2836 3344/4566/2837 3345/4567/2838
f 3335/4555/2828 3342/4563/2835 3345/4567/2838 3336/4556/2829
f 3147/4564/2640 3144/4568/2637 3346/4569/2839 3343/4565/2836
f 3144/4568/2637 3143/4570/2636 3347/4571/2840 3346/4569/2839
f 3346/4569/2839 3347/4571/2840 3348/4572/2841 3349/4573/2842
f 3343/4565/2836 3346/4569/2839 3349/4573/2842 3344/4566/2837
f 3344/4566/2837 3349/4573/2842 3350/4574/2843 3351/4575/2844
f 3349/4573/2842 3348/4572/2841 3352/4576/2845 3350/4574/2843
f 3350/4574/2843 3352/4576/2845 3248/4454/2741 3246/4452/2739
f 3351/4575/2844 3350/4574/2843 3246/4452/2739 3242/4448/2735
f 3336/4556/2829 3345/4567/2838 3353/4577/2846 3340/4560/2833
f 3345/4567/2838 3344/4566/2837 3351/4575/2844 3353/4577/2846
f 3353/4577/2846 3351/4575/2844 3242/4448/2735 3240/4446/2733
f 3340/4560/2833 3353/4577/2846 3240/4446/2733 3228/4434/2721
f 3143/4570/2636 3167/4578/2660 3354/4579/2847 3347/4571/2840
f 3167/4578/2660 3161/4580/2654 3355/4581/2848 3354/4579/2847
f 3354/4579/2847 3355/4581/2848 3356/4582/2849 3357/4583/2850
f 3347/4571/2840 3354/4579/2847 3357/4583/2850 3348/4572/2841
f 3161/4580/2654 3158/4584/2651 3358/4585/2851 3355/4581/2848
f 3158/4584/2651 3157/4586/2650 3359/4587/2852 3358/4585/2851
f 3358/4585/2851 3359/4587/2852 3360/4588/2853 3361/4589/2854
f 3355/4581/2848 3358/4585/2851 3361/4589/2854 3356/4582/2849
f 3356/4582/2849 3361/4589/2854 3362/4590/2855 3363/4591/2856
f 3361/4589/2854 3360/4588/2853 3364/4592/2857 3362/4590/2855
f 3362/4590/2855 3364/4592/2857 3268/4474/2761 3266/4472/2759
f 3363/4591/2856 3362/4590/2855 3266/4472/2759 3262/4468/2755
f 3348/4572/2841 3357/4583/2850 3365/4593/2858 3352/4576/2845
f 3357/4583/2850 3356/4582/2849 3363/4591/2856 3365/4593/2858
f 3365/4593/2858 3363/4591/2856 3262/4468/2755 3260/4466/2753
f 3352/4576/2845 3365/4593/2858 3260/4466/2753 3248/4454/2741
f 3157/4586/2650 3181/4594/2674 3366/4595/2859 3359/4587/2852
f 3181/4594/2674 3175/4596/2668 3367/4597/2860 3366/4595/2859
f 3366/4595/2859 3367/4597/2860 3368/4598/2861 3369/4599/2862
f 3359/4587/2852 3366/4595/2859 3369/4599/2862 3360/4588/2853
f 3175/4596/2668 3172/4600/2665 3370/4601/2863 3367/4597/2860
f 3172/4600/2665 3171/4602/2664 3371/4603/2864 3370/4601/2863
f 3370/4601/2863 3371/4603/2864 3372/4604/2865 3373/4605/2866
f 3367/4597/2860 3370/4601/2863 3373/4605/2866 3368/4598/2861
f 3368/4598/2861 3373/4605/2866 3374/4606/2867 3375/4607/2868
f 3373/4605/2866 3372/4604/2865 3376/4608/2869 3374/4606/2867
f 3374/4606/2867 3376/4608/2869 3288/4494/2781 3286/4492/2779
f 3375/4607/2868 3374/4606/2867 3286/4492/2779 3282/4488/2775
f 3360/4588/2853 3369/4599/2862 3377/4609/2870 3364/4592/2857
f 3369/4599/2862 3368/4598/2861 3375/4607/2868 3377/4609/2870
f 3377/4609/2870 3375/4607/2868 3282/4488/2775 3280/4486/2773
f 3364/4592/2857 3377/4609/2870 3280/4486/2773 3268/4474/2761
f 3171/4602/2664 3192/4610/2685 3378/4611/2871 3371/4603/2864
f 3192/4610/2685 3187/4612/2680 3379/4613/2872 3378/4611/2871
f 3378/4611/2871 3379/4613/2872 3380/4614/2873 3381/4615/2874
f 3371/4603/2864 3378/4611/2871 3381/4615/2874 3372/4604/2865
f 3187/4612/2680 3185/4616/2678 3382/4617/2875 3379/4613/2872
f 3185/4616/2678 3119/4618/2612 3316/4619/2809 3382/4617/2875
f 3382/4617/2875 3316/4619/2809 3320/4620/2813 3383/4621/2876
f 3379/4613/2872 3382/4617/2875 3383/4621/2876 3380/4614/2873
f 3380/4614/2873 3383/4621/2876 3384/4622/2877 3385/4623/2878
f 3383/4621/2876 3320/4620/2813 3329/4624/2822 3384/4622/2877
f 3384/4622/2877 3329/4624/2822 3195/4514/2688 3306/4512/2799
f 3385/4623/2878 3384/4622/2877 3306/4512/2799 3302/4508/2795
f 3372/4604/2865 3381/4615/2874 3386/4625/2879 3376/4608/2869
f 3381/4615/2874 3380/4614/2873 3385/4623/2878 3386/4625/2879
f 3386/4625/2879 3385/4623/2878 3302/4508/2795 3300/4506/2793
f 3376/4608/2869 3386/4625/2879 3300/4506/2793 3288/4494/2781
f 3295/4501/2788 3314/4525/2807 3387/4626/2880 3388/4627/2881
f 3314/4525/2807 3312/4523/2805 3389/4628/2882 3387/4626/2880
f 3387/4626/2880 3389/4628/2882 3087/4293/2883 3086/4292/2884
f 3388/4627/2881 3387/4626/2880 3086/4292/2884 3109/4315/2885
f 3312/4523/2805 3311/4522/2804 3390/4629/2886 3389/4628/2882
f 3311/4522/2804 3219/4521/2712 3391/4630/2887 3390/4629/2886
f 3390/4629/2886 3391/4630/2887 3089/4631/2888 3088/4294/2889
f 3389/4628/2882 3390/4629/2886 3088/4294/2889 3087/4293/2883
f 3275/4481/2768 3299/4505/2792 3392/4632/2890 3393/4633/2891
f 3299/4505/2792 3297/4503/2790 3394/4634/2892 3392/4632/2890
f 3392/4632/2890 3394/4634/2892 3107/4313/2893 3106/4312/2894
f 3393/4633/2891 3392/4632/2890 3106/4312/2894 3105/4311/2895
f 3297/4503/2790 3296/4502/2789 3395/4635/2896 3394/4634/2892
f 3296/4502/2789 3295/4501/2788 3388/4627/2881 3395/4635/2896
f 3395/4635/2896 3388/4627/2881 3109/4315/2885 3108/4314/2897
f 3394/4634/2892 3395/4635/2896 3108/4314/2897 3107/4313/2893
f 3255/4461/2748 3279/4485/2772 3396/4636/2898 3397/4637/2899
f 3279/4485/2772 3277/4483/2770 3398/4638/2900 3396/4636/2898
f 3396/4636/2898 3398/4638/2900 3103/4309/2901 3102/4308/2902
f 3397/4637/2899 3396/4636/2898 3102/4308/2902 3101/4307/2903
f 3277/4483/2770 3276/4482/2769 3399/4639/2904 3398/4638/2900
f 3276/4482/2769 3275/4481/2768 3393/4633/2891 3399/4639/2904
f 3399/4639/2904 3393/4633/2891 3105/4311/2895 3104/4310/2905
f 3398/4638/2900 3399/4639/2904 3104/4310/2905 3103/4309/2901
f 3235/4441/2728 3259/4465/2752 3400/4640/2906 3401/4641/2907
f 3259/4465/2752 3257/4463/2750 3402/4642/2908 3400/4640/2906
f 3400/4640/2906 3402/4642/2908 3099/4305/2909 3098/4304/2910
f 3401/4641/2907 3400/4640/2906 3098/4304/2910 3097/4303/2911
f 3257/4463/2750 3256/4462/2749 3403/4643/2912 3402/4642/2908
f 3256/4462/2749 3255/4461/2748 3397/4637/2899 3403/4643/2912
f 3403/4643/2912 3397/4637/2899 3101/4307/2903 3100/4306/2913
f 3402/4642/2908 3403/4643/2912 3100/4306/2913 3099/4305/2909
f 3213/4419/2706 3239/4445/2732 3404/4644/2914 3405/4645/2915
f 3239/4445/2732 3237/4443/2730 3406/4646/2916 3404/4644/2914
f 3404/4644/2914 3406/4646/2916 3095/4301/2917 3094/4300/2918
f 3405/4645/2915 3404/4644/2914 3094/4300/2918 3093/4299/2919
f 3237/4443/2730 3236/4442/2729 3407/4647/2920 3406/4646/2916
f 3236/4442/2729 3235/4441/2728 3401/4641/2907 3407/4647/2920
f 3407/4647/2920 3401/4641/2907 3097/4303/2911 3096/4302/2921
f 3406/4646/2916 3407/4647/2920 3096/4302/2921 3095/4301/2917
f 3219/4425/2712 3218/4424/2711 3408/4648/2922 3391/4649/2887
f 3218/4424/2711 3215/4421/2708 3409/4650/2923 3408/4648/2922
f 3408/4648/2922 3409/4650/2923 3091/4297/2924 3090/4296/2925
f 3391/4649/2887 3408/4648/2922 3090/4296/2925 3089/4295/2888
f 3215/4421/2708 3214/4420/2707 3410/4651/2926 3409/4650/2923
f 3214/4420/2707 3213/4419/2706 3405/4645/2915 3410/4651/2926
f 3410/4651/2926 3405/4645/2915 3093/4299/2919 3092/4298/2927
f 3409/4650/2923 3410/4651/2926 3092/4298/2927 3091/4297/2924
o sorcerer_desk.017
v -5.618090 5.279068 -5.464571
v -4.705534 4.207819 -3.945515
v -3.934616 4.207821 -4.408638
v -4.847171 5.279068 -5.927691
v -6.571840 5.279068 -4.891618
v -5.659284 4.207819 -3.372561
v -5.264968 4.221910 -3.599504
v -6.177523 5.293160 -5.118560
v -4.856667 4.161252 -3.887564
v -5.769224 5.232499 -5.406619
v -5.849901 5.197592 -5.382770
v -4.937346 4.126342 -3.863714
v -5.849901 5.197592 -5.382770
v -5.929553 5.247956 -5.299402
v -5.016999 4.176710 -3.780346
v -4.937346 4.126342 -3.863714
v -5.668367 5.273725 -5.438136
v -4.755812 4.202477 -3.919080
v -5.719563 5.257950 -5.418504
v -4.807008 4.186701 -3.899449
v -5.993670 5.282848 -5.236280
v -5.081115 4.211599 -3.717224
v -6.092292 5.290998 -5.171288
v -5.179737 4.219749 -3.652230
v -5.749943 4.199450 -3.324000
v -6.662499 5.270698 -4.843057
v -3.879555 4.199452 -4.447618
v -4.792109 5.270698 -5.966672
v -3.834262 4.175033 -4.492044
v -4.746818 5.246278 -6.011099
vt -0.394390 0.913635
vt -0.424204 0.044268
vt -0.094001 0.033737
vt -0.064188 0.903103
vt -0.939333 0.940779
vt -0.930421 0.031544
vt -0.711748 0.033314
vt -0.720661 0.942549
vt -0.487049 0.046272
vt -0.457236 0.915639
vt -0.490678 0.916706
vt -0.520492 0.047339
vt -0.508818 0.944264
vt -0.569264 0.943774
vt -0.560351 0.034539
vt -0.499905 0.035029
vt -0.415339 0.914303
vt -0.445153 0.044936
vt -0.436287 0.914971
vt -0.466101 0.045604
vt -0.615625 0.943399
vt -0.606712 0.034164
vt -0.672502 0.942939
vt -0.663589 0.033704
vt -0.979992 0.031143
vt -0.988905 0.940378
vt -0.069041 0.032940
vt -0.039227 0.902307
vt -0.044081 0.032144
vt -0.014267 0.901511
vn 0.2608 0.8558 0.4468
vn 0.2751 0.8557 0.4382
vn 0.2258 0.8548 0.4672
vn 0.2448 0.8555 0.4563
vn -0.1743 0.7524 0.6353
vn -0.1457 0.7652 0.6271
vn 0.6364 0.7564 0.1511
vn 0.6224 0.7650 0.1656
vn 0.0735 0.8353 0.5449
vn -0.1229 0.7748 0.6202
vn 0.4626 0.8312 0.3083
vn 0.3132 0.8545 0.4144
vn 0.1851 0.8520 0.4897
vn 0.1849 0.8521 0.4897
vn 0.4995 0.8204 0.2785
vn 0.6016 0.7768 0.1864
usemtl M_paperbookSG.002
s 1
f 3411/4652/2928 3412/4653/2928 3413/4654/2929 3414/4655/2929
f 3415/4656/2930 3416/4657/2930 3417/4658/2931 3418/4659/2931
f 3419/4660/2932 3420/4661/2932 3421/4662/2933 3422/4663/2933
f 3423/4664/2934 3424/4665/2935 3425/4666/2935 3426/4667/2934
f 3411/4652/2928 3427/4668/2936 3428/4669/2936 3412/4653/2928
f 3427/4668/2936 3429/4670/2937 3430/4671/2937 3428/4669/2936
f 3429/4670/2937 3420/4661/2932 3419/4660/2932 3430/4671/2937
f 3424/4665/2935 3431/4672/2938 3432/4673/2938 3425/4666/2935
f 3431/4672/2938 3433/4674/2939 3434/4675/2939 3432/4673/2938
f 3433/4674/2939 3418/4659/2931 3417/4658/2931 3434/4675/2939
f 3435/4676/2940 3416/4657/2930 3415/4656/2930 3436/4677/2941
f 3413/4654/2929 3437/4678/2942 3438/4679/2942 3414/4655/2929
f 3437/4678/2942 3439/4680/2943 3440/4681/2943 3438/4679/2942
o sorcerer_desk.018
v -5.618090 5.279068 -5.464571
v -4.705534 4.207819 -3.945515
v -3.934616 4.207821 -4.408638
v -4.847171 5.279068 -5.927691
v -6.571840 5.279068 -4.891618
v -5.659284 4.207819 -3.372561
v -5.264968 4.221910 -3.599504
v -6.177523 5.293160 -5.118560
v -4.856667 4.161252 -3.887564
v -5.769224 5.232499 -5.406619
v -5.929553 5.247956 -5.299402
v -5.016999 4.176710 -3.780346
v -5.668367 5.273725 -5.438136
v -4.755812 4.202477 -3.919080
v -5.719563 5.257950 -5.418504
v -4.807008 4.186701 -3.899449
v -5.993670 5.282848 -5.236280
v -5.081115 4.211599 -3.717224
v -6.092292 5.290998 -5.171288
v -5.179737 4.219749 -3.652230
v -5.749943 4.199450 -3.324000
v -6.662499 5.270698 -4.843057
v -3.879555 4.199452 -4.447618
v -4.792109 5.270698 -5.966672
v -3.834262 4.175033 -4.492044
v -4.746818 5.246278 -6.011099
v -3.771099 3.938509 -4.676868
v -4.683656 5.009755 -6.195924
v -4.699434 5.158546 -6.101437
v -3.786877 4.087299 -4.582382
v -7.096622 5.039995 -4.746364
v -6.184066 3.921077 -3.227306
v -6.030276 4.087296 -3.234684
v -6.942831 5.158546 -4.753739
v -5.852613 5.158546 -5.408677
v -5.944195 5.245111 -5.292614
v -5.849901 5.197592 -5.382770
v -5.849901 5.197592 -5.382770
v -5.761282 5.228108 -5.414488
v -4.940057 4.087297 -3.889621
v -4.848725 4.156859 -3.895432
v -4.937346 4.126342 -3.863714
v -4.937346 4.126342 -3.863714
v -5.031639 4.173862 -3.773557
v -5.932414 4.136587 -3.258717
v -6.844970 5.207833 -4.777771
v -5.840154 4.175032 -3.287027
v -6.752710 5.246279 -4.806084
v -3.802496 4.136587 -4.538241
v -4.715050 5.207833 -6.057297
v -5.155601 3.966753 -3.845145
v -5.157051 3.943359 -3.860772
v -4.984867 3.943358 -3.964211
v -5.161431 3.966754 -3.841642
v -4.798389 3.966754 -4.059739
v -4.792555 3.966753 -4.063241
v -4.811503 3.943358 -4.068357
v -6.068155 5.037999 -5.364202
v -6.079820 5.038000 -5.357195
v -5.896234 5.018417 -5.481292
v -6.062588 5.018417 -5.381356
v -5.710945 5.038000 -5.578792
v -5.728704 5.018417 -5.581931
v -5.699278 5.037999 -5.585799
v -7.200449 4.832765 -4.762043
v -5.453147 4.832765 -5.889393
v -5.435255 4.889207 -5.861661
v -7.182557 4.889207 -4.734312
v -7.182557 4.663461 -4.734312
v -5.435255 4.663461 -5.861661
v -5.453147 4.719903 -5.889393
v -7.200449 4.719903 -4.762043
v -5.514252 4.776334 -5.984101
v -6.201417 4.776334 -7.049153
v -6.201417 4.848229 -7.049153
v -6.192226 4.877205 -7.034907
v -6.170035 4.889207 -7.000513
v -7.948720 4.848229 -5.921804
v -7.948720 4.776334 -5.921804
v -7.261554 4.776334 -4.856752
v -7.917337 4.889207 -5.873164
v -7.939528 4.877205 -5.907558
v -6.192226 4.675463 -7.034907
v -6.201417 4.704439 -7.049153
v -6.170035 4.663461 -7.000513
v -7.948720 4.704439 -5.921804
v -7.939528 4.675463 -5.907558
v -7.917337 4.663461 -5.873164
v -7.208074 4.795581 -4.773862
v -5.460772 4.795581 -5.901211
v -7.208074 4.757087 -4.773862
v -5.460772 4.757087 -5.901211
v -6.984844 4.504505 -4.543966
v -5.382559 4.504505 -5.869358
v -5.361523 4.560947 -5.843928
v -6.963808 4.560947 -4.518536
v -6.963808 4.335201 -4.518538
v -5.361523 4.335201 -5.843928
v -5.382559 4.391643 -5.869358
v -6.984844 4.391643 -4.543966
v -5.454398 4.448074 -5.956206
v -6.262279 4.448074 -6.932864
v -6.262279 4.519969 -6.932864
v -6.251473 4.548945 -6.919800
v -6.225384 4.560947 -6.888261
v -7.864564 4.519969 -5.607472
v -7.864564 4.448074 -5.607472
v -7.056683 4.448074 -4.630813
v -7.827669 4.560947 -5.562869
v -7.853758 4.548945 -5.594408
v -6.251473 4.347203 -6.919802
v -6.262279 4.376179 -6.932866
v -6.225384 4.335201 -6.888263
v -7.864564 4.376179 -5.607472
v -7.853758 4.347203 -5.594409
v -7.827669 4.335201 -5.562871
v -6.993809 4.467321 -4.554803
v -5.391523 4.467321 -5.880196
v -6.993809 4.428827 -4.554803
v -5.391523 4.428827 -5.880196
v -6.293428 4.129134 -4.541175
v -5.666574 4.129134 -6.523860
v -5.635107 4.208863 -6.513912
v -6.261961 4.208863 -4.531228
v -6.261961 3.889977 -4.531228
v -5.635107 3.889977 -6.513912
v -5.666574 3.969706 -6.523860
v -6.293428 3.969706 -4.541175
v -5.774040 4.049420 -6.557837
v -6.982568 4.049420 -6.939929
v -6.982568 4.150978 -6.939929
v -6.966402 4.191909 -6.934820
v -6.927375 4.208863 -6.922481
v -7.609422 4.150978 -4.957245
v -7.609422 4.049420 -4.957245
v -6.400895 4.049420 -4.575152
v -7.554229 4.208863 -4.939795
v -7.593257 4.191909 -4.952136
v -6.966402 3.906931 -6.934820
v -6.982568 3.947862 -6.939929
v -6.927375 3.889977 -6.922481
v -7.609422 3.947862 -4.957245
v -7.593257 3.906931 -4.952136
v -7.554229 3.889977 -4.939795
v -6.306839 4.076608 -4.545415
v -5.679985 4.076608 -6.528100
v -6.306839 4.022232 -4.545415
v -5.679985 4.022232 -6.528100
vt 0.081272 -0.589241
vt 1.313733 -0.589242
vt 1.313733 -0.484275
vt 0.081272 -0.484275
vt 0.078076 -0.340777
vt 1.314581 -0.340777
vt 1.314581 -0.216213
vt 0.078076 -0.216213
vt 0.852530 0.403060
vt 0.797459 0.455114
vt 0.806263 0.456825
vt 0.854160 0.426539
vt 0.854160 0.426539
vt 0.902675 0.447530
vt 0.907451 0.444889
vt 0.796940 0.187415
vt 0.851861 0.229245
vt 0.847085 0.231886
vt 0.798571 0.210894
vt 0.798571 0.210894
vt 0.750673 0.241181
vt 0.741869 0.239470
vt 0.932537 0.462834
vt 0.963323 0.472320
vt 0.993556 0.475533
vt 0.937967 0.259889
vt 0.907733 0.256676
vt 0.876947 0.247190
vt 0.657151 0.484007
vt 0.708403 0.482707
vt 0.767708 0.477807
vt 0.712118 0.262162
vt 0.652813 0.267063
vt 0.601561 0.268362
vt 1.314580 -0.149613
vt 0.078076 -0.149613
vt 1.314580 -0.087939
vt 0.078076 -0.087939
vt 1.314580 -0.028269
vt 0.078076 -0.028269
vt 0.081272 -0.403353
vt 0.081273 -0.443814
vt 1.313733 -0.443814
vt 1.313733 -0.403353
vt 0.667327 0.114927
vt 0.666454 0.100859
vt 0.769995 0.100859
vt 0.364446 0.259889
vt 0.309929 0.254856
vt 0.255682 0.240172
vt 0.200203 0.217054
vt 0.141356 0.187415
vt 0.048877 0.087461
vt 0.663821 0.114927
vt 0.882130 0.114927
vt 0.885638 0.114927
vt 1.499873 0.097943
vt 1.490385 0.187415
vt 1.480994 0.217054
vt 1.461891 0.240172
vt 1.434655 0.254856
vt 1.401545 0.259889
vt 0.874244 0.100859
vt 0.722917 0.330571
vt 0.715903 0.330571
vt 0.104466 0.331771
vt 0.196945 0.403060
vt 0.255793 0.432698
vt 0.311272 0.455816
vt 0.365519 0.470500
vt 0.420035 0.475533
vt 0.826299 0.318796
vt 0.726265 0.318796
vt 0.937720 0.330571
vt 0.927040 0.318795
vt 1.457135 0.475533
vt 1.490246 0.470500
vt 1.517481 0.455816
vt 1.536584 0.432698
vt 1.545974 0.403059
vt 1.555463 0.313587
vt 0.944736 0.330571
vt 1.715211 0.648649
vt -0.716529 0.648718
vt -0.696252 0.585991
vt 1.701871 0.585925
vt 1.701887 0.836805
vt -0.696244 0.836872
vt -0.716525 0.774147
vt 1.715219 0.774077
vt -0.831726 0.711437
vt -2.122774 0.711482
vt -2.122777 0.637075
vt -2.105510 0.607087
vt -2.063817 0.594663
vt 3.121657 0.636807
vt 3.121665 0.711215
vt 1.830618 0.711351
vt 3.062692 0.594403
vt 3.104386 0.606821
vt -2.105503 0.815877
vt -2.122771 0.785890
vt -2.063808 0.828297
vt 3.121673 0.785622
vt 3.104408 0.815612
vt 3.062718 0.828038
vt 1.720898 0.689972
vt -0.725170 0.690042
vt 1.720901 0.732753
vt -0.725169 0.732823
vt 1.715211 0.648649
vt -0.716529 0.648718
vt -0.696252 0.585991
vt 1.701871 0.585925
vt 1.701887 0.836805
vt -0.696244 0.836872
vt -0.716525 0.774147
vt 1.715219 0.774077
vt -0.831726 0.711437
vt -2.122774 0.711482
vt -2.122777 0.637075
vt -2.105510 0.607087
vt -2.063817 0.594663
vt 3.121657 0.636807
vt 3.121665 0.711215
vt 1.830618 0.711351
vt 3.062692 0.594403
vt 3.104386 0.606821
vt -2.105503 0.815877
vt -2.122771 0.785890
vt -2.063808 0.828297
vt 3.121673 0.785622
vt 3.104408 0.815612
vt 3.062718 0.828038
vt 1.720898 0.689972
vt -0.725170 0.690042
vt 1.720901 0.732753
vt -0.725169 0.732823
vt 1.715211 0.648649
vt -0.716529 0.648718
vt -0.696252 0.585991
vt 1.701871 0.585925
vt 1.701887 0.836805
vt -0.696244 0.836872
vt -0.716525 0.774147
vt 1.715219 0.774077
vt -0.831726 0.711437
vt -2.122774 0.711482
vt -2.122777 0.637075
vt -2.105510 0.607087
vt -2.063817 0.594663
vt 3.121657 0.636807
vt 3.121665 0.711215
vt 1.830618 0.711351
vt 3.062692 0.594403
vt 3.104386 0.606821
vt -2.105503 0.815877
vt -2.122771 0.785890
vt -2.063808 0.828297
vt 3.121673 0.785622
vt 3.104408 0.815612
vt 3.062718 0.828038
vt 1.720898 0.689972
vt -0.725170 0.690042
vt 1.720901 0.732753
vt -0.725169 0.732823
vn 0.8961 0.3017 -0.3255
vn 0.8916 0.3474 -0.2906
vn 0.8920 0.3441 -0.2932
vn -0.4775 0.5512 0.6842
vn -0.3935 0.6196 0.6792
vn -0.3899 0.6222 0.6788
vn -0.4423 0.5079 -0.7392
vn -0.4401 0.5187 -0.7330
vn -0.4407 0.5174 -0.7336
vn -0.4407 0.5173 -0.7336
vn -0.4440 0.4988 -0.7443
vn 0.4485 -0.4935 0.7452
vn 0.4440 -0.4988 0.7444
vn 0.4407 -0.5173 0.7336
vn 0.4535 -0.4877 0.7460
vn -0.4407 0.5174 -0.7335
vn -0.4440 0.4988 -0.7444
vn 0.4440 -0.4987 0.7444
vn -0.4401 0.5186 -0.7330
vn 0.4408 -0.5172 0.7336
vn -0.1727 0.7531 0.6348
vn -0.0606 0.7982 0.5993
vn 0.0115 0.8212 0.5705
vn 0.0127 0.8200 0.5722
vn 0.7664 0.6423 -0.0075
vn 0.8257 0.5542 -0.1052
vn 0.4535 -0.4876 0.7461
vn 0.4488 -0.4931 0.7452
vn -0.4422 0.5082 -0.7391
vn -0.4440 0.4987 -0.7444
vn 0.4844 -0.4492 0.7507
vn 0.4680 -0.5048 0.7254
vn 0.4680 0.5048 0.7254
vn 0.4844 0.4491 0.7508
vn 0.8403 -0.0000 -0.5421
vn -0.8403 0.0000 0.5421
vn 0.5330 -0.1827 0.8261
vn 0.5330 0.1827 0.8261
vn 0.8403 -0.0000 -0.5422
vn 0.5695 -0.4491 0.6885
vn 0.5695 -0.4491 0.6884
vn 0.5502 -0.5048 0.6652
vn 0.5502 0.5048 0.6652
vn 0.5695 0.4491 0.6885
vn 0.7705 0.0000 -0.6374
vn -0.7705 0.0000 0.6374
vn 0.6267 -0.1827 0.7576
vn 0.6267 0.1827 0.7576
vn -0.7706 -0.0000 0.6374
vn 0.8983 -0.3353 0.2840
vn 0.8810 -0.3825 0.2785
vn 0.8810 0.3825 0.2785
vn 0.8983 0.3353 0.2840
vn 0.3015 -0.0000 -0.9535
vn -0.3015 0.0000 0.9535
vn 0.9453 -0.1304 0.2989
vn 0.9453 0.1304 0.2989
vn -0.3014 0.0000 0.9535
usemtl aiStandardSurface12SG.002
s 1
f 3467/4682/2944 3468/4683/2944 3469/4684/2945 3470/4685/2946
f 3471/4686/2947 3472/4687/2947 3473/4688/2948 3474/4689/2949
f 3475/4690/2950 3476/4691/2951 3451/4692/2952 3477/4693/2952
f 3475/4690/2950 3478/4694/2953 3450/4695/2953 3479/4696/2954
f 3480/4697/2955 3481/4698/2956 3449/4699/2957 3482/4700/2957
f 3480/4697/2955 3483/4701/2957 3452/4702/2957 3484/4703/2958
f 3479/4696/2954 3450/4695/2959 3455/4704/2952
f 3479/4696/2954 3455/4704/2952 3453/4705/2953
f 3479/4696/2954 3453/4705/2953 3441/4706/2960
f 3481/4698/2956 3442/4707/2961 3454/4708/2957
f 3481/4698/2956 3454/4708/2957 3456/4709/2957
f 3481/4698/2956 3456/4709/2957 3449/4699/2957
f 3476/4691/2951 3448/4710/2962 3459/4711/2953
f 3476/4691/2951 3459/4711/2953 3457/4712/2953
f 3476/4691/2951 3457/4712/2953 3451/4692/2952
f 3484/4703/2958 3452/4702/2963 3458/4713/2957
f 3484/4703/2958 3458/4713/2957 3460/4714/2957
f 3484/4703/2958 3460/4714/2957 3447/4715/2958
f 3473/4688/2948 3485/4716/2964 3486/4717/2964 3474/4689/2949
f 3485/4716/2964 3487/4718/2965 3488/4719/2965 3486/4717/2964
f 3487/4718/2965 3461/4720/2966 3462/4721/2967 3488/4719/2965
f 3465/4722/2968 3489/4723/2969 3490/4724/2969 3466/4725/2968
f 3489/4723/2969 3470/4685/2946 3469/4684/2945 3490/4724/2969
f 3491/4726/2970 3492/4727/2970 3493/4728/2971 3480/4697/2955 3484/4703/2958 3447/4715/2958 3446/4729/2970 3461/4730/2970 3487/4731/2970 3485/4732/2970 3473/4733/2970 3472/4734/2970 3494/4735/2970
f 3495/4736/2961 3496/4737/2961 3467/4738/2961 3470/4739/2961 3489/4740/2961 3465/4741/2961 3463/4742/2961 3443/4743/2961 3442/4707/2961 3481/4698/2956 3480/4697/2955 3493/4728/2971 3497/4744/2961
f 3498/4745/2951 3499/4746/2951 3471/4747/2951 3474/4748/2951 3486/4749/2951 3488/4750/2951 3462/4751/2951 3445/4752/2951 3448/4710/2962 3476/4691/2951 3475/4690/2950 3500/4753/2972 3501/4754/2951
f 3502/4755/2973 3503/4756/2973 3500/4753/2972 3475/4690/2950 3479/4696/2954 3441/4706/2960 3444/4757/2973 3464/4758/2973 3466/4759/2973 3490/4760/2973 3469/4761/2973 3468/4762/2973 3504/4763/2973
f 3505/4764/2974 3506/4765/2974 3507/4766/2975 3508/4767/2975
f 3509/4768/2976 3510/4769/2976 3511/4770/2977 3512/4771/2977
f 3507/4766/2978 3506/4765/2978 3513/4772/2978 3514/4773/2978 3515/4774/2978 3516/4775/2978 3517/4776/2978
f 3518/4777/2979 3519/4778/2979 3520/4779/2979 3505/4764/2979 3508/4767/2979 3521/4780/2979 3522/4781/2979
f 3523/4782/2978 3524/4783/2978 3514/4773/2978 3513/4772/2978 3511/4770/2978 3510/4769/2978 3525/4784/2978
f 3509/4768/2979 3512/4771/2979 3520/4779/2979 3519/4778/2979 3526/4785/2979 3527/4786/2979 3528/4787/2979
f 3505/4764/2974 3529/4788/2980 3530/4789/2980 3506/4765/2974
f 3529/4788/2980 3531/4790/2981 3532/4791/2981 3530/4789/2980
f 3531/4790/2981 3512/4771/2977 3511/4770/2977 3532/4791/2981
f 3520/4779/2979 3512/4771/2979 3531/4790/2979
f 3520/4779/2979 3531/4790/2979 3529/4788/2979
f 3520/4779/2979 3529/4788/2979 3505/4764/2979
f 3513/4772/2978 3506/4765/2978 3530/4789/2978
f 3513/4772/2978 3530/4789/2978 3532/4791/2982
f 3513/4772/2978 3532/4791/2982 3511/4770/2978
f 3533/4792/2983 3534/4793/2984 3535/4794/2985 3536/4795/2985
f 3537/4796/2986 3538/4797/2986 3539/4798/2987 3540/4799/2987
f 3535/4794/2988 3534/4793/2988 3541/4800/2988 3542/4801/2988 3543/4802/2988 3544/4803/2988 3545/4804/2988
f 3546/4805/2989 3547/4806/2989 3548/4807/2989 3533/4792/2989 3536/4795/2989 3549/4808/2989 3550/4809/2989
f 3551/4810/2988 3552/4811/2988 3542/4801/2988 3541/4800/2988 3539/4798/2988 3538/4797/2988 3553/4812/2988
f 3537/4796/2989 3540/4799/2989 3548/4807/2989 3547/4806/2989 3554/4813/2989 3555/4814/2989 3556/4815/2989
f 3533/4792/2983 3557/4816/2990 3558/4817/2990 3534/4793/2984
f 3557/4816/2990 3559/4818/2991 3560/4819/2991 3558/4817/2990
f 3559/4818/2991 3540/4799/2987 3539/4798/2987 3560/4819/2991
f 3548/4807/2989 3540/4799/2989 3559/4818/2992
f 3548/4807/2989 3559/4818/2992 3557/4816/2992
f 3548/4807/2989 3557/4816/2992 3533/4792/2989
f 3541/4800/2988 3534/4793/2988 3558/4817/2988
f 3541/4800/2988 3558/4817/2988 3560/4819/2988
f 3541/4800/2988 3560/4819/2988 3539/4798/2988
f 3561/4820/2993 3562/4821/2993 3563/4822/2994 3564/4823/2994
f 3565/4824/2995 3566/4825/2995 3567/4826/2996 3568/4827/2996
f 3563/4822/2997 3562/4821/2997 3569/4828/2997 3570/4829/2997 3571/4830/2997 3572/4831/2997 3573/4832/2997
f 3574/4833/2998 3575/4834/2998 3576/4835/2998 3561/4820/2998 3564/4823/2998 3577/4836/2998 3578/4837/2998
f 3579/4838/2997 3580/4839/2997 3570/4829/2997 3569/4828/2997 3567/4826/2997 3566/4825/2997 3581/4840/2997
f 3565/4824/2998 3568/4827/2998 3576/4835/2998 3575/4834/2998 3582/4841/2998 3583/4842/2998 3584/4843/2998
f 3561/4820/2993 3585/4844/2999 3586/4845/2999 3562/4821/2993
f 3585/4844/2999 3587/4846/3000 3588/4847/3000 3586/4845/2999
f 3587/4846/3000 3568/4827/2996 3567/4826/2996 3588/4847/3000
f 3576/4835/2998 3568/4827/2998 3587/4846/2998
f 3576/4835/2998 3587/4846/2998 3585/4844/3001
f 3576/4835/2998 3585/4844/3001 3561/4820/2998
f 3569/4828/2997 3562/4821/2997 3586/4845/2997
f 3569/4828/2997 3586/4845/2997 3588/4847/2997
f 3569/4828/2997 3588/4847/2997 3567/4826/2997
o sorcerer_desk.019
v -3.771099 3.938509 -4.676868
v -4.683656 5.009755 -6.195924
v -7.096622 5.039995 -4.746364
v -6.184066 3.921077 -3.227306
v -5.155601 3.966753 -3.845145
v -5.157051 3.943359 -3.860772
v -4.984867 3.943358 -3.964211
v -5.161431 3.966754 -3.841642
v -4.798389 3.966754 -4.059739
v -4.792555 3.966753 -4.063241
v -4.811503 3.943358 -4.068357
v -6.068155 5.037999 -5.364202
v -6.079820 5.038000 -5.357195
v -5.896234 5.018417 -5.481292
v -6.062588 5.018417 -5.381356
v -5.710945 5.038000 -5.578792
v -5.728704 5.018417 -5.581931
v -5.699278 5.037999 -5.585799
v -3.670573 3.833164 -4.687060
v -3.657087 3.836092 -4.681273
v -4.765150 3.861044 -4.015056
v -4.764737 3.861530 -4.029994
v -4.663707 4.999002 -6.340242
v -4.657781 5.010806 -6.347043
v -5.757552 5.026980 -5.682627
v -5.758051 5.039074 -5.686051
v -3.643769 3.878872 -4.659102
v -3.652832 3.890935 -4.657207
v -4.739669 3.919065 -4.004145
v -4.738244 3.907128 -4.001595
v -4.644464 5.053586 -6.324874
v -4.645819 5.056603 -6.310152
v -7.233489 5.029299 -4.796580
v -7.234895 5.041280 -4.798919
v -6.140634 5.039100 -5.456198
v -6.137889 5.027005 -5.454190
v -7.238361 5.036599 -4.788114
v -6.240319 3.815734 -3.143320
v -6.245320 3.823318 -3.135081
v -7.225056 5.079458 -4.765965
v -7.221364 5.084061 -4.776887
v -6.234209 3.818888 -3.133145
v -5.145061 3.861521 -3.801500
v -5.132499 3.861045 -3.794774
v -6.220665 3.861670 -3.111120
v -6.231984 3.865957 -3.112881
v -6.222256 3.873561 -3.113769
v -5.132343 3.907133 -3.764829
v -5.134044 3.919053 -3.767244
v -7.215204 5.086853 -4.766636
v -6.114691 5.065405 -5.441832
v -6.125610 5.062698 -5.448583
v -6.131572 5.081834 -5.431509
v -6.120259 5.084987 -5.424679
v -6.134893 5.031672 -5.464887
v -6.140047 5.015317 -5.473464
v -6.143953 5.007174 -5.464354
v -5.151255 3.841847 -3.811891
v -5.139457 3.840426 -3.807475
v -5.768378 5.031672 -5.685070
v -5.763693 5.007171 -5.692791
v -5.773414 5.015246 -5.693766
v -4.772781 3.840501 -4.027699
v -4.770996 3.841849 -4.040335
v -4.792664 3.825192 -4.026423
v -4.796915 3.821877 -4.038260
v -5.789991 4.987645 -5.691349
v -5.793494 4.999712 -5.692790
v -6.129664 5.000107 -5.490559
v -6.130332 4.987646 -5.486894
v -5.137255 3.821876 -3.833802
v -5.129081 3.824792 -3.824601
v -5.758378 5.062701 -5.669192
v -5.757552 5.065406 -5.656384
v -5.739790 5.084988 -5.653244
v -5.740619 5.082284 -5.666054
v -5.126926 3.918909 -3.771147
v -5.128377 3.895515 -3.786774
v -4.759561 3.895513 -4.008335
v -4.746445 3.918908 -3.999713
v -4.944744 3.895688 -3.897420
v -4.951589 3.861044 -3.908815
v -3.789318 3.879991 -4.707192
v -4.816604 3.908236 -4.090064
v -5.729161 4.979482 -5.609118
v -4.701872 4.951237 -6.226248
v -5.733133 5.081837 -5.670838
v -6.138867 5.081821 -5.427095
v -5.952283 5.031672 -5.574590
v -5.942754 5.062284 -5.558726
v -7.114839 4.981478 -4.776685
v -6.086372 4.979482 -5.394524
v -5.173816 3.908235 -3.875472
v -6.202284 3.862561 -3.257632
v -5.762051 4.940920 -5.619040
v -5.735339 4.959755 -5.619402
v -4.822728 3.888444 -4.100255
v -4.847886 3.867784 -4.097308
v -5.165528 3.867790 -3.906498
v -5.179940 3.888444 -3.885664
v -6.092551 4.959755 -5.404810
v -6.079683 4.940915 -5.428217
v -5.008046 3.868657 -4.002798
v -5.920710 4.940031 -5.522034
v -5.726969 5.084803 -5.660640
v -6.132777 5.084784 -5.416852
v -5.936619 5.065254 -5.548512
v -4.967619 3.821769 -3.935500
v -4.961487 3.824772 -3.925294
v -5.962358 4.999693 -5.591360
v -5.960877 4.987754 -5.588897
vt 0.997487 0.957500
vt 1.001139 0.961522
vt 0.590767 0.976836
vt 0.593330 0.971352
vt 0.988045 0.073943
vt 0.991617 0.069877
vt 0.588132 0.061791
vt 0.588503 0.056539
vt 1.013752 0.970562
vt 1.016074 0.970695
vt 0.597068 1.003023
vt 0.596875 0.998126
vt 1.003993 0.060483
vt 1.006373 0.060213
vt 0.028340 0.074757
vt 0.025545 0.072151
vt 0.429373 0.057409
vt 0.429794 0.062661
vt 0.025201 0.072777
vt 0.027687 0.969143
vt 0.024569 0.971152
vt 0.012651 0.063228
vt 0.012980 0.062801
vt 0.024843 0.971683
vt 0.433441 0.972908
vt 0.435887 0.978189
vt 0.012409 0.980676
vt 0.012086 0.980308
vt 0.009078 0.982692
vt 0.430660 0.999790
vt 0.430561 1.004688
vt 0.009615 0.060694
vt 0.433763 0.038506
vt 0.432051 0.043525
vt 0.426924 0.036424
vt 0.428627 0.031494
vt 0.434353 0.056525
vt 0.436912 0.062259
vt 0.436048 0.066230
vt 0.439584 0.968352
vt 0.440103 0.971650
vt 0.583579 0.055813
vt 0.581802 0.065255
vt 0.581040 0.061339
vt 0.586631 0.970296
vt 0.587126 0.966960
vt 0.578336 0.966855
vt 0.578015 0.962931
vt 0.572867 0.069444
vt 0.573087 0.065501
vt 0.444567 0.066674
vt 0.444858 0.070649
vt 0.448661 0.964133
vt 0.448380 0.967958
vt 0.585704 0.042727
vt 0.583934 0.037729
vt 0.588973 0.030552
vt 0.590676 0.035264
vt 0.446555 0.091516
vt 0.440883 0.084687
vt 0.436868 0.050083
vt 0.445486 0.050480
vt 0.573560 0.051659
vt 0.578887 0.058073
vt 0.574024 0.095274
vt 0.567969 0.087984
vt 0.455962 0.974753
vt 0.448287 0.973204
vt 0.454152 0.933686
vt 0.459593 0.940237
vt 0.576459 0.937967
vt 0.584403 0.939900
vt 0.587604 0.976575
vt 0.579500 0.976404
vt 0.591442 0.991297
vt 0.513360 1.007115
vt 0.513276 0.992590
vt 0.435743 0.992723
vt 0.594105 1.002567
vt 0.433541 1.004075
vt 0.968147 0.922965
vt 0.588901 0.933145
vt 0.584549 0.099903
vt 0.959500 0.109624
vt 0.593358 0.036134
vt 0.424342 0.037119
vt 0.508397 0.043501
vt 0.508369 0.029348
vt 0.057308 0.110054
vt 0.433486 0.100872
vt 0.437292 0.934518
vt 0.056770 0.934114
vt 0.567100 0.099830
vt 0.577341 0.100165
vt 0.581664 0.932977
vt 0.571395 0.933457
vt 0.454806 0.934501
vt 0.444527 0.934217
vt 0.440700 0.101057
vt 0.450937 0.100615
vt 0.512893 0.933537
vt 0.508805 0.100719
vt 0.593571 0.031234
vt 0.424106 0.032222
vt 0.508353 0.024483
vt 0.513134 0.970895
vt 0.513167 0.975833
vt 0.508724 0.058382
vt 0.508734 0.063342
vt 0.507587 0.088917
vt 0.508308 0.051899
vt 0.940267 0.929833
vt 0.933164 0.087121
vt 0.958478 0.047960
vt 0.969086 0.964529
vt 0.518213 0.938525
vt 0.517826 0.975584
vt 0.083579 0.082259
vt 0.093470 0.937521
vt 0.068100 0.976768
vt 0.054768 0.047573
vt 0.434349 0.049785
vt 0.437614 0.086662
vt 0.448917 0.935525
vt 0.444027 0.972734
vt 0.592146 0.976914
vt 0.588426 0.939880
vt 0.576921 0.093920
vt 0.582357 0.056642
vn 0.0336 -0.9948 0.0960
vn 0.4216 -0.6022 -0.6779
vn -0.5045 -0.2402 -0.8293
vn 0.5042 0.2429 0.8287
vn 0.7947 0.6049 -0.0507
vn -0.5005 -0.2366 -0.8328
vn -0.8054 -0.5906 0.0503
vn -0.9196 0.3642 -0.1473
vn 0.0808 -0.9944 0.0683
vn -0.2884 -0.3671 0.8843
vn 0.4915 0.2457 0.8355
vn -0.4068 0.6025 0.6867
vn 0.2418 0.6821 -0.6901
vn -0.9336 0.3430 -0.1035
vn -0.4122 -0.3480 0.8420
vn 0.3572 0.3422 -0.8691
vn 0.9346 -0.3519 0.0511
vn 0.6103 -0.7921 0.0021
vn 0.0256 -0.1025 -0.9944
vn -0.8843 -0.0880 -0.4585
vn -0.3034 -0.7907 0.5317
vn -0.7296 0.6771 -0.0958
vn 0.8572 0.0000 -0.5150
vn -0.8572 -0.0000 0.5150
vn 0.9500 0.1306 -0.2837
vn -0.6961 0.1301 0.7061
vn 0.8091 0.5002 -0.3084
vn -0.6526 0.5006 0.5688
vn -0.9116 -0.1791 -0.3700
vn -0.3957 -0.7828 0.4802
vn -0.0731 0.2075 0.9755
vn -0.5887 0.7967 0.1367
vn -0.8930 -0.2633 -0.3650
vn 0.1004 -0.2672 -0.9584
vn 0.4808 -0.3023 0.8231
vn 0.4995 -0.3066 0.8102
vn 0.4378 -0.4982 0.7484
vn -0.1418 -0.1580 0.9772
vn 0.4605 -0.4999 0.7335
vn 0.9260 -0.1708 0.3366
vn -0.2836 -0.8556 -0.4330
vn -0.4312 0.5161 -0.7400
vn -0.4398 0.5176 -0.7339
vn -0.4417 0.5172 -0.7331
vn -0.4401 0.5173 -0.7340
vn -0.4407 0.5174 -0.7336
vn -0.4407 0.5173 -0.7336
vn -0.2603 -0.8503 -0.4574
vn -0.2579 -0.8507 -0.4581
vn -0.2563 -0.8512 -0.4579
vn -0.2580 -0.8511 -0.4572
vn 0.4193 -0.6076 -0.6746
vn 0.4156 -0.6032 -0.6808
vn -0.7962 -0.6032 0.0472
vn -0.7925 -0.6075 0.0533
vn -0.2663 -0.8559 -0.4433
vn -0.2665 -0.8557 -0.4436
vn -0.2665 -0.8557 -0.4437
vn -0.2666 -0.8556 -0.4437
vn 0.8599 -0.0033 -0.5104
vn 0.8545 0.0033 -0.5194
vn 0.8545 0.0032 -0.5195
vn 0.8600 -0.0032 -0.5103
vn -0.8599 0.0032 0.5104
vn -0.8545 -0.0031 0.5195
vn -0.8545 -0.0032 0.5195
vn -0.8599 0.0033 0.5104
vn -0.1029 0.9715 -0.2134
vn -0.1028 0.9716 -0.2133
vn -0.0960 0.9729 -0.2106
vn -0.1192 0.9722 -0.2017
vn -0.1194 0.9721 -0.2018
vn -0.1219 0.9716 -0.2030
vn -0.1230 0.9716 -0.2023
vn -0.1208 0.9716 -0.2036
vn 0.1270 -0.9693 0.2106
vn 0.1230 -0.9709 0.2055
vn 0.1310 -0.9676 0.2156
vn -0.5012 -0.2327 -0.8335
vn -0.5027 -0.2263 -0.8343
vn -0.4997 -0.2391 -0.8326
vn -0.1380 0.9687 -0.2064
vn 0.2688 0.8530 0.4474
vn -0.2670 -0.8589 -0.4371
vn -0.2721 -0.8527 -0.4460
vn -0.2723 -0.8526 -0.4460
vn -0.2669 -0.8589 -0.4372
vn 0.2763 0.8546 0.4396
vn 0.2745 0.8569 0.4364
vn 0.2765 0.8546 0.4396
vn 0.2641 0.8585 0.4395
vn -0.2613 -0.8538 -0.4502
vn -0.2757 -0.8487 -0.4513
vn 0.2568 0.8519 0.4564
vn 0.2682 0.8507 0.4521
vn 0.2682 0.8508 0.4520
vn 0.2571 0.8518 0.4565
vn 0.2641 0.8585 0.4396
vn 0.2333 0.8620 0.4501
vn 0.2334 0.8619 0.4501
vn -0.2283 -0.8674 -0.4422
vn -0.2696 -0.8534 -0.4461
vn 0.2647 0.8590 0.4382
vn 0.2648 0.8590 0.4382
vn 0.2856 0.8526 0.4376
vn -0.2902 -0.8470 -0.4454
vn -0.2759 -0.8641 -0.4209
vn 0.2805 0.8586 0.4290
vn 0.2806 0.8587 0.4290
vn 0.4352 -0.5133 0.7397
vn 0.4423 -0.5117 0.7366
vn -0.4393 0.5219 -0.7312
vn -0.4393 0.5218 -0.7312
vn 0.4493 -0.5101 0.7334
vn 0.4552 -0.6573 -0.6006
vn 0.3670 -0.5538 -0.7474
vn -0.8320 -0.5541 -0.0264
vn -0.7444 -0.6569 0.1194
vn -0.2640 -0.8585 -0.4395
vn -0.2641 -0.8585 -0.4395
vn -0.2688 -0.8530 -0.4474
vn 0.8545 0.0034 -0.5194
vn 0.7830 0.0755 -0.6174
vn 0.9125 -0.0765 -0.4019
vn -0.7839 -0.0760 0.6163
vn -0.9125 0.0750 0.4022
vn 0.2662 0.8531 0.4487
vn 0.2702 0.8531 0.4464
vn 0.2629 0.8585 0.4402
vn 0.2648 0.8585 0.4391
usemtl M_bookredopenSG.002
s off
f 3607/4848/3002 3608/4849/3002 3609/4850/3002 3610/4851/3002
f 3608/4849/3003 3607/4848/3003 3611/4852/3003 3612/4853/3003
f 3612/4853/3004 3611/4852/3004 3613/4854/3004 3614/4855/3004
f 3615/4856/3005 3616/4857/3005 3617/4858/3005 3618/4859/3005
f 3616/4857/3006 3615/4856/3006 3619/4860/3006 3620/4861/3006
f 3621/4862/3007 3622/4863/3007 3623/4864/3007 3624/4865/3007
f 3625/4866/3008 3621/4862/3008 3626/4867/3008 3627/4868/3008
f 3622/4863/3009 3625/4866/3009 3628/4869/3009 3629/4870/3009
f 3630/4871/3010 3626/4867/3010 3631/4872/3010 3632/4873/3010
f 3627/4868/3011 3630/4871/3011 3633/4874/3011 3634/4875/3011
f 3635/4876/3012 3633/4874/3012 3636/4877/3012 3637/4878/3012
f 3634/4875/3013 3635/4876/3013 3638/4879/3013 3628/4869/3013
f 3639/4880/3014 3640/4881/3014 3641/4882/3014 3642/4883/3014
f 3624/4865/3015 3643/4884/3015 3644/4885/3015 3645/4886/3015
f 3632/4873/3016 3631/4872/3016 3646/4887/3016 3647/4888/3016
f 3648/4889/3017 3613/4854/3017 3649/4890/3017 3650/4891/3017
f 3610/4851/3018 3609/4850/3018 3651/4892/3018 3652/4893/3018
f 3652/4893/3019 3651/4892/3019 3653/4894/3019 3654/4895/3019
f 3650/4891/3020 3649/4890/3020 3655/4896/3020 3656/4897/3020
f 3645/4886/3021 3644/4885/3021 3657/4898/3021 3658/4899/3021
f 3647/4888/3022 3646/4887/3022 3659/4900/3022 3660/4901/3022
f 3661/4902/3023 3662/4903/3023 3663/4904/3023 3664/4905/3023
f 3608/4849/3024 3612/4853/3024 3619/4860/3024 3615/4856/3024
f 3625/4866/3025 3627/4868/3025 3634/4875/3025 3628/4869/3025
f 3594/4906/3026 3593/4907/3026 3665/4908/3026 3666/4909/3026
f 3667/4910/3027 3668/4911/3027 3597/4912/3027 3599/4913/3027
f 3639/4914/3028 3642/4915/3028 3600/4916/3028 3603/4917/3028
f 3605/4918/3029 3604/4919/3029 3663/4920/3029 3662/4921/3029
f 3621/4862/3030 3625/4866/3030 3622/4863/3030
f 3630/4871/3031 3627/4868/3031 3626/4867/3031
f 3635/4876/3032 3634/4875/3032 3633/4874/3032
f 3629/4870/3033 3628/4869/3033 3638/4879/3033
f 3624/4865/3034 3623/4864/3034 3643/4884/3034
f 3614/4855/3035 3613/4854/3035 3648/4889/3035
f 3667/4922/3036 3669/4923/3036 3670/4924/3036 3609/4850/3036
f 3669/4923/3037 3666/4925/3037 3632/4873/3037 3670/4924/3037
f 3609/4850/3038 3608/4849/3038 3615/4856/3038 3618/4859/3038
f 3667/4922/3039 3609/4850/3039 3618/4859/3039 3617/4858/3039 3668/4926/3039
f 3630/4871/3040 3632/4873/3040 3636/4877/3040 3633/4874/3040
f 3637/4878/3041 3636/4877/3041 3632/4873/3041 3666/4925/3041 3665/4927/3041
f 3671/4928/3042 3672/4929/3042 3673/4930/3042 3674/4931/3042
f 3612/4853/3043 3614/4855/3043 3675/4932/3043 3619/4860/3043
f 3623/4864/3044 3622/4863/3044 3629/4870/3044 3676/4933/3044
f 3640/4881/3045 3643/4884/3045 3623/4864/3045 3676/4933/3045 3641/4882/3045
f 3648/4889/3046 3661/4902/3046 3664/4905/3046 3675/4932/3046 3614/4855/3046
f 3648/4889/3047 3677/4934/3047 3678/4935/3047 3661/4902/3047
f 3677/4934/3048 3643/4884/3048 3640/4881/3048 3678/4935/3048
s 1
f 3679/4936/3049 3680/4937/3050 3681/4938/3051 3682/4939/3052
f 3683/4940/3053 3684/4941/3053 3685/4942/3054 3686/4943/3054
f 3687/4944/3055 3688/4945/3055 3689/4946/3056 3690/4947/3056
f 3691/4948/3057 3692/4949/3058 3683/4940/3059 3686/4943/3057
f 3687/4944/3057 3690/4947/3060 3692/4949/3058 3691/4948/3057
f 3673/4930/3061 3672/4929/3062 3685/4942/3063 3684/4941/3064
f 3681/4938/3065 3680/4937/3066 3689/4946/3067 3688/4945/3068
f 3620/4861/3069 3619/4860/3069 3675/4932/3070 3693/4950/3070
f 3693/4950/3070 3675/4932/3070 3664/4905/3071 3663/4904/3071
f 3629/4870/3072 3638/4879/3072 3694/4951/3073 3676/4933/3073
f 3678/4935/3074 3695/4952/3074 3662/4903/3075 3661/4902/3075
f 3695/4952/3074 3678/4935/3074 3640/4881/3076 3639/4880/3076
f 3696/4953/3077 3697/4954/3077 3660/4901/3078 3659/4900/3078
f 3697/4954/3077 3696/4953/3077 3654/4895/3079 3653/4894/3079
f 3698/4955/3080 3699/4956/3080 3658/4899/3081 3657/4898/3081
f 3699/4956/3080 3698/4955/3080 3656/4897/3082 3655/4896/3082
f 3676/4933/3073 3694/4951/3073 3642/4883/3083 3641/4882/3083
f 3667/4910/3084 3599/4913/3084 3595/4957/3084 3669/4958/3084
f 3671/4928/3085 3674/4931/3086 3611/4852/3087 3607/4848/3088
f 3590/4959/3089 3589/4960/3090 3616/4961/3090 3620/4962/3091
f 3602/4963/3092 3605/4918/3092 3662/4921/3092 3695/4964/3092
f 3679/4936/3049 3682/4939/3052 3626/4867/3093 3621/4862/3094
f 3592/4965/3095 3591/4966/3096 3638/4967/3097 3635/4968/3098
f 3639/4914/3099 3603/4917/3099 3602/4963/3092 3695/4964/3092
f 3595/4957/3084 3594/4906/3084 3666/4909/3084 3669/4958/3084
f 3637/4969/3100 3596/4970/3101 3592/4965/3095 3635/4968/3098
f 3682/4939/3052 3681/4938/3051 3631/4872/3102 3626/4867/3093
f 3621/4862/3094 3624/4865/3103 3680/4937/3050 3679/4936/3049
f 3591/4966/3096 3601/4971/3104 3694/4972/3105 3638/4967/3097
f 3693/4973/3106 3606/4974/3106 3590/4959/3089 3620/4962/3091
f 3674/4931/3086 3673/4930/3107 3613/4854/3107 3611/4852/3087
f 3610/4851/3108 3672/4929/3108 3671/4928/3085 3607/4848/3088
f 3589/4960/3090 3598/4975/3109 3617/4976/3110 3616/4961/3090
f 3609/4850/3111 3670/4924/3112 3697/4954/3112 3653/4894/3111 3651/4892/3111
f 3677/4934/3113 3648/4889/3114 3650/4891/3114 3656/4897/3114 3698/4955/3113
f 3644/4885/3113 3643/4884/3113 3677/4934/3113 3698/4955/3113 3657/4898/3113
f 3670/4924/3112 3632/4873/3115 3647/4888/3115 3660/4901/3115 3697/4954/3112
f 3684/4941/3053 3683/4940/3053 3655/4896/3116 3649/4890/3116
f 3686/4943/3054 3685/4942/3054 3652/4893/3117 3654/4895/3117
f 3688/4945/3055 3687/4944/3055 3659/4900/3118 3646/4887/3118
f 3690/4947/3056 3689/4946/3056 3645/4886/3119 3658/4899/3119
f 3691/4948/3057 3686/4943/3057 3654/4895/3120 3696/4953/3121
f 3655/4896/3122 3683/4940/3059 3692/4949/3058 3699/4956/3122
f 3692/4949/3058 3690/4947/3060 3658/4899/3122 3699/4956/3122
f 3659/4900/3121 3687/4944/3057 3691/4948/3057 3696/4953/3121
f 3672/4929/3123 3610/4851/3124 3652/4893/3124 3685/4942/3063
f 3649/4890/3125 3613/4854/3125 3673/4930/3061 3684/4941/3064
f 3680/4937/3066 3624/4865/3126 3645/4886/3126 3689/4946/3067
f 3631/4872/3127 3681/4938/3065 3688/4945/3068 3646/4887/3127
f 3593/4907/3128 3596/4970/3101 3637/4969/3100 3665/4908/3128
f 3668/4911/3129 3617/4976/3110 3598/4975/3109 3597/4912/3129
f 3642/4915/3130 3694/4972/3105 3601/4971/3104 3600/4916/3130
f 3604/4919/3131 3606/4974/3106 3693/4973/3106 3663/4920/3131
o sorcerer_desk.020
v -5.435255 4.889207 -5.861661
v -7.182557 4.889207 -4.734312
v -7.182557 4.663461 -4.734312
v -5.435255 4.663461 -5.861661
v -6.201417 4.776334 -7.049153
v -6.201417 4.848229 -7.049153
v -6.192226 4.877205 -7.034907
v -6.170035 4.889207 -7.000513
v -7.948720 4.848229 -5.921804
v -7.948720 4.776334 -5.921804
v -7.917337 4.889207 -5.873164
v -7.939528 4.877205 -5.907558
v -6.192226 4.675463 -7.034907
v -6.201417 4.704439 -7.049153
v -6.170035 4.663461 -7.000513
v -7.948720 4.704439 -5.921804
v -7.939528 4.675463 -5.907558
v -7.917337 4.663461 -5.873164
v -5.350274 4.624974 -5.830227
v -5.342385 4.624974 -5.841633
v -5.342385 4.650634 -5.841633
v -5.350274 4.650634 -5.830227
v -5.344872 4.624974 -5.855276
v -5.344872 4.650634 -5.855276
v -5.360098 4.612147 -5.845453
v -5.353152 4.615904 -5.834687
v -7.191819 4.615904 -4.648389
v -7.198765 4.612147 -4.659155
v -7.188942 4.624974 -4.643930
v -5.344872 4.927694 -5.855276
v -5.342385 4.927694 -5.841633
v -5.342385 4.902034 -5.841633
v -5.344872 4.902034 -5.855276
v -5.350274 4.927694 -5.830227
v -5.350274 4.902034 -5.830227
v -5.360098 4.940521 -5.845453
v -5.349332 4.936764 -5.852399
v -6.120831 4.936764 -7.048162
v -6.132169 4.940521 -7.042103
v -6.114990 4.927694 -7.048898
v -5.353152 4.936764 -5.834687
v -7.191819 4.936764 -4.648389
v -7.188942 4.927694 -4.643930
v -7.198765 4.940521 -4.659155
v -7.202585 4.927694 -4.641443
v -7.202585 4.902034 -4.641443
v -7.188942 4.902034 -4.643930
v -7.213991 4.927694 -4.649332
v -7.213991 4.902034 -4.649332
v -7.213991 4.624974 -4.649332
v -7.202585 4.624974 -4.641443
v -7.202585 4.650634 -4.641443
v -7.213991 4.650634 -4.649332
v -7.188942 4.650634 -4.643930
v -7.209531 4.615904 -4.652209
v -7.981031 4.615904 -5.847972
v -7.970837 4.612147 -5.855805
v -7.984109 4.624974 -5.842954
v -5.349332 4.892964 -5.852399
v -6.114159 4.892964 -7.037820
v -6.111081 4.902034 -7.042839
v -5.360098 4.889207 -5.845453
v -6.124352 4.889207 -7.029987
v -5.353152 4.892964 -5.834687
v -7.191819 4.892964 -4.648389
v -7.198765 4.889207 -4.659155
v -7.209531 4.659704 -4.652209
v -7.974359 4.659704 -5.837631
v -7.980200 4.650634 -5.836895
v -7.198765 4.663461 -4.659155
v -7.963020 4.663461 -5.843690
v -7.191819 4.659704 -4.648389
v -5.353152 4.659704 -5.834687
v -5.360098 4.663461 -5.845453
v -7.970837 4.940521 -5.855805
v -6.132169 4.612147 -7.042103
v -6.195032 4.776334 -7.139535
v -8.033700 4.776334 -5.953238
v -8.033700 4.858436 -5.953238
v -6.195032 4.858436 -7.139535
v -6.195032 4.694233 -7.139535
v -8.033700 4.694233 -5.953238
v -6.176620 4.916479 -7.110998
v -8.015288 4.916479 -5.924701
v -6.176620 4.636190 -7.110998
v -8.015288 4.636190 -5.924701
v -6.169984 4.776334 -7.134133
v -6.169984 4.855885 -7.134133
v -6.150333 4.850781 -7.103676
v -6.150333 4.776334 -7.103676
v -6.153876 4.906662 -7.109168
v -6.138837 4.887022 -7.085858
v -8.039102 4.855885 -5.928189
v -8.039102 4.776334 -5.928189
v -8.019451 4.776334 -5.897732
v -8.019451 4.850781 -5.897732
v -7.984109 4.927694 -5.842954
v -7.980200 4.902034 -5.836895
v -8.022995 4.906662 -5.903224
v -8.007955 4.887022 -5.879914
v -6.153876 4.646007 -7.109168
v -6.169984 4.696784 -7.134133
v -6.150333 4.701888 -7.103676
v -6.138837 4.665646 -7.085858
v -6.114990 4.624974 -7.048898
v -6.111081 4.650634 -7.042839
v -8.039102 4.696784 -5.928189
v -8.019451 4.701888 -5.897732
v -8.022995 4.646007 -5.903224
v -8.007955 4.665646 -5.879914
v -6.155735 4.776334 -7.078628
v -6.155735 4.848229 -7.078628
v -6.146544 4.877205 -7.064381
v -7.994402 4.848229 -5.892330
v -7.994402 4.776334 -5.892330
v -7.963020 4.889207 -5.843690
v -7.985211 4.877205 -5.878084
v -6.146544 4.675463 -7.064381
v -6.155735 4.704439 -7.078628
v -6.124352 4.663461 -7.029987
v -7.994402 4.704439 -5.892330
v -7.985211 4.675463 -5.878084
v -5.349332 4.615904 -5.852399
v -6.120831 4.615904 -7.048162
v -6.163652 4.913603 -7.114532
v -7.209531 4.936764 -4.652209
v -7.981031 4.936764 -5.847972
v -8.023852 4.639065 -5.914341
v -6.181389 4.776334 -7.142023
v -6.181389 4.694980 -7.142023
v -6.181389 4.857689 -7.142023
v -8.041589 4.776334 -5.941832
v -8.041589 4.857689 -5.941832
v -8.041589 4.694980 -5.941832
v -8.023852 4.913603 -5.914341
v -6.163652 4.639065 -7.114532
v -6.147846 4.776334 -7.090033
v -6.147846 4.703692 -7.090033
v -6.147846 4.848976 -7.090033
v -6.137979 4.880081 -7.074741
v -8.008046 4.848976 -5.889843
v -7.998179 4.880081 -5.874551
v -8.008046 4.776334 -5.889843
v -7.209531 4.892964 -4.652209
v -7.974359 4.892964 -5.837631
v -6.137979 4.672587 -7.074741
v -6.114159 4.659704 -7.037820
v -5.349332 4.659704 -5.852399
v -8.008046 4.703692 -5.889843
v -7.998179 4.672587 -5.874551
v -5.345640 4.617571 -5.842335
v -5.345640 4.935097 -5.842335
v -7.201883 4.935097 -4.644698
v -7.201883 4.617571 -4.644698
v -5.345640 4.894631 -5.842335
v -7.201883 4.894631 -4.644698
v -7.201883 4.658037 -4.644698
v -5.345640 4.658037 -5.842335
vt 0.127759 0.923499
vt 0.127759 0.928270
vt 0.120910 0.928269
vt 0.120910 0.923499
vt 0.131408 0.931430
vt 0.134585 0.931430
vt 0.134585 0.942006
vt 0.131408 0.942006
vt 0.134585 0.923499
vt 0.131408 0.923499
vt 0.131407 0.098871
vt 0.134584 0.098871
vt 0.127759 0.098871
vt 0.972602 0.931430
vt 0.975779 0.931430
vt 0.975779 0.942005
vt 0.972602 0.942005
vt 0.979427 0.928269
vt 0.979427 0.923498
vt 0.986276 0.923498
vt 0.986276 0.928269
vt 0.972602 0.923498
vt 0.972602 0.928269
vt 0.612183 0.928269
vt 0.612183 0.923498
vt 0.612183 0.931430
vt 0.975779 0.923498
vt 0.975779 0.098871
vt 0.979427 0.098871
vt 0.972602 0.098871
vt 0.979427 0.094100
vt 0.986276 0.094100
vt 0.986276 0.098871
vt 0.975779 0.090939
vt 0.972602 0.090939
vt 0.972602 0.080364
vt 0.975779 0.080364
vt 0.134584 0.090940
vt 0.131407 0.090940
vt 0.131407 0.080364
vt 0.134584 0.080364
vt 0.127759 0.094100
vt 0.120910 0.098871
vt 0.120910 0.094100
vt 0.134584 0.094100
vt 0.495003 0.094100
vt 0.495003 0.098871
vt 0.495003 0.090940
vt 0.972602 0.945704
vt 0.612183 0.945704
vt 0.612183 0.942006
vt 0.962870 0.026494
vt 0.962870 0.032289
vt 0.533327 0.027465
vt 0.534679 0.022174
vt 0.966912 0.032257
vt 0.967571 0.987107
vt 0.963489 0.987141
vt 0.988723 0.923498
vt 0.988723 0.098871
vt 0.134584 0.076666
vt 0.495003 0.076666
vt 0.495003 0.080364
vt 0.010887 0.989306
vt 0.010886 0.983510
vt 0.440424 0.988311
vt 0.439077 0.993610
vt 0.006843 0.983540
vt 0.006186 0.028667
vt 0.010268 0.028633
vt 0.118463 0.098871
vt 0.118463 0.923499
vt 0.612183 0.098871
vt 0.495003 0.923498
vt 0.553593 0.923498
vt 0.553593 0.098871
vt 0.576669 0.098871
vt 0.576669 0.923498
vt 0.530517 0.923498
vt 0.530517 0.098871
vt 0.592571 0.923498
vt 0.592571 0.098871
vt 0.514615 0.923498
vt 0.514615 0.098871
vt 0.553593 0.931430
vt 0.576669 0.931430
vt 0.576669 0.942006
vt 0.553593 0.942006
vt 0.592571 0.931430
vt 0.592571 0.942006
vt 0.576669 0.090940
vt 0.553593 0.090940
vt 0.553593 0.080364
vt 0.576669 0.080364
vt 0.612183 0.090940
vt 0.612183 0.080364
vt 0.592571 0.090940
vt 0.592571 0.080364
vt 0.514615 0.931430
vt 0.530517 0.931430
vt 0.530517 0.942006
vt 0.514615 0.942006
vt 0.495003 0.931430
vt 0.495003 0.942006
vt 0.530517 0.090940
vt 0.530517 0.080364
vt 0.514615 0.090940
vt 0.514615 0.080364
vt 0.946858 0.963524
vt 0.946247 0.056013
vt 0.026900 0.052250
vt 0.027509 0.959784
vt 0.488129 0.026712
vt 0.510219 0.026429
vt 0.510175 0.050904
vt 0.488193 0.050652
vt 0.520713 0.025933
vt 0.520433 0.051036
vt 0.533454 0.051255
vt 0.507631 0.989297
vt 0.485639 0.989035
vt 0.485568 0.965104
vt 0.507559 0.965354
vt 0.530995 0.989426
vt 0.530885 0.965627
vt 0.517931 0.989353
vt 0.517831 0.965479
vt 0.455829 0.026407
vt 0.466130 0.026459
vt 0.466201 0.050402
vt 0.455928 0.050283
vt 0.442764 0.026337
vt 0.442873 0.050136
vt 0.463572 0.989290
vt 0.463586 0.964851
vt 0.453113 0.989744
vt 0.453327 0.964718
vt 0.440304 0.964512
vt 0.134585 0.928269
vt 0.495003 0.928269
vt 0.592571 0.928269
vt 0.972602 0.094100
vt 0.612183 0.094100
vt 0.514615 0.094100
vt 0.553593 0.928269
vt 0.530517 0.928269
vt 0.576669 0.928269
vt 0.553593 0.094100
vt 0.576669 0.094100
vt 0.530517 0.094100
vt 0.592571 0.094100
vt 0.514615 0.928269
vt 0.553593 0.945704
vt 0.530517 0.945704
vt 0.488105 0.020654
vt 0.466143 0.020343
vt 0.510159 0.020300
vt 0.576669 0.945704
vt 0.520796 0.020106
vt 0.592571 0.945704
vt 0.524257 0.021987
vt 0.576669 0.076666
vt 0.592571 0.076666
vt 0.507618 0.995412
vt 0.518090 0.995213
vt 0.485664 0.995092
vt 0.553593 0.076666
vt 0.963512 0.992986
vt 0.530792 0.995274
vt 0.972602 0.076665
vt 0.612183 0.076666
vt 0.517240 0.995327
vt 0.514615 0.945704
vt 0.455670 0.020547
vt 0.495003 0.945704
vt 0.456522 0.020434
vt 0.442968 0.020489
vt 0.010245 0.022788
vt 0.134585 0.945704
vt 0.463634 0.995417
vt 0.530517 0.076666
vt 0.453026 0.995577
vt 0.514615 0.076666
vt 0.449860 0.994144
vt 0.131408 0.928270
vt 0.975779 0.928269
vt 0.975779 0.094100
vt 0.131407 0.094100
vt 0.967497 0.031953
vt 0.975779 0.945704
vt 0.988723 0.928269
vt 0.966959 0.992262
vt 0.988723 0.094100
vt 0.975779 0.076665
vt 0.006190 0.984018
vt 0.131407 0.076666
vt 0.118463 0.094100
vt 0.006798 0.023512
vt 0.118463 0.928269
vt 0.131408 0.945704
vn 0.5378 -0.1508 0.8295
vn 0.8136 -0.0984 0.5730
vn 0.8136 0.0984 0.5730
vn 0.5378 0.1508 0.8295
vn 0.9775 -0.0984 -0.1867
vn 0.8325 -0.1510 -0.5331
vn 0.8325 0.1503 -0.5332
vn 0.9775 0.0984 -0.1867
vn 0.0029 -1.0000 0.0013
vn 0.1534 -0.9596 0.2358
vn 0.1516 -0.9596 0.2369
vn -0.0000 -1.0000 0.0031
vn 0.4692 -0.5049 0.7245
vn 0.5341 -0.1508 0.8318
vn 0.4667 -0.5049 0.7261
vn 0.8324 0.1510 -0.5332
vn 0.8325 -0.1503 -0.5332
vn 0.0029 1.0000 0.0013
vn 0.2372 0.9596 -0.1511
vn 0.2295 0.9592 -0.1652
vn -0.0073 0.9999 -0.0143
vn 0.7266 0.5047 -0.4661
vn 0.8238 0.1887 -0.5345
vn 0.7214 0.5032 -0.4757
vn 0.4692 0.5049 0.7245
vn 0.4667 0.5049 0.7261
vn 0.5341 0.1508 0.8319
vn 0.1534 0.9596 0.2358
vn -0.0000 1.0000 0.0031
vn 0.1516 0.9596 0.2369
vn 0.1867 0.0984 0.9775
vn 0.1867 -0.0984 0.9775
vn -0.5730 0.0984 0.8136
vn -0.8288 0.1510 0.5387
vn -0.8289 -0.1503 0.5388
vn -0.5730 -0.0984 0.8136
vn -0.8288 -0.1510 0.5387
vn -0.8289 0.1503 0.5388
vn 0.5341 0.1508 0.8318
vn -0.2354 -0.9596 0.1538
vn -0.2452 -0.9592 0.1410
vn -0.0100 -0.9999 -0.0125
vn -0.7242 -0.5047 0.4700
vn -0.8265 -0.1887 0.5303
vn -0.7308 -0.5032 0.4612
vn 0.7267 -0.5047 -0.4661
vn 0.7278 -0.5047 -0.4644
vn 0.8352 -0.1177 -0.5373
vn 0.2372 -0.9596 -0.1511
vn 0.0630 -0.9976 0.0285
vn 0.0542 -0.9982 -0.0250
vn 0.2416 -0.9594 -0.1457
vn 0.0000 -0.9976 0.0691
vn -0.7242 0.5047 0.4699
vn -0.7230 0.5047 0.4717
vn -0.8337 0.1178 0.5395
vn -0.2354 0.9597 0.1538
vn 0.0000 0.9976 0.0691
vn -0.0451 0.9982 0.0390
vn -0.2323 0.9594 0.1601
vn 0.0630 0.9976 0.0285
vn -0.0100 0.9999 -0.0125
vn -0.0073 -0.9999 -0.0143
vn -0.5401 0.0000 -0.8416
vn -0.5442 -0.0000 -0.8390
vn -0.5288 0.2355 -0.8154
vn -0.5250 0.2354 -0.8179
vn -0.5250 -0.2354 -0.8179
vn -0.5288 -0.2355 -0.8154
vn -0.1513 0.9596 -0.2373
vn -0.1538 0.9596 -0.2356
vn -0.4661 0.5050 -0.7264
vn -0.4697 0.5050 -0.7241
vn -0.4661 -0.5050 -0.7264
vn -0.4698 -0.5050 -0.7241
vn -0.1513 -0.9596 -0.2373
vn -0.1538 -0.9596 -0.2356
vn 0.7749 -0.0000 -0.6321
vn 0.7576 0.0344 -0.6518
vn 0.8796 -0.0126 -0.4755
vn 0.8921 0.0000 -0.4519
vn 0.7689 0.1625 -0.6183
vn 0.8618 -0.0512 -0.5046
vn -0.9061 0.0344 0.4216
vn -0.8953 0.0000 0.4455
vn -0.7793 -0.0000 0.6266
vn -0.7958 -0.0126 0.6055
vn -0.8265 0.1887 0.5304
vn -0.8337 -0.1177 0.5395
vn -0.8803 0.1625 0.4458
vn -0.8149 -0.0512 0.5773
vn 0.7690 -0.1625 -0.6183
vn 0.7575 -0.0344 -0.6519
vn 0.8796 0.0126 -0.4755
vn 0.8618 0.0512 -0.5046
vn 0.8238 -0.1887 -0.5345
vn 0.8351 0.1178 -0.5373
vn -0.9061 -0.0344 0.4216
vn -0.7958 0.0126 0.6055
vn -0.8803 -0.1625 0.4458
vn -0.8149 0.0511 0.5773
vn 0.0000 -1.0000 0.0000
vn 0.0000 1.0000 0.0000
vn 0.6069 -0.0000 0.7948
vn 0.6030 -0.1672 0.7800
vn 0.5346 -0.1658 0.8287
vn 0.5422 0.0000 0.8403
vn 0.5312 -0.5035 0.6814
vn 0.4679 -0.5050 0.7253
vn 0.2080 -0.9575 0.1999
vn 0.0046 -1.0000 0.0071
vn 0.1525 -0.9596 0.2364
vn 0.4622 -0.1672 0.8709
vn 0.4740 0.0000 0.8805
vn 0.5421 0.0000 0.8403
vn -0.0451 -0.9982 0.0391
vn 0.0964 -0.9575 0.2719
vn 0.4019 -0.5035 0.7648
vn 0.5312 0.5035 0.6814
vn 0.6030 0.1672 0.7800
vn 0.5347 0.1657 0.8287
vn 0.4679 0.5050 0.7253
vn 0.0542 0.9982 -0.0250
vn 0.0046 1.0000 0.0071
vn 0.2080 0.9575 0.1999
vn 0.1525 0.9596 0.2364
vn 0.4622 0.1672 0.8709
vn 0.5347 0.1658 0.8286
vn 0.4019 0.5035 0.7648
vn 0.0964 0.9575 0.2719
vn 0.7266 -0.5047 -0.4661
vn 0.7214 -0.5032 -0.4757
vn 0.2295 -0.9592 -0.1652
vn 0.0989 0.9180 -0.3842
vn 0.6192 0.3170 -0.7184
vn -0.7308 0.5032 0.4612
vn -0.2452 0.9592 0.1410
vn -0.3908 -0.9180 -0.0683
vn -0.9098 -0.3170 0.2681
vn -0.1794 0.0000 -0.9838
vn -0.1631 -0.2225 -0.9612
vn 0.5689 0.0000 -0.8224
vn 0.5755 -0.0779 -0.8141
vn 0.5755 0.0779 -0.8141
vn -0.1631 0.2225 -0.9612
vn -0.8224 0.0000 -0.5688
vn -0.8086 0.2225 -0.5447
vn -0.9838 0.0000 0.1793
vn -0.9789 0.0779 0.1888
vn -0.9789 -0.0779 0.1887
vn -0.8086 -0.2225 -0.5447
vn -0.7397 0.4710 -0.4807
vn -0.9098 0.3169 0.2681
vn -0.1332 -0.4710 -0.8720
vn 0.6192 -0.3170 -0.7184
vn -0.1332 0.4710 -0.8720
vn -0.3908 0.9179 -0.0682
vn 0.0989 -0.9180 -0.3841
vn -0.7397 -0.4710 -0.4807
vn 0.9838 0.0000 -0.1793
vn 0.9793 0.0746 -0.1884
vn 0.8224 0.0000 0.5689
vn 0.8177 0.1495 0.5558
vn 0.8178 -0.1495 0.5558
vn 0.9793 -0.0746 -0.1884
vn 0.7397 -0.4709 0.4807
vn 0.8830 -0.3645 -0.2957
vn 0.3908 -0.9180 0.0682
vn -0.5752 -0.0746 0.8146
vn -0.6333 -0.3645 0.6827
vn 0.1694 -0.1495 0.9741
vn 0.1331 -0.4710 0.8720
vn 0.1793 0.0000 0.9838
vn -0.5689 0.0000 0.8224
vn -0.2319 -0.9595 0.1600
vn -0.7234 -0.5041 0.4718
vn -0.0989 -0.9180 0.3841
vn 0.8830 0.3645 -0.2957
vn 0.7397 0.4709 0.4807
vn 0.7280 0.5041 -0.4647
vn 0.3907 0.9180 0.0682
vn 0.2413 0.9595 -0.1454
vn 0.7267 0.5047 -0.4661
vn 0.1694 0.1495 0.9741
vn -0.5752 0.0746 0.8146
vn 0.1332 0.4710 0.8720
vn -0.6333 0.3645 0.6827
vn -0.0989 0.9180 0.3841
vn 0.8774 -0.4371 -0.1979
vn 0.7178 -0.4371 0.5420
vn 0.3366 -0.9389 0.0726
vn 0.7178 0.4371 0.5420
vn 0.8774 0.4371 -0.1979
vn 0.3366 0.9388 0.0726
vn -0.5419 0.4371 0.7178
vn 0.1979 0.4370 0.8774
vn -0.0726 0.9388 0.3366
vn 0.1979 -0.4370 0.8774
vn -0.5419 -0.4371 0.7178
vn -0.0726 -0.9388 0.3366
vn -0.0726 -0.9389 0.3366
vn -0.0726 0.9389 0.3365
vn -0.5420 0.4371 0.7178
vn 0.3365 0.9389 0.0726
usemtl aiStandardSurface11SG.002
s 1
f 3718/4977/3132 3719/4978/3133 3720/4979/3134 3721/4980/3135
f 3719/4981/3136 3722/4982/3137 3723/4983/3138 3720/4984/3139
f 3724/4985/3140 3725/4986/3141 3726/4987/3142 3727/4988/3143
f 3725/4986/3144 3718/4977/3132 3728/4989/3145 3726/4987/3146
f 3729/4990/3147 3730/4991/3139 3731/4992/3136 3732/4993/3148
f 3730/4994/3134 3733/4995/3135 3734/4996/3132 3731/4997/3133
f 3735/4998/3149 3736/4999/3150 3737/5000/3151 3738/5001/3152
f 3736/4999/3153 3729/4990/3147 3739/5002/3154 3737/5000/3155
f 3733/4995/3135 3740/5003/3156 3741/5004/3157 3742/5005/3158
f 3740/5003/3159 3735/4998/3149 3743/5006/3160 3741/5004/3161
f 3742/5005/3158 3744/5007/3162 3745/5008/3163 3746/5009/3145
f 3744/5010/3164 3747/5011/3165 3748/5012/3166 3745/5013/3167
f 3749/5014/3168 3750/5015/3167 3751/5016/3164 3752/5017/3169
f 3750/5018/3163 3728/4989/3145 3753/5019/3170 3751/5020/3162
f 3727/4988/3143 3754/5021/3171 3755/5022/3172 3756/5023/3173
f 3754/5021/3174 3749/5014/3168 3757/5024/3175 3755/5022/3176
f 3732/4993/3148 3758/5025/3177 3759/5026/3178 3760/5027/3179
f 3758/5028/3180 3761/5029/3181 3762/5030/3182 3759/5031/3183
f 3761/5029/3181 3763/5032/3141 3764/5033/3142 3765/5034/3184
f 3763/5035/3144 3734/4996/3132 3746/5009/3145 3764/5036/3146
f 3752/5017/3169 3766/5037/3185 3767/5038/3186 3768/5039/3187
f 3766/5040/3188 3769/5041/3189 3770/5042/3190 3767/5043/3191
f 3769/5041/3189 3771/5044/3161 3772/5045/3159 3773/5046/3192
f 3771/5047/3157 3753/5019/3170 3721/4980/3135 3772/5048/3156
f 3735/4998/3149 3738/5001/3152 3774/5049/3193 3743/5006/3160
f 3727/4988/3143 3756/5023/3173 3775/5050/3194 3724/4985/3140
f 3776/5051/3195 3777/5052/3196 3778/5053/3197 3779/5054/3198
f 3780/5055/3199 3781/5056/3200 3777/5052/3196 3776/5051/3195
f 3738/5001/3152 3782/5057/3201 3783/5058/3202 3774/5049/3193
f 3782/5057/3203 3779/5054/3198 3778/5053/3197 3783/5058/3204
f 3780/5055/3199 3784/5059/3205 3785/5060/3206 3781/5056/3200
f 3784/5059/3207 3775/5050/3194 3756/5023/3173 3785/5060/3208
f 3733/4995/3135 3742/5005/3158 3746/5009/3145 3734/4996/3132
f 3728/4989/3145 3718/4977/3132 3721/4980/3135 3753/5019/3170
f 3786/5061/3209 3787/5062/3210 3788/5063/3211 3789/5064/3212
f 3787/5062/3210 3790/5065/3213 3791/5066/3214 3788/5063/3211
f 3790/5065/3213 3739/5002/3154 3760/5027/3179 3791/5066/3214
f 3739/5002/3154 3729/4990/3147 3732/4993/3148 3760/5027/3179
f 3792/5067/3215 3793/5068/3216 3794/5069/3217 3795/5070/3218
f 3747/5011/3165 3796/5071/3219 3797/5072/3220 3748/5012/3166
f 3796/5071/3219 3798/5073/3221 3799/5074/3222 3797/5072/3220
f 3798/5073/3221 3792/5067/3215 3795/5070/3218 3799/5074/3222
f 3800/5075/3223 3801/5076/3224 3802/5077/3225 3803/5078/3226
f 3801/5076/3224 3786/5061/3209 3789/5064/3212 3802/5077/3225
f 3722/4982/3137 3804/5079/3227 3805/5080/3228 3723/4983/3138
f 3804/5079/3227 3800/5075/3223 3803/5078/3226 3805/5080/3228
f 3793/5068/3216 3806/5081/3229 3807/5082/3230 3794/5069/3217
f 3806/5081/3229 3808/5083/3231 3809/5084/3232 3807/5082/3230
f 3808/5083/3231 3757/5024/3175 3768/5039/3187 3809/5084/3232
f 3757/5024/3175 3749/5014/3168 3752/5017/3169 3768/5039/3187
f 3761/5029/3181 3765/5034/3184 3701/5085/3233 3700/5086/3233
f 3769/5041/3189 3773/5046/3192 3703/5087/3234 3702/5088/3234
f 3810/5089/3235 3811/5090/3236 3705/5091/3237 3704/5092/3238
f 3811/5090/3236 3812/5093/3239 3706/5094/3240 3705/5091/3237
f 3812/5093/3241 3762/5030/3182 3707/5095/3242 3706/5094/3243
f 3762/5030/3182 3761/5029/3181 3700/5086/3233 3707/5095/3242
f 3813/5096/3244 3814/5097/3245 3709/5098/3246 3708/5099/3237
f 3765/5034/3184 3815/5100/3247 3710/5101/3242 3701/5085/3233
f 3815/5100/3247 3816/5102/3248 3711/5103/3243 3710/5101/3242
f 3816/5102/3249 3813/5096/3244 3708/5099/3237 3711/5103/3240
f 3817/5104/3250 3818/5105/3251 3713/5106/3252 3712/5107/3253
f 3818/5105/3251 3810/5089/3235 3704/5092/3238 3713/5106/3252
f 3773/5046/3192 3819/5108/3254 3714/5109/3255 3703/5087/3234
f 3819/5108/3254 3817/5104/3256 3712/5107/3257 3714/5109/3255
f 3814/5097/3245 3820/5110/3258 3715/5111/3259 3709/5098/3246
f 3820/5110/3258 3821/5112/3260 3716/5113/3253 3715/5111/3259
f 3821/5112/3261 3770/5042/3190 3717/5114/3255 3716/5113/3257
f 3770/5042/3190 3769/5041/3189 3702/5088/3234 3717/5114/3255
f 3722/4982/3137 3822/5115/3262 3823/5116/3263 3804/5079/3227
f 3822/5115/3180 3724/4985/3140 3775/5050/3194 3823/5116/3264
f 3738/5001/3152 3737/5000/3151 3824/5117/3265 3782/5057/3201
f 3737/5000/3155 3739/5002/3154 3790/5065/3213 3824/5117/3266
f 3747/5011/3165 3825/5118/3185 3826/5119/3267 3796/5071/3219
f 3825/5118/3188 3743/5006/3160 3774/5049/3193 3826/5119/3268
f 3756/5023/3173 3755/5022/3172 3827/5120/3269 3785/5060/3208
f 3755/5022/3176 3757/5024/3175 3808/5083/3231 3827/5120/3270
f 3776/5051/3195 3828/5121/3271 3829/5122/3272 3780/5055/3199
f 3828/5121/3273 3786/5061/3209 3801/5076/3224 3829/5122/3274
f 3786/5061/3209 3828/5121/3273 3830/5123/3275 3787/5062/3210
f 3828/5121/3271 3776/5051/3195 3779/5054/3198 3830/5123/3276
f 3777/5052/3196 3831/5124/3277 3832/5125/3278 3778/5053/3197
f 3831/5124/3279 3793/5068/3216 3792/5067/3215 3832/5125/3280
f 3793/5068/3216 3831/5124/3279 3833/5126/3281 3806/5081/3229
f 3831/5124/3277 3777/5052/3196 3781/5056/3200 3833/5126/3282
f 3778/5053/3197 3832/5125/3278 3834/5127/3283 3783/5058/3204
f 3832/5125/3280 3792/5067/3215 3798/5073/3221 3834/5127/3284
f 3780/5055/3199 3829/5122/3272 3835/5128/3285 3784/5059/3205
f 3829/5122/3274 3801/5076/3224 3800/5075/3223 3835/5128/3286
f 3787/5062/3210 3830/5123/3275 3824/5117/3266 3790/5065/3213
f 3830/5123/3276 3779/5054/3198 3782/5057/3203 3824/5117/3287
f 3796/5071/3219 3826/5119/3267 3834/5127/3284 3798/5073/3221
f 3826/5119/3268 3774/5049/3193 3783/5058/3202 3834/5127/3288
f 3804/5079/3227 3823/5116/3263 3835/5128/3286 3800/5075/3223
f 3823/5116/3264 3775/5050/3194 3784/5059/3207 3835/5128/3289
f 3806/5081/3229 3833/5126/3281 3827/5120/3270 3808/5083/3231
f 3833/5126/3282 3781/5056/3200 3785/5060/3206 3827/5120/3290
f 3789/5064/3212 3836/5129/3291 3837/5130/3292 3802/5077/3225
f 3836/5131/3293 3810/5089/3235 3818/5105/3251 3837/5132/3294
f 3810/5089/3235 3836/5131/3293 3838/5133/3295 3811/5090/3236
f 3836/5129/3291 3789/5064/3212 3788/5063/3211 3838/5134/3296
f 3811/5090/3236 3838/5133/3295 3839/5135/3297 3812/5093/3239
f 3838/5134/3296 3788/5063/3211 3791/5066/3214 3839/5136/3298
f 3812/5093/3241 3839/5137/3299 3759/5031/3183 3762/5030/3182
f 3839/5136/3298 3791/5066/3214 3760/5027/3179 3759/5026/3178
f 3795/5070/3218 3840/5138/3300 3841/5139/3301 3799/5074/3222
f 3840/5140/3302 3813/5096/3244 3816/5102/3249 3841/5141/3303
f 3813/5096/3244 3840/5140/3302 3842/5142/3304 3814/5097/3245
f 3840/5138/3300 3795/5070/3218 3794/5069/3217 3842/5143/3305
f 3765/5034/3184 3843/5144/3171 3844/5145/3306 3815/5100/3247
f 3843/5146/3174 3748/5012/3166 3797/5072/3220 3844/5147/3307
f 3815/5100/3247 3844/5145/3306 3841/5148/3308 3816/5102/3248
f 3844/5147/3307 3797/5072/3220 3799/5074/3222 3841/5139/3301
f 3802/5077/3225 3837/5130/3292 3845/5149/3309 3803/5078/3226
f 3837/5132/3294 3818/5105/3251 3817/5104/3250 3845/5150/3310
f 3803/5078/3226 3845/5149/3309 3846/5151/3311 3805/5080/3228
f 3845/5152/3312 3817/5104/3256 3819/5108/3254 3846/5153/3313
f 3773/5046/3192 3847/5154/3150 3846/5153/3313 3819/5108/3254
f 3847/5155/3314 3723/4983/3138 3805/5080/3228 3846/5151/3311
f 3814/5097/3245 3842/5142/3304 3848/5156/3315 3820/5110/3258
f 3842/5143/3305 3794/5069/3217 3807/5082/3230 3848/5157/3316
f 3820/5110/3258 3848/5156/3315 3849/5158/3317 3821/5112/3260
f 3848/5157/3316 3807/5082/3230 3809/5084/3232 3849/5159/3318
f 3821/5112/3261 3849/5160/3319 3767/5043/3191 3770/5042/3190
f 3849/5159/3318 3809/5084/3232 3768/5039/3187 3767/5038/3186
f 3822/5115/3262 3722/4982/3137 3719/4981/3136 3850/5161/3320
f 3719/4978/3133 3718/4977/3132 3725/4986/3144 3850/5161/3321
f 3725/4986/3141 3724/4985/3140 3822/5115/3180 3850/5161/3322
f 3740/5003/3156 3733/4995/3135 3730/4994/3134 3851/5162/3323
f 3730/4991/3139 3729/4990/3147 3736/4999/3153 3851/5162/3324
f 3736/4999/3150 3735/4998/3149 3740/5003/3159 3851/5162/3325
f 3825/5118/3185 3747/5011/3165 3744/5010/3164 3852/5163/3326
f 3744/5007/3162 3742/5005/3158 3741/5004/3157 3852/5163/3327
f 3741/5004/3161 3743/5006/3160 3825/5118/3188 3852/5163/3328
f 3726/4987/3146 3728/4989/3145 3750/5018/3163 3853/5164/3329
f 3750/5015/3167 3749/5014/3168 3754/5021/3174 3853/5164/3330
f 3754/5021/3171 3727/4988/3143 3726/4987/3142 3853/5164/3331
f 3763/5032/3141 3761/5029/3181 3758/5028/3180 3854/5165/3322
f 3758/5025/3177 3732/4993/3148 3731/4992/3136 3854/5166/3320
f 3731/4997/3133 3734/4996/3132 3763/5035/3144 3854/5167/3321
f 3843/5144/3171 3765/5034/3184 3764/5033/3142 3855/5168/3332
f 3764/5036/3146 3746/5009/3145 3745/5008/3163 3855/5169/3329
f 3745/5013/3167 3748/5012/3166 3843/5146/3174 3855/5170/3330
f 3771/5044/3161 3769/5041/3189 3766/5040/3188 3856/5171/3333
f 3766/5037/3185 3752/5017/3169 3751/5016/3164 3856/5172/3334
f 3751/5020/3162 3753/5019/3170 3771/5047/3157 3856/5173/3327
f 3847/5154/3150 3773/5046/3192 3772/5045/3159 3857/5174/3335
f 3772/5048/3156 3721/4980/3135 3720/4979/3134 3857/5175/3323
f 3720/4984/3139 3723/4983/3138 3847/5155/3314 3857/5176/3324
o sorcerer_desk.021
v -5.361523 4.560947 -5.843928
v -6.963808 4.560947 -4.518536
v -6.963808 4.335201 -4.518538
v -5.361523 4.335201 -5.843928
v -6.262279 4.448074 -6.932864
v -6.262279 4.519969 -6.932864
v -6.251473 4.548945 -6.919800
v -6.225384 4.560947 -6.888261
v -7.864564 4.519969 -5.607472
v -7.864564 4.448074 -5.607472
v -7.827669 4.560947 -5.562869
v -7.853758 4.548945 -5.594408
v -6.251473 4.347203 -6.919802
v -6.262279 4.376179 -6.932866
v -6.225384 4.335201 -6.888263
v -7.864564 4.376179 -5.607472
v -7.853758 4.347203 -5.594409
v -7.827669 4.335201 -5.562871
v -5.273431 4.296714 -5.822729
v -5.266941 4.296714 -5.834983
v -5.266941 4.322374 -5.834983
v -5.273431 4.322374 -5.822729
v -5.271018 4.296714 -5.848238
v -5.271018 4.322374 -5.848238
v -5.284980 4.283887 -5.836689
v -5.276814 4.287644 -5.826818
v -6.962881 4.287644 -4.432122
v -6.971048 4.283887 -4.441995
v -6.959499 4.296714 -4.428031
v -5.271018 4.599434 -5.848238
v -5.266941 4.599434 -5.834983
v -5.266941 4.573775 -5.834983
v -5.271018 4.573775 -5.848238
v -5.273431 4.599434 -5.822727
v -5.273431 4.573775 -5.822727
v -5.284980 4.612261 -5.836689
v -5.275108 4.608504 -5.844855
v -6.182137 4.608504 -6.941376
v -6.192682 4.612261 -6.934023
v -6.176423 4.599434 -6.942795
v -5.276814 4.608504 -5.826816
v -6.962881 4.608504 -4.432120
v -6.959499 4.599434 -4.428031
v -6.971048 4.612261 -4.441993
v -6.972754 4.599434 -4.423954
v -6.972754 4.573775 -4.423954
v -6.959499 4.573775 -4.428031
v -6.985010 4.599434 -4.430443
v -6.985010 4.573775 -4.430443
v -6.985010 4.296714 -4.430445
v -6.972754 4.296714 -4.423954
v -6.972754 4.322374 -4.423954
v -6.985010 4.322374 -4.430445
v -6.959499 4.322374 -4.428031
v -6.980920 4.287644 -4.433826
v -7.887950 4.287644 -5.530347
v -7.878750 4.283887 -5.539329
v -7.890415 4.296714 -5.525002
v -5.275108 4.564704 -5.844855
v -6.174293 4.564704 -6.931893
v -6.171828 4.573775 -6.937239
v -5.284980 4.560947 -5.836689
v -6.183492 4.560947 -6.922913
v -5.276814 4.564704 -5.826816
v -6.962881 4.564704 -4.432120
v -6.971048 4.560947 -4.441993
v -6.980920 4.331444 -4.433826
v -7.880105 4.331444 -5.520864
v -7.885819 4.322374 -5.519445
v -6.971048 4.335201 -4.441995
v -7.869560 4.335201 -5.528219
v -6.962881 4.331444 -4.432122
v -5.276814 4.331444 -5.826818
v -5.284980 4.335201 -5.836689
v -7.878750 4.612261 -5.539327
v -6.192682 4.283887 -6.934023
v -6.266589 4.448074 -7.023369
v -7.952656 4.448074 -5.628673
v -7.952656 4.530176 -5.628673
v -6.266589 4.530176 -7.023369
v -6.266589 4.365973 -7.023371
v -7.952656 4.365973 -5.628675
v -6.244942 4.588219 -6.997200
v -7.931010 4.588219 -5.602504
v -6.244942 4.307930 -6.997200
v -7.931010 4.307930 -5.602506
v -6.241078 4.448074 -7.020957
v -6.241078 4.527624 -7.020957
v -6.217975 4.522520 -6.993027
v -6.217975 4.448074 -6.993027
v -6.222141 4.578402 -6.998063
v -6.204459 4.558763 -6.976687
v -7.955069 4.527624 -5.603162
v -7.955069 4.448074 -5.603162
v -7.931966 4.448074 -5.575233
v -7.931966 4.522520 -5.575233
v -7.890415 4.599434 -5.525000
v -7.885819 4.573775 -5.519445
v -7.936132 4.578402 -5.580269
v -7.918450 4.558763 -5.558893
v -6.222141 4.317747 -6.998065
v -6.241078 4.368524 -7.020957
v -6.217975 4.373628 -6.993029
v -6.204459 4.337386 -6.976687
v -6.176423 4.296714 -6.942797
v -6.171828 4.322374 -6.937241
v -7.955069 4.368524 -5.603164
v -7.931966 4.373628 -5.575233
v -7.936132 4.317747 -5.580269
v -7.918450 4.337386 -5.558895
v -6.220388 4.448074 -6.967516
v -6.220388 4.519969 -6.967516
v -6.209582 4.548945 -6.954452
v -7.906455 4.519969 -5.572820
v -7.906455 4.448074 -5.572820
v -7.869560 4.560947 -5.528217
v -7.895649 4.548945 -5.559756
v -6.209582 4.347203 -6.954453
v -6.220388 4.376179 -6.967516
v -6.183492 4.335201 -6.922915
v -7.906455 4.376179 -5.572822
v -7.895649 4.347203 -5.559758
v -5.275108 4.287644 -5.844857
v -6.182137 4.287644 -6.941378
v -6.232481 4.585344 -7.002237
v -6.980920 4.608504 -4.433826
v -7.887950 4.608504 -5.530347
v -7.938293 4.310805 -5.591208
v -6.253334 4.448074 -7.027446
v -6.253334 4.366720 -7.027448
v -6.253334 4.529429 -7.027446
v -7.959146 4.448074 -5.616417
v -7.959146 4.529429 -5.616417
v -7.959146 4.366720 -5.616417
v -7.938293 4.585344 -5.591208
v -6.232481 4.310805 -7.002239
v -6.213898 4.448074 -6.979772
v -6.213898 4.375432 -6.979774
v -6.213898 4.520716 -6.979772
v -6.202298 4.551821 -6.965749
v -7.919711 4.520716 -5.568743
v -7.908111 4.551821 -5.554720
v -7.919711 4.448074 -5.568743
v -6.980920 4.564704 -4.433826
v -7.880105 4.564704 -5.520864
v -6.202298 4.344328 -6.965751
v -6.174293 4.331444 -6.931893
v -5.275108 4.331444 -5.844857
v -7.919711 4.375432 -5.568745
v -7.908111 4.344328 -5.554720
v -5.270256 4.289311 -5.835298
v -5.270256 4.606837 -5.835296
v -6.972440 4.606837 -4.427269
v -6.972440 4.289311 -4.427269
v -5.270256 4.566371 -5.835296
v -6.972440 4.566371 -4.427269
v -6.972440 4.329777 -4.427269
v -5.270256 4.329777 -5.835298
vt 0.127759 0.923499
vt 0.127759 0.928270
vt 0.120910 0.928269
vt 0.120910 0.923499
vt 0.131408 0.931430
vt 0.134585 0.931430
vt 0.134585 0.942006
vt 0.131408 0.942006
vt 0.134585 0.923499
vt 0.131408 0.923499
vt 0.131407 0.098871
vt 0.134584 0.098871
vt 0.127759 0.098871
vt 0.972602 0.931430
vt 0.975779 0.931430
vt 0.975779 0.942005
vt 0.972602 0.942005
vt 0.979427 0.928269
vt 0.979427 0.923498
vt 0.986276 0.923498
vt 0.986276 0.928269
vt 0.972602 0.923498
vt 0.972602 0.928269
vt 0.612183 0.928269
vt 0.612183 0.923498
vt 0.612183 0.931430
vt 0.975779 0.923498
vt 0.975779 0.098871
vt 0.979427 0.098871
vt 0.972602 0.098871
vt 0.979427 0.094100
vt 0.986276 0.094100
vt 0.986276 0.098871
vt 0.975779 0.090939
vt 0.972602 0.090939
vt 0.972602 0.080364
vt 0.975779 0.080364
vt 0.134584 0.090940
vt 0.131407 0.090940
vt 0.131407 0.080364
vt 0.134584 0.080364
vt 0.127759 0.094100
vt 0.120910 0.098871
vt 0.120910 0.094100
vt 0.134584 0.094100
vt 0.495003 0.094100
vt 0.495003 0.098871
vt 0.495003 0.090940
vt 0.972602 0.945704
vt 0.612183 0.945704
vt 0.612183 0.942006
vt 0.962870 0.026494
vt 0.962870 0.032289
vt 0.533327 0.027465
vt 0.534679 0.022174
vt 0.966912 0.032257
vt 0.967571 0.987107
vt 0.963489 0.987141
vt 0.988723 0.923498
vt 0.988723 0.098871
vt 0.134584 0.076666
vt 0.495003 0.076666
vt 0.495003 0.080364
vt 0.010887 0.989306
vt 0.010886 0.983510
vt 0.440424 0.988311
vt 0.439077 0.993610
vt 0.006843 0.983540
vt 0.006186 0.028667
vt 0.010268 0.028633
vt 0.118463 0.098871
vt 0.118463 0.923499
vt 0.612183 0.098871
vt 0.495003 0.923498
vt 0.553593 0.923498
vt 0.553593 0.098871
vt 0.576669 0.098871
vt 0.576669 0.923498
vt 0.530517 0.923498
vt 0.530517 0.098871
vt 0.592571 0.923498
vt 0.592571 0.098871
vt 0.514615 0.923498
vt 0.514615 0.098871
vt 0.553593 0.931430
vt 0.576669 0.931430
vt 0.576669 0.942006
vt 0.553593 0.942006
vt 0.592571 0.931430
vt 0.592571 0.942006
vt 0.576669 0.090940
vt 0.553593 0.090940
vt 0.553593 0.080364
vt 0.576669 0.080364
vt 0.612183 0.090940
vt 0.612183 0.080364
vt 0.592571 0.090940
vt 0.592571 0.080364
vt 0.514615 0.931430
vt 0.530517 0.931430
vt 0.530517 0.942006
vt 0.514615 0.942006
vt 0.495003 0.931430
vt 0.495003 0.942006
vt 0.530517 0.090940
vt 0.530517 0.080364
vt 0.514615 0.090940
vt 0.514615 0.080364
vt 0.946858 0.963524
vt 0.946247 0.056013
vt 0.026900 0.052250
vt 0.027509 0.959784
vt 0.488129 0.026712
vt 0.510219 0.026429
vt 0.510175 0.050904
vt 0.488193 0.050652
vt 0.520713 0.025933
vt 0.520433 0.051036
vt 0.533454 0.051255
vt 0.507631 0.989297
vt 0.485639 0.989035
vt 0.485568 0.965104
vt 0.507559 0.965354
vt 0.530995 0.989426
vt 0.530885 0.965627
vt 0.517931 0.989353
vt 0.517831 0.965479
vt 0.455829 0.026407
vt 0.466130 0.026459
vt 0.466201 0.050402
vt 0.455928 0.050283
vt 0.442764 0.026337
vt 0.442873 0.050136
vt 0.463572 0.989290
vt 0.463586 0.964851
vt 0.453113 0.989744
vt 0.453327 0.964718
vt 0.440304 0.964512
vt 0.134585 0.928269
vt 0.495003 0.928269
vt 0.592571 0.928269
vt 0.972602 0.094100
vt 0.612183 0.094100
vt 0.514615 0.094100
vt 0.553593 0.928269
vt 0.530517 0.928269
vt 0.576669 0.928269
vt 0.553593 0.094100
vt 0.576669 0.094100
vt 0.530517 0.094100
vt 0.592571 0.094100
vt 0.514615 0.928269
vt 0.553593 0.945704
vt 0.530517 0.945704
vt 0.488105 0.020654
vt 0.466143 0.020343
vt 0.510159 0.020300
vt 0.576669 0.945704
vt 0.520796 0.020106
vt 0.592571 0.945704
vt 0.524257 0.021987
vt 0.576669 0.076666
vt 0.592571 0.076666
vt 0.507618 0.995412
vt 0.518090 0.995213
vt 0.485664 0.995092
vt 0.553593 0.076666
vt 0.963512 0.992986
vt 0.530792 0.995274
vt 0.972602 0.076665
vt 0.612183 0.076666
vt 0.517240 0.995327
vt 0.514615 0.945704
vt 0.455670 0.020547
vt 0.495003 0.945704
vt 0.456522 0.020434
vt 0.442968 0.020489
vt 0.010245 0.022788
vt 0.134585 0.945704
vt 0.463634 0.995417
vt 0.530517 0.076666
vt 0.453026 0.995577
vt 0.514615 0.076666
vt 0.449860 0.994144
vt 0.131408 0.928270
vt 0.975779 0.928269
vt 0.975779 0.094100
vt 0.131407 0.094100
vt 0.967497 0.031953
vt 0.975779 0.945704
vt 0.988723 0.928269
vt 0.966959 0.992262
vt 0.988723 0.094100
vt 0.975779 0.076665
vt 0.006190 0.984018
vt 0.131407 0.076666
vt 0.118463 0.094100
vt 0.006798 0.023512
vt 0.118463 0.928269
vt 0.131408 0.945704
vn 0.6318 -0.1508 0.7603
vn 0.8744 -0.1065 0.4733
vn 0.8744 0.1065 0.4733
vn 0.6318 0.1508 0.7603
vn 0.9480 -0.1041 -0.3009
vn 0.7638 -0.1511 -0.6275
vn 0.7639 0.1504 -0.6275
vn 0.9480 0.1042 -0.3009
vn 0.0030 -1.0000 0.0009
vn 0.1804 -0.9597 0.2157
vn 0.1781 -0.9597 0.2176
vn 0.0004 -1.0000 0.0031
vn 0.5508 -0.5049 0.6646
vn 0.6284 -0.1508 0.7631
vn 0.5495 -0.5049 0.6656
vn 0.7638 0.1511 -0.6275
vn 0.7639 -0.1504 -0.6275
vn 0.8744 0.1065 0.4734
vn 0.6318 -0.1509 0.7603
vn 0.0030 1.0000 0.0009
vn 0.2181 0.9597 -0.1773
vn 0.2045 0.9589 -0.1967
vn -0.0089 0.9999 -0.0133
vn 0.6660 0.5048 -0.5491
vn 0.7576 0.1659 -0.6313
vn 0.6632 0.5043 -0.5531
vn 0.5508 0.5049 0.6646
vn 0.5496 0.5049 0.6656
vn 0.6284 0.1509 0.7631
vn 0.1804 0.9597 0.2157
vn 0.0003 1.0000 0.0031
vn 0.1780 0.9596 0.2177
vn 0.3010 0.1065 0.9477
vn 0.3010 -0.1065 0.9477
vn -0.4733 0.1041 0.8747
vn -0.7595 0.1511 0.6327
vn -0.7596 -0.1504 0.6328
vn -0.4733 -0.1041 0.8747
vn -0.7595 -0.1511 0.6327
vn -0.7596 0.1503 0.6327
vn 0.6284 0.1508 0.7631
vn -0.2151 -0.9597 0.1810
vn -0.2315 -0.9589 0.1640
vn -0.0114 -0.9999 -0.0112
vn -0.6642 -0.5048 0.5513
vn -0.7622 -0.1659 0.6258
vn -0.6676 -0.5043 0.5477
vn 0.6660 -0.5048 -0.5491
vn 0.6701 -0.5040 -0.5449
vn 0.7637 -0.1370 -0.6309
vn 0.2181 -0.9597 -0.1773
vn 0.0638 -0.9978 0.0202
vn 0.0514 -0.9982 -0.0306
vn 0.2199 -0.9595 -0.1762
vn 0.1804 -0.9596 0.2157
vn 0.1780 -0.9596 0.2177
vn 0.0079 -0.9978 0.0664
vn 0.5496 -0.5049 0.6656
vn -0.6642 0.5048 0.5513
vn -0.6609 0.5040 0.5561
vn -0.7629 0.1371 0.6318
vn -0.2151 0.9597 0.1810
vn 0.0079 0.9978 0.0664
vn -0.0397 0.9982 0.0447
vn -0.2142 0.9595 0.1830
vn 0.1781 0.9596 0.2177
vn 0.1804 0.9596 0.2157
vn 0.0638 0.9978 0.0202
vn 0.5495 0.5049 0.6656
vn -0.0114 0.9999 -0.0112
vn -0.0089 -0.9999 -0.0133
vn -0.6355 0.0000 -0.7721
vn -0.6392 -0.0000 -0.7690
vn -0.6212 0.2358 -0.7474
vn -0.6177 0.2358 -0.7503
vn -0.6177 -0.2358 -0.7503
vn -0.6212 -0.2358 -0.7474
vn -0.1775 0.9596 -0.2183
vn -0.1812 0.9596 -0.2153
vn -0.5494 0.5050 -0.6657
vn -0.5509 0.5050 -0.6644
vn -0.5494 -0.5050 -0.6657
vn -0.5509 -0.5050 -0.6644
vn -0.1775 -0.9596 -0.2183
vn -0.1812 -0.9596 -0.2153
vn 0.6950 0.0000 -0.7190
vn 0.6796 0.0199 -0.7333
vn 0.8169 -0.0215 -0.5764
vn 0.8326 0.0000 -0.5538
vn 0.6835 0.1119 -0.7213
vn 0.7881 -0.0810 -0.6102
vn -0.8477 0.0198 0.5301
vn -0.8366 -0.0000 0.5479
vn -0.7001 0.0000 0.7140
vn -0.7194 -0.0215 0.6943
vn -0.7627 0.1656 0.6252
vn -0.7629 -0.1371 0.6318
vn -0.8367 0.1119 0.5361
vn -0.7471 -0.0810 0.6597
vn 0.6835 -0.1119 -0.7213
vn 0.6796 -0.0199 -0.7333
vn 0.8169 0.0215 -0.5764
vn 0.7881 0.0810 -0.6102
vn 0.7571 -0.1656 -0.6320
vn 0.7637 0.1371 -0.6309
vn -0.8477 -0.0198 0.5301
vn -0.7194 0.0215 0.6943
vn -0.8367 -0.1119 0.5361
vn -0.7471 0.0810 0.6598
vn 0.0000 -1.0000 -0.0000
vn 0.0000 1.0000 -0.0000
vn 0.6963 -0.0000 0.7177
vn 0.6935 -0.1576 0.7030
vn 0.6286 -0.1658 0.7599
vn 0.6374 -0.0000 0.7705
vn 0.6290 -0.5021 0.5934
vn 0.5501 -0.5050 0.6651
vn 0.2115 -0.9588 0.1899
vn 0.0054 -1.0000 0.0065
vn 0.1793 -0.9596 0.2168
vn 0.5605 -0.1576 0.8130
vn 0.5745 -0.0000 0.8185
vn -0.0397 -0.9982 0.0447
vn 0.1469 -0.9588 0.2433
vn 0.4650 -0.5021 0.7291
vn 0.6290 0.5021 0.5935
vn 0.6935 0.1576 0.7030
vn 0.6286 0.1658 0.7599
vn 0.5501 0.5050 0.6651
vn 0.0514 0.9982 -0.0306
vn 0.0054 1.0000 0.0065
vn 0.2115 0.9588 0.1899
vn 0.1793 0.9596 0.2168
vn 0.5605 0.1576 0.8130
vn 0.6285 0.1658 0.7599
vn 0.4651 0.5021 0.7291
vn 0.1469 0.9588 0.2433
vn 0.6632 -0.5043 -0.5531
vn 0.2045 -0.9589 -0.1966
vn 0.0529 0.9180 -0.3931
vn 0.5720 0.4333 -0.6965
vn -0.6676 0.5043 0.5477
vn -0.2315 0.9589 0.1640
vn -0.3961 -0.9180 -0.0217
vn -0.7914 -0.4333 0.4313
vn -0.2940 0.0000 -0.9558
vn -0.2807 -0.1720 -0.9443
vn 0.4679 0.0000 -0.8838
vn 0.4784 -0.1224 -0.8696
vn 0.4785 0.1224 -0.8695
vn -0.2808 0.1720 -0.9442
vn -0.8837 0.0000 -0.4680
vn -0.8749 0.1720 -0.4528
vn -0.9558 -0.0000 0.2940
vn -0.9438 0.1224 0.3070
vn -0.9438 -0.1224 0.3070
vn -0.8749 -0.1720 -0.4528
vn -0.7911 0.4710 -0.3902
vn -0.7914 0.4333 0.4313
vn -0.2350 -0.4710 -0.8502
vn 0.5720 -0.4333 -0.6965
vn -0.2350 0.4710 -0.8503
vn -0.3961 0.9180 -0.0217
vn 0.0529 -0.9180 -0.3931
vn -0.7912 -0.4710 -0.3902
vn 0.9558 0.0000 -0.2940
vn 0.9533 0.0426 -0.2990
vn 0.8838 0.0000 0.4680
vn 0.8708 0.2004 0.4489
vn 0.8708 -0.2004 0.4489
vn 0.9533 -0.0426 -0.2990
vn 0.7912 -0.4710 0.3902
vn 0.8937 -0.2775 -0.3527
vn 0.3961 -0.9180 0.0217
vn -0.4724 -0.0426 0.8803
vn -0.5139 -0.2775 0.8117
vn 0.2777 -0.2004 0.9395
vn 0.2350 -0.4710 0.8503
vn 0.2940 -0.0000 0.9558
vn -0.4680 -0.0000 0.8837
vn -0.2150 -0.9597 0.1810
vn -0.2139 -0.9596 0.1827
vn -0.6643 -0.5048 0.5513
vn -0.6612 -0.5035 0.5562
vn -0.0529 -0.9180 0.3931
vn 0.8937 0.2775 -0.3526
vn 0.7912 0.4709 0.3902
vn 0.6703 0.5035 -0.5452
vn 0.3961 0.9180 0.0217
vn 0.2196 0.9596 -0.1759
vn 0.2777 0.2004 0.9395
vn -0.4724 0.0426 0.8803
vn 0.2350 0.4710 0.8503
vn -0.5140 0.2775 0.8117
vn -0.0529 0.9180 0.3931
vn 0.8479 -0.4371 -0.2999
vn 0.7767 -0.4370 0.4536
vn 0.3428 -0.9389 0.0324
vn 0.7767 0.4371 0.4536
vn 0.8479 0.4371 -0.2999
vn 0.3428 0.9389 0.0324
vn -0.4535 0.4371 0.7767
vn 0.2999 0.4370 0.8480
vn -0.0324 0.9389 0.3428
vn 0.2999 -0.4371 0.8479
vn -0.4536 -0.4370 0.7767
vn -0.0324 -0.9389 0.3428
vn 0.8480 -0.4370 -0.2999
vn -0.0324 -0.9388 0.3428
vn 0.3000 -0.4369 0.8480
vn -0.4536 0.4370 0.7767
vn 0.2999 0.4371 0.8479
vn 0.7767 0.4370 0.4536
vn 0.8480 0.4370 -0.2999
usemtl M_bookredSG.002
s 1
f 3876/5177/3336 3877/5178/3337 3878/5179/3338 3879/5180/3339
f 3877/5181/3340 3880/5182/3341 3881/5183/3342 3878/5184/3343
f 3882/5185/3344 3883/5186/3345 3884/5187/3346 3885/5188/3347
f 3883/5186/3348 3876/5177/3336 3886/5189/3349 3884/5187/3350
f 3887/5190/3351 3888/5191/3343 3889/5192/3340 3890/5193/3352
f 3888/5194/3353 3891/5195/3339 3892/5196/3354 3889/5197/3337
f 3893/5198/3355 3894/5199/3356 3895/5200/3357 3896/5201/3358
f 3894/5199/3359 3887/5190/3351 3897/5202/3360 3895/5200/3361
f 3891/5195/3339 3898/5203/3362 3899/5204/3363 3900/5205/3364
f 3898/5203/3365 3893/5198/3355 3901/5206/3366 3899/5204/3367
f 3900/5205/3364 3902/5207/3368 3903/5208/3369 3904/5209/3349
f 3902/5210/3370 3905/5211/3371 3906/5212/3372 3903/5213/3373
f 3907/5214/3374 3908/5215/3373 3909/5216/3370 3910/5217/3375
f 3908/5218/3369 3886/5189/3349 3911/5219/3376 3909/5220/3368
f 3885/5188/3347 3912/5221/3377 3913/5222/3378 3914/5223/3379
f 3912/5221/3380 3907/5214/3374 3915/5224/3381 3913/5222/3382
f 3890/5193/3352 3916/5225/3383 3917/5226/3384 3918/5227/3385
f 3916/5228/3386 3919/5229/3387 3920/5230/3388 3917/5231/3389
f 3919/5229/3387 3921/5232/3390 3922/5233/3391 3923/5234/3392
f 3921/5235/3348 3892/5196/3354 3904/5209/3349 3922/5236/3393
f 3910/5217/3375 3924/5237/3394 3925/5238/3395 3926/5239/3396
f 3924/5240/3397 3927/5241/3398 3928/5242/3399 3925/5243/3400
f 3927/5241/3398 3929/5244/3401 3930/5245/3402 3931/5246/3403
f 3929/5247/3404 3911/5219/3376 3879/5180/3339 3930/5248/3362
f 3893/5198/3355 3896/5201/3358 3932/5249/3405 3901/5206/3366
f 3885/5188/3347 3914/5223/3379 3933/5250/3406 3882/5185/3344
f 3934/5251/3407 3935/5252/3408 3936/5253/3409 3937/5254/3410
f 3938/5255/3411 3939/5256/3412 3935/5252/3408 3934/5251/3407
f 3896/5201/3358 3940/5257/3413 3941/5258/3414 3932/5249/3405
f 3940/5257/3415 3937/5254/3410 3936/5253/3409 3941/5258/3416
f 3938/5255/3411 3942/5259/3417 3943/5260/3418 3939/5256/3412
f 3942/5259/3419 3933/5250/3406 3914/5223/3379 3943/5260/3420
f 3891/5195/3339 3900/5205/3364 3904/5209/3349 3892/5196/3354
f 3886/5189/3349 3876/5177/3336 3879/5180/3339 3911/5219/3376
f 3944/5261/3421 3945/5262/3422 3946/5263/3423 3947/5264/3424
f 3945/5262/3422 3948/5265/3425 3949/5266/3426 3946/5263/3423
f 3948/5265/3425 3897/5202/3360 3918/5227/3385 3949/5266/3426
f 3897/5202/3360 3887/5190/3351 3890/5193/3352 3918/5227/3385
f 3950/5267/3427 3951/5268/3428 3952/5269/3429 3953/5270/3430
f 3905/5211/3371 3954/5271/3431 3955/5272/3432 3906/5212/3372
f 3954/5271/3431 3956/5273/3433 3957/5274/3434 3955/5272/3432
f 3956/5273/3433 3950/5267/3427 3953/5270/3430 3957/5274/3434
f 3958/5275/3435 3959/5276/3436 3960/5277/3437 3961/5278/3438
f 3959/5276/3436 3944/5261/3421 3947/5264/3424 3960/5277/3437
f 3880/5182/3341 3962/5279/3439 3963/5280/3440 3881/5183/3342
f 3962/5279/3439 3958/5275/3435 3961/5278/3438 3963/5280/3440
f 3951/5268/3428 3964/5281/3441 3965/5282/3442 3952/5269/3429
f 3964/5281/3441 3966/5283/3443 3967/5284/3444 3965/5282/3442
f 3966/5283/3443 3915/5224/3381 3926/5239/3396 3967/5284/3444
f 3915/5224/3381 3907/5214/3374 3910/5217/3375 3926/5239/3396
f 3919/5229/3387 3923/5234/3392 3859/5285/3445 3858/5286/3445
f 3927/5241/3398 3931/5246/3403 3861/5287/3446 3860/5288/3446
f 3968/5289/3447 3969/5290/3448 3863/5291/3449 3862/5292/3450
f 3969/5290/3448 3970/5293/3451 3864/5294/3452 3863/5291/3449
f 3970/5293/3453 3920/5230/3388 3865/5295/3454 3864/5294/3455
f 3920/5230/3388 3919/5229/3387 3858/5286/3445 3865/5295/3454
f 3971/5296/3456 3972/5297/3457 3867/5298/3450 3866/5299/3449
f 3923/5234/3392 3973/5300/3458 3868/5301/3454 3859/5285/3445
f 3973/5300/3458 3974/5302/3459 3869/5303/3455 3868/5301/3454
f 3974/5302/3460 3971/5296/3456 3866/5299/3449 3869/5303/3452
f 3975/5304/3461 3976/5305/3462 3871/5306/3463 3870/5307/3464
f 3976/5305/3462 3968/5289/3447 3862/5292/3450 3871/5306/3463
f 3931/5246/3403 3977/5308/3465 3872/5309/3466 3861/5287/3446
f 3977/5308/3465 3975/5304/3467 3870/5307/3468 3872/5309/3466
f 3972/5297/3457 3978/5310/3469 3873/5311/3470 3867/5298/3450
f 3978/5310/3469 3979/5312/3471 3874/5313/3464 3873/5311/3470
f 3979/5312/3472 3928/5242/3399 3875/5314/3466 3874/5313/3468
f 3928/5242/3399 3927/5241/3398 3860/5288/3446 3875/5314/3466
f 3880/5182/3341 3980/5315/3383 3981/5316/3473 3962/5279/3439
f 3980/5315/3386 3882/5185/3344 3933/5250/3406 3981/5316/3474
f 3896/5201/3358 3895/5200/3357 3982/5317/3475 3940/5257/3413
f 3895/5200/3361 3897/5202/3360 3948/5265/3425 3982/5317/3476
f 3905/5211/3371 3983/5318/3394 3984/5319/3477 3954/5271/3431
f 3983/5318/3397 3901/5206/3366 3932/5249/3405 3984/5319/3478
f 3914/5223/3379 3913/5222/3378 3985/5320/3479 3943/5260/3420
f 3913/5222/3382 3915/5224/3381 3966/5283/3443 3985/5320/3480
f 3934/5251/3407 3986/5321/3481 3987/5322/3482 3938/5255/3411
f 3986/5321/3483 3944/5261/3421 3959/5276/3436 3987/5322/3484
f 3944/5261/3421 3986/5321/3483 3988/5323/3485 3945/5262/3422
f 3986/5321/3481 3934/5251/3407 3937/5254/3410 3988/5323/3486
f 3935/5252/3408 3989/5324/3487 3990/5325/3488 3936/5253/3409
f 3989/5324/3489 3951/5268/3428 3950/5267/3427 3990/5325/3490
f 3951/5268/3428 3989/5324/3489 3991/5326/3491 3964/5281/3441
f 3989/5324/3487 3935/5252/3408 3939/5256/3412 3991/5326/3492
f 3936/5253/3409 3990/5325/3488 3992/5327/3493 3941/5258/3416
f 3990/5325/3490 3950/5267/3427 3956/5273/3433 3992/5327/3494
f 3938/5255/3411 3987/5322/3482 3993/5328/3495 3942/5259/3417
f 3987/5322/3484 3959/5276/3436 3958/5275/3435 3993/5328/3496
f 3945/5262/3422 3988/5323/3485 3982/5317/3476 3948/5265/3425
f 3988/5323/3486 3937/5254/3410 3940/5257/3415 3982/5317/3497
f 3954/5271/3431 3984/5319/3477 3992/5327/3494 3956/5273/3433
f 3984/5319/3478 3932/5249/3405 3941/5258/3414 3992/5327/3498
f 3962/5279/3439 3981/5316/3473 3993/5328/3496 3958/5275/3435
f 3981/5316/3474 3933/5250/3406 3942/5259/3419 3993/5328/3499
f 3964/5281/3441 3991/5326/3491 3985/5320/3480 3966/5283/3443
f 3991/5326/3492 3939/5256/3412 3943/5260/3418 3985/5320/3500
f 3947/5264/3424 3994/5329/3501 3995/5330/3502 3960/5277/3437
f 3994/5331/3503 3968/5289/3447 3976/5305/3462 3995/5332/3504
f 3968/5289/3447 3994/5331/3503 3996/5333/3505 3969/5290/3448
f 3994/5329/3501 3947/5264/3424 3946/5263/3423 3996/5334/3506
f 3969/5290/3448 3996/5333/3505 3997/5335/3507 3970/5293/3451
f 3996/5334/3506 3946/5263/3423 3949/5266/3426 3997/5336/3508
f 3970/5293/3453 3997/5337/3509 3917/5231/3389 3920/5230/3388
f 3997/5336/3508 3949/5266/3426 3918/5227/3385 3917/5226/3384
f 3953/5270/3430 3998/5338/3510 3999/5339/3511 3957/5274/3434
f 3998/5340/3512 3971/5296/3456 3974/5302/3460 3999/5341/3513
f 3971/5296/3456 3998/5340/3512 4000/5342/3514 3972/5297/3457
f 3998/5338/3510 3953/5270/3430 3952/5269/3429 4000/5343/3515
f 3923/5234/3392 4001/5344/3516 4002/5345/3517 3973/5300/3458
f 4001/5346/3518 3906/5212/3372 3955/5272/3432 4002/5347/3519
f 3973/5300/3458 4002/5345/3517 3999/5348/3520 3974/5302/3459
f 4002/5347/3519 3955/5272/3432 3957/5274/3434 3999/5339/3511
f 3960/5277/3437 3995/5330/3502 4003/5349/3521 3961/5278/3438
f 3995/5332/3504 3976/5305/3462 3975/5304/3461 4003/5350/3522
f 3961/5278/3438 4003/5349/3521 4004/5351/3523 3963/5280/3440
f 4003/5352/3524 3975/5304/3467 3977/5308/3465 4004/5353/3525
f 3931/5246/3403 4005/5354/3356 4004/5353/3525 3977/5308/3465
f 4005/5355/3359 3881/5183/3342 3963/5280/3440 4004/5351/3523
f 3972/5297/3457 4000/5342/3514 4006/5356/3526 3978/5310/3469
f 4000/5343/3515 3952/5269/3429 3965/5282/3442 4006/5357/3527
f 3978/5310/3469 4006/5356/3526 4007/5358/3528 3979/5312/3471
f 4006/5357/3527 3965/5282/3442 3967/5284/3444 4007/5359/3529
f 3979/5312/3472 4007/5360/3530 3925/5243/3400 3928/5242/3399
f 4007/5359/3529 3967/5284/3444 3926/5239/3396 3925/5238/3395
f 3980/5315/3383 3880/5182/3341 3877/5181/3340 4008/5361/3531
f 3877/5178/3337 3876/5177/3336 3883/5186/3348 4008/5361/3532
f 3883/5186/3345 3882/5185/3344 3980/5315/3386 4008/5361/3533
f 3898/5203/3362 3891/5195/3339 3888/5194/3353 4009/5362/3534
f 3888/5191/3343 3887/5190/3351 3894/5199/3359 4009/5362/3535
f 3894/5199/3356 3893/5198/3355 3898/5203/3365 4009/5362/3536
f 3983/5318/3394 3905/5211/3371 3902/5210/3370 4010/5363/3537
f 3902/5207/3368 3900/5205/3364 3899/5204/3363 4010/5363/3538
f 3899/5204/3367 3901/5206/3366 3983/5318/3397 4010/5363/3539
f 3884/5187/3350 3886/5189/3349 3908/5218/3369 4011/5364/3540
f 3908/5215/3373 3907/5214/3374 3912/5221/3380 4011/5364/3541
f 3912/5221/3377 3885/5188/3347 3884/5187/3346 4011/5364/3542
f 3921/5232/3390 3919/5229/3387 3916/5228/3386 4012/5365/3533
f 3916/5225/3383 3890/5193/3352 3889/5192/3340 4012/5366/3543
f 3889/5197/3337 3892/5196/3354 3921/5235/3348 4012/5367/3532
f 4001/5344/3516 3923/5234/3392 3922/5233/3391 4013/5368/3544
f 3922/5236/3393 3904/5209/3349 3903/5208/3369 4013/5369/3545
f 3903/5213/3373 3906/5212/3372 4001/5346/3518 4013/5370/3541
f 3929/5244/3401 3927/5241/3398 3924/5240/3397 4014/5371/3539
f 3924/5237/3394 3910/5217/3375 3909/5216/3370 4014/5372/3546
f 3909/5220/3368 3911/5219/3376 3929/5247/3404 4014/5373/3547
f 4005/5354/3356 3931/5246/3403 3930/5245/3402 4015/5374/3536
f 3930/5248/3362 3879/5180/3339 3878/5179/3338 4015/5375/3548
f 3878/5184/3343 3881/5183/3342 4005/5355/3359 4015/5376/3549
