# Blender 5.1.0
# www.blender.org
mtllib Objecte1.mtl
o Suzanne
v -2.985729 3.283976 -1.657060
v -3.713690 3.283976 -1.657060
v -2.949205 3.244933 -1.716794
v -3.750214 3.244933 -1.716794
v -2.912501 3.211828 -1.802077
v -3.786918 3.211828 -1.802077
v -3.058237 3.153533 -1.774009
v -3.641182 3.153533 -1.774009
v -3.058057 3.200313 -1.695024
v -3.641361 3.200313 -1.695024
v -3.057337 3.255729 -1.642667
v -3.642081 3.255729 -1.642667
v -3.126427 3.283976 -1.630612
v -3.572991 3.283976 -1.630612
v -3.166370 3.244933 -1.677751
v -3.533049 3.244933 -1.677751
v -3.203973 3.211828 -1.750259
v -3.495445 3.211828 -1.750259
v -3.263347 3.353246 -1.742703
v -3.436071 3.353246 -1.742703
v -3.211170 3.352526 -1.673973
v -3.488249 3.352526 -1.673973
v -3.154675 3.353066 -1.628273
v -3.544744 3.353066 -1.628273
v -3.126427 3.424855 -1.630612
v -3.572991 3.424855 -1.630612
v -3.166370 3.461199 -1.677751
v -3.533049 3.461199 -1.677751
v -3.203973 3.497903 -1.750259
v -3.495445 3.497903 -1.750259
v -3.058237 3.557276 -1.774009
v -3.641181 3.557276 -1.774009
v -3.058057 3.506179 -1.695024
v -3.641361 3.506179 -1.695024
v -3.057337 3.454002 -1.642667
v -3.642081 3.454002 -1.642667
v -2.985729 3.424855 -1.657060
v -3.713690 3.424855 -1.657060
v -2.949205 3.461199 -1.716794
v -3.750214 3.461199 -1.716794
v -2.912501 3.497903 -1.802077
v -3.786918 3.497903 -1.802077
v -2.853127 3.353246 -1.813951
v -3.846292 3.353246 -1.813951
v -2.904224 3.352526 -1.726870
v -3.795194 3.352526 -1.726870
v -2.957121 3.353066 -1.663538
v -3.742297 3.353066 -1.663537
v -2.976793 3.353126 -1.637749
v -3.722626 3.353126 -1.637749
v -2.999163 3.412020 -1.632291
v -3.700256 3.412020 -1.632291
v -3.057277 3.436610 -1.618977
v -3.642141 3.436609 -1.618977
v -3.113413 3.412020 -1.608841
v -3.586006 3.412020 -1.608841
v -3.137043 3.353126 -1.606922
v -3.562376 3.353126 -1.606922
v -3.113413 3.296991 -1.608841
v -3.586006 3.296991 -1.608841
v -3.057656 3.353038 -1.606184
v -3.641763 3.353038 -1.606184
v -3.057277 3.273361 -1.618977
v -3.642141 3.273361 -1.618977
v -2.999163 3.296991 -1.632291
v -3.700256 3.296991 -1.632291
v -3.349709 3.511217 -1.675052
v -3.349709 3.444417 -1.618852
v -3.349709 2.609092 -1.673613
v -3.349709 2.901284 -1.639068
v -3.349709 3.009237 -1.630072
v -3.349709 2.519491 -1.693404
v -3.349709 3.522852 -1.767892
v -3.349709 3.621132 -1.842804
v -3.349709 3.847669 -2.677933
v -3.349709 3.570951 -2.902834
v -3.349709 3.234498 -2.909672
v -3.349709 2.867459 -2.525000
v -3.154855 3.007077 -1.802976
v -3.544564 3.007077 -1.802976
v -3.116711 2.782536 -1.816830
v -3.582707 2.782536 -1.816830
v -3.088464 2.608372 -1.823847
v -3.610955 2.608372 -1.823847
v -3.076229 2.461197 -1.843099
v -3.623189 2.461197 -1.843099
v -3.106276 2.384910 -1.847957
v -3.593143 2.384910 -1.847957
v -3.210090 2.357562 -1.831044
v -3.489328 2.357562 -1.831044
v -3.349709 2.346767 -1.818629
v -2.998863 3.060694 -1.828165
v -3.700556 3.060694 -1.828165
v -2.833875 3.147956 -1.851555
v -3.865543 3.147956 -1.851555
v -2.705411 3.295131 -1.876564
v -3.994007 3.295131 -1.876564
v -2.683461 3.468395 -1.813771
v -4.015957 3.468395 -1.813771
v -2.780619 3.548100 -1.767172
v -3.918800 3.548100 -1.767172
v -2.942008 3.639501 -1.720572
v -3.757411 3.639501 -1.720572
v -3.081807 3.729461 -1.684228
v -3.617612 3.729461 -1.684228
v -3.200375 3.700494 -1.666956
v -3.499044 3.700494 -1.666956
v -3.283678 3.567532 -1.669655
v -3.415740 3.567532 -1.669655
v -3.210810 3.488187 -1.635290
v -3.488608 3.488187 -1.635290
v -3.248594 3.409381 -1.640867
v -3.450825 3.409381 -1.640867
v -3.170688 3.206070 -1.663357
v -3.528731 3.206070 -1.663357
v -3.042944 3.176743 -1.697362
v -3.656475 3.176743 -1.697362
v -2.927614 3.217046 -1.726690
v -3.771804 3.217046 -1.726690
v -2.839093 3.309165 -1.744142
v -3.860326 3.309165 -1.744142
v -2.819482 3.400565 -1.738744
v -3.879937 3.400565 -1.738744
v -2.863922 3.464797 -1.715894
v -3.835496 3.464797 -1.715894
v -2.982850 3.520393 -1.676132
v -3.716568 3.520393 -1.676132
v -3.146218 3.545042 -1.641947
v -3.553200 3.545042 -1.641947
v -3.349709 2.537123 -1.677571
v -3.255402 2.533453 -1.685617
v -3.444017 2.533453 -1.685617
v -3.247334 2.458678 -1.704739
v -3.452085 2.458678 -1.704739
v -3.288896 2.419635 -1.716434
v -3.410523 2.419635 -1.716434
v -3.349709 2.410099 -1.720033
v -3.349709 3.012578 -1.649863
v -3.349709 3.042244 -1.661640
v -3.271444 3.028668 -1.657420
v -3.427975 3.028668 -1.657420
v -3.247334 2.965516 -1.661558
v -3.452085 2.965516 -1.661558
v -3.274056 2.898506 -1.667093
v -3.425363 2.898506 -1.667093
v -3.024412 3.116650 -1.732987
v -3.675007 3.116650 -1.732987
v -2.862843 3.192936 -1.771850
v -3.836576 3.192936 -1.771850
v -2.762446 3.314023 -1.787683
v -3.936972 3.314023 -1.787683
v -2.744095 3.440867 -1.751159
v -3.955324 3.440867 -1.751159
v -2.811025 3.508698 -1.703300
v -3.888393 3.508698 -1.703300
v -2.966297 3.593980 -1.653822
v -3.733121 3.593980 -1.653822
v -3.085225 3.659652 -1.621436
v -3.614193 3.659652 -1.621436
v -3.179144 3.636082 -1.607402
v -3.520275 3.636082 -1.607402
v -3.260468 3.526690 -1.609741
v -3.438950 3.526690 -1.609741
v -3.222620 3.073550 -1.657714
v -3.476799 3.073550 -1.657714
v -3.177705 2.766703 -1.712296
v -3.521714 2.766703 -1.712296
v -3.150537 2.590920 -1.724890
v -3.548882 2.590920 -1.724890
v -3.142260 2.479009 -1.743243
v -3.557158 2.479009 -1.743242
v -3.166190 2.409559 -1.760335
v -3.533229 2.409559 -1.760335
v -3.235100 2.382751 -1.761415
v -3.464319 2.382751 -1.761415
v -3.349709 2.373755 -1.757816
v -3.349709 3.183956 -1.666939
v -3.349709 3.325178 -1.650583
v -3.075689 3.554758 -1.654721
v -3.623729 3.554758 -1.654721
v -3.228982 3.260047 -1.659579
v -3.470436 3.260047 -1.659579
v -3.249853 3.329316 -1.651842
v -3.449565 3.329316 -1.651842
v -3.255251 2.606393 -1.680450
v -3.444168 2.606393 -1.680450
v -3.272883 2.768682 -1.671454
v -3.426536 2.768682 -1.671454
v -3.349709 2.767422 -1.666056
v -3.349709 2.873576 -1.662818
v -3.282419 2.925933 -1.636909
v -3.417000 2.925933 -1.636909
v -3.252192 2.969294 -1.630252
v -3.447227 2.969294 -1.630252
v -3.269104 3.024890 -1.636009
v -3.430314 3.024890 -1.636009
v -3.316424 3.032986 -1.636009
v -3.382995 3.032986 -1.636009
v -3.349709 2.984538 -1.604523
v -3.309227 3.019402 -1.614239
v -3.390192 3.019402 -1.614239
v -3.277921 3.013465 -1.614239
v -3.421498 3.013465 -1.614239
v -3.275582 2.971453 -1.607582
v -3.423837 2.971453 -1.607582
v -3.292764 2.938708 -1.617747
v -3.406654 2.938708 -1.617747
v -3.349709 2.927552 -1.617477
v -3.148737 2.889049 -1.818629
v -3.550681 2.889049 -1.818629
v -3.213149 2.958499 -1.702220
v -3.486269 2.958499 -1.702220
v -3.200015 2.886170 -1.711756
v -3.499404 2.886170 -1.711756
v -3.169608 2.950042 -1.812152
v -3.529810 2.950042 -1.812152
v -3.349709 2.428091 -1.721832
v -3.308867 2.437627 -1.718593
v -3.390551 2.437627 -1.718593
v -3.275582 2.475230 -1.705099
v -3.423837 2.475231 -1.705099
v -3.282959 2.522190 -1.693224
v -3.416460 2.522190 -1.693224
v -3.349709 2.501499 -1.733347
v -3.289616 2.506357 -1.732867
v -3.409803 2.506357 -1.732867
v -3.280620 2.480718 -1.736855
v -3.418799 2.480718 -1.736855
v -3.306888 2.459038 -1.747441
v -3.392530 2.459038 -1.747441
v -3.349709 2.450761 -1.748820
v -3.206492 3.335074 -1.645005
v -3.492927 3.335074 -1.645005
v -3.192278 3.283077 -1.648244
v -3.507140 3.283077 -1.648244
v -3.069032 3.505639 -1.656520
v -3.630386 3.505639 -1.656520
v -3.125168 3.498982 -1.647884
v -3.574251 3.498982 -1.647884
v -2.992386 3.483149 -1.665157
v -3.707033 3.483149 -1.665157
v -2.898287 3.442127 -1.705819
v -3.801131 3.442127 -1.705819
v -2.865541 3.387071 -1.721652
v -3.833877 3.387071 -1.721652
v -2.881374 3.313483 -1.720932
v -3.818044 3.313483 -1.720932
v -2.954242 3.240615 -1.698802
v -3.745176 3.240615 -1.698802
v -3.045463 3.212368 -1.675052
v -3.653956 3.212368 -1.675052
v -3.147658 3.241515 -1.651483
v -3.551761 3.241515 -1.651483
v -3.201994 3.398766 -1.642487
v -3.497425 3.398766 -1.642487
v -3.173926 3.460839 -1.642307
v -3.525492 3.460839 -1.642307
v -3.154315 3.446085 -1.655261
v -3.545104 3.446085 -1.655261
v -3.182383 3.396427 -1.657420
v -3.517036 3.396427 -1.657420
v -3.135963 3.256088 -1.661738
v -3.563456 3.256088 -1.661738
v -3.045283 3.232339 -1.681170
v -3.654136 3.232339 -1.681170
v -2.967557 3.257168 -1.702760
v -3.731862 3.257168 -1.702760
v -2.907103 3.323019 -1.723271
v -3.792315 3.323019 -1.723271
v -2.894149 3.382393 -1.726510
v -3.805270 3.382393 -1.726510
v -2.922216 3.429892 -1.712476
v -3.777202 3.429892 -1.712476
v -3.001022 3.469835 -1.672533
v -3.698396 3.469835 -1.672533
v -3.115452 3.477391 -1.653102
v -3.583967 3.477391 -1.653102
v -3.067953 3.484948 -1.660659
v -3.631466 3.484948 -1.660659
v -3.176985 3.294951 -1.661738
v -3.522434 3.294951 -1.661738
v -3.186701 3.341371 -1.661738
v -3.512718 3.341371 -1.661738
v -3.238734 3.567770 -1.775132
v -3.460685 3.567770 -1.775132
v -3.175905 3.678184 -1.751339
v -3.523513 3.678184 -1.751339
v -3.080907 3.699774 -1.765643
v -3.618511 3.699774 -1.765643
v -2.980252 3.610735 -1.821249
v -3.719167 3.610735 -1.821249
v -2.798971 3.538385 -1.879083
v -3.900448 3.538385 -1.879083
v -2.706491 3.465337 -1.916866
v -3.992928 3.465337 -1.916866
v -2.713148 3.301788 -1.984337
v -3.986270 3.301789 -1.984337
v -2.832436 3.151554 -1.971023
v -3.866983 3.151554 -1.971023
v -3.010651 3.053440 -1.919011
v -3.688767 3.053440 -1.919011
v -3.349709 3.849468 -2.073038
v -3.349709 3.930073 -2.356954
v -3.349709 3.011396 -2.783007
v -3.349709 2.796210 -2.192146
v -3.349709 2.373035 -1.906791
v -3.349709 2.504378 -1.981638
v -3.349709 2.669186 -2.014024
v -3.349709 2.758786 -2.062603
v -2.683641 3.337773 -2.175413
v -4.015778 3.337773 -2.175413
v -2.665332 3.393879 -2.326079
v -4.034086 3.393879 -2.326079
v -2.721684 3.392195 -2.623770
v -3.977735 3.392195 -2.623770
v -3.024412 3.518054 -2.827088
v -3.675007 3.518054 -2.827088
v -2.781014 3.130647 -2.223222
v -3.918404 3.130647 -2.223222
v -2.831277 3.066394 -2.425568
v -3.868141 3.066394 -2.425568
v -2.808686 3.160730 -2.609023
v -3.890732 3.160730 -2.609023
v -3.084026 3.222263 -2.832425
v -3.615393 3.222263 -2.832425
v -3.153055 2.826797 -1.945114
v -3.546363 2.826797 -1.945114
v -3.220166 2.794411 -2.047489
v -3.479253 2.794411 -2.047489
v -3.120850 2.535324 -1.944574
v -3.578569 2.535324 -1.944574
v -3.142440 2.697973 -1.942595
v -3.556978 2.697973 -1.942595
v -3.115992 2.417296 -1.924873
v -3.583427 2.417296 -1.924873
v -3.231321 2.527588 -1.972822
v -3.468097 2.527588 -1.972822
v -3.239058 2.692036 -1.996572
v -3.460361 2.692036 -1.996572
v -3.215308 2.390488 -1.917226
v -3.484110 2.390488 -1.917226
v -3.147535 2.913922 -1.956147
v -3.551883 2.913922 -1.956147
v -3.144719 2.975231 -1.891797
v -3.554699 2.975231 -1.891797
v -3.135873 3.008607 -1.867838
v -3.563546 3.008607 -1.867838
v -3.173573 2.852518 -2.160177
v -3.525845 2.852518 -2.160177
v -3.129126 2.914778 -2.489196
v -3.570293 2.914778 -2.489196
v -3.101298 3.044861 -2.726632
v -3.598120 3.044861 -2.726632
v -3.010558 3.802689 -2.627735
v -3.688861 3.802689 -2.627735
v -3.010738 3.885273 -2.364330
v -3.688681 3.885273 -2.364330
v -3.010198 3.810066 -2.120177
v -3.689220 3.810066 -2.120177
v -3.002281 3.626006 -1.941875
v -3.697137 3.626006 -1.941875
v -2.730421 3.491426 -2.055766
v -3.968998 3.491426 -2.055766
v -2.827218 3.565193 -2.028418
v -3.872200 3.565193 -2.028418
v -2.825059 3.708590 -2.210138
v -3.874360 3.708590 -2.210138
v -2.709730 3.587863 -2.219134
v -3.989689 3.587863 -2.219134
v -2.707571 3.624927 -2.406252
v -3.991848 3.624927 -2.406252
v -2.822900 3.762567 -2.418667
v -3.876518 3.762567 -2.418667
v -2.825419 3.682502 -2.619638
v -3.874000 3.682502 -2.619638
v -2.724663 3.583455 -2.568541
v -3.974756 3.583455 -2.568541
v -2.853667 3.435290 -2.739286
v -3.845752 3.435290 -2.739286
v -2.950241 3.167179 -2.708189
v -3.749177 3.167179 -2.708189
v -2.664296 3.447251 -2.455622
v -4.035123 3.447251 -2.455622
v -3.013717 2.997607 -2.150332
v -3.685701 2.997607 -2.150332
v -2.982850 3.011755 -2.455550
v -3.716568 3.011755 -2.455550
v -2.603396 3.475952 -2.506648
v -4.096023 3.475952 -2.506648
v -2.686340 3.057096 -2.450693
v -4.013079 3.057096 -2.450693
v -2.491485 3.093080 -2.562244
v -4.207933 3.093080 -2.562244
v -2.316602 3.214527 -2.637631
v -4.382817 3.214527 -2.637631
v -2.263165 3.399126 -2.645187
v -4.436254 3.399126 -2.645187
v -2.343950 3.528489 -2.632773
v -4.355469 3.528489 -2.632773
v -2.491845 3.527590 -2.566922
v -4.207573 3.527590 -2.566922
v -2.494904 3.489266 -2.541013
v -4.204515 3.489266 -2.541013
v -2.373637 3.489266 -2.607224
v -4.325782 3.489266 -2.607224
v -2.311924 3.381314 -2.627555
v -4.387495 3.381314 -2.627555
v -2.357084 3.227661 -2.616400
v -4.342335 3.227661 -2.616400
v -2.495444 3.127985 -2.538494
v -4.203975 3.127985 -2.538494
v -2.650536 3.099017 -2.434500
v -4.048883 3.099017 -2.434500
v -2.583065 3.446085 -2.485777
v -4.116354 3.446085 -2.485777
v -2.565073 3.406502 -2.528958
v -4.134346 3.406503 -2.528958
v -2.613112 3.131583 -2.486137
v -4.086307 3.131583 -2.486137
v -2.489506 3.156052 -2.576997
v -4.209912 3.156052 -2.576997
v -2.373637 3.235398 -2.643028
v -4.325782 3.235398 -2.643028
v -2.334594 3.355945 -2.653464
v -4.364825 3.355945 -2.653464
v -2.385692 3.439788 -2.637451
v -4.313727 3.439788 -2.637451
v -2.490406 3.440508 -2.581855
v -4.209013 3.440508 -2.581855
v -2.641540 3.389950 -2.464546
v -4.057879 3.389950 -2.464546
v -2.664569 3.295311 -2.507907
v -4.034849 3.295311 -2.507907
v -2.704872 3.232699 -2.508447
v -3.994547 3.232699 -2.508447
v -2.678243 3.209129 -2.518073
v -4.021175 3.209129 -2.518073
v -2.671946 3.171705 -2.507548
v -4.027472 3.171705 -2.507548
v -2.674645 3.140579 -2.496212
v -4.024774 3.140579 -2.496212
v -2.734499 3.185319 -2.352156
v -3.964920 3.185319 -2.352156
v -2.742108 3.127107 -2.422114
v -3.957310 3.127107 -2.422114
v -2.729672 3.196153 -2.445432
v -3.969746 3.196153 -2.445432
v -2.682382 3.317082 -2.447274
v -4.017037 3.317082 -2.447274
v -2.616710 3.356305 -2.508447
v -4.082708 3.356305 -2.508447
v -2.600518 3.337233 -2.549829
v -4.098901 3.337233 -2.549829
v -2.653144 3.146247 -2.531297
v -4.046274 3.146247 -2.531297
v -2.642259 3.173865 -2.544072
v -4.057159 3.173865 -2.544072
v -2.660071 3.216146 -2.544791
v -4.039347 3.216146 -2.544791
v -2.687959 3.240705 -2.540743
v -4.011459 3.240705 -2.540743
v -2.648017 3.284336 -2.544971
v -4.051402 3.284336 -2.544971
v -2.477751 3.415379 -2.617839
v -4.221667 3.415379 -2.617839
v -2.389590 3.414659 -2.660301
v -4.309829 3.414659 -2.660301
v -2.345749 3.343710 -2.670376
v -4.353670 3.343710 -2.670376
v -2.383712 3.244753 -2.659761
v -4.315706 3.244753 -2.659761
v -2.489686 3.176743 -2.608483
v -4.209733 3.176743 -2.608483
v -2.600158 3.150655 -2.531837
v -4.099261 3.150655 -2.531837
v -2.548880 3.383113 -2.571599
v -4.150538 3.383113 -2.571599
v -2.611853 3.247092 -2.558465
v -4.087566 3.247092 -2.558465
v -2.586304 3.201392 -2.559005
v -4.113115 3.201392 -2.559005
v -2.520632 3.245833 -2.590851
v -4.178786 3.245833 -2.590851
v -2.558596 3.295851 -2.574118
v -4.140823 3.295851 -2.574119
v -2.508938 3.343350 -2.592470
v -4.190481 3.343350 -2.592470
v -2.461438 3.296751 -2.612802
v -4.237980 3.296751 -2.612802
v -2.417268 3.337053 -2.627375
v -4.282151 3.337053 -2.627375
v -2.448064 3.378855 -2.619818
v -4.251354 3.378855 -2.619818
v -2.490945 3.446445 -2.657782
v -4.208473 3.446445 -2.657782
v -2.325478 3.466236 -2.704981
v -4.373940 3.466236 -2.704981
v -2.251650 3.389140 -2.694936
v -4.447768 3.389140 -2.694936
v -2.302448 3.260587 -2.702282
v -4.396971 3.260587 -2.702282
v -2.487347 3.161810 -2.654183
v -4.212071 3.161810 -2.654183
v -2.674825 3.129964 -2.569800
v -4.024594 3.129964 -2.569800
v -2.631644 3.399486 -2.595529
v -4.067775 3.399486 -2.595529
v -2.919220 3.352585 -1.707663
v -2.934046 3.352729 -1.690346
v -2.947186 3.352906 -1.675457
v -2.958985 3.333770 -1.663082
v -2.964476 3.315418 -1.661783
v -2.973441 3.298617 -1.659742
v -2.978984 3.276535 -1.668266
v -2.969963 3.266681 -1.682204
v -2.959693 3.255715 -1.698504
v -2.930184 3.267969 -1.720949
v -2.916054 3.294277 -1.724126
v -2.907255 3.322811 -1.726156
v -3.792164 3.322811 -1.726156
v -3.783364 3.294277 -1.724126
v -3.769235 3.267969 -1.720949
v -3.739725 3.255715 -1.698504
v -3.729455 3.266681 -1.682204
v -3.720434 3.276535 -1.668266
v -3.725978 3.298617 -1.659742
v -3.734943 3.315418 -1.661783
v -3.740433 3.333769 -1.663082
v -3.752232 3.352906 -1.675457
v -3.765372 3.352729 -1.690346
v -3.780199 3.352585 -1.707663
v -2.865058 3.352982 -1.791338
v -2.877326 3.352751 -1.769061
v -2.890269 3.352588 -1.747459
v -2.939320 3.235358 -1.736698
v -2.930043 3.226896 -1.757816
v -2.921171 3.219177 -1.779744
v -2.887284 3.241970 -1.807120
v -2.868645 3.276464 -1.810848
v -2.857091 3.313995 -1.813159
v -3.842328 3.313995 -1.813159
v -3.830774 3.276464 -1.810848
v -3.812135 3.241970 -1.807120
v -3.778248 3.219177 -1.779744
v -3.769375 3.226896 -1.757816
v -3.760098 3.235358 -1.736698
v -3.809149 3.352588 -1.747459
v -3.822092 3.352751 -1.769061
v -3.834361 3.352982 -1.791338
v -2.972564 3.226120 -1.711849
v -2.999245 3.212098 -1.706381
v -3.028120 3.203338 -1.700677
v -3.058161 3.186729 -1.713058
v -3.058214 3.174764 -1.732560
v -3.058234 3.163879 -1.753040
v -3.018008 3.157480 -1.781431
v -2.979296 3.168917 -1.788852
v -2.943622 3.187235 -1.795869
v -3.755797 3.187235 -1.795869
v -3.720122 3.168917 -1.788852
v -3.681411 3.157480 -1.781431
v -3.641184 3.163879 -1.753040
v -3.641204 3.174764 -1.732560
v -3.641258 3.186729 -1.713058
v -3.671299 3.203338 -1.700677
v -3.700173 3.212098 -1.706381
v -3.726855 3.226120 -1.711849
v -3.001067 3.272048 -1.653850
v -3.018699 3.263173 -1.650268
v -3.037748 3.257638 -1.646484
v -3.057500 3.245248 -1.652644
v -3.057697 3.231259 -1.664729
v -3.057894 3.215651 -1.678873
v -3.641525 3.215651 -1.678873
v -3.641721 3.231259 -1.664729
v -3.641918 3.245248 -1.652644
v -3.661670 3.257638 -1.646484
v -3.680719 3.263173 -1.650268
v -3.698352 3.272048 -1.653850
v -3.076634 3.257638 -1.638987
v -3.094986 3.263173 -1.635627
v -3.111786 3.272048 -1.632774
v -3.133883 3.276535 -1.639698
v -3.143834 3.266681 -1.650538
v -3.155068 3.255715 -1.663200
v -3.143171 3.226120 -1.680855
v -3.116666 3.212098 -1.684903
v -3.087935 3.203338 -1.689693
v -3.611483 3.203338 -1.689693
v -3.582752 3.212098 -1.684903
v -3.556247 3.226120 -1.680855
v -3.544350 3.255715 -1.663200
v -3.555584 3.266681 -1.650538
v -3.565536 3.276535 -1.639698
v -3.587633 3.272048 -1.632774
v -3.604433 3.263173 -1.635627
v -3.622785 3.257638 -1.638987
v -3.176774 3.235358 -1.694166
v -3.186318 3.226896 -1.712049
v -3.195289 3.219177 -1.730909
v -3.172852 3.187235 -1.754881
v -3.137177 3.168917 -1.760515
v -3.098466 3.157480 -1.766958
v -3.600952 3.157480 -1.766958
v -3.562241 3.168917 -1.760515
v -3.526566 3.187235 -1.754881
v -3.504129 3.219177 -1.730909
v -3.513100 3.226896 -1.712049
v -3.522645 3.235358 -1.694166
v -3.185287 3.267969 -1.675719
v -3.199363 3.294277 -1.674580
v -3.208142 3.322811 -1.674083
v -3.225749 3.352588 -1.689620
v -3.239013 3.352751 -1.706583
v -3.251399 3.352982 -1.724424
v -3.259383 3.313995 -1.743124
v -3.247829 3.276464 -1.744457
v -3.229190 3.241970 -1.746801
v -3.470228 3.241970 -1.746801
v -3.451590 3.276464 -1.744457
v -3.440035 3.313995 -1.743124
v -3.448019 3.352982 -1.724424
v -3.460406 3.352751 -1.706583
v -3.473669 3.352588 -1.689620
v -3.491276 3.322811 -1.674083
v -3.500056 3.294277 -1.674580
v -3.514132 3.267969 -1.675719
v -3.138355 3.298617 -1.629260
v -3.147230 3.315418 -1.628565
v -3.152766 3.333769 -1.628309
v -3.165172 3.352906 -1.637184
v -3.179279 3.352729 -1.647749
v -3.195208 3.352585 -1.660001
v -3.504211 3.352585 -1.660001
v -3.520140 3.352729 -1.647749
v -3.534247 3.352906 -1.637185
v -3.546653 3.333769 -1.628309
v -3.552188 3.315418 -1.628565
v -3.561063 3.298617 -1.629260
v -3.152766 3.372658 -1.628309
v -3.147230 3.391726 -1.628565
v -3.138355 3.409412 -1.629260
v -3.133883 3.431495 -1.639698
v -3.143834 3.440463 -1.650538
v -3.155068 3.450713 -1.663200
v -3.185287 3.437843 -1.675719
v -3.199363 3.411180 -1.674580
v -3.208142 3.382360 -1.674083
v -3.491276 3.382360 -1.674083
v -3.500056 3.411180 -1.674580
v -3.514132 3.437843 -1.675719
v -3.544350 3.450713 -1.663200
v -3.555584 3.440463 -1.650538
v -3.565536 3.431495 -1.639698
v -3.561063 3.409412 -1.629260
v -3.552188 3.391726 -1.628565
v -3.546653 3.372658 -1.628309
v -3.176774 3.471083 -1.694166
v -3.186318 3.480360 -1.712049
v -3.195289 3.489233 -1.730909
v -3.229190 3.466799 -1.746801
v -3.247829 3.431242 -1.744457
v -3.259383 3.392851 -1.743124
v -3.440035 3.392851 -1.743124
v -3.451590 3.431242 -1.744457
v -3.470228 3.466799 -1.746801
v -3.504129 3.489233 -1.730909
v -3.513100 3.480360 -1.712049
v -3.522645 3.471083 -1.694166
v -3.143171 3.480220 -1.680855
v -3.116666 3.494349 -1.684903
v -3.087935 3.503148 -1.689693
v -3.058161 3.520134 -1.713058
v -3.058214 3.533077 -1.732560
v -3.058234 3.545346 -1.753040
v -3.098466 3.553313 -1.766958
v -3.137177 3.541758 -1.760515
v -3.172852 3.523120 -1.754881
v -3.526566 3.523120 -1.754881
v -3.562241 3.541758 -1.760515
v -3.600952 3.553313 -1.766958
v -3.641184 3.545346 -1.753040
v -3.641204 3.533077 -1.732560
v -3.641258 3.520134 -1.713058
v -3.611483 3.503148 -1.689693
v -3.582752 3.494349 -1.684903
v -3.556247 3.480220 -1.680855
v -3.111786 3.437303 -1.632774
v -3.094986 3.446445 -1.635627
v -3.076634 3.452079 -1.638987
v -3.057500 3.463521 -1.652644
v -3.057697 3.476447 -1.664729
v -3.057894 3.491195 -1.678873
v -3.641525 3.491195 -1.678873
v -3.641721 3.476447 -1.664729
v -3.641918 3.463521 -1.652644
v -3.622785 3.452079 -1.638987
v -3.604433 3.446445 -1.635627
v -3.587633 3.437303 -1.632774
v -3.037748 3.452079 -1.646484
v -3.018699 3.446445 -1.650268
v -3.001067 3.437303 -1.653850
v -2.978984 3.431495 -1.668266
v -2.969963 3.440463 -1.682204
v -2.959693 3.450713 -1.698504
v -2.972564 3.480220 -1.711849
v -2.999245 3.494349 -1.706381
v -3.028120 3.503148 -1.700677
v -3.671299 3.503148 -1.700677
v -3.700173 3.494349 -1.706381
v -3.726855 3.480220 -1.711849
v -3.739725 3.450713 -1.698504
v -3.729455 3.440463 -1.682204
v -3.720434 3.431495 -1.668266
v -3.698351 3.437303 -1.653850
v -3.680719 3.446445 -1.650268
v -3.661670 3.452079 -1.646484
v -2.939320 3.471083 -1.736698
v -2.930043 3.480360 -1.757816
v -2.921171 3.489233 -1.779744
v -2.943622 3.523120 -1.795869
v -2.979296 3.541758 -1.788852
v -3.018008 3.553313 -1.781431
v -3.681411 3.553313 -1.781431
v -3.720122 3.541758 -1.788852
v -3.755797 3.523120 -1.795869
v -3.778248 3.489233 -1.779744
v -3.769375 3.480360 -1.757816
v -3.760098 3.471083 -1.736698
v -2.930184 3.437843 -1.720949
v -2.916054 3.411180 -1.724126
v -2.907255 3.382360 -1.726156
v -2.857091 3.392851 -1.813159
v -2.868645 3.431242 -1.810848
v -2.887284 3.466799 -1.807120
v -3.812135 3.466799 -1.807120
v -3.830774 3.431242 -1.810848
v -3.842328 3.392851 -1.813159
v -3.792164 3.382360 -1.726156
v -3.783364 3.411180 -1.724126
v -3.769235 3.437843 -1.720949
v -2.973441 3.409412 -1.659742
v -2.964476 3.391726 -1.661783
v -2.958985 3.372658 -1.663082
v -3.740433 3.372658 -1.663082
v -3.734943 3.391726 -1.661783
v -3.725978 3.409412 -1.659742
v -2.970379 3.353193 -1.643144
v -2.966597 3.353209 -1.648439
v -2.962995 3.353168 -1.654835
v -2.989633 3.421112 -1.648729
v -2.991996 3.418932 -1.642494
v -2.994584 3.416505 -1.637350
v -2.988846 3.399321 -1.634882
v -2.981448 3.385092 -1.636782
v -2.977734 3.369424 -1.637605
v -3.721684 3.369424 -1.637605
v -3.717970 3.385092 -1.636782
v -3.710572 3.399321 -1.634882
v -3.704834 3.416505 -1.637350
v -3.707423 3.418932 -1.642494
v -3.709786 3.421112 -1.648729
v -3.736423 3.353168 -1.654836
v -3.732821 3.353209 -1.648439
v -3.729039 3.353193 -1.643144
v -3.057235 3.448771 -1.634757
v -3.057195 3.445890 -1.628505
v -3.057211 3.442717 -1.623412
v -3.040992 3.435446 -1.622626
v -3.025409 3.431167 -1.626264
v -3.011411 3.423027 -1.629452
v -3.688007 3.423027 -1.629452
v -3.674010 3.431167 -1.626264
v -3.658427 3.435446 -1.622626
v -3.642208 3.442717 -1.623412
v -3.642224 3.445890 -1.628505
v -3.642183 3.448771 -1.634757
v -3.122175 3.421112 -1.623187
v -3.119807 3.418932 -1.617230
v -3.117496 3.416505 -1.612521
v -3.101534 3.423027 -1.610645
v -3.088194 3.431167 -1.613017
v -3.073264 3.435446 -1.615775
v -3.626154 3.435446 -1.615775
v -3.611225 3.431167 -1.613017
v -3.597884 3.423027 -1.610645
v -3.581923 3.416505 -1.612521
v -3.579611 3.418932 -1.617230
v -3.577243 3.421112 -1.623187
v -3.148833 3.353168 -1.620956
v -3.145724 3.353209 -1.615079
v -3.142682 3.353193 -1.610461
v -3.135864 3.369424 -1.606982
v -3.131660 3.385092 -1.607222
v -3.123835 3.399321 -1.607762
v -3.575583 3.399321 -1.607762
v -3.567759 3.385092 -1.607222
v -3.563555 3.369424 -1.606982
v -3.556737 3.353193 -1.610461
v -3.553695 3.353209 -1.615079
v -3.550586 3.353168 -1.620956
v -3.122175 3.288228 -1.623187
v -3.119807 3.290596 -1.617230
v -3.117496 3.292908 -1.612521
v -3.123835 3.308869 -1.607762
v -3.131660 3.322210 -1.607222
v -3.135864 3.337139 -1.606982
v -3.563555 3.337139 -1.606982
v -3.567759 3.322210 -1.607222
v -3.575583 3.308869 -1.607762
v -3.581923 3.292908 -1.612521
v -3.579611 3.290596 -1.617230
v -3.577243 3.288228 -1.623187
v -3.057235 3.261570 -1.634757
v -3.057195 3.264680 -1.628505
v -3.057211 3.267721 -1.623412
v -3.073264 3.274540 -1.615775
v -3.088194 3.278744 -1.613017
v -3.101534 3.286568 -1.610645
v -3.597884 3.286568 -1.610645
v -3.611225 3.278744 -1.613017
v -3.626154 3.274540 -1.615775
v -3.642208 3.267721 -1.623412
v -3.642224 3.264680 -1.628505
v -3.642183 3.261570 -1.634757
v -2.989633 3.288228 -1.648729
v -2.991996 3.290596 -1.642494
v -2.994584 3.292908 -1.637350
v -3.011411 3.286568 -1.629452
v -3.025409 3.278744 -1.626264
v -3.040992 3.274540 -1.622626
v -3.658427 3.274540 -1.622626
v -3.674010 3.278744 -1.626264
v -3.688007 3.286568 -1.629452
v -3.704834 3.292908 -1.637350
v -3.707423 3.290596 -1.642494
v -3.709786 3.288228 -1.648729
v -2.977734 3.337139 -1.637605
v -2.981448 3.322210 -1.636782
v -2.988846 3.308869 -1.634882
v -3.710572 3.308869 -1.634882
v -3.717970 3.322210 -1.636782
v -3.721684 3.337139 -1.637605
v -2.987799 3.353026 -1.631324
v -3.003398 3.352957 -1.624045
v -3.023748 3.352971 -1.616175
v -3.033386 3.329087 -1.613803
v -3.018534 3.314964 -1.620289
v -3.007145 3.304320 -1.626546
v -3.675671 3.352971 -1.616175
v -3.696020 3.352957 -1.624045
v -3.711620 3.353026 -1.631324
v -3.692274 3.304320 -1.626546
v -3.680884 3.314964 -1.620289
v -3.666032 3.329087 -1.613803
v -3.057549 3.319135 -1.608237
v -3.057480 3.298951 -1.611173
v -3.057381 3.283745 -1.614836
v -3.642037 3.283745 -1.614836
v -3.641939 3.298951 -1.611173
v -3.641870 3.319135 -1.608237
v -3.081387 3.329087 -1.603899
v -3.095458 3.314964 -1.604313
v -3.106086 3.304320 -1.606049
v -3.593333 3.304320 -1.606049
v -3.603961 3.314964 -1.604313
v -3.618032 3.329087 -1.603899
v -3.091338 3.352971 -1.602758
v -3.111471 3.352957 -1.602859
v -3.126660 3.353026 -1.604345
v -3.572758 3.353026 -1.604345
v -3.587947 3.352957 -1.602859
v -3.608080 3.352971 -1.602758
v -3.081387 3.377632 -1.603899
v -3.095458 3.392585 -1.604313
v -3.106086 3.404036 -1.606049
v -3.593333 3.404036 -1.606049
v -3.603961 3.392585 -1.604313
v -3.618032 3.377632 -1.603899
v -3.057549 3.388041 -1.608237
v -3.057480 3.409288 -1.611173
v -3.057381 3.425457 -1.614836
v -3.642037 3.425457 -1.614836
v -3.641939 3.409288 -1.611173
v -3.641870 3.388041 -1.608237
v -3.033386 3.377632 -1.613803
v -3.018534 3.392585 -1.620289
v -3.007145 3.404036 -1.626546
v -3.692274 3.404036 -1.626546
v -3.680884 3.392585 -1.620289
v -3.666032 3.377632 -1.613803
v -3.313624 2.347644 -1.819633
v -3.278011 2.350005 -1.822340
v -3.243342 2.353446 -1.826296
v -3.212708 2.360638 -1.811334
v -3.217535 2.366243 -1.793328
v -3.224892 2.373806 -1.776772
v -3.260623 2.379220 -1.760245
v -3.288828 2.376364 -1.759076
v -3.318822 2.374452 -1.758176
v -3.349709 2.364731 -1.770709
v -3.349709 2.356887 -1.784849
v -3.349709 2.350731 -1.800677
v -3.380597 2.374452 -1.758176
v -3.410590 2.376364 -1.759076
v -3.438796 2.379220 -1.760245
v -3.474527 2.373806 -1.776772
v -3.481884 2.366243 -1.793328
v -3.486711 2.360638 -1.811334
v -3.456076 2.353446 -1.826296
v -3.421408 2.350005 -1.822340
v -3.385795 2.347644 -1.819633
v -3.178815 2.362139 -1.836115
v -3.150424 2.367728 -1.840985
v -3.125913 2.375071 -1.845112
v -3.115561 2.385599 -1.824069
v -3.129148 2.390420 -1.801379
v -3.146277 2.398649 -1.780073
v -3.178703 2.399475 -1.762072
v -3.194235 2.392174 -1.762629
v -3.212972 2.386864 -1.762308
v -3.486447 2.386864 -1.762309
v -3.505184 2.392174 -1.762629
v -3.520716 2.399475 -1.762072
v -3.553141 2.398649 -1.780073
v -3.570270 2.390420 -1.801379
v -3.583857 2.385599 -1.824069
v -3.573506 2.375071 -1.845112
v -3.548995 2.367728 -1.840985
v -3.520603 2.362139 -1.836115
v -3.092194 2.397943 -1.849095
v -3.083089 2.414687 -1.848564
v -3.078065 2.435614 -1.846514
v -3.083586 2.455150 -1.815174
v -3.098112 2.457621 -1.788920
v -3.118204 2.466333 -1.764791
v -3.144759 2.458290 -1.748266
v -3.149435 2.439426 -1.753071
v -3.156505 2.422992 -1.757234
v -3.542914 2.422992 -1.757234
v -3.549984 2.439426 -1.753071
v -3.554659 2.458290 -1.748266
v -3.581214 2.466333 -1.764791
v -3.601306 2.457621 -1.788920
v -3.615832 2.455150 -1.815174
v -3.621354 2.435614 -1.846514
v -3.616330 2.414687 -1.848564
v -3.607224 2.397943 -1.849095
v -3.076774 2.491733 -1.838547
v -3.079243 2.526823 -1.833405
v -3.083263 2.565894 -1.828297
v -3.093988 2.595145 -1.794520
v -3.107558 2.589188 -1.768027
v -3.127099 2.588460 -1.744704
v -3.146005 2.555824 -1.729175
v -3.143025 2.526463 -1.733662
v -3.141732 2.501353 -1.738351
v -3.557687 2.501353 -1.738351
v -3.556394 2.526463 -1.733662
v -3.553414 2.555824 -1.729175
v -3.572320 2.588460 -1.744704
v -3.591861 2.589188 -1.768027
v -3.605431 2.595145 -1.794520
v -3.616156 2.565894 -1.828297
v -3.620176 2.526823 -1.833405
v -3.622644 2.491733 -1.838547
v -3.094522 2.653398 -1.820549
v -3.101305 2.698962 -1.818382
v -3.108730 2.742773 -1.817193
v -3.123180 2.774142 -1.786505
v -3.136750 2.769357 -1.758288
v -3.155549 2.767203 -1.733209
v -3.170499 2.723676 -1.714314
v -3.163244 2.677799 -1.717244
v -3.156426 2.632428 -1.720848
v -3.542992 2.632428 -1.720848
v -3.536175 2.677799 -1.717244
v -3.528919 2.723676 -1.714314
v -3.543869 2.767203 -1.733209
v -3.562669 2.769357 -1.758288
v -3.576238 2.774142 -1.786505
v -3.590688 2.742773 -1.817193
v -3.598113 2.698962 -1.818382
v -3.604897 2.653398 -1.820549
v -3.194299 3.045247 -1.694930
v -3.176651 3.027601 -1.733238
v -3.163702 3.014939 -1.770358
v -3.126559 3.019908 -1.807013
v -3.088396 3.032537 -1.813547
v -3.044465 3.045839 -1.821092
v -3.003715 3.069209 -1.803553
v -3.010153 3.082667 -1.777675
v -3.017333 3.099127 -1.753248
v -3.071938 3.105199 -1.716792
v -3.120707 3.095623 -1.698153
v -3.169571 3.086448 -1.678310
v -3.529847 3.086448 -1.678310
v -3.578712 3.095623 -1.698153
v -3.627481 3.105199 -1.716792
v -3.682086 3.099127 -1.753248
v -3.689265 3.082667 -1.777675
v -3.695703 3.069209 -1.803553
v -3.654954 3.045839 -1.821092
v -3.611022 3.032537 -1.813547
v -3.572859 3.019908 -1.807013
v -3.535716 3.014939 -1.770358
v -3.522767 3.027601 -1.733238
v -3.505119 3.045247 -1.694931
v -2.954942 3.077896 -1.833743
v -2.913063 3.097915 -1.838646
v -2.872837 3.121139 -1.844156
v -2.835947 3.155996 -1.829664
v -2.841409 3.167882 -1.808531
v -2.850347 3.181050 -1.788985
v -2.898360 3.169226 -1.764411
v -2.937285 3.148586 -1.756062
v -2.979381 3.131049 -1.745891
v -3.720038 3.131049 -1.745891
v -3.762134 3.148586 -1.756062
v -3.801058 3.169226 -1.764411
v -3.849072 3.181050 -1.788985
v -3.858009 3.167882 -1.808531
v -3.863472 3.155996 -1.829664
v -3.826582 3.121139 -1.844156
v -3.786355 3.097915 -1.838646
v -3.744476 3.077896 -1.833743
v -2.796143 3.178694 -1.861358
v -2.761007 3.213447 -1.871009
v -2.730190 3.252248 -1.877185
v -2.712729 3.299424 -1.853163
v -2.725765 3.305049 -1.829425
v -2.742883 3.310439 -1.807036
v -2.780309 3.280555 -1.788093
v -2.803334 3.248959 -1.784759
v -2.831013 3.219624 -1.778929
v -3.868405 3.219624 -1.778929
v -3.896085 3.248959 -1.784759
v -3.919109 3.280555 -1.788093
v -3.956536 3.310439 -1.807036
v -3.973654 3.305049 -1.829425
v -3.986689 3.299424 -1.853163
v -3.969229 3.252248 -1.877185
v -3.938411 3.213447 -1.871009
v -3.903276 3.178694 -1.861358
v -2.688117 3.341509 -1.866980
v -2.678648 3.388308 -1.850903
v -2.677074 3.431835 -1.831958
v -2.691594 3.464828 -1.793412
v -2.705749 3.458747 -1.775718
v -2.723918 3.450608 -1.761398
v -2.741244 3.414191 -1.763115
v -2.743150 3.382776 -1.774076
v -2.750116 3.348695 -1.782710
v -3.949302 3.348695 -1.782710
v -3.956269 3.382776 -1.774076
v -3.958175 3.414191 -1.763115
v -3.975501 3.450608 -1.761398
v -3.993670 3.458747 -1.775718
v -4.007824 3.464828 -1.793412
v -4.022345 3.431835 -1.831958
v -4.020771 3.388308 -1.850903
v -4.011302 3.341509 -1.866980
v -2.697731 3.495499 -1.799128
v -2.719220 3.515467 -1.787436
v -2.747119 3.531826 -1.777262
v -2.783725 3.542425 -1.744617
v -2.790222 3.533055 -1.725453
v -2.799519 3.521357 -1.711180
v -2.784071 3.492811 -1.715585
v -2.764606 3.477954 -1.727499
v -2.751617 3.461511 -1.739279
v -3.947801 3.461511 -1.739279
v -3.934813 3.477954 -1.727499
v -3.915348 3.492811 -1.715585
v -3.899900 3.521357 -1.711180
v -3.909197 3.533055 -1.725453
v -3.915694 3.542425 -1.744617
v -3.952299 3.531826 -1.777262
v -3.980198 3.515467 -1.787436
v -4.001688 3.495499 -1.799128
v -2.818714 3.567138 -1.756070
v -2.859627 3.589077 -1.744210
v -2.901382 3.613378 -1.732180
v -2.946638 3.634640 -1.696657
v -2.952871 3.624769 -1.676199
v -2.959744 3.610885 -1.661241
v -2.926830 3.571445 -1.665272
v -2.885490 3.548910 -1.677684
v -2.845736 3.527590 -1.690534
v -3.853683 3.527590 -1.690534
v -3.813928 3.548910 -1.677684
v -3.772589 3.571445 -1.665272
v -3.739674 3.610885 -1.661241
v -3.746548 3.624769 -1.676199
v -3.752780 3.634640 -1.696657
v -3.798036 3.613378 -1.732180
v -3.839792 3.589077 -1.744210
v -3.880704 3.567138 -1.756070
v -2.979969 3.666562 -1.709884
v -3.015483 3.692307 -1.700241
v -3.049210 3.714140 -1.691678
v -3.083833 3.721185 -1.660577
v -3.085203 3.705756 -1.640890
v -3.085728 3.684728 -1.627174
v -3.059533 3.649365 -1.627660
v -3.031901 3.634170 -1.635065
v -3.001199 3.615298 -1.643752
v -3.698219 3.615298 -1.643752
v -3.667518 3.634170 -1.635065
v -3.639886 3.649365 -1.627660
v -3.613690 3.684728 -1.627174
v -3.614216 3.705756 -1.640890
v -3.615585 3.721185 -1.660577
v -3.650208 3.714140 -1.691678
v -3.683935 3.692307 -1.700241
v -3.719450 3.666562 -1.709884
v -3.113717 3.736093 -1.677937
v -3.144532 3.733532 -1.672893
v -3.173625 3.721694 -1.669199
v -3.198626 3.692251 -1.644013
v -3.193943 3.677734 -1.625237
v -3.187167 3.658494 -1.612431
v -3.156879 3.652542 -1.609291
v -3.133804 3.661698 -1.612260
v -3.109919 3.663939 -1.616308
v -3.589499 3.663939 -1.616308
v -3.565615 3.661698 -1.612260
v -3.542540 3.652542 -1.609291
v -3.512251 3.658494 -1.612431
v -3.505476 3.677734 -1.625237
v -3.500793 3.692251 -1.644013
v -3.525793 3.721694 -1.669199
v -3.554887 3.733532 -1.672893
v -3.585701 3.736093 -1.677937
v -3.224346 3.670585 -1.666188
v -3.245872 3.635565 -1.666618
v -3.265475 3.599769 -1.667892
v -3.282304 3.561176 -1.647162
v -3.277673 3.551092 -1.628700
v -3.270243 3.539017 -1.615737
v -3.241234 3.554713 -1.607832
v -3.221291 3.584355 -1.606750
v -3.200605 3.612512 -1.606578
v -3.498813 3.612512 -1.606578
v -3.478128 3.584355 -1.606750
v -3.458185 3.554713 -1.607832
v -3.429175 3.539017 -1.615737
v -3.421745 3.551092 -1.628700
v -3.417115 3.561176 -1.647162
v -3.433943 3.599769 -1.667892
v -3.453546 3.635565 -1.666618
v -3.475072 3.670585 -1.666188
v -3.300953 3.542413 -1.671561
v -3.317571 3.524868 -1.673298
v -3.333750 3.514576 -1.674563
v -3.349709 3.503822 -1.653500
v -3.349709 3.491460 -1.635954
v -3.349709 3.473842 -1.623561
v -3.319410 3.464119 -1.617167
v -3.298353 3.482262 -1.614971
v -3.279204 3.502683 -1.612301
v -3.420214 3.502683 -1.612301
v -3.401066 3.482262 -1.614971
v -3.380008 3.464119 -1.617167
v -3.365669 3.514576 -1.674563
v -3.381848 3.524868 -1.673298
v -3.398465 3.542413 -1.671561
v -3.248863 3.515512 -1.611405
v -3.236179 3.505549 -1.618332
v -3.223225 3.496531 -1.627351
v -3.196189 3.505572 -1.635900
v -3.180201 3.521202 -1.637336
v -3.163370 3.534539 -1.639414
v -3.153817 3.565036 -1.632046
v -3.162074 3.587863 -1.620491
v -3.170634 3.612040 -1.611028
v -3.528784 3.612040 -1.611028
v -3.537345 3.587863 -1.620491
v -3.545601 3.565036 -1.632046
v -3.536049 3.534539 -1.639414
v -3.519217 3.521202 -1.637336
v -3.503230 3.505572 -1.635900
v -3.476194 3.496531 -1.627351
v -3.463240 3.505549 -1.618332
v -3.450555 3.515512 -1.611405
v -3.129126 3.552278 -1.644778
v -3.111898 3.556242 -1.647862
v -3.094199 3.557035 -1.651182
v -3.078419 3.577700 -1.645295
v -3.081199 3.604168 -1.633963
v -3.083609 3.632155 -1.624688
v -3.615810 3.632155 -1.624688
v -3.618219 3.604168 -1.633963
v -3.621000 3.577700 -1.645295
v -3.605220 3.557035 -1.651182
v -3.587520 3.556242 -1.647862
v -3.570293 3.552278 -1.644778
v -3.055971 3.549565 -1.658547
v -3.034397 3.541826 -1.663065
v -3.010260 3.531961 -1.668764
v -2.979808 3.536926 -1.670116
v -2.976193 3.555635 -1.661738
v -2.971768 3.575120 -1.654980
v -3.727651 3.575119 -1.654980
v -3.723226 3.555635 -1.661738
v -3.719610 3.536926 -1.670116
v -3.689159 3.531961 -1.668764
v -3.665021 3.541826 -1.663065
v -3.643447 3.549565 -1.658547
v -2.952047 3.507531 -1.685406
v -2.920080 3.493742 -1.695811
v -2.889766 3.479379 -1.706316
v -2.851457 3.473984 -1.712004
v -2.837878 3.484588 -1.706493
v -2.824098 3.496272 -1.702535
v -3.875321 3.496272 -1.702535
v -3.861540 3.484588 -1.706494
v -3.847962 3.473984 -1.712004
v -3.809653 3.479379 -1.706316
v -3.779339 3.493742 -1.695811
v -3.747372 3.507531 -1.685406
v -2.844707 3.450181 -1.723741
v -2.831649 3.435043 -1.729951
v -2.823617 3.418723 -1.734845
v -2.802819 3.408937 -1.740861
v -2.784285 3.419097 -1.742455
v -2.764502 3.430067 -1.745297
v -3.934917 3.430067 -1.745297
v -3.915134 3.419097 -1.742455
v -3.896599 3.408937 -1.740861
v -3.875802 3.418723 -1.734845
v -3.867770 3.435043 -1.729951
v -3.854712 3.450181 -1.723741
v -2.818422 3.380111 -1.741865
v -2.820853 3.357699 -1.744007
v -2.827502 3.333871 -1.744867
v -2.822259 3.311012 -1.751957
v -2.803199 3.313281 -1.761055
v -2.782924 3.314706 -1.772581
v -3.916495 3.314706 -1.772581
v -3.896220 3.313281 -1.761055
v -3.877160 3.311012 -1.751957
v -3.871917 3.333871 -1.744867
v -3.878565 3.357699 -1.744007
v -3.880997 3.380111 -1.741865
v -2.856011 3.284195 -1.741643
v -2.877281 3.259867 -1.737642
v -2.901587 3.237157 -1.732529
v -2.913041 3.212418 -1.735897
v -2.896038 3.207690 -1.745964
v -2.878631 3.201612 -1.757684
v -3.820788 3.201612 -1.757684
v -3.803380 3.207690 -1.745964
v -3.786378 3.212418 -1.735897
v -3.797831 3.237157 -1.732529
v -3.822137 3.259867 -1.737642
v -3.843407 3.284195 -1.741643
v -2.954363 3.200425 -1.720412
v -2.982108 3.187853 -1.713578
v -3.011438 3.179802 -1.705968
v -3.040023 3.163862 -1.703030
v -3.035904 3.149395 -1.709507
v -3.030673 3.133579 -1.718818
v -3.668746 3.133579 -1.718818
v -3.663514 3.149395 -1.709507
v -3.659396 3.163862 -1.703030
v -3.687981 3.179802 -1.705968
v -3.717311 3.187853 -1.713578
v -3.745055 3.200425 -1.720412
v -3.076718 3.178871 -1.687773
v -3.110864 3.185267 -1.678133
v -3.142985 3.194732 -1.669607
v -3.181811 3.184294 -1.661642
v -3.194767 3.156008 -1.658132
v -3.208503 3.121330 -1.655152
v -3.490915 3.121330 -1.655152
v -3.504651 3.156008 -1.658132
v -3.517608 3.184294 -1.661642
v -3.556433 3.194732 -1.669607
v -3.588555 3.185267 -1.678133
v -3.622700 3.178871 -1.687773
v -3.192194 3.218299 -1.660161
v -3.208201 3.231304 -1.659242
v -3.220026 3.245186 -1.659436
v -3.249614 3.246754 -1.662043
v -3.275694 3.230084 -1.663903
v -3.306958 3.210523 -1.665667
v -3.310979 3.155653 -1.661697
v -3.283333 3.131612 -1.654844
v -3.256634 3.106251 -1.650268
v -3.442785 3.106251 -1.650268
v -3.416085 3.131612 -1.654844
v -3.388440 3.155653 -1.661697
v -3.392461 3.210523 -1.665667
v -3.423724 3.230084 -1.663903
v -3.449805 3.246754 -1.662042
v -3.479393 3.245186 -1.659436
v -3.491217 3.231304 -1.659242
v -3.507225 3.218299 -1.660161
v -3.242690 3.429842 -1.638604
v -3.234290 3.449999 -1.636797
v -3.223596 3.469548 -1.635630
v -3.315345 3.430080 -1.623125
v -3.289717 3.421359 -1.629455
v -3.267532 3.414623 -1.635966
v -3.431887 3.414623 -1.635966
v -3.409702 3.421359 -1.629455
v -3.384073 3.430080 -1.623125
v -3.475823 3.469548 -1.635630
v -3.465129 3.449999 -1.636797
v -3.456729 3.429842 -1.638604
v -3.252110 3.348683 -1.648989
v -3.252934 3.368607 -1.646152
v -3.251902 3.388901 -1.643417
v -3.349709 3.407738 -1.627140
v -3.349709 3.378965 -1.635460
v -3.349709 3.351839 -1.643295
v -3.321583 3.325547 -1.651007
v -3.294721 3.326505 -1.651820
v -3.270389 3.327835 -1.652329
v -3.429029 3.327835 -1.652329
v -3.404698 3.326505 -1.651820
v -3.377836 3.325547 -1.651007
v -3.447516 3.388901 -1.643417
v -3.446484 3.368607 -1.646152
v -3.447308 3.348683 -1.648989
v -3.349709 3.297957 -1.657234
v -3.349709 3.268531 -1.662768
v -3.349709 3.234449 -1.666508
v -3.236190 3.275956 -1.658750
v -3.241982 3.292860 -1.656993
v -3.246491 3.310675 -1.654595
v -3.452928 3.310675 -1.654595
v -3.457437 3.292860 -1.656993
v -3.463228 3.275956 -1.658750
v -3.248135 2.392487 -1.747150
v -3.262605 2.402340 -1.734471
v -3.276771 2.411620 -1.724019
v -3.303155 2.415184 -1.718059
v -3.318223 2.412236 -1.719178
v -3.333831 2.410602 -1.719825
v -3.349709 2.402245 -1.726493
v -3.349709 2.393141 -1.735281
v -3.349709 2.383431 -1.745891
v -3.365587 2.410602 -1.719825
v -3.381196 2.412235 -1.719178
v -3.396264 2.415185 -1.718059
v -3.422648 2.411620 -1.724019
v -3.436814 2.402340 -1.734471
v -3.451283 2.392486 -1.747150
v -3.187952 2.422320 -1.742413
v -3.209933 2.435670 -1.726802
v -3.230329 2.448245 -1.714059
v -3.254511 2.444911 -1.708414
v -3.264134 2.434096 -1.711599
v -3.275748 2.425811 -1.714278
v -3.423671 2.425811 -1.714278
v -3.435284 2.434096 -1.711599
v -3.444907 2.444911 -1.708414
v -3.469090 2.448245 -1.714059
v -3.489486 2.435670 -1.726802
v -3.511467 2.422320 -1.742413
v -3.168779 2.493531 -1.724635
v -3.196668 2.508414 -1.708948
v -3.225075 2.522264 -1.696069
v -3.245467 2.513745 -1.691203
v -3.242222 2.494324 -1.696073
v -3.243069 2.475514 -1.700603
v -3.456350 2.475514 -1.700603
v -3.457196 2.494324 -1.696072
v -3.453951 2.513745 -1.691203
v -3.474344 2.522264 -1.696069
v -3.502750 2.508414 -1.708948
v -3.530639 2.493531 -1.724635
v -3.201508 2.766987 -1.696275
v -3.225901 2.767625 -1.684656
v -3.249991 2.768297 -1.676646
v -3.268812 2.726423 -1.673062
v -3.263932 2.682815 -1.675412
v -3.259119 2.641568 -1.678032
v -3.229173 2.603166 -1.686913
v -3.202489 2.599061 -1.696261
v -3.176007 2.594754 -1.708813
v -3.523412 2.594754 -1.708813
v -3.496930 2.599061 -1.696260
v -3.470245 2.603166 -1.686913
v -3.440300 2.641568 -1.678032
v -3.435487 2.682815 -1.675412
v -3.430606 2.726423 -1.673062
v -3.449428 2.768297 -1.676646
v -3.473518 2.767625 -1.684656
v -3.497911 2.766987 -1.696275
v -3.253021 2.579981 -1.682300
v -3.252388 2.560940 -1.683647
v -3.253146 2.546734 -1.684668
v -3.446272 2.546734 -1.684668
v -3.447031 2.560940 -1.683647
v -3.446398 2.579981 -1.682300
v -3.275445 2.806603 -1.670846
v -3.276510 2.840085 -1.670636
v -3.276209 2.869855 -1.669939
v -3.295234 2.887432 -1.664355
v -3.313810 2.879993 -1.663259
v -3.331863 2.875255 -1.662873
v -3.349709 2.855927 -1.664994
v -3.349709 2.832239 -1.665651
v -3.349709 2.802681 -1.665702
v -3.331810 2.767645 -1.666141
v -3.313388 2.768120 -1.666731
v -3.293920 2.768561 -1.668333
v -3.405499 2.768561 -1.668333
v -3.386031 2.768120 -1.666731
v -3.367609 2.767645 -1.666141
v -3.367556 2.875255 -1.662873
v -3.385608 2.879993 -1.663259
v -3.404185 2.887432 -1.664355
v -3.423209 2.869855 -1.669939
v -3.422908 2.840085 -1.670636
v -3.423974 2.806603 -1.670846
v -3.326980 2.609151 -1.673720
v -3.303897 2.609025 -1.674468
v -3.280105 2.608257 -1.676497
v -3.349709 2.727199 -1.667389
v -3.349709 2.685019 -1.669430
v -3.349709 2.644458 -1.671673
v -3.419313 2.608257 -1.676497
v -3.395522 2.609025 -1.674468
v -3.372438 2.609151 -1.673720
v -3.349709 2.581654 -1.674889
v -3.349709 2.561503 -1.675727
v -3.349709 2.547154 -1.676497
v -3.327286 2.538492 -1.677619
v -3.304722 2.540789 -1.678227
v -3.281698 2.541025 -1.680202
v -3.417721 2.541025 -1.680202
v -3.394696 2.540789 -1.678227
v -3.372133 2.538492 -1.677619
v -3.261571 2.919495 -1.666141
v -3.253896 2.935431 -1.664822
v -3.249183 2.950302 -1.663265
v -3.250041 2.966688 -1.654390
v -3.251045 2.967742 -1.646445
v -3.251408 2.968628 -1.638230
v -3.255346 2.956522 -1.631064
v -3.261503 2.945387 -1.632838
v -3.270561 2.935365 -1.634983
v -3.281968 2.922569 -1.643998
v -3.281514 2.918317 -1.651520
v -3.279820 2.911612 -1.659135
v -3.419598 2.911612 -1.659135
v -3.417904 2.918317 -1.651520
v -3.417450 2.922569 -1.643998
v -3.428858 2.935365 -1.634983
v -3.437916 2.945387 -1.632838
v -3.444072 2.956522 -1.631064
v -3.448011 2.968628 -1.638230
v -3.448374 2.967742 -1.646445
v -3.449377 2.966688 -1.654390
v -3.450235 2.950302 -1.663265
v -3.445522 2.935431 -1.664822
v -3.437847 2.919495 -1.666141
v -3.248419 2.981886 -1.659824
v -3.252642 2.998644 -1.658342
v -3.260238 3.014626 -1.657434
v -3.271609 3.025472 -1.655314
v -3.270746 3.024687 -1.650291
v -3.269647 3.024949 -1.643479
v -3.260693 3.013243 -1.634250
v -3.254981 2.999048 -1.632321
v -3.252102 2.983876 -1.630797
v -3.447316 2.983876 -1.630797
v -3.444438 2.999048 -1.632321
v -3.438725 3.013243 -1.634250
v -3.429771 3.024949 -1.643479
v -3.428672 3.024687 -1.650291
v -3.427809 3.025472 -1.655314
v -3.439181 3.014626 -1.657434
v -3.446777 2.998644 -1.658342
v -3.450999 2.981886 -1.659824
v -3.286328 3.039629 -1.658455
v -3.304290 3.046454 -1.660033
v -3.324716 3.048078 -1.661470
v -3.333982 3.035043 -1.657077
v -3.325836 3.033196 -1.650812
v -3.320249 3.033147 -1.643544
v -3.304704 3.036604 -1.637123
v -3.292157 3.036562 -1.637494
v -3.279914 3.032708 -1.637123
v -3.419505 3.032708 -1.637123
v -3.407262 3.036562 -1.637494
v -3.394715 3.036604 -1.637123
v -3.379170 3.033147 -1.643544
v -3.373583 3.033196 -1.650812
v -3.365436 3.035043 -1.657077
v -3.374702 3.048078 -1.661470
v -3.395128 3.046454 -1.660033
v -3.413091 3.039629 -1.658455
v -3.349709 3.027326 -1.657471
v -3.349709 3.018645 -1.654039
v -3.349709 3.014140 -1.650998
v -3.349709 3.011873 -1.648385
v -3.349709 3.010226 -1.644466
v -3.349709 3.009596 -1.637910
v -3.342611 3.011935 -1.630721
v -3.335023 3.018413 -1.632298
v -3.326457 3.026239 -1.634247
v -3.372961 3.026239 -1.634247
v -3.364395 3.018413 -1.632298
v -3.356808 3.011935 -1.630721
v -3.349709 2.897410 -1.645815
v -3.349709 2.892693 -1.652562
v -3.349709 2.885344 -1.658500
v -3.296880 2.916844 -1.638157
v -3.313365 2.908953 -1.638798
v -3.331200 2.903389 -1.639034
v -3.368219 2.903389 -1.639034
v -3.386053 2.908953 -1.638798
v -3.402539 2.916844 -1.638157
v -3.349709 2.918742 -1.622369
v -3.349709 2.911584 -1.627463
v -3.349709 2.905844 -1.632962
v -3.283767 2.929473 -1.630579
v -3.286183 2.933070 -1.625133
v -3.289534 2.936329 -1.620685
v -3.301870 2.935773 -1.617615
v -3.315724 2.932047 -1.617520
v -3.332102 2.928890 -1.617483
v -3.367316 2.928890 -1.617483
v -3.383694 2.932047 -1.617520
v -3.397548 2.935773 -1.617615
v -3.409885 2.936329 -1.620685
v -3.413235 2.933070 -1.625133
v -3.415652 2.929473 -1.630579
v -3.349709 3.007601 -1.622587
v -3.349709 3.003976 -1.615803
v -3.349709 2.997622 -1.609761
v -3.331872 2.995536 -1.606548
v -3.321640 3.005355 -1.609084
v -3.314156 3.013860 -1.611915
v -3.310591 3.023515 -1.617491
v -3.312093 3.027977 -1.622588
v -3.313875 3.031281 -1.628883
v -3.385543 3.031281 -1.628883
v -3.387325 3.027977 -1.622588
v -3.388828 3.023515 -1.617491
v -3.385262 3.013860 -1.611915
v -3.377778 3.005355 -1.609084
v -3.367546 2.995536 -1.606548
v -3.302481 3.019574 -1.613767
v -3.293226 3.018578 -1.613529
v -3.284211 3.016162 -1.613767
v -3.274776 3.016842 -1.617491
v -3.271716 3.020595 -1.622588
v -3.269768 3.023425 -1.628884
v -3.429650 3.023425 -1.628883
v -3.427703 3.020595 -1.622588
v -3.424642 3.016842 -1.617491
v -3.415207 3.016162 -1.613767
v -3.406192 3.018578 -1.613529
v -3.396937 3.019574 -1.613767
v -3.275991 3.006282 -1.611961
v -3.274493 2.995541 -1.609453
v -3.274265 2.983404 -1.607799
v -3.265501 2.970610 -1.611428
v -3.258624 2.970104 -1.616623
v -3.254379 2.969733 -1.622965
v -3.445039 2.969733 -1.622965
v -3.440794 2.970104 -1.616623
v -3.433918 2.970610 -1.611428
v -3.425153 2.983404 -1.607799
v -3.424925 2.995541 -1.609454
v -3.423427 3.006282 -1.611961
v -3.278557 2.960944 -1.609115
v -3.282922 2.951883 -1.611886
v -3.288177 2.944131 -1.615141
v -3.411241 2.944131 -1.615141
v -3.416496 2.951883 -1.611886
v -3.420861 2.960944 -1.609115
v -3.325248 2.978252 -1.603805
v -3.305955 2.974998 -1.604041
v -3.289229 2.972841 -1.605199
v -3.410189 2.972841 -1.605199
v -3.393464 2.974998 -1.604041
v -3.374170 2.978252 -1.603805
v -3.349709 2.965412 -1.605221
v -3.349709 2.950787 -1.608427
v -3.349709 2.938216 -1.612703
v -3.349709 3.131141 -1.664855
v -3.349709 3.095521 -1.664177
v -3.349709 3.067180 -1.663802
v -3.269285 3.035295 -1.656074
v -3.263486 3.044975 -1.653128
v -3.251604 3.057145 -1.651400
v -3.447815 3.057145 -1.651400
v -3.435933 3.044975 -1.653128
v -3.430134 3.035294 -1.656074
v -3.242094 2.964242 -1.667912
v -3.234425 2.962749 -1.675277
v -3.224664 2.960886 -1.685949
v -3.218055 2.979058 -1.693526
v -3.222846 3.002873 -1.682455
v -3.225782 3.031214 -1.670155
v -3.473637 3.031214 -1.670155
v -3.476573 3.002873 -1.682455
v -3.481363 2.979058 -1.693526
v -3.474755 2.960886 -1.685949
v -3.464994 2.962749 -1.675277
v -3.457325 2.964242 -1.667912
v -3.254461 2.894888 -1.674682
v -3.236264 2.891486 -1.683332
v -3.218040 2.888488 -1.695181
v -3.203357 2.905720 -1.711759
v -3.206245 2.923279 -1.710699
v -3.209301 2.940366 -1.707784
v -3.490118 2.940366 -1.707784
v -3.493174 2.923279 -1.710699
v -3.496061 2.905720 -1.711759
v -3.481379 2.888488 -1.695181
v -3.463155 2.891486 -1.683332
v -3.444958 2.894888 -1.674682
v -3.184429 2.804194 -1.711326
v -3.190479 2.836153 -1.711149
v -3.195719 2.863253 -1.711410
v -3.503699 2.863253 -1.711411
v -3.508940 2.836152 -1.711149
v -3.514989 2.804194 -1.711326
v -3.125106 2.816485 -1.817111
v -3.133534 2.844969 -1.817730
v -3.141557 2.868864 -1.818348
v -3.155611 2.885968 -1.789330
v -3.167427 2.884641 -1.760470
v -3.182717 2.884799 -1.733971
v -3.516701 2.884799 -1.733971
v -3.531992 2.884641 -1.760470
v -3.543808 2.885968 -1.789330
v -3.557861 2.868864 -1.818348
v -3.565885 2.844969 -1.817730
v -3.574313 2.816485 -1.817111
v -3.154782 2.906398 -1.818275
v -3.159982 2.921772 -1.817145
v -3.164778 2.936034 -1.815138
v -3.177069 2.950630 -1.783514
v -3.187870 2.952719 -1.753610
v -3.200425 2.955584 -1.725495
v -3.498993 2.955584 -1.725495
v -3.511548 2.952719 -1.753610
v -3.522349 2.950630 -1.783514
v -3.534640 2.936034 -1.815138
v -3.539436 2.921772 -1.817145
v -3.544637 2.906398 -1.818275
v -3.174236 2.964445 -1.808315
v -3.175725 2.979032 -1.804663
v -3.170468 2.993384 -1.802462
v -3.528950 2.993384 -1.802462
v -3.523693 2.979032 -1.804663
v -3.525183 2.964445 -1.808315
v -3.280911 2.524436 -1.687223
v -3.276969 2.527070 -1.683939
v -3.269768 2.530013 -1.683242
v -3.349709 2.530067 -1.679337
v -3.349709 2.525204 -1.682249
v -3.349709 2.521892 -1.686781
v -3.329943 2.520849 -1.693148
v -3.311409 2.523337 -1.692707
v -3.295336 2.524577 -1.692569
v -3.404082 2.524577 -1.692569
v -3.388010 2.523337 -1.692707
v -3.369475 2.520849 -1.693148
v -3.429650 2.530013 -1.683242
v -3.422449 2.527070 -1.683939
v -3.418508 2.524436 -1.687223
v -3.272712 2.473403 -1.699628
v -3.267733 2.470598 -1.697633
v -3.259617 2.465970 -1.699280
v -3.275202 2.514524 -1.695029
v -3.271781 2.502826 -1.697812
v -3.272104 2.489070 -1.701270
v -3.427314 2.489070 -1.701270
v -3.427638 2.502826 -1.697812
v -3.424216 2.514524 -1.695029
v -3.439802 2.465970 -1.699280
v -3.431686 2.470598 -1.697633
v -3.426707 2.473403 -1.699628
v -3.306885 2.434411 -1.713499
v -3.303402 2.430655 -1.711306
v -3.297659 2.425887 -1.712217
v -3.281618 2.462954 -1.709004
v -3.289593 2.452583 -1.712723
v -3.298884 2.444135 -1.716004
v -3.400534 2.444135 -1.716004
v -3.409825 2.452583 -1.712723
v -3.417801 2.462954 -1.709004
v -3.401760 2.425887 -1.712217
v -3.396017 2.430655 -1.711306
v -3.392533 2.434411 -1.713499
v -3.349709 2.424774 -1.717249
v -3.349709 2.420984 -1.715400
v -3.349709 2.416250 -1.716316
v -3.319019 2.433025 -1.720314
v -3.329221 2.430093 -1.721292
v -3.339457 2.428544 -1.721731
v -3.359962 2.428544 -1.721731
v -3.370198 2.430093 -1.721292
v -3.380400 2.433025 -1.720314
v -3.349709 2.441906 -1.744046
v -3.349709 2.435783 -1.736810
v -3.349709 2.431481 -1.728832
v -3.309949 2.440846 -1.726128
v -3.310104 2.444891 -1.734614
v -3.309145 2.450657 -1.742301
v -3.316767 2.455619 -1.748086
v -3.327354 2.453010 -1.748513
v -3.338413 2.451346 -1.748748
v -3.361005 2.451346 -1.748748
v -3.372065 2.453010 -1.748513
v -3.382652 2.455619 -1.748086
v -3.390273 2.450657 -1.742301
v -3.389314 2.444891 -1.734614
v -3.389469 2.440846 -1.726128
v -3.277294 2.476790 -1.713531
v -3.278486 2.478263 -1.723034
v -3.279616 2.479657 -1.731477
v -3.284289 2.475162 -1.740676
v -3.290315 2.468592 -1.744321
v -3.297968 2.463234 -1.746415
v -3.401450 2.463234 -1.746415
v -3.409103 2.468592 -1.744321
v -3.415130 2.475162 -1.740676
v -3.419802 2.479657 -1.731477
v -3.420933 2.478263 -1.723034
v -3.422124 2.476790 -1.713531
v -3.284176 2.520222 -1.701890
v -3.285275 2.517647 -1.712214
v -3.286880 2.513385 -1.722954
v -3.282231 2.502565 -1.734280
v -3.278845 2.495862 -1.735898
v -3.278967 2.487515 -1.736858
v -3.420452 2.487515 -1.736858
v -3.420573 2.495862 -1.735898
v -3.417188 2.502565 -1.734280
v -3.412538 2.513385 -1.722954
v -3.414144 2.517647 -1.712214
v -3.415243 2.520222 -1.701890
v -3.349709 2.517287 -1.702327
v -3.349709 2.514273 -1.712701
v -3.349709 2.509371 -1.723412
v -3.332071 2.502638 -1.733086
v -3.315479 2.504940 -1.732612
v -3.300979 2.506736 -1.732385
v -3.398440 2.506737 -1.732385
v -3.383939 2.504940 -1.732612
v -3.367347 2.502637 -1.733086
v -3.349709 2.490080 -1.741483
v -3.349709 2.476535 -1.747156
v -3.349709 2.462788 -1.749793
v -3.303267 2.470448 -1.748684
v -3.298702 2.483394 -1.746279
v -3.293821 2.495947 -1.740841
v -3.405597 2.495947 -1.740841
v -3.400717 2.483394 -1.746279
v -3.396152 2.470448 -1.748684
v -3.213343 3.333618 -1.645467
v -3.222168 3.332195 -1.647479
v -3.233995 3.330773 -1.649965
v -3.214139 3.269464 -1.656163
v -3.204018 3.275745 -1.652495
v -3.197204 3.279934 -1.649534
v -3.197510 3.294819 -1.647839
v -3.201612 3.307389 -1.647030
v -3.204600 3.320801 -1.646018
v -3.494818 3.320801 -1.646018
v -3.497807 3.307389 -1.647030
v -3.501909 3.294819 -1.647839
v -3.502215 3.279934 -1.649534
v -3.495400 3.275745 -1.652495
v -3.485280 3.269464 -1.656163
v -3.465424 3.330773 -1.649965
v -3.477251 3.332195 -1.647479
v -3.486075 3.333618 -1.645467
v -3.210060 3.400248 -1.642360
v -3.220233 3.402387 -1.642959
v -3.232938 3.405370 -1.642917
v -3.207282 3.350187 -1.644156
v -3.206874 3.365975 -1.643476
v -3.205151 3.382236 -1.642931
v -3.494267 3.382236 -1.642931
v -3.492544 3.365975 -1.643476
v -3.492136 3.350187 -1.644156
v -3.466481 3.405370 -1.642917
v -3.479185 3.402387 -1.642959
v -3.489359 3.400248 -1.642360
v -3.181182 3.466478 -1.641792
v -3.189737 3.473028 -1.641430
v -3.199607 3.480321 -1.639751
v -3.197305 3.415322 -1.642130
v -3.191064 3.431489 -1.641924
v -3.183271 3.446813 -1.641955
v -3.516148 3.446813 -1.641955
v -3.508355 3.431489 -1.641924
v -3.502114 3.415322 -1.642130
v -3.499811 3.480321 -1.639751
v -3.509682 3.473028 -1.641429
v -3.518236 3.466478 -1.641792
v -3.162181 3.221198 -1.661856
v -3.155934 3.231012 -1.658230
v -3.151307 3.237216 -1.654198
v -3.164548 3.251576 -1.649104
v -3.176850 3.261688 -1.648244
v -3.185711 3.272104 -1.648193
v -3.513707 3.272104 -1.648193
v -3.522568 3.261688 -1.648244
v -3.534871 3.251576 -1.649104
v -3.548112 3.237216 -1.654198
v -3.543484 3.231012 -1.658230
v -3.537238 3.221198 -1.661856
v -3.044653 3.187876 -1.690992
v -3.045418 3.197389 -1.684453
v -3.045575 3.205486 -1.678791
v -3.072411 3.215707 -1.668359
v -3.099799 3.222488 -1.661716
v -3.125567 3.231495 -1.655849
v -3.573852 3.231495 -1.655849
v -3.599620 3.222488 -1.661716
v -3.627007 3.215707 -1.668359
v -3.653844 3.205486 -1.678791
v -3.654001 3.197389 -1.684453
v -3.654766 3.187876 -1.690992
v -2.938252 3.222525 -1.717803
v -2.945516 3.228628 -1.709710
v -2.950487 3.234833 -1.703134
v -2.975605 3.227928 -1.692814
v -2.997491 3.218732 -1.687062
v -3.020558 3.213416 -1.681243
v -3.678861 3.213416 -1.681243
v -3.701927 3.218732 -1.687062
v -3.723813 3.227928 -1.692814
v -3.748932 3.234833 -1.703134
v -3.753902 3.228628 -1.709710
v -3.761167 3.222525 -1.717803
v -2.852961 3.308727 -1.736746
v -2.864214 3.309570 -1.730041
v -2.873477 3.311291 -1.724584
v -2.895366 3.293622 -1.716892
v -2.913018 3.274283 -1.711419
v -2.933065 3.256327 -1.705169
v -3.766353 3.256327 -1.705169
v -3.786400 3.274283 -1.711419
v -3.804052 3.293622 -1.716892
v -3.825941 3.311291 -1.724584
v -3.835204 3.309570 -1.730041
v -3.846457 3.308727 -1.736746
v -2.833813 3.394687 -1.734834
v -2.846020 3.390917 -1.729861
v -2.856472 3.388598 -1.725056
v -2.864827 3.370184 -1.722956
v -2.866711 3.352099 -1.723586
v -2.871968 3.333103 -1.723069
v -3.827451 3.333103 -1.723069
v -3.832708 3.352099 -1.723586
v -3.834591 3.370184 -1.722956
v -3.842946 3.388598 -1.725056
v -3.853399 3.390917 -1.729861
v -3.865605 3.394687 -1.734834
v -2.874580 3.457257 -1.715838
v -2.883601 3.451168 -1.712881
v -2.891374 3.446226 -1.708911
v -2.883708 3.429881 -1.712796
v -2.874088 3.416758 -1.717244
v -2.868381 3.402555 -1.719937
v -3.831038 3.402555 -1.719937
v -3.825331 3.416758 -1.717244
v -3.815711 3.429881 -1.712796
v -3.808044 3.446226 -1.708911
v -3.815818 3.451168 -1.712881
v -3.824839 3.457257 -1.715838
v -2.985529 3.507109 -1.676871
v -2.987955 3.496845 -1.673680
v -2.990213 3.489044 -1.668972
v -2.967587 3.474260 -1.673787
v -2.942165 3.464392 -1.684678
v -2.918329 3.453648 -1.695974
v -3.781090 3.453648 -1.695974
v -3.757253 3.464392 -1.684678
v -3.731831 3.474260 -1.673787
v -3.709206 3.489044 -1.668972
v -3.711463 3.496845 -1.673680
v -3.713889 3.507109 -1.676871
v -3.073359 3.536836 -1.659253
v -3.071484 3.523384 -1.659804
v -3.070047 3.513339 -1.658263
v -3.052704 3.502403 -1.657111
v -3.034757 3.497430 -1.657870
v -3.014786 3.490939 -1.660113
v -3.684633 3.490939 -1.660113
v -3.664661 3.497430 -1.657870
v -3.646714 3.502403 -1.657111
v -3.629371 3.513339 -1.658263
v -3.627935 3.523384 -1.659804
v -3.626060 3.536836 -1.659253
v -3.139564 3.528990 -1.647353
v -3.133871 3.516479 -1.649031
v -3.129089 3.506736 -1.648652
v -3.111893 3.503640 -1.650347
v -3.098314 3.506291 -1.652877
v -3.084129 3.506952 -1.655070
v -3.615290 3.506952 -1.655070
v -3.601104 3.506291 -1.652877
v -3.587526 3.503640 -1.650347
v -3.570329 3.506736 -1.648652
v -3.565547 3.516479 -1.649031
v -3.559855 3.528990 -1.647353
v -3.163095 3.473175 -1.643052
v -3.151099 3.483689 -1.644218
v -3.138327 3.492314 -1.645823
v -3.561091 3.492314 -1.645823
v -3.548320 3.483689 -1.644218
v -3.536324 3.473175 -1.643052
v -3.117375 3.482030 -1.650996
v -3.119500 3.486972 -1.649211
v -3.122030 3.492522 -1.648067
v -3.167902 3.456206 -1.644128
v -3.162839 3.452383 -1.647164
v -3.158417 3.449099 -1.651010
v -3.145206 3.455986 -1.654316
v -3.135693 3.464572 -1.653372
v -3.125775 3.471741 -1.652832
v -3.573644 3.471741 -1.652832
v -3.563725 3.464572 -1.653372
v -3.554212 3.455986 -1.654316
v -3.541002 3.449099 -1.651010
v -3.536580 3.452383 -1.647164
v -3.531517 3.456206 -1.644128
v -3.577388 3.492522 -1.648067
v -3.579918 3.486972 -1.649211
v -3.582044 3.482030 -1.650996
v -3.067970 3.489320 -1.658570
v -3.068088 3.494012 -1.656903
v -3.068408 3.499345 -1.656079
v -3.104690 3.481457 -1.654434
v -3.093322 3.484004 -1.656476
v -3.081143 3.485134 -1.658719
v -3.618275 3.485134 -1.658719
v -3.606097 3.484004 -1.656476
v -3.594728 3.481457 -1.654434
v -3.631011 3.499345 -1.656079
v -3.631331 3.494012 -1.656903
v -3.631449 3.489320 -1.658570
v -2.998863 3.472320 -1.668623
v -2.996704 3.475142 -1.665539
v -2.994545 3.478640 -1.664108
v -3.053548 3.483498 -1.662059
v -3.037726 3.480630 -1.663762
v -3.020285 3.476143 -1.666883
v -3.679134 3.476143 -1.666883
v -3.661693 3.480630 -1.663762
v -3.645871 3.483498 -1.662059
v -3.704874 3.478640 -1.664108
v -3.702715 3.475142 -1.665539
v -3.700556 3.472320 -1.668623
v -2.916529 3.432614 -1.709083
v -2.910724 3.435470 -1.706381
v -2.904683 3.438596 -1.705063
v -2.980056 3.461620 -1.681355
v -2.958786 3.451888 -1.692100
v -2.938932 3.441143 -1.703047
v -3.760486 3.441143 -1.703047
v -3.740633 3.451888 -1.692100
v -3.719363 3.461620 -1.681355
v -3.794736 3.438596 -1.705063
v -3.788694 3.435470 -1.706381
v -3.782889 3.432614 -1.709083
v -2.887630 3.383478 -1.723651
v -2.880857 3.384597 -1.721449
v -2.873579 3.385784 -1.720564
v -2.909937 3.418524 -1.719071
v -2.901706 3.406952 -1.723136
v -2.896713 3.394976 -1.725380
v -3.802706 3.394976 -1.725380
v -3.797713 3.406952 -1.723136
v -3.789482 3.418524 -1.719071
v -3.825840 3.385784 -1.720564
v -3.818561 3.384597 -1.721450
v -3.811789 3.383478 -1.723651
v -2.901135 3.320593 -1.721210
v -2.894981 3.318184 -1.719740
v -2.888456 3.315808 -1.719451
v -2.893440 3.369017 -1.727066
v -2.894958 3.354730 -1.726915
v -2.899310 3.339431 -1.725751
v -3.800108 3.339431 -1.725751
v -3.804460 3.354730 -1.726915
v -3.805978 3.369017 -1.727066
v -3.810962 3.315808 -1.719451
v -3.804438 3.318184 -1.719740
v -3.798284 3.320593 -1.721210
v -2.964313 3.253620 -1.699915
v -2.961035 3.249836 -1.697812
v -2.957689 3.245580 -1.697194
v -2.918674 3.305595 -1.719307
v -2.933282 3.288069 -1.714230
v -2.949913 3.271556 -1.708546
v -3.749506 3.271556 -1.708546
v -3.766137 3.288069 -1.714230
v -3.780744 3.305595 -1.719307
v -3.741729 3.245580 -1.697194
v -3.738384 3.249836 -1.697812
v -3.735106 3.253620 -1.699915
v -3.045285 3.227979 -1.677785
v -3.045305 3.223365 -1.675142
v -3.045359 3.218246 -1.673984
v -2.985470 3.245850 -1.697261
v -3.003991 3.237871 -1.691965
v -3.023726 3.233334 -1.686668
v -3.675693 3.233334 -1.686668
v -3.695428 3.237871 -1.691965
v -3.713948 3.245850 -1.697261
v -3.654060 3.218246 -1.673984
v -3.654113 3.223365 -1.675142
v -3.654133 3.227979 -1.677785
v -3.138676 3.252572 -1.657277
v -3.141473 3.249004 -1.653574
v -3.144439 3.245335 -1.651390
v -3.068863 3.234835 -1.675401
v -3.093052 3.240165 -1.669835
v -3.116025 3.247520 -1.665078
v -3.583393 3.247520 -1.665078
v -3.606367 3.240165 -1.669835
v -3.630555 3.234835 -1.675401
v -3.554980 3.245335 -1.651390
v -3.557945 3.249004 -1.653574
v -3.560743 3.252572 -1.657277
v -3.180513 3.291983 -1.656720
v -3.184159 3.289014 -1.652360
v -3.188042 3.286045 -1.649315
v -3.151481 3.265197 -1.660220
v -3.162951 3.274710 -1.660119
v -3.171182 3.284628 -1.660827
v -3.528236 3.284628 -1.660827
v -3.536468 3.274710 -1.660119
v -3.547937 3.265197 -1.660220
v -3.511377 3.286045 -1.649315
v -3.515259 3.289014 -1.652360
v -3.518905 3.291983 -1.656720
v -3.195615 3.397768 -1.644390
v -3.190501 3.397124 -1.647862
v -3.186231 3.396717 -1.652380
v -3.177390 3.409955 -1.656779
v -3.170778 3.422875 -1.656340
v -3.162951 3.434986 -1.655902
v -3.536468 3.434986 -1.655902
v -3.528641 3.422875 -1.656340
v -3.522029 3.409955 -1.656779
v -3.513187 3.396717 -1.652380
v -3.508917 3.397124 -1.647862
v -3.503803 3.397768 -1.644390
v -3.200718 3.336589 -1.646886
v -3.195652 3.338155 -1.650740
v -3.191058 3.339755 -1.655910
v -3.187240 3.354680 -1.660760
v -3.186970 3.368494 -1.659579
v -3.185486 3.382511 -1.658398
v -3.513932 3.382511 -1.658398
v -3.512448 3.368494 -1.659579
v -3.512178 3.354680 -1.660760
v -3.508360 3.339755 -1.655910
v -3.503767 3.338155 -1.650740
v -3.498701 3.336589 -1.646886
v -3.181084 3.305696 -1.662345
v -3.183867 3.316947 -1.662548
v -3.185638 3.328805 -1.662345
v -3.513781 3.328805 -1.662345
v -3.515552 3.316947 -1.662548
v -3.518335 3.305696 -1.662345
v -3.349709 3.516732 -1.748022
v -3.349709 3.514830 -1.724441
v -3.349709 3.514030 -1.699375
v -3.281297 3.569132 -1.694730
v -3.274481 3.567782 -1.721013
v -3.262115 3.566100 -1.747351
v -3.281547 3.545153 -1.769705
v -3.309089 3.531719 -1.767736
v -3.330733 3.524781 -1.767602
v -3.368686 3.524781 -1.767602
v -3.390329 3.531719 -1.767736
v -3.417872 3.545153 -1.769705
v -3.437304 3.566100 -1.747351
v -3.424938 3.567782 -1.721013
v -3.418121 3.569132 -1.694730
v -3.198523 3.701452 -1.692069
v -3.193118 3.696284 -1.716592
v -3.184650 3.687049 -1.737603
v -3.184249 3.658576 -1.756274
v -3.196297 3.629847 -1.761911
v -3.212599 3.598255 -1.767558
v -3.486820 3.598255 -1.767558
v -3.503121 3.629847 -1.761912
v -3.515170 3.658576 -1.756274
v -3.514768 3.687049 -1.737603
v -3.506301 3.696284 -1.716592
v -3.500896 3.701452 -1.692069
v -3.079495 3.729587 -1.709634
v -3.078023 3.722778 -1.733775
v -3.078541 3.711175 -1.753549
v -3.100981 3.698801 -1.766145
v -3.128768 3.694324 -1.763721
v -3.156321 3.686295 -1.757796
v -3.543097 3.686295 -1.757796
v -3.570650 3.694324 -1.763721
v -3.598438 3.698801 -1.766145
v -3.620878 3.711175 -1.753549
v -3.621395 3.722778 -1.733775
v -3.619923 3.729587 -1.709634
v -2.940144 3.638721 -1.746068
v -2.943020 3.633133 -1.771921
v -2.953396 3.623847 -1.797068
v -3.016303 3.638725 -1.798928
v -3.043085 3.664042 -1.785371
v -3.065253 3.685770 -1.774208
v -3.634166 3.685770 -1.774208
v -3.656333 3.664042 -1.785371
v -3.683116 3.638725 -1.798928
v -3.746022 3.623847 -1.797068
v -3.756398 3.633133 -1.771921
v -3.759274 3.638721 -1.746068
v -2.781260 3.549214 -1.791894
v -2.785072 3.546886 -1.818674
v -2.791245 3.542737 -1.847681
v -2.833663 3.554775 -1.867932
v -2.873425 3.572758 -1.854381
v -2.919756 3.591350 -1.839052
v -3.779663 3.591350 -1.839052
v -3.825994 3.572758 -1.854381
v -3.865756 3.554775 -1.867932
v -3.908173 3.542737 -1.847681
v -3.914347 3.546886 -1.818674
v -3.918159 3.549214 -1.791894
v -2.682657 3.469259 -1.836231
v -2.687689 3.468283 -1.860798
v -2.696365 3.466599 -1.887626
v -2.721751 3.490515 -1.904283
v -2.742610 3.509013 -1.895276
v -2.768530 3.523935 -1.887618
v -3.930888 3.523935 -1.887618
v -3.956808 3.509013 -1.895276
v -3.977668 3.490515 -1.904283
v -4.003054 3.466599 -1.887626
v -4.011729 3.468283 -1.860798
v -4.016762 3.469259 -1.836231
v -2.704621 3.293414 -1.898742
v -2.707863 3.294209 -1.922017
v -2.711813 3.297130 -1.949508
v -2.700090 3.346547 -1.971695
v -2.695044 3.390782 -1.953773
v -2.697385 3.431408 -1.934265
v -4.002033 3.431408 -1.934265
v -4.004375 3.390782 -1.953773
v -3.999329 3.346547 -1.971695
v -3.987606 3.297130 -1.949508
v -3.991556 3.294209 -1.922017
v -3.994797 3.293414 -1.898742
v -2.834713 3.145482 -1.874017
v -2.836394 3.146921 -1.899414
v -2.836456 3.149778 -1.930748
v -2.795858 3.183555 -1.980137
v -2.762604 3.219587 -1.986856
v -2.734443 3.259161 -1.988987
v -3.964975 3.259161 -1.988987
v -3.936815 3.219587 -1.986856
v -3.903560 3.183555 -1.980137
v -3.862963 3.149778 -1.930748
v -3.863024 3.146921 -1.899414
v -3.864706 3.145482 -1.874017
v -2.996339 3.058160 -1.849673
v -2.996483 3.059047 -1.869743
v -2.999906 3.059617 -1.891076
v -2.956388 3.077004 -1.936820
v -2.911923 3.099382 -1.950116
v -2.870996 3.123796 -1.961173
v -3.828422 3.123796 -1.961173
v -3.787495 3.099382 -1.950116
v -3.743030 3.077004 -1.936820
v -3.699512 3.059617 -1.891076
v -3.702936 3.059047 -1.869743
v -3.703080 3.058160 -1.849674
v -3.265835 2.683531 -2.003625
v -3.293371 2.676225 -2.009143
v -3.321414 2.671111 -2.012739
v -3.349709 2.699935 -2.023183
v -3.349709 2.724646 -2.034400
v -3.349709 2.744027 -2.047574
v -3.313528 2.761822 -2.062872
v -3.278865 2.769851 -2.062063
v -3.247239 2.781254 -2.057745
v -3.225825 2.776112 -2.032575
v -3.231434 2.753006 -2.018589
v -3.236131 2.725009 -2.006324
v -3.463287 2.725009 -2.006324
v -3.467985 2.753006 -2.018589
v -3.473593 2.776112 -2.032575
v -3.452180 2.781254 -2.057745
v -3.420553 2.769851 -2.062063
v -3.385890 2.761822 -2.062872
v -3.378005 2.671111 -2.012739
v -3.406047 2.676225 -2.009143
v -3.433583 2.683532 -2.003625
v -3.261154 2.519027 -1.975793
v -3.290785 2.511597 -1.978647
v -3.320281 2.506360 -1.980792
v -3.349709 2.547435 -1.992163
v -3.349709 2.590830 -1.999990
v -3.349709 2.632200 -2.006737
v -3.239595 2.654297 -1.989723
v -3.238091 2.613185 -1.984562
v -3.235136 2.570386 -1.979468
v -3.464283 2.570386 -1.979468
v -3.461328 2.613185 -1.984562
v -3.459824 2.654297 -1.989723
v -3.379138 2.506360 -1.980792
v -3.408633 2.511597 -1.978647
v -3.438264 2.519027 -1.975793
v -3.248731 2.384041 -1.913015
v -3.282306 2.378455 -1.909714
v -3.315983 2.374522 -1.907561
v -3.349709 2.396746 -1.928910
v -3.349709 2.427506 -1.949342
v -3.349709 2.463867 -1.967211
v -3.227175 2.486481 -1.963300
v -3.222977 2.448782 -1.950759
v -3.218949 2.416211 -1.935350
v -3.480470 2.416211 -1.935350
v -3.476441 2.448782 -1.950759
v -3.472244 2.486481 -1.963300
v -3.383436 2.374522 -1.907561
v -3.417112 2.378455 -1.909714
v -3.450687 2.384041 -1.913015
v -3.212292 2.372819 -1.896701
v -3.210203 2.362352 -1.874742
v -3.209362 2.357722 -1.852480
v -3.349709 2.345659 -1.838932
v -3.349709 2.348701 -1.860956
v -3.349709 2.357343 -1.883856
v -3.490056 2.357722 -1.852480
v -3.489216 2.362352 -1.874742
v -3.487127 2.372819 -1.896701
v -3.108734 2.407639 -1.913572
v -3.102890 2.396812 -1.895171
v -3.101956 2.388827 -1.872430
v -3.182597 2.397178 -1.921849
v -3.153200 2.404200 -1.925330
v -3.130019 2.411513 -1.926206
v -3.569399 2.411513 -1.926206
v -3.546218 2.404200 -1.925330
v -3.516821 2.397178 -1.921849
v -3.597462 2.388827 -1.872430
v -3.596529 2.396812 -1.895171
v -3.590685 2.407639 -1.913572
v -3.100670 2.519137 -1.924822
v -3.085720 2.497856 -1.899909
v -3.077179 2.476777 -1.871959
v -3.113200 2.434748 -1.931675
v -3.112696 2.462337 -1.938352
v -3.115681 2.496682 -1.942582
v -3.583738 2.496683 -1.942582
v -3.586723 2.462337 -1.938352
v -3.586219 2.434748 -1.931675
v -3.622239 2.476777 -1.871959
v -3.613699 2.497856 -1.899909
v -3.598748 2.519137 -1.924822
v -3.121558 2.679672 -1.916956
v -3.104117 2.655197 -1.887134
v -3.092343 2.629710 -1.855356
v -3.126652 2.575970 -1.944948
v -3.132454 2.617323 -1.944327
v -3.137852 2.658340 -1.943334
v -3.561566 2.658340 -1.943334
v -3.566964 2.617323 -1.944327
v -3.572767 2.575970 -1.944948
v -3.607075 2.629710 -1.855356
v -3.595302 2.655197 -1.887134
v -3.577861 2.679672 -1.916956
v -3.145094 2.542439 -1.957717
v -3.172307 2.541779 -1.965513
v -3.201409 2.535957 -1.969901
v -3.213259 2.700427 -1.988087
v -3.188522 2.706137 -1.977140
v -3.164899 2.706280 -1.962415
v -3.534519 2.706280 -1.962415
v -3.510896 2.706137 -1.977140
v -3.486160 2.700427 -1.988087
v -3.498009 2.535957 -1.969901
v -3.527112 2.541779 -1.965513
v -3.554325 2.542439 -1.957717
v -3.198623 2.807618 -2.029595
v -3.181416 2.818835 -2.005275
v -3.166805 2.825936 -1.976468
v -3.150866 2.800241 -1.944113
v -3.148625 2.769536 -1.943180
v -3.145946 2.735256 -1.942584
v -3.553473 2.735256 -1.942584
v -3.550794 2.769536 -1.943180
v -3.548553 2.800241 -1.944113
v -3.532613 2.825936 -1.976468
v -3.518003 2.818835 -2.005275
v -3.500795 2.807618 -2.029595
v -3.139128 2.820184 -1.912900
v -3.126787 2.808444 -1.880500
v -3.118494 2.794816 -1.848336
v -3.580925 2.794816 -1.848336
v -3.572632 2.808444 -1.880500
v -3.560290 2.820184 -1.912900
v -3.147481 2.893989 -1.847170
v -3.149345 2.900229 -1.876662
v -3.150935 2.907045 -1.910022
v -3.141846 2.936235 -1.934550
v -3.140357 2.951934 -1.918175
v -3.141486 2.964611 -1.903843
v -3.157742 2.963705 -1.876317
v -3.163528 2.956025 -1.858272
v -3.166132 2.951651 -1.837079
v -3.533286 2.951651 -1.837079
v -3.535890 2.956025 -1.858272
v -3.541677 2.963705 -1.876317
v -3.557932 2.964611 -1.903843
v -3.559062 2.951934 -1.918175
v -3.557572 2.936235 -1.934550
v -3.548483 2.907045 -1.910022
v -3.550073 2.900229 -1.876662
v -3.551938 2.893989 -1.847170
v -3.155302 2.849092 -1.946067
v -3.156591 2.868867 -1.947476
v -3.155369 2.888579 -1.950138
v -3.544050 2.888579 -1.950138
v -3.542828 2.868866 -1.947476
v -3.544116 2.849092 -1.946067
v -3.140661 3.006429 -1.860441
v -3.145418 3.004230 -1.847389
v -3.149475 3.003922 -1.828550
v -3.148874 2.984577 -1.882465
v -3.149804 2.993457 -1.875614
v -3.144149 3.002190 -1.870819
v -3.555269 3.002190 -1.870819
v -3.549615 2.993457 -1.875614
v -3.550544 2.984577 -1.882465
v -3.549943 3.003922 -1.828550
v -3.554000 3.004230 -1.847389
v -3.558757 3.006429 -1.860441
v -3.118392 3.017034 -1.871787
v -3.089913 3.028244 -1.879191
v -3.054558 3.039883 -1.892164
v -3.644860 3.039883 -1.892164
v -3.609506 3.028244 -1.879191
v -3.581027 3.017034 -1.871787
v -3.349709 3.057388 -2.825671
v -3.349709 3.108643 -2.860643
v -3.349709 3.167050 -2.888463
v -3.275979 3.233396 -2.902392
v -3.205173 3.230540 -2.883823
v -3.140213 3.226604 -2.858866
v -3.093689 3.167506 -2.815869
v -3.098809 3.121283 -2.793802
v -3.100301 3.081469 -2.764389
v -3.153876 3.030220 -2.744043
v -3.214618 3.019762 -2.762466
v -3.280803 3.013487 -2.777066
v -3.418615 3.013487 -2.777066
v -3.484800 3.019762 -2.762466
v -3.545542 3.030220 -2.744043
v -3.599118 3.081469 -2.764389
v -3.600609 3.121283 -2.793802
v -3.605730 3.167506 -2.815869
v -3.559205 3.226604 -2.858866
v -3.494246 3.230540 -2.883823
v -3.423440 3.233396 -2.902392
v -3.349709 2.896730 -2.603620
v -3.349709 2.930791 -2.672490
v -3.349709 2.969170 -2.732117
v -3.104786 3.008823 -2.679943
v -3.110939 2.974084 -2.624534
v -3.119228 2.942213 -2.560815
v -3.177660 2.895164 -2.501090
v -3.231861 2.880256 -2.512698
v -3.289840 2.870779 -2.521506
v -3.409578 2.870779 -2.521506
v -3.467558 2.880256 -2.512698
v -3.521759 2.895164 -2.501090
v -3.580190 2.942213 -2.560815
v -3.588480 2.974084 -2.624534
v -3.594633 3.008823 -2.679943
v -3.349709 2.808253 -2.263232
v -3.349709 2.823738 -2.347643
v -3.349709 2.843271 -2.437519
v -3.140096 2.892897 -2.410654
v -3.151576 2.875889 -2.328433
v -3.162941 2.862704 -2.245916
v -3.216789 2.826653 -2.181050
v -3.259694 2.810016 -2.189306
v -3.304250 2.799757 -2.191926
v -3.395169 2.799757 -2.191926
v -3.439725 2.810016 -2.189306
v -3.482630 2.826653 -2.181050
v -3.536477 2.862704 -2.245916
v -3.547842 2.875889 -2.328433
v -3.559322 2.892897 -2.410654
v -3.349709 2.769795 -2.080212
v -3.349709 2.778578 -2.104434
v -3.349709 2.786820 -2.140126
v -3.196471 2.832811 -2.111951
v -3.207802 2.820237 -2.083336
v -3.214775 2.808401 -2.063339
v -3.484644 2.808401 -2.063339
v -3.491617 2.820238 -2.083336
v -3.502948 2.832811 -2.111951
v -3.161059 2.867615 -2.098662
v -3.155164 2.882537 -2.049879
v -3.150459 2.898440 -2.004829
v -3.548960 2.898440 -2.004829
v -3.544255 2.882537 -2.049879
v -3.538359 2.867615 -2.098662
v -2.692603 3.325572 -2.128606
v -2.701903 3.315732 -2.077986
v -2.709448 3.307917 -2.028311
v -2.822720 3.150285 -2.022214
v -2.809092 3.146120 -2.082197
v -2.794257 3.139681 -2.148184
v -2.740134 3.184994 -2.209127
v -2.712294 3.236688 -2.201924
v -2.693093 3.288163 -2.192474
v -4.006326 3.288163 -2.192474
v -3.987125 3.236688 -2.201924
v -3.959285 3.184994 -2.209127
v -3.905161 3.139681 -2.148184
v -3.890327 3.146120 -2.082197
v -3.876698 3.150285 -2.022214
v -3.989970 3.307917 -2.028311
v -3.997516 3.315732 -2.077986
v -4.006815 3.325572 -2.128606
v -3.349709 3.311915 -2.924239
v -3.349709 3.396382 -2.929868
v -3.349709 3.484020 -2.923688
v -3.259361 3.566582 -2.895680
v -3.172622 3.554893 -2.877443
v -3.093102 3.538008 -2.852965
v -3.037539 3.437022 -2.845287
v -3.053589 3.359093 -2.850020
v -3.069954 3.286698 -2.844622
v -3.629464 3.286698 -2.844622
v -3.645830 3.359093 -2.850020
v -3.661880 3.437022 -2.845287
v -3.606316 3.538008 -2.852965
v -3.526797 3.554893 -2.877443
v -3.440058 3.566582 -2.895680
v -3.349709 3.925170 -2.279751
v -3.349709 3.910822 -2.206495
v -3.349709 3.885947 -2.137489
v -3.256103 3.846981 -2.076052
v -3.165987 3.839550 -2.085003
v -3.082855 3.827229 -2.099756
v -3.010510 3.844386 -2.176366
v -3.010670 3.867506 -2.236384
v -3.010729 3.880707 -2.299337
v -3.083437 3.905404 -2.357333
v -3.166460 3.919345 -2.355447
v -3.256364 3.927450 -2.356158
v -3.443055 3.927450 -2.356158
v -3.532959 3.919345 -2.355447
v -3.615981 3.905404 -2.357333
v -3.688689 3.880707 -2.299337
v -3.688748 3.867506 -2.236384
v -3.688909 3.844386 -2.176366
v -3.616563 3.827229 -2.099756
v -3.533431 3.839550 -2.085003
v -3.443316 3.846981 -2.076052
v -3.349709 3.886605 -2.600252
v -3.349709 3.912216 -2.519332
v -3.349709 3.926154 -2.437468
v -3.010735 3.881857 -2.430485
v -3.010715 3.868608 -2.496977
v -3.010662 3.843045 -2.562997
v -3.083007 3.822773 -2.640968
v -3.166032 3.836784 -2.657624
v -3.256108 3.844993 -2.671886
v -3.443310 3.844993 -2.671886
v -3.533386 3.836784 -2.657624
v -3.616411 3.822773 -2.640968
v -3.688757 3.843045 -2.562997
v -3.688703 3.868608 -2.496977
v -3.688684 3.881857 -2.430485
v -3.349709 3.653506 -2.865417
v -3.349709 3.728876 -2.813459
v -3.349709 3.794463 -2.749963
v -3.010623 3.746222 -2.689903
v -3.012020 3.676969 -2.746303
v -3.016150 3.599417 -2.793257
v -3.683269 3.599417 -2.793257
v -3.687399 3.676969 -2.746303
v -3.688796 3.746222 -2.689903
v -2.822526 3.546152 -1.987828
v -2.815591 3.537283 -1.949297
v -2.807407 3.535666 -1.912992
v -2.716075 3.465694 -1.948589
v -2.723921 3.469138 -1.982538
v -2.729035 3.477203 -2.018376
v -2.751516 3.515046 -2.042434
v -2.774231 3.533842 -2.037369
v -2.799240 3.549872 -2.034664
v -3.900178 3.549872 -2.034664
v -3.925187 3.533842 -2.037369
v -3.947902 3.515046 -2.042434
v -3.970384 3.477203 -2.018376
v -3.975498 3.469138 -1.982538
v -3.983344 3.465694 -1.948589
v -3.892011 3.535666 -1.912992
v -3.883828 3.537283 -1.949297
v -3.876893 3.546152 -1.987828
v -2.826915 3.673357 -2.161756
v -2.828568 3.633856 -2.115364
v -2.829006 3.595872 -2.070930
v -2.727567 3.512516 -2.094449
v -2.721897 3.537890 -2.134481
v -2.715316 3.564142 -2.175998
v -2.733696 3.622692 -2.213377
v -2.761255 3.653287 -2.214096
v -2.791883 3.681352 -2.215086
v -3.907535 3.681352 -2.215086
v -3.938164 3.653287 -2.214096
v -3.965723 3.622692 -2.213377
v -3.984103 3.564142 -2.175998
v -3.977522 3.537890 -2.134481
v -3.971851 3.512516 -2.094449
v -3.870412 3.595872 -2.070930
v -3.870851 3.633856 -2.115364
v -3.872504 3.673357 -2.161756
v -2.822934 3.760964 -2.365210
v -2.823170 3.752041 -2.312311
v -2.823811 3.734887 -2.260457
v -2.706609 3.606204 -2.263957
v -2.705681 3.618540 -2.310264
v -2.706238 3.624803 -2.357786
v -2.729310 3.664524 -2.407863
v -2.756667 3.699077 -2.413741
v -2.788307 3.730965 -2.418979
v -3.911111 3.730965 -2.418979
v -3.942752 3.699077 -2.413741
v -3.970109 3.664524 -2.407863
v -3.993181 3.624803 -2.357786
v -3.993737 3.618540 -2.310264
v -3.992810 3.606204 -2.263957
v -3.875608 3.734887 -2.260457
v -3.876249 3.752041 -2.312311
v -3.876485 3.760964 -2.365210
v -2.823963 3.719276 -2.573840
v -2.823215 3.743517 -2.524213
v -2.822939 3.757267 -2.472055
v -2.709328 3.619108 -2.454901
v -2.712591 3.608603 -2.501003
v -2.718322 3.595248 -2.541100
v -2.738452 3.601146 -2.581593
v -2.761619 3.625425 -2.597497
v -2.791468 3.652697 -2.611035
v -3.907951 3.652697 -2.611035
v -3.937799 3.625425 -2.597497
v -3.960967 3.601146 -2.581593
v -3.981097 3.595248 -2.541100
v -3.986828 3.608603 -2.501003
v -3.990090 3.619108 -2.454901
v -3.876479 3.757267 -2.472055
v -3.876204 3.743517 -2.524213
v -3.875456 3.719276 -2.573840
v -2.721091 3.551576 -2.581264
v -2.719192 3.505007 -2.597277
v -2.719950 3.452160 -2.612144
v -2.756511 3.393965 -2.659541
v -2.788637 3.403640 -2.688812
v -2.820995 3.417873 -2.715283
v -2.840878 3.504430 -2.721375
v -2.832728 3.571445 -2.694643
v -2.827986 3.632185 -2.660320
v -3.871433 3.632185 -2.660320
v -3.866690 3.571445 -2.694643
v -3.858541 3.504430 -2.721375
v -3.878423 3.417873 -2.715283
v -3.910782 3.403640 -2.688812
v -3.942907 3.393965 -2.659541
v -3.979469 3.452160 -2.612144
v -3.980226 3.505007 -2.597277
v -3.978328 3.551576 -2.581264
v -2.887151 3.454800 -2.761152
v -2.924398 3.475592 -2.782107
v -2.968965 3.496924 -2.803602
v -2.951091 3.776674 -2.622093
v -2.902538 3.746509 -2.621595
v -2.861710 3.714387 -2.622143
v -3.837709 3.714387 -2.622143
v -3.796881 3.746509 -2.621595
v -3.748327 3.776674 -2.622093
v -3.730453 3.496924 -2.803602
v -3.775020 3.475592 -2.782107
v -3.812267 3.454800 -2.761152
v -2.950723 3.859015 -2.377779
v -2.901436 3.828373 -2.394332
v -2.859840 3.795503 -2.409468
v -3.839578 3.795503 -2.409468
v -3.797983 3.828373 -2.394332
v -3.748696 3.859015 -2.377779
v -2.950428 3.788340 -2.145417
v -2.901638 3.763241 -2.171770
v -2.860844 3.736186 -2.194817
v -3.838575 3.736186 -2.194817
v -3.797781 3.763241 -2.171770
v -3.748991 3.788340 -2.145417
v -3.009619 3.764683 -2.068560
v -3.008399 3.714055 -2.021648
v -3.006099 3.665418 -1.979426
v -2.944136 3.612911 -1.968175
v -2.897275 3.597624 -1.993176
v -2.859151 3.581324 -2.014162
v -3.840267 3.581324 -2.014162
v -3.802144 3.597624 -1.993176
v -3.755282 3.612911 -1.968175
v -3.693319 3.665418 -1.979426
v -3.691020 3.714055 -2.021648
v -3.689800 3.764683 -2.068560
v -2.996746 3.601516 -1.908779
v -2.990250 3.591470 -1.879109
v -2.983953 3.594091 -1.851411
v -3.715465 3.594091 -1.851411
v -3.709169 3.591470 -1.879109
v -3.702672 3.601516 -1.908779
v -3.349709 3.801313 -2.013169
v -3.349709 3.745442 -1.956809
v -3.349709 3.686332 -1.902357
v -3.244075 3.637945 -1.868991
v -3.154768 3.640316 -1.892341
v -3.073278 3.635655 -1.916505
v -3.626141 3.635655 -1.916505
v -3.544650 3.640316 -1.892341
v -3.455344 3.637945 -1.868991
v -3.050005 3.607494 -1.817327
v -3.115464 3.598557 -1.807716
v -3.178377 3.585714 -1.794142
v -3.521041 3.585714 -1.794142
v -3.583954 3.598557 -1.807716
v -3.649414 3.607494 -1.817327
v -3.287791 3.593327 -1.821868
v -3.259645 3.576255 -1.807881
v -3.244578 3.566371 -1.793879
v -3.454840 3.566371 -1.793879
v -3.439774 3.576255 -1.807881
v -3.411628 3.593327 -1.821868
v -3.349709 3.579749 -1.810264
v -3.349709 3.554651 -1.795397
v -3.349709 3.535609 -1.782800
v -2.684827 3.383793 -2.147686
v -2.694751 3.425259 -2.114038
v -2.710815 3.461396 -2.081165
v -3.988604 3.461396 -2.081165
v -4.004667 3.425259 -2.114038
v -4.014591 3.383793 -2.147686
v -2.676676 3.352323 -2.215072
v -2.671640 3.367811 -2.249927
v -2.668042 3.382398 -2.284065
v -2.665891 3.452792 -2.291596
v -2.674991 3.502325 -2.261284
v -2.689920 3.547551 -2.235873
v -4.009499 3.547551 -2.235873
v -4.024427 3.502325 -2.261284
v -4.033527 3.452792 -2.291596
v -4.031376 3.382398 -2.284065
v -4.027778 3.367811 -2.249927
v -4.022743 3.352323 -2.215072
v -2.662184 3.425819 -2.354819
v -2.662594 3.440747 -2.384079
v -2.663902 3.447150 -2.416169
v -2.673590 3.485497 -2.440023
v -2.681634 3.530974 -2.424772
v -2.692201 3.579144 -2.412480
v -4.007218 3.579144 -2.412480
v -4.017785 3.530974 -2.424772
v -4.025828 3.485497 -2.440023
v -4.035516 3.447150 -2.416169
v -4.036825 3.440747 -2.384079
v -4.037235 3.425819 -2.354819
v -2.671628 3.451357 -2.496188
v -2.681218 3.443481 -2.537531
v -2.695645 3.425483 -2.579516
v -4.003773 3.425483 -2.579516
v -4.018200 3.443481 -2.537531
v -4.027790 3.451357 -2.496188
v -3.058514 2.957548 -2.170488
v -3.094879 2.922545 -2.177267
v -3.131245 2.888515 -2.173716
v -3.087421 2.938154 -2.479005
v -3.050793 2.963469 -2.470416
v -3.016762 2.988683 -2.462806
v -2.988078 2.998388 -2.385719
v -2.992964 2.993336 -2.313597
v -2.999781 2.994042 -2.238205
v -3.699638 2.994042 -2.238205
v -3.706455 2.993336 -2.313597
v -3.711340 2.998388 -2.385719
v -3.682656 2.988683 -2.462806
v -3.648626 2.963469 -2.470416
v -3.611998 2.938154 -2.479005
v -3.568174 2.888515 -2.173716
v -3.604539 2.922545 -2.177267
v -3.640904 2.957549 -2.170488
v -2.831932 3.070776 -2.377141
v -2.821044 3.081615 -2.330151
v -2.803796 3.099850 -2.280818
v -2.837973 3.092015 -2.203821
v -2.893138 3.062490 -2.188655
v -2.950126 3.033406 -2.172755
v -2.947166 3.031017 -2.448165
v -2.910184 3.046286 -2.440729
v -2.872637 3.057812 -2.433402
v -3.826782 3.057812 -2.433402
v -3.789235 3.046286 -2.440729
v -3.752252 3.031017 -2.448165
v -3.749293 3.033406 -2.172755
v -3.806281 3.062490 -2.188655
v -3.861445 3.092015 -2.203821
v -3.895623 3.099850 -2.280818
v -3.878374 3.081615 -2.330151
v -3.867487 3.070776 -2.377141
v -3.000021 3.048133 -1.968852
v -2.997960 3.036837 -2.021838
v -3.001575 3.020939 -2.080168
v -3.697844 3.020939 -2.080168
v -3.701458 3.036837 -2.021838
v -3.699398 3.048133 -1.968852
v -3.054717 3.030189 -1.920299
v -3.090735 3.009546 -1.914911
v -3.121655 2.990839 -1.904987
v -3.124887 2.936280 -1.996100
v -3.095193 2.956601 -2.036853
v -3.059916 2.975962 -2.085255
v -3.639502 2.975962 -2.085255
v -3.604225 2.956601 -2.036853
v -3.574531 2.936280 -1.996100
v -3.577764 2.990839 -1.904987
v -3.608683 3.009546 -1.914911
v -3.644701 3.030189 -1.920299
v -2.745546 3.326650 -2.642146
v -2.768216 3.266776 -2.643584
v -2.789745 3.210386 -2.632522
v -2.840328 3.167902 -2.629902
v -2.873305 3.172223 -2.652583
v -2.908446 3.172840 -2.677606
v -2.919740 3.237247 -2.734049
v -2.894315 3.301642 -2.745677
v -2.871854 3.367475 -2.747389
v -3.827565 3.367475 -2.747389
v -3.805104 3.301642 -2.745677
v -3.779678 3.237247 -2.734049
v -3.790973 3.172840 -2.677606
v -3.826113 3.172223 -2.652583
v -3.859091 3.167902 -2.629902
v -3.909673 3.210386 -2.632522
v -3.931203 3.266776 -2.643584
v -3.953873 3.326650 -2.642146
v -2.975486 3.193684 -2.752618
v -3.003294 3.209050 -2.782737
v -3.038737 3.217441 -2.807907
v -3.660681 3.217441 -2.807907
v -3.696124 3.209050 -2.782737
v -3.723932 3.193684 -2.752618
v -2.823620 3.120858 -2.573479
v -2.833560 3.091390 -2.529104
v -2.837370 3.072539 -2.479656
v -2.975753 3.035306 -2.523226
v -2.967228 3.068453 -2.587819
v -2.958285 3.110484 -2.648396
v -3.741134 3.110484 -2.648396
v -3.732191 3.068453 -2.587819
v -3.723666 3.035306 -2.523226
v -3.862049 3.072539 -2.479656
v -3.865859 3.091390 -2.529104
v -3.875799 3.120858 -2.573479
v -3.058544 3.063994 -2.714265
v -3.023030 3.089167 -2.707766
v -2.990437 3.122075 -2.706631
v -3.708981 3.122075 -2.706631
v -3.676389 3.089167 -2.707766
v -3.640875 3.063994 -2.714265
v -2.494451 3.502364 -2.538989
v -2.493577 3.513893 -2.542228
v -2.492601 3.522690 -2.551336
v -2.525012 3.516865 -2.548775
v -2.554502 3.504537 -2.532264
v -2.580552 3.490827 -2.518014
v -2.598119 3.472399 -2.491849
v -2.593028 3.465607 -2.484068
v -2.588038 3.456521 -2.482359
v -2.564634 3.458601 -2.496103
v -2.544247 3.470105 -2.509009
v -2.521228 3.480394 -2.524109
v -4.178190 3.480394 -2.524109
v -4.155171 3.470105 -2.509010
v -4.134784 3.458601 -2.496103
v -4.111380 3.456521 -2.482359
v -4.106390 3.465607 -2.484068
v -4.101299 3.472399 -2.491849
v -4.118867 3.490827 -2.518014
v -4.144916 3.504537 -2.532264
v -4.174406 3.516865 -2.548775
v -4.206817 3.522690 -2.551336
v -4.205842 3.513893 -2.542228
v -4.204967 3.502364 -2.538989
v -2.379001 3.538849 -2.620460
v -2.416818 3.540656 -2.604300
v -2.455175 3.536155 -2.585915
v -2.465076 3.496249 -2.559151
v -2.433461 3.499792 -2.577222
v -2.402250 3.498071 -2.593741
v -2.366595 3.502631 -2.606965
v -2.358726 3.514410 -2.610957
v -2.350891 3.523423 -2.619470
v -4.348528 3.523423 -2.619470
v -4.340693 3.514410 -2.610957
v -4.332824 3.502631 -2.606965
v -4.297169 3.498071 -2.593741
v -4.265958 3.499792 -2.577222
v -4.234343 3.496249 -2.559151
v -4.244244 3.536155 -2.585915
v -4.282600 3.540656 -2.604300
v -4.320418 3.538849 -2.620460
v -2.272271 3.441579 -2.644791
v -2.289456 3.478449 -2.643636
v -2.313692 3.507998 -2.640152
v -2.349547 3.472095 -2.616600
v -2.330838 3.447435 -2.622450
v -2.318100 3.416702 -2.625770
v -2.300080 3.387765 -2.626970
v -2.287072 3.393256 -2.629624
v -2.274301 3.397228 -2.635652
v -4.425118 3.397228 -2.635652
v -4.412346 3.393256 -2.629624
v -4.399339 3.387765 -2.626970
v -4.381318 3.416702 -2.625770
v -4.368580 3.447435 -2.622450
v -4.349872 3.472095 -2.616600
v -4.385726 3.507998 -2.640152
v -4.409963 3.478449 -2.643636
v -4.427148 3.441579 -2.644791
v -2.289757 3.258298 -2.643619
v -2.271869 3.305207 -2.645862
v -2.262988 3.352926 -2.645879
v -2.312781 3.342782 -2.628443
v -2.320673 3.303003 -2.627645
v -2.335479 3.263966 -2.624013
v -2.347647 3.224217 -2.615973
v -2.337045 3.220622 -2.619189
v -2.326343 3.217262 -2.626318
v -4.373075 3.217262 -2.626318
v -4.362373 3.220622 -2.619189
v -4.351772 3.224217 -2.615973
v -4.363939 3.263966 -2.624013
v -4.378746 3.303003 -2.627645
v -4.386637 3.342782 -2.628443
v -4.436430 3.352925 -2.645879
v -4.427549 3.305207 -2.645862
v -4.409661 3.258298 -2.643619
v -2.441490 3.115067 -2.588925
v -2.394328 3.142671 -2.610395
v -2.352024 3.175841 -2.626636
v -2.385155 3.195742 -2.603898
v -2.418504 3.168512 -2.586555
v -2.455734 3.145937 -2.564659
v -2.495281 3.117926 -2.536234
v -2.494409 3.107968 -2.538899
v -2.493065 3.099293 -2.547299
v -4.206353 3.099293 -2.547299
v -4.205009 3.107968 -2.538899
v -4.204138 3.117926 -2.536234
v -4.243684 3.145937 -2.564659
v -4.280914 3.168512 -2.586555
v -4.314264 3.195742 -2.603898
v -4.347395 3.175841 -2.626636
v -4.305091 3.142671 -2.610395
v -4.257929 3.115067 -2.588925
v -2.641194 3.059125 -2.470906
v -2.592758 3.065507 -2.499181
v -2.542400 3.076679 -2.531101
v -2.536224 3.114578 -2.508936
v -2.576633 3.105472 -2.479210
v -2.615221 3.100381 -2.453127
v -2.661772 3.086673 -2.428276
v -2.672148 3.074346 -2.427752
v -2.680670 3.063874 -2.434651
v -4.018749 3.063874 -2.434651
v -4.027270 3.074346 -2.427752
v -4.037646 3.086673 -2.428276
v -4.084198 3.100381 -2.453127
v -4.122786 3.105472 -2.479210
v -4.163195 3.114578 -2.508936
v -4.157019 3.076679 -2.531101
v -4.106660 3.065507 -2.499181
v -4.058225 3.059125 -2.470906
v -2.494744 3.137127 -2.544814
v -2.493352 3.144987 -2.554102
v -2.491522 3.151363 -2.565212
v -2.522862 3.145448 -2.550883
v -2.555425 3.138150 -2.524483
v -2.585930 3.133686 -2.501624
v -2.620022 3.126115 -2.471920
v -2.628990 3.118876 -2.457687
v -2.639375 3.109849 -2.444769
v -4.060044 3.109849 -2.444769
v -4.070428 3.118876 -2.457687
v -4.079396 3.126115 -2.471920
v -4.113489 3.133686 -2.501624
v -4.143994 3.138150 -2.524483
v -4.176557 3.145448 -2.550883
v -4.207897 3.151363 -2.565212
v -4.206067 3.144987 -2.554102
v -4.204675 3.137127 -2.544814
v -2.364478 3.230616 -2.620105
v -2.369678 3.232946 -2.626341
v -2.372720 3.234568 -2.634263
v -2.397409 3.210071 -2.632635
v -2.425499 3.188371 -2.618177
v -2.456625 3.170348 -2.599636
v -4.242793 3.170348 -2.599636
v -4.273920 3.188371 -2.618177
v -4.302010 3.210071 -2.632635
v -4.326698 3.234568 -2.634263
v -4.329740 3.232946 -2.626341
v -4.334941 3.230616 -2.620105
v -2.321437 3.374440 -2.631148
v -2.328387 3.367617 -2.637136
v -2.332772 3.361300 -2.644811
v -2.335660 3.325875 -2.653857
v -2.342578 3.294727 -2.652834
v -2.355265 3.264050 -2.649517
v -4.344153 3.264050 -2.649517
v -4.356841 3.294727 -2.652834
v -4.363759 3.325875 -2.653857
v -4.366646 3.361300 -2.644811
v -4.371032 3.367617 -2.637136
v -4.377981 3.374440 -2.631148
v -2.379138 3.475438 -2.611340
v -2.382970 3.462031 -2.618424
v -2.385149 3.449872 -2.627465
v -2.365310 3.426435 -2.645038
v -2.349752 3.407312 -2.649708
v -2.339390 3.383467 -2.652252
v -4.360029 3.383467 -2.652252
v -4.349666 3.407312 -2.649708
v -4.334109 3.426435 -2.645038
v -4.314270 3.449872 -2.627465
v -4.316448 3.462031 -2.618424
v -4.320280 3.475438 -2.611340
v -2.494682 3.475702 -2.547572
v -2.493802 3.462526 -2.557453
v -2.492348 3.450530 -2.569325
v -2.464632 3.445709 -2.597601
v -2.437239 3.448244 -2.612824
v -2.410251 3.446732 -2.626462
v -4.289168 3.446732 -2.626462
v -4.262179 3.448244 -2.612824
v -4.234787 3.445709 -2.597601
v -4.207070 3.450530 -2.569325
v -4.205617 3.462526 -2.557453
v -4.204737 3.475702 -2.547572
v -2.578078 3.435194 -2.493334
v -2.573259 3.424540 -2.503859
v -2.568846 3.414762 -2.516139
v -2.549687 3.416750 -2.539602
v -2.532530 3.425867 -2.552303
v -2.512977 3.433803 -2.566556
v -4.186441 3.433803 -2.566556
v -4.166889 3.425867 -2.552303
v -4.149732 3.416750 -2.539602
v -4.130573 3.414762 -2.516139
v -4.126159 3.424540 -2.503859
v -4.121341 3.435194 -2.493334
v -2.735905 3.176341 -2.329404
v -2.741344 3.164678 -2.303553
v -2.753659 3.150167 -2.271523
v -2.800689 3.078193 -2.404526
v -2.777984 3.093232 -2.401084
v -2.759225 3.109526 -2.407049
v -2.753849 3.132286 -2.401701
v -2.754276 3.141338 -2.382500
v -2.747373 3.158074 -2.365552
v -3.952046 3.158074 -2.365552
v -3.945142 3.141338 -2.382500
v -3.945570 3.132286 -2.401701
v -3.940193 3.109526 -2.407049
v -3.921434 3.093232 -2.401084
v -3.898730 3.078193 -2.404526
v -3.945759 3.150167 -2.271523
v -3.958075 3.164678 -2.303553
v -3.963513 3.176341 -2.329404
v -2.797506 3.065880 -2.436959
v -2.763953 3.062333 -2.438728
v -2.727162 3.058729 -2.441286
v -2.681304 3.101102 -2.425768
v -2.706953 3.106385 -2.423886
v -2.727138 3.114693 -2.424399
v -3.972280 3.114693 -2.424399
v -3.992465 3.106385 -2.423886
v -4.018115 3.101102 -2.425768
v -3.972256 3.058729 -2.441286
v -3.935466 3.062333 -2.438728
v -3.901912 3.065880 -2.436959
v -2.717099 3.224680 -2.342947
v -2.697766 3.273683 -2.336600
v -2.679446 3.329220 -2.331407
v -4.019972 3.329220 -2.331407
v -4.001652 3.273683 -2.336600
v -3.982320 3.224680 -2.342947
v -2.623218 3.460653 -2.498162
v -2.639982 3.447750 -2.490038
v -2.653608 3.440905 -2.478690
v -2.655917 3.426654 -2.449204
v -2.650699 3.412417 -2.450725
v -2.646328 3.400551 -2.456308
v -2.629493 3.404490 -2.468471
v -2.615608 3.418827 -2.472733
v -2.600070 3.432760 -2.478209
v -4.099348 3.432760 -2.478209
v -4.083810 3.418827 -2.472733
v -4.069925 3.404490 -2.468471
v -4.053091 3.400551 -2.456308
v -4.048720 3.412417 -2.450725
v -4.043502 3.426654 -2.449204
v -4.045811 3.440905 -2.478690
v -4.059436 3.447750 -2.490038
v -4.076201 3.460653 -2.498162
v -2.635883 3.131420 -2.480627
v -2.653864 3.132977 -2.482809
v -2.666852 3.136087 -2.489173
v -2.686546 3.139220 -2.480285
v -2.702114 3.136990 -2.462708
v -2.720392 3.133375 -2.444028
v -3.979027 3.133375 -2.444028
v -3.997304 3.136990 -2.462708
v -4.012872 3.139220 -2.480285
v -4.032567 3.136087 -2.489173
v -4.045554 3.132977 -2.482809
v -4.063535 3.131420 -2.480627
v -2.677386 3.146328 -2.501146
v -2.676602 3.153376 -2.504107
v -2.674164 3.161807 -2.505954
v -2.686127 3.173952 -2.494326
v -2.702673 3.177668 -2.479908
v -2.718493 3.183837 -2.464333
v -2.734790 3.173185 -2.439203
v -2.737545 3.157384 -2.435210
v -2.739610 3.143586 -2.429848
v -3.959808 3.143586 -2.429848
v -3.961874 3.157384 -2.435210
v -3.964628 3.173185 -2.439203
v -3.980925 3.183837 -2.464333
v -3.996746 3.177668 -2.479908
v -4.013292 3.173952 -2.494326
v -4.025254 3.161807 -2.505954
v -4.022817 3.153376 -2.504107
v -4.022033 3.146328 -2.501146
v -2.685242 3.212656 -2.515442
v -2.694426 3.217497 -2.512392
v -2.702014 3.223748 -2.509986
v -2.709188 3.227258 -2.495960
v -2.714574 3.219672 -2.481962
v -2.721077 3.209934 -2.465914
v -2.671456 3.182863 -2.509607
v -2.672746 3.193904 -2.512279
v -2.675404 3.203227 -2.515428
v -4.024014 3.203227 -2.515428
v -4.026673 3.193904 -2.512279
v -4.027963 3.182863 -2.509607
v -3.978341 3.209934 -2.465914
v -3.984845 3.219672 -2.481962
v -3.990231 3.227258 -2.495960
v -3.997404 3.223748 -2.509986
v -4.004992 3.217497 -2.512392
v -4.014176 3.212656 -2.515442
v -2.700801 3.245366 -2.507781
v -2.691198 3.260901 -2.507705
v -2.678356 3.277988 -2.507865
v -2.670060 3.298030 -2.495625
v -2.675837 3.302216 -2.481841
v -2.680433 3.308392 -2.465932
v -2.695942 3.289273 -2.443932
v -2.710038 3.258565 -2.441854
v -2.722337 3.227389 -2.441742
v -3.977082 3.227389 -2.441742
v -3.989380 3.258565 -2.441854
v -4.003476 3.289273 -2.443932
v -4.018985 3.308392 -2.465932
v -4.023582 3.302216 -2.481841
v -4.029359 3.298030 -2.495625
v -4.021063 3.277988 -2.507865
v -4.008221 3.260901 -2.507705
v -3.998618 3.245366 -2.507781
v -2.622159 3.362751 -2.496780
v -2.628720 3.370766 -2.485282
v -2.635484 3.379961 -2.474391
v -2.651792 3.375149 -2.460279
v -2.661218 3.358981 -2.455775
v -2.671016 3.340081 -2.451339
v -2.651677 3.311799 -2.507612
v -2.639695 3.327360 -2.507300
v -2.628186 3.342144 -2.507427
v -4.071233 3.342144 -2.507427
v -4.059723 3.327360 -2.507300
v -4.047742 3.311799 -2.507612
v -4.028403 3.340081 -2.451339
v -4.038200 3.358981 -2.455775
v -4.047626 3.375149 -2.460279
v -4.063934 3.379961 -2.474391
v -4.070698 3.370766 -2.485282
v -4.077260 3.362751 -2.496780
v -2.604872 3.369942 -2.510792
v -2.592443 3.382955 -2.514789
v -2.579239 3.395193 -2.520744
v -4.120180 3.395193 -2.520744
v -4.106975 3.382955 -2.514790
v -4.094546 3.369942 -2.510792
v -2.670433 3.364782 -2.368436
v -2.676217 3.344433 -2.399306
v -2.680683 3.328850 -2.425254
v -4.018735 3.328850 -2.425254
v -4.023201 3.344433 -2.399306
v -4.028986 3.364782 -2.368436
v -2.734908 3.191642 -2.374034
v -2.735527 3.195330 -2.396113
v -2.734771 3.196562 -2.419151
v -3.964648 3.196562 -2.419151
v -3.963892 3.195330 -2.396113
v -3.964510 3.191642 -2.374034
v -2.554801 3.389500 -2.562837
v -2.558866 3.394808 -2.552640
v -2.561986 3.400115 -2.541263
v -2.612915 3.351553 -2.519872
v -2.609828 3.347578 -2.530757
v -2.606134 3.343199 -2.540833
v -2.588679 3.349588 -2.553104
v -2.576251 3.361455 -2.557678
v -2.563046 3.372680 -2.563770
v -4.136373 3.372680 -2.563770
v -4.123168 3.361455 -2.557678
v -4.110739 3.349588 -2.553104
v -4.093284 3.343199 -2.540833
v -4.089590 3.347578 -2.530757
v -4.086504 3.351553 -2.519872
v -4.137432 3.400115 -2.541263
v -4.140553 3.394808 -2.552640
v -4.144618 3.389500 -2.562837
v -2.660414 3.293470 -2.519164
v -2.656968 3.291645 -2.529273
v -2.653184 3.288910 -2.537966
v -2.635332 3.298066 -2.545452
v -2.623457 3.311459 -2.546253
v -2.611988 3.324515 -2.547628
v -4.087431 3.324515 -2.547628
v -4.075961 3.311459 -2.546253
v -4.064086 3.298066 -2.545452
v -4.046235 3.288910 -2.537966
v -4.042451 3.291645 -2.529273
v -4.039004 3.293470 -2.519164
v -2.701416 3.236030 -2.519679
v -2.697740 3.238028 -2.529211
v -2.692884 3.239528 -2.536461
v -2.683117 3.247251 -2.542340
v -2.673855 3.257695 -2.543751
v -2.661468 3.270498 -2.544532
v -4.037951 3.270498 -2.544532
v -4.025563 3.257695 -2.543751
v -4.016301 3.247251 -2.542340
v -4.006535 3.239528 -2.536461
v -4.001678 3.238028 -2.529211
v -3.998002 3.236030 -2.519679
v -2.675132 3.210479 -2.523547
v -2.671306 3.211840 -2.530845
v -2.666654 3.213381 -2.538291
v -2.669584 3.223899 -2.544456
v -2.678556 3.230403 -2.543728
v -2.685001 3.236237 -2.542337
v -4.014418 3.236237 -2.542337
v -4.020863 3.230403 -2.543728
v -4.029834 3.223899 -2.544456
v -4.032764 3.213381 -2.538291
v -4.028112 3.211840 -2.530845
v -4.024287 3.210479 -2.523547
v -2.662222 3.170373 -2.519352
v -2.655551 3.170086 -2.529521
v -2.649656 3.171149 -2.537833
v -2.642588 3.184696 -2.544842
v -2.645970 3.195882 -2.545106
v -2.651950 3.206630 -2.545033
v -4.047469 3.206630 -2.545033
v -4.053449 3.195882 -2.545106
v -4.056830 3.184696 -2.544842
v -4.049763 3.171149 -2.537833
v -4.043868 3.170086 -2.529521
v -4.037197 3.170373 -2.519352
v -2.666925 3.141547 -2.509752
v -2.661737 3.142657 -2.520326
v -2.657182 3.144339 -2.527529
v -2.651992 3.149809 -2.535590
v -2.648917 3.155960 -2.539825
v -2.644981 3.164120 -2.542562
v -4.054438 3.164120 -2.542562
v -4.050501 3.155960 -2.539825
v -4.047427 3.149809 -2.535590
v -4.042237 3.144339 -2.527529
v -4.037682 3.142657 -2.520326
v -4.032493 3.141547 -2.509752
v -2.608608 3.135525 -2.499249
v -2.605690 3.139095 -2.511146
v -2.603244 3.143677 -2.521964
v -2.620805 3.147915 -2.526441
v -2.636874 3.146278 -2.526724
v -2.647721 3.145833 -2.529243
v -4.051698 3.145833 -2.529243
v -4.062544 3.146278 -2.526724
v -4.078613 3.147915 -2.526441
v -4.096174 3.143677 -2.521964
v -4.093729 3.139095 -2.511146
v -4.090810 3.135525 -2.499249
v -2.481778 3.421506 -2.612571
v -2.485180 3.426976 -2.604300
v -2.488032 3.432930 -2.593803
v -2.533549 3.392624 -2.581279
v -2.516779 3.401180 -2.592493
v -2.498277 3.408768 -2.604820
v -4.201141 3.408768 -2.604820
v -4.182639 3.401180 -2.592493
v -4.165869 3.392624 -2.581279
v -4.211387 3.432930 -2.593803
v -4.214238 3.426976 -2.604300
v -4.217641 3.421506 -2.612571
v -2.385160 3.420938 -2.660298
v -2.384155 3.426391 -2.655420
v -2.384892 3.432260 -2.647270
v -2.455235 3.420702 -2.630974
v -2.432066 3.423235 -2.643028
v -2.409805 3.421421 -2.652879
v -4.289614 3.421421 -2.652879
v -4.267352 3.423235 -2.643028
v -4.244184 3.420701 -2.630974
v -4.314527 3.432260 -2.647270
v -4.315264 3.426391 -2.655420
v -4.314259 3.420938 -2.660298
v -2.337124 3.346178 -2.672592
v -2.334234 3.348748 -2.669207
v -2.334313 3.351857 -2.662179
v -2.372391 3.402789 -2.665367
v -2.358921 3.386449 -2.668442
v -2.349824 3.366477 -2.669966
v -4.349594 3.366477 -2.669966
v -4.340498 3.386449 -2.668442
v -4.327027 3.402789 -2.665367
v -4.365106 3.351857 -2.662179
v -4.365184 3.348748 -2.669207
v -4.362295 3.346178 -2.672592
v -2.375357 3.238889 -2.661777
v -2.372602 3.236297 -2.658479
v -2.372884 3.235594 -2.651639
v -2.347202 3.319038 -2.669957
v -2.354138 3.293557 -2.668375
v -2.366370 3.268413 -2.665139
v -4.333049 3.268413 -2.665139
v -4.345281 3.293557 -2.668375
v -4.352216 3.319038 -2.669957
v -4.326535 3.235594 -2.651639
v -4.326816 3.236297 -2.658479
v -4.324061 3.238889 -2.661777
v -2.487001 3.167615 -2.605158
v -2.486560 3.162417 -2.598071
v -2.487637 3.159209 -2.588318
v -2.405812 3.223551 -2.651774
v -2.431639 3.205081 -2.640802
v -2.459996 3.189445 -2.626490
v -4.239422 3.189445 -2.626490
v -4.267779 3.205081 -2.640802
v -4.293607 3.223551 -2.651774
v -4.211782 3.159209 -2.588318
v -4.212859 3.162417 -2.598071
v -4.212417 3.167615 -2.605158
v -2.519547 3.166974 -2.587045
v -2.548565 3.159718 -2.564898
v -2.575762 3.154453 -2.545382
v -4.123657 3.154453 -2.545382
v -4.150853 3.159718 -2.564898
v -4.179871 3.166974 -2.587045
v -2.625712 3.236893 -2.555722
v -2.638931 3.228111 -2.552978
v -2.650665 3.221082 -2.549559
v -2.631618 3.178444 -2.548252
v -2.618127 3.184727 -2.551336
v -2.602713 3.192461 -2.554521
v -2.588828 3.213948 -2.561021
v -2.594490 3.225457 -2.561232
v -2.602446 3.236359 -2.560194
v -4.096972 3.236359 -2.560194
v -4.104928 3.225457 -2.561232
v -4.110590 3.213948 -2.561021
v -4.096705 3.192461 -2.554521
v -4.081291 3.184727 -2.551336
v -4.067800 3.178444 -2.548252
v -4.048754 3.221082 -2.549559
v -4.060488 3.228111 -2.552978
v -4.073707 3.236893 -2.555722
v -2.571370 3.283046 -2.569725
v -2.584549 3.270460 -2.565550
v -2.598066 3.258380 -2.561746
v -2.569692 3.211297 -2.565626
v -2.553131 3.222061 -2.573781
v -2.536738 3.233601 -2.582510
v -2.529676 3.260885 -2.585833
v -2.538737 3.273541 -2.581743
v -2.548236 3.284848 -2.578023
v -4.151182 3.284848 -2.578023
v -4.160682 3.273541 -2.581743
v -4.169742 3.260885 -2.585833
v -4.162680 3.233601 -2.582510
v -4.146288 3.222061 -2.573781
v -4.129726 3.211297 -2.565626
v -4.101353 3.258380 -2.561746
v -4.114869 3.270460 -2.565550
v -4.128048 3.283046 -2.569725
v -2.521706 3.332639 -2.587781
v -2.534037 3.320950 -2.583159
v -2.546232 3.308586 -2.578605
v -2.504931 3.258621 -2.598026
v -2.489753 3.271629 -2.603985
v -2.475216 3.284468 -2.608866
v -2.477058 3.309725 -2.604286
v -2.489101 3.321467 -2.598925
v -2.499188 3.332501 -2.595419
v -4.200231 3.332502 -2.595419
v -4.210317 3.321467 -2.598925
v -4.222361 3.309725 -2.604286
v -4.224202 3.284468 -2.608866
v -4.209665 3.271629 -2.603985
v -4.194487 3.258621 -2.598026
v -4.153187 3.308586 -2.578605
v -4.165382 3.320950 -2.583159
v -4.177712 3.332639 -2.587781
v -2.465242 3.370170 -2.610283
v -2.480952 3.361687 -2.603041
v -2.495437 3.352912 -2.597351
v -2.448511 3.308207 -2.616054
v -2.436423 3.319040 -2.619392
v -2.425373 3.329283 -2.623461
v -2.423333 3.344791 -2.624195
v -2.431119 3.355526 -2.621473
v -2.439278 3.367274 -2.620177
v -4.260141 3.367274 -2.620177
v -4.268300 3.355526 -2.621473
v -4.276086 3.344791 -2.624195
v -4.274046 3.329283 -2.623461
v -4.262996 3.319040 -2.619392
v -4.250907 3.308207 -2.616054
v -4.203982 3.352912 -2.597351
v -4.218466 3.361687 -2.603041
v -4.234177 3.370170 -2.610283
v -2.457577 3.389364 -2.619776
v -2.466319 3.398923 -2.619886
v -2.472876 3.407744 -2.619782
v -2.540514 3.374851 -2.578757
v -2.530393 3.365053 -2.584464
v -2.519530 3.354345 -2.588956
v -4.179888 3.354345 -2.588956
v -4.169025 3.365053 -2.584464
v -4.158905 3.374851 -2.578757
v -4.226543 3.407744 -2.619782
v -4.233100 3.398923 -2.619886
v -4.241842 3.389364 -2.619776
v -2.592070 3.328844 -2.557546
v -2.581513 3.318566 -2.564065
v -2.569979 3.307276 -2.569539
v -4.129440 3.307276 -2.569539
v -4.117905 3.318566 -2.564065
v -4.107349 3.328844 -2.557546
v -2.640721 3.277277 -2.550141
v -2.631756 3.268211 -2.553810
v -2.621880 3.257896 -2.556433
v -4.077538 3.257896 -2.556433
v -4.067662 3.268211 -2.553810
v -4.058697 3.277277 -2.550141
v -2.595741 3.160961 -2.540813
v -2.591004 3.173730 -2.548592
v -2.587380 3.187645 -2.554785
v -4.112038 3.187645 -2.554785
v -4.108415 3.173730 -2.548592
v -4.103678 3.160961 -2.540813
v -2.495078 3.191030 -2.607398
v -2.502595 3.208859 -2.603041
v -2.511395 3.227903 -2.596997
v -4.188024 3.227903 -2.596997
v -4.196823 3.208859 -2.603041
v -4.204340 3.191030 -2.607398
v -2.399247 3.254776 -2.651437
v -2.419607 3.267851 -2.638913
v -2.441450 3.282377 -2.625073
v -4.257968 3.282377 -2.625073
v -4.279812 3.267851 -2.638913
v -4.300171 3.254776 -2.651437
v -2.361719 3.341094 -2.661557
v -2.382019 3.338842 -2.648944
v -2.402419 3.337510 -2.636227
v -4.297000 3.337510 -2.636227
v -4.317399 3.338842 -2.648944
v -4.337699 3.341094 -2.661558
v -2.398748 3.406670 -2.654445
v -2.412432 3.397529 -2.644220
v -2.429689 3.388077 -2.631825
v -4.269730 3.388077 -2.631825
v -4.286986 3.397529 -2.644220
v -4.300671 3.406670 -2.654445
v -2.487614 3.120152 -2.633568
v -2.488539 3.098433 -2.608821
v -2.489902 3.091219 -2.583770
v -2.688386 3.056261 -2.476489
v -2.686924 3.065259 -2.508222
v -2.682292 3.088393 -2.540968
v -2.632982 3.130563 -2.583314
v -2.587158 3.136239 -2.604908
v -2.538298 3.146739 -2.630043
v -4.161120 3.146739 -2.630043
v -4.112260 3.136239 -2.604908
v -4.066437 3.130563 -2.583314
v -4.017127 3.088393 -2.540968
v -4.012494 3.065259 -2.508222
v -4.011032 3.056261 -2.476489
v -4.209516 3.091219 -2.583770
v -4.210880 3.098433 -2.608821
v -4.211804 3.120152 -2.633568
v -2.301219 3.232086 -2.687626
v -2.303498 3.217855 -2.670406
v -2.308790 3.213475 -2.652961
v -2.435576 3.181165 -2.673607
v -2.385564 3.204384 -2.687859
v -2.340219 3.231009 -2.697297
v -4.359199 3.231009 -2.697297
v -4.313854 3.204384 -2.687859
v -4.263843 3.181165 -2.673607
v -4.390628 3.213475 -2.652961
v -4.395921 3.217855 -2.670406
v -4.398200 3.232086 -2.687626
v -2.249847 3.392413 -2.685680
v -2.250407 3.396096 -2.672241
v -2.254941 3.398595 -2.657981
v -2.274735 3.292712 -2.703332
v -2.257874 3.327186 -2.701591
v -2.251474 3.362462 -2.698305
v -4.447945 3.362462 -2.698305
v -4.441545 3.327186 -2.701591
v -4.424684 3.292712 -2.703332
v -4.444477 3.398595 -2.657981
v -4.449011 3.396096 -2.672241
v -4.449572 3.392413 -2.685680
v -2.329983 3.500000 -2.689650
v -2.334084 3.519628 -2.670541
v -2.338500 3.528124 -2.650600
v -2.258124 3.411413 -2.699363
v -2.272380 3.437107 -2.703851
v -2.295012 3.455882 -2.706229
v -4.404406 3.455882 -2.706229
v -4.427038 3.437107 -2.703851
v -4.441294 3.411413 -2.699363
v -4.360919 3.528124 -2.650600
v -4.365335 3.519628 -2.670541
v -4.369435 3.500000 -2.689650
v -2.491364 3.491029 -2.638196
v -2.491463 3.516232 -2.613904
v -2.491527 3.526828 -2.588835
v -2.362642 3.468660 -2.698998
v -2.404276 3.464842 -2.688646
v -2.447878 3.456774 -2.674662
v -4.251541 3.456774 -2.674662
v -4.295143 3.464842 -2.688646
v -4.336777 3.468660 -2.698998
v -4.207891 3.526828 -2.588835
v -4.207956 3.516232 -2.613904
v -4.208054 3.491029 -2.638196
v -2.622701 3.441112 -2.577543
v -2.615294 3.464640 -2.553653
v -2.608999 3.474707 -2.528480
v -2.531349 3.435490 -2.639048
v -2.568447 3.424112 -2.620718
v -2.601968 3.412162 -2.605357
v -4.097450 3.412162 -2.605357
v -4.130972 3.424112 -2.620718
v -4.168069 3.435490 -2.639048
v -4.090419 3.474707 -2.528480
v -4.084125 3.464640 -2.553653
v -4.076717 3.441112 -2.577543
v -2.490029 3.380566 -2.669415
v -2.488876 3.302913 -2.672580
v -2.487859 3.225867 -2.667447
v -2.664991 3.191660 -2.590545
v -2.653774 3.264725 -2.602029
v -2.642287 3.337790 -2.603831
v -4.057131 3.337790 -2.603831
v -4.045645 3.264725 -2.602029
v -4.034428 3.191660 -2.590545
v -4.211560 3.225867 -2.667447
v -4.210542 3.302913 -2.672580
v -4.209390 3.380566 -2.669415
v -2.320017 3.417396 -2.714079
v -2.313723 3.360780 -2.716459
v -2.307220 3.305614 -2.712275
v -4.392199 3.305614 -2.712275
v -4.385695 3.360780 -2.716459
v -4.379402 3.417396 -2.714079
v -2.657405 3.386650 -2.593151
v -2.679987 3.377090 -2.597558
v -2.700456 3.375498 -2.607557
v -3.998962 3.375498 -2.607557
v -4.019432 3.377090 -2.597558
v -4.042014 3.386650 -2.593151
v -2.712136 3.134341 -2.567681
v -2.745939 3.142176 -2.575378
v -2.777650 3.151597 -2.590092
v -3.921769 3.151597 -2.590092
v -3.953480 3.142176 -2.575378
v -3.987283 3.134341 -2.567681
v -2.949285 3.331648 -1.674945
v -2.955433 3.311368 -1.673491
v -2.965407 3.292763 -1.671223
v -2.936442 3.328866 -1.689763
v -2.943428 3.306028 -1.688113
v -2.954702 3.285028 -1.685545
v -2.921938 3.325796 -1.707009
v -2.929841 3.300097 -1.705156
v -2.942552 3.276426 -1.702267
v -3.756866 3.276426 -1.702267
v -3.744717 3.285028 -1.685545
v -3.734012 3.292763 -1.671223
v -3.769578 3.300097 -1.705156
v -3.755991 3.306028 -1.688113
v -3.743986 3.311368 -1.673491
v -3.777481 3.325796 -1.707009
v -3.762977 3.328866 -1.689763
v -3.750134 3.331648 -1.674945
v -2.893574 3.320205 -1.746705
v -2.903169 3.289115 -1.744552
v -2.918577 3.260455 -1.741162
v -2.880870 3.317943 -1.768285
v -2.891169 3.284561 -1.766053
v -2.907726 3.253810 -1.762514
v -2.868817 3.315912 -1.790550
v -2.879759 3.280411 -1.788271
v -2.897379 3.247745 -1.784627
v -3.802040 3.247745 -1.784627
v -3.791693 3.253810 -1.762514
v -3.780842 3.260455 -1.741162
v -3.819659 3.280411 -1.788271
v -3.808250 3.284561 -1.766053
v -3.796250 3.289115 -1.744552
v -3.830601 3.315912 -1.790550
v -3.818549 3.317943 -1.768285
v -3.805845 3.320205 -1.746705
v -2.964798 3.214859 -1.731350
v -2.993911 3.199576 -1.725412
v -3.025440 3.190027 -1.719208
v -2.957486 3.204917 -1.752140
v -2.988874 3.188534 -1.745804
v -3.022890 3.178298 -1.739159
v -2.950478 3.195856 -1.773790
v -2.984036 3.178478 -1.767101
v -3.020427 3.167626 -1.760058
v -3.678992 3.167626 -1.760058
v -3.676529 3.178298 -1.739159
v -3.673979 3.190027 -1.719208
v -3.715383 3.178478 -1.767101
v -3.710544 3.188534 -1.745803
v -3.705507 3.199576 -1.725412
v -3.748940 3.195856 -1.773790
v -3.741932 3.204917 -1.752140
v -3.734621 3.214859 -1.731350
v -2.995828 3.263317 -1.664755
v -3.015138 3.253488 -1.660861
v -3.036000 3.247360 -1.656764
v -2.988798 3.251725 -1.678250
v -3.010347 3.240596 -1.673880
v -3.033637 3.233654 -1.669304
v -2.980777 3.238813 -1.694045
v -3.004869 3.226223 -1.689122
v -3.030923 3.218364 -1.683982
v -3.668496 3.218364 -1.683982
v -3.665781 3.233654 -1.669304
v -3.663419 3.247360 -1.656764
v -3.694550 3.226223 -1.689122
v -3.689072 3.240596 -1.673880
v -3.684281 3.253488 -1.660861
v -3.718641 3.238813 -1.694045
v -3.710620 3.251725 -1.678250
v -3.703591 3.263317 -1.664755
v -3.078760 3.247360 -1.648683
v -3.099044 3.253488 -1.645075
v -3.117651 3.263317 -1.642015
v -3.081580 3.233654 -1.660365
v -3.104443 3.240596 -1.656411
v -3.125467 3.251725 -1.653069
v -3.084753 3.218364 -1.674033
v -3.110533 3.226223 -1.669673
v -3.134289 3.238813 -1.665995
v -3.565130 3.238813 -1.665995
v -3.573951 3.251725 -1.653069
v -3.581767 3.263317 -1.642015
v -3.588885 3.226223 -1.669673
v -3.594975 3.240596 -1.656411
v -3.600375 3.253488 -1.645075
v -3.614666 3.218364 -1.674033
v -3.617838 3.233654 -1.660365
v -3.620658 3.247360 -1.648683
v -3.090858 3.190027 -1.707264
v -3.122325 3.199576 -1.702050
v -3.151364 3.214859 -1.697616
v -3.093532 3.178298 -1.726331
v -3.127529 3.188534 -1.720702
v -3.158895 3.204917 -1.715873
v -3.096040 3.167626 -1.746396
v -3.132429 3.178478 -1.740357
v -3.165984 3.195856 -1.735128
v -3.533434 3.195856 -1.735128
v -3.540524 3.204917 -1.715873
v -3.548054 3.214859 -1.697616
v -3.566989 3.178478 -1.740357
v -3.571889 3.188534 -1.720702
v -3.577093 3.199576 -1.702050
v -3.603378 3.167626 -1.746395
v -3.605887 3.178298 -1.726331
v -3.608561 3.190027 -1.707264
v -3.197474 3.260455 -1.691830
v -3.212859 3.289115 -1.690448
v -3.222446 3.320205 -1.689789
v -3.208623 3.253810 -1.709363
v -3.225173 3.284561 -1.707688
v -3.235470 3.317943 -1.706827
v -3.219079 3.247745 -1.727845
v -3.236698 3.280411 -1.725844
v -3.247640 3.315912 -1.724754
v -3.451779 3.315912 -1.724754
v -3.463949 3.317943 -1.706827
v -3.476973 3.320205 -1.689789
v -3.462720 3.280411 -1.725844
v -3.474246 3.284561 -1.707688
v -3.486559 3.289115 -1.690448
v -3.480339 3.247745 -1.727845
v -3.490796 3.253810 -1.709363
v -3.501945 3.260455 -1.691830
v -3.147102 3.292763 -1.638247
v -3.156932 3.311368 -1.637501
v -3.163060 3.331648 -1.637225
v -3.158804 3.285028 -1.648945
v -3.169940 3.306028 -1.648115
v -3.176884 3.328866 -1.647799
v -3.172014 3.276426 -1.661415
v -3.184626 3.300097 -1.660458
v -3.192494 3.325796 -1.660072
v -3.506925 3.325796 -1.660072
v -3.522534 3.328866 -1.647799
v -3.536359 3.331648 -1.637225
v -3.514793 3.300097 -1.660458
v -3.529479 3.306028 -1.648115
v -3.542486 3.311368 -1.637501
v -3.527405 3.276426 -1.661415
v -3.540615 3.285028 -1.648945
v -3.552316 3.292763 -1.638247
v -3.163060 3.374406 -1.637225
v -3.156932 3.395275 -1.637501
v -3.147102 3.414608 -1.638247
v -3.176884 3.376776 -1.647799
v -3.169940 3.400062 -1.648115
v -3.158804 3.421615 -1.648945
v -3.192494 3.379512 -1.660072
v -3.184626 3.405544 -1.660458
v -3.172014 3.429628 -1.661415
v -3.527405 3.429628 -1.661415
v -3.540615 3.421615 -1.648945
v -3.552316 3.414608 -1.638247
v -3.514793 3.405544 -1.660458
v -3.529479 3.400062 -1.648115
v -3.542486 3.395275 -1.637501
v -3.506925 3.379512 -1.660072
v -3.522534 3.376776 -1.647799
v -3.536359 3.374406 -1.637225
v -3.222446 3.385110 -1.689789
v -3.212859 3.416535 -1.690448
v -3.197474 3.445611 -1.691830
v -3.235470 3.387751 -1.706827
v -3.225173 3.421599 -1.707688
v -3.208623 3.452926 -1.709363
v -3.247640 3.390319 -1.724754
v -3.236698 3.426469 -1.725844
v -3.219079 3.459938 -1.727845
v -3.480339 3.459938 -1.727845
v -3.490796 3.452926 -1.709363
v -3.501945 3.445611 -1.691830
v -3.462720 3.426469 -1.725844
v -3.474246 3.421599 -1.707688
v -3.486559 3.416535 -1.690448
v -3.451779 3.390319 -1.724754
v -3.463949 3.387751 -1.706827
v -3.476973 3.385110 -1.689789
v -3.151364 3.491827 -1.697616
v -3.122325 3.507235 -1.702050
v -3.090858 3.516829 -1.707264
v -3.158895 3.502677 -1.715873
v -3.127529 3.519234 -1.720702
v -3.093532 3.529534 -1.726331
v -3.165984 3.513025 -1.735128
v -3.132429 3.530644 -1.740357
v -3.096040 3.541586 -1.746395
v -3.603378 3.541586 -1.746396
v -3.605887 3.529534 -1.726331
v -3.608561 3.516829 -1.707264
v -3.566989 3.530644 -1.740357
v -3.571889 3.519234 -1.720702
v -3.577093 3.507235 -1.702050
v -3.533434 3.513025 -1.735128
v -3.540524 3.502677 -1.715873
v -3.548054 3.491827 -1.697616
v -3.117651 3.445140 -1.642015
v -3.099044 3.455189 -1.645075
v -3.078760 3.461397 -1.648683
v -3.125467 3.455744 -1.653069
v -3.104443 3.467041 -1.656411
v -3.081580 3.474044 -1.660364
v -3.134288 3.467857 -1.665995
v -3.110534 3.480570 -1.669673
v -3.084753 3.488476 -1.674033
v -3.614666 3.488476 -1.674033
v -3.617838 3.474044 -1.660364
v -3.620658 3.461397 -1.648683
v -3.588885 3.480570 -1.669673
v -3.594976 3.467041 -1.656411
v -3.600375 3.455189 -1.645075
v -3.565130 3.467857 -1.665995
v -3.573951 3.455744 -1.653069
v -3.581767 3.445140 -1.642015
v -3.036000 3.461397 -1.656764
v -3.015138 3.455189 -1.660861
v -2.995828 3.445140 -1.664755
v -3.033637 3.474044 -1.669304
v -3.010347 3.467041 -1.673880
v -2.988798 3.455744 -1.678250
v -3.030923 3.488476 -1.683982
v -3.004869 3.480570 -1.689122
v -2.980777 3.467857 -1.694045
v -3.718641 3.467857 -1.694045
v -3.710620 3.455744 -1.678250
v -3.703591 3.445140 -1.664755
v -3.694550 3.480570 -1.689122
v -3.689072 3.467040 -1.673880
v -3.684281 3.455189 -1.660861
v -3.668496 3.488476 -1.683982
v -3.665781 3.474044 -1.669304
v -3.663419 3.461397 -1.656764
v -3.025440 3.516829 -1.719208
v -2.993911 3.507235 -1.725412
v -2.964797 3.491827 -1.731349
v -3.022890 3.529534 -1.739159
v -2.988874 3.519234 -1.745803
v -2.957486 3.502677 -1.752140
v -3.020427 3.541586 -1.760058
v -2.984036 3.530644 -1.767101
v -2.950478 3.513025 -1.773790
v -3.748940 3.513025 -1.773790
v -3.741932 3.502677 -1.752140
v -3.734621 3.491827 -1.731350
v -3.715383 3.530644 -1.767101
v -3.710544 3.519234 -1.745803
v -3.705507 3.507235 -1.725412
v -3.678992 3.541586 -1.760058
v -3.676529 3.529534 -1.739159
v -3.673979 3.516829 -1.719208
v -2.918577 3.445611 -1.741162
v -2.903169 3.416535 -1.744552
v -2.893574 3.385110 -1.746705
v -2.907726 3.452926 -1.762514
v -2.891169 3.421599 -1.766053
v -2.880870 3.387751 -1.768285
v -2.897379 3.459938 -1.784627
v -2.879759 3.426469 -1.788271
v -2.868817 3.390319 -1.790550
v -3.830601 3.390319 -1.790550
v -3.818549 3.387751 -1.768285
v -3.805845 3.385110 -1.746705
v -3.819659 3.426469 -1.788271
v -3.808250 3.421599 -1.766053
v -3.796250 3.416535 -1.744552
v -3.802040 3.459938 -1.784627
v -3.791693 3.452926 -1.762514
v -3.780842 3.445611 -1.741162
v -2.965407 3.414608 -1.671223
v -2.955433 3.395275 -1.673491
v -2.949285 3.374406 -1.674945
v -2.954702 3.421615 -1.685545
v -2.943428 3.400062 -1.688113
v -2.936442 3.376776 -1.689763
v -2.942552 3.429628 -1.702267
v -2.929841 3.405544 -1.705156
v -2.921938 3.379512 -1.707009
v -3.777481 3.379512 -1.707009
v -3.762977 3.376776 -1.689763
v -3.750134 3.374406 -1.674945
v -3.769578 3.405544 -1.705156
v -3.755991 3.400062 -1.688113
v -3.743986 3.395275 -1.673491
v -3.756866 3.429628 -1.702267
v -3.744717 3.421615 -1.685545
v -3.734012 3.414608 -1.671223
v -2.964701 3.371670 -1.654419
v -2.969769 3.389713 -1.653214
v -2.978116 3.406467 -1.651290
v -2.968156 3.371104 -1.648067
v -2.972906 3.388553 -1.646935
v -2.980903 3.404737 -1.645045
v -2.971713 3.370507 -1.642853
v -2.976070 3.387321 -1.641830
v -2.983810 3.402822 -1.639933
v -3.715608 3.402822 -1.639933
v -3.718515 3.404737 -1.645044
v -3.721302 3.406467 -1.651290
v -3.723349 3.387321 -1.641830
v -3.726513 3.388553 -1.646935
v -3.729649 3.389713 -1.653214
v -3.727706 3.370507 -1.642853
v -3.731263 3.371104 -1.648067
v -3.734717 3.371670 -1.654419
v -3.004081 3.432932 -1.645630
v -3.020733 3.441614 -1.642151
v -3.038739 3.446953 -1.638466
v -3.005888 3.430492 -1.639410
v -3.021916 3.439003 -1.635933
v -3.039307 3.444164 -1.632222
v -3.007870 3.427888 -1.634311
v -3.023168 3.436293 -1.630881
v -3.039907 3.441173 -1.627144
v -3.659512 3.441173 -1.627144
v -3.660111 3.444164 -1.632222
v -3.660679 3.446953 -1.638466
v -3.676250 3.436293 -1.630881
v -3.677502 3.439003 -1.635933
v -3.678685 3.441614 -1.642151
v -3.691548 3.427888 -1.634311
v -3.693531 3.430492 -1.639410
v -3.695338 3.432932 -1.645630
v -3.075408 3.446953 -1.631205
v -3.092653 3.441614 -1.627981
v -3.108422 3.432932 -1.625251
v -3.074749 3.444164 -1.625007
v -3.091371 3.439003 -1.621871
v -3.106536 3.430492 -1.619225
v -3.074191 3.441173 -1.619996
v -3.090198 3.436293 -1.616986
v -3.104713 3.427888 -1.614441
v -3.594706 3.427888 -1.614441
v -3.592882 3.430492 -1.619225
v -3.590997 3.432932 -1.625251
v -3.609221 3.436293 -1.616986
v -3.608048 3.439003 -1.621871
v -3.606765 3.441614 -1.627981
v -3.625228 3.441173 -1.619996
v -3.624669 3.444164 -1.625007
v -3.624011 3.446953 -1.631205
v -3.133416 3.406467 -1.621898
v -3.141800 3.389713 -1.621236
v -3.147030 3.371670 -1.620991
v -3.130761 3.404737 -1.615990
v -3.138959 3.388553 -1.615355
v -3.144009 3.371104 -1.615116
v -3.128273 3.402822 -1.611343
v -3.136360 3.387321 -1.610744
v -3.141141 3.370507 -1.610505
v -3.558278 3.370507 -1.610505
v -3.555409 3.371104 -1.615116
v -3.552388 3.371670 -1.620991
v -3.563058 3.387321 -1.610744
v -3.560460 3.388553 -1.615355
v -3.557618 3.389713 -1.621236
v -3.571146 3.402822 -1.611343
v -3.568658 3.404737 -1.615990
v -3.566003 3.406467 -1.621898
v -3.147030 3.334996 -1.620991
v -3.141800 3.317750 -1.621236
v -3.133416 3.301981 -1.621898
v -3.144009 3.335654 -1.615116
v -3.138959 3.319033 -1.615355
v -3.130761 3.303867 -1.615990
v -3.141141 3.336213 -1.610505
v -3.136360 3.320206 -1.610744
v -3.128273 3.305691 -1.611343
v -3.571146 3.305691 -1.611343
v -3.568658 3.303867 -1.615990
v -3.566002 3.301981 -1.621898
v -3.563058 3.320206 -1.610744
v -3.560460 3.319033 -1.615355
v -3.557618 3.317750 -1.621236
v -3.558278 3.336213 -1.610506
v -3.555409 3.335654 -1.615116
v -3.552388 3.334996 -1.620991
v -3.108422 3.276987 -1.625251
v -3.092653 3.268603 -1.627981
v -3.075408 3.263373 -1.631205
v -3.106536 3.279642 -1.619225
v -3.091371 3.271445 -1.621871
v -3.074749 3.266394 -1.625007
v -3.104713 3.282130 -1.614441
v -3.090198 3.274043 -1.616986
v -3.074191 3.269262 -1.619996
v -3.625228 3.269262 -1.619996
v -3.624669 3.266394 -1.625007
v -3.624011 3.263373 -1.631205
v -3.609221 3.274043 -1.616986
v -3.608048 3.271445 -1.621871
v -3.606765 3.268603 -1.627981
v -3.594706 3.282130 -1.614441
v -3.592882 3.279642 -1.619225
v -3.590997 3.276987 -1.625251
v -3.038739 3.263373 -1.638466
v -3.020733 3.268603 -1.642151
v -3.004081 3.276987 -1.645630
v -3.039307 3.266394 -1.632222
v -3.021916 3.271445 -1.635933
v -3.005888 3.279642 -1.639410
v -3.039907 3.269262 -1.627144
v -3.023168 3.274043 -1.630881
v -3.007870 3.282130 -1.634311
v -3.691548 3.282130 -1.634311
v -3.693531 3.279642 -1.639410
v -3.695338 3.276987 -1.645630
v -3.676250 3.274043 -1.630881
v -3.677502 3.271445 -1.635933
v -3.678685 3.268603 -1.642151
v -3.659512 3.269262 -1.627144
v -3.660111 3.266394 -1.632222
v -3.660679 3.263373 -1.638466
v -2.978116 3.301981 -1.651290
v -2.969769 3.317750 -1.653214
v -2.964701 3.334996 -1.654419
v -2.980903 3.303867 -1.645045
v -2.972906 3.319033 -1.646935
v -2.968156 3.335654 -1.648067
v -2.983810 3.305691 -1.639933
v -2.976070 3.320206 -1.641830
v -2.971713 3.336213 -1.642853
v -3.727706 3.336213 -1.642853
v -3.731263 3.335654 -1.648067
v -3.734717 3.334996 -1.654419
v -3.723349 3.320206 -1.641830
v -3.726513 3.319033 -1.646935
v -3.729649 3.317750 -1.653214
v -3.715608 3.305691 -1.639933
v -3.718515 3.303867 -1.645044
v -3.721302 3.301981 -1.651290
v -2.999429 3.329200 -1.626456
v -3.017975 3.336645 -1.618608
v -3.007859 3.323582 -1.623420
v -2.997348 3.314621 -1.629162
v -2.990341 3.325630 -1.631130
v -2.987967 3.338579 -1.631484
v -3.001755 3.339155 -1.624938
v -3.699989 3.329200 -1.626455
v -3.711451 3.338579 -1.631484
v -3.709077 3.325630 -1.631130
v -3.702070 3.314621 -1.629162
v -3.691560 3.323582 -1.623420
v -3.681444 3.336645 -1.618608
v -3.697664 3.339155 -1.624938
v -3.033055 3.295667 -1.618211
v -3.042672 3.284153 -1.618301
v -3.029181 3.287004 -1.621668
v -3.017687 3.294394 -1.624176
v -3.027268 3.304211 -1.618636
v -3.040956 3.313673 -1.613009
v -3.043439 3.297556 -1.614806
v -3.666363 3.295667 -1.618211
v -3.658462 3.313673 -1.613009
v -3.672150 3.304211 -1.618636
v -3.681731 3.294394 -1.624176
v -3.670237 3.287004 -1.621668
v -3.656747 3.284153 -1.618301
v -3.655980 3.297556 -1.614806
v -3.081211 3.295667 -1.607912
v -3.073805 3.313673 -1.606038
v -3.086835 3.304211 -1.606013
v -3.095784 3.294394 -1.607709
v -3.084774 3.287004 -1.609813
v -3.071827 3.284153 -1.612045
v -3.071264 3.297556 -1.608828
v -3.618208 3.295667 -1.607912
v -3.627592 3.284153 -1.612045
v -3.614645 3.287004 -1.609813
v -3.603634 3.294394 -1.607709
v -3.612584 3.304211 -1.606013
v -3.625614 3.313673 -1.606038
v -3.628154 3.297556 -1.608828
v -3.114743 3.329200 -1.603444
v -3.096772 3.336645 -1.602797
v -3.112861 3.339155 -1.603001
v -3.126253 3.338579 -1.604436
v -3.123401 3.325630 -1.604702
v -3.116011 3.314621 -1.605114
v -3.106206 3.323582 -1.603473
v -3.584675 3.329200 -1.603444
v -3.583408 3.314621 -1.605114
v -3.576018 3.325630 -1.604702
v -3.573166 3.338579 -1.604436
v -3.586557 3.339155 -1.603001
v -3.602646 3.336645 -1.602797
v -3.593213 3.323582 -1.603473
v -3.114743 3.377472 -1.603444
v -3.096772 3.369662 -1.602797
v -3.106206 3.383425 -1.603473
v -3.116011 3.393044 -1.605114
v -3.123401 3.381325 -1.604702
v -3.126253 3.367750 -1.604436
v -3.112861 3.367031 -1.603001
v -3.584675 3.377472 -1.603444
v -3.573166 3.367750 -1.604436
v -3.576018 3.381325 -1.604702
v -3.583408 3.393044 -1.605114
v -3.593213 3.383425 -1.603473
v -3.602646 3.369662 -1.602797
v -3.586557 3.367031 -1.603001
v -3.081211 3.412939 -1.607912
v -3.073805 3.393820 -1.606038
v -3.071264 3.410825 -1.608828
v -3.071827 3.425103 -1.612045
v -3.084774 3.422234 -1.609813
v -3.095784 3.414522 -1.607709
v -3.086835 3.403939 -1.606013
v -3.618208 3.412939 -1.607912
v -3.603634 3.414522 -1.607709
v -3.614645 3.422234 -1.609813
v -3.627592 3.425103 -1.612045
v -3.628154 3.410826 -1.608828
v -3.625614 3.393820 -1.606038
v -3.612584 3.403939 -1.606013
v -3.033055 3.412939 -1.618211
v -3.040956 3.393820 -1.613009
v -3.027269 3.403939 -1.618636
v -3.017687 3.414522 -1.624176
v -3.029181 3.422234 -1.621668
v -3.042672 3.425103 -1.618301
v -3.043439 3.410826 -1.614806
v -3.666363 3.412939 -1.618211
v -3.656747 3.425103 -1.618301
v -3.670237 3.422234 -1.621668
v -3.681731 3.414522 -1.624176
v -3.672150 3.403939 -1.618636
v -3.658462 3.393820 -1.613009
v -3.655980 3.410825 -1.614806
v -2.999429 3.377472 -1.626455
v -3.017975 3.369662 -1.618608
v -3.001755 3.367031 -1.624938
v -2.987967 3.367750 -1.631484
v -2.990341 3.381325 -1.631130
v -2.997348 3.393044 -1.629162
v -3.007859 3.383425 -1.623420
v -3.699989 3.377472 -1.626455
v -3.702070 3.393044 -1.629162
v -3.709077 3.381325 -1.631130
v -3.711451 3.367750 -1.631484
v -3.697664 3.367031 -1.624938
v -3.681444 3.369662 -1.618608
v -3.691560 3.383425 -1.623420
v -3.244751 2.356858 -1.807322
v -3.247855 2.362675 -1.790210
v -3.253023 2.370322 -1.774628
v -3.278686 2.353700 -1.803919
v -3.280510 2.359693 -1.787495
v -3.283789 2.367432 -1.772677
v -3.313882 2.351535 -1.801559
v -3.314721 2.357647 -1.785576
v -3.316310 2.365460 -1.771257
v -3.383108 2.365460 -1.771257
v -3.415630 2.367432 -1.772677
v -3.446395 2.370322 -1.774628
v -3.384698 2.357647 -1.785576
v -3.418909 2.359693 -1.787495
v -3.451563 2.362675 -1.790210
v -3.385536 2.351535 -1.801559
v -3.420733 2.353700 -1.803919
v -3.454668 2.356858 -1.807322
v -3.134023 2.376661 -1.822381
v -3.145824 2.381623 -1.800918
v -3.160866 2.389410 -1.780792
v -3.156757 2.369963 -1.819361
v -3.166257 2.375118 -1.799125
v -3.178793 2.382690 -1.780230
v -3.183180 2.364843 -1.815511
v -3.190232 2.370220 -1.796446
v -3.200116 2.377738 -1.778764
v -3.499303 2.377738 -1.778764
v -3.520625 2.382690 -1.780230
v -3.538552 2.389410 -1.780792
v -3.509186 2.370220 -1.796446
v -3.533161 2.375118 -1.799125
v -3.553594 2.381623 -1.800918
v -3.516239 2.364843 -1.815511
v -3.542661 2.369963 -1.819361
v -3.565395 2.376661 -1.822381
v -3.086360 2.431696 -1.819373
v -3.101197 2.435469 -1.793656
v -3.121140 2.444983 -1.769807
v -3.092222 2.412613 -1.822403
v -3.107153 2.417054 -1.797511
v -3.126639 2.426497 -1.774272
v -3.101759 2.397410 -1.824042
v -3.116348 2.402122 -1.800185
v -3.134938 2.411007 -1.777818
v -3.564481 2.411006 -1.777818
v -3.572780 2.426497 -1.774272
v -3.578278 2.444983 -1.769807
v -3.583071 2.402122 -1.800185
v -3.592266 2.417054 -1.797511
v -3.598222 2.435469 -1.793656
v -3.597660 2.397410 -1.824042
v -3.607197 2.412613 -1.822403
v -3.613058 2.431696 -1.819373
v -3.088911 2.553540 -1.799217
v -3.102590 2.549250 -1.772787
v -3.122292 2.550764 -1.749331
v -3.085243 2.516210 -1.804585
v -3.099141 2.514212 -1.778111
v -3.119035 2.518429 -1.754348
v -3.083347 2.483348 -1.810083
v -3.097538 2.483770 -1.783615
v -3.117587 2.490578 -1.759565
v -3.581831 2.490578 -1.759565
v -3.580383 2.518429 -1.754348
v -3.577127 2.550764 -1.749331
v -3.601880 2.483770 -1.783615
v -3.600278 2.514212 -1.778111
v -3.596828 2.549250 -1.772787
v -3.616071 2.483348 -1.810083
v -3.614176 2.516210 -1.804585
v -3.610508 2.553540 -1.799217
v -3.114911 2.732574 -1.787007
v -3.128583 2.726818 -1.759269
v -3.147771 2.724267 -1.734773
v -3.107176 2.687113 -1.788451
v -3.120821 2.680647 -1.761226
v -3.140194 2.678048 -1.737294
v -3.100144 2.640418 -1.790926
v -3.113726 2.633789 -1.764149
v -3.133182 2.631721 -1.740646
v -3.566237 2.631721 -1.740646
v -3.559225 2.678048 -1.737294
v -3.551647 2.724267 -1.734773
v -3.585693 2.633789 -1.764149
v -3.578597 2.680647 -1.761226
v -3.570835 2.726818 -1.759269
v -3.599275 2.640418 -1.790926
v -3.592243 2.687113 -1.788451
v -3.584507 2.732573 -1.787007
v -3.134802 3.028557 -1.775598
v -3.095618 3.041372 -1.784296
v -3.050531 3.054553 -1.794283
v -3.146167 3.042458 -1.740280
v -3.104731 3.055420 -1.752298
v -3.058038 3.068354 -1.765574
v -3.159614 3.061444 -1.705244
v -3.114157 3.073750 -1.721757
v -3.065677 3.085732 -1.738508
v -3.633741 3.085732 -1.738508
v -3.641380 3.068354 -1.765574
v -3.648887 3.054553 -1.794283
v -3.585261 3.073750 -1.721757
v -3.594688 3.055420 -1.752298
v -3.603800 3.041372 -1.784296
v -3.539805 3.061444 -1.705244
v -3.553252 3.042458 -1.740280
v -3.564617 3.028557 -1.775598
v -2.958580 3.086306 -1.810692
v -2.915681 3.106272 -1.816513
v -2.874856 3.129403 -1.822382
v -2.964131 3.099470 -1.787063
v -2.920628 3.119143 -1.794469
v -2.879702 3.141882 -1.801192
v -2.971197 3.115135 -1.764811
v -2.927849 3.134068 -1.773868
v -2.887496 3.156010 -1.781549
v -3.811923 3.156010 -1.781549
v -3.819716 3.141882 -1.801192
v -3.824562 3.129403 -1.822382
v -3.771570 3.134068 -1.773868
v -3.778790 3.119143 -1.794469
v -3.783738 3.106272 -1.816513
v -3.728222 3.115136 -1.764811
v -3.735288 3.099470 -1.787063
v -3.740838 3.086306 -1.810692
v -2.799051 3.186292 -1.838990
v -2.765293 3.220315 -1.848048
v -2.736058 3.258035 -1.853788
v -2.805964 3.197288 -1.817150
v -2.774209 3.230031 -1.825177
v -2.747143 3.265991 -1.830104
v -2.816685 3.209219 -1.796807
v -2.787106 3.240333 -1.803660
v -2.762281 3.274153 -1.807688
v -3.937138 3.274153 -1.807688
v -3.952276 3.265991 -1.830104
v -3.963361 3.258035 -1.853788
v -3.912313 3.240333 -1.803660
v -3.925210 3.230031 -1.825177
v -3.934126 3.220315 -1.848048
v -3.882734 3.209219 -1.796807
v -3.893454 3.197288 -1.817150
v -3.900368 3.186292 -1.838990
v -2.696463 3.343885 -1.844176
v -2.687506 3.388557 -1.829044
v -2.685877 3.430013 -1.811033
v -2.710898 3.346599 -1.821495
v -2.702651 3.388089 -1.808121
v -2.700957 3.426484 -1.791972
v -2.729442 3.348564 -1.800488
v -2.721920 3.386347 -1.789382
v -2.720139 3.421219 -1.775694
v -3.979280 3.421219 -1.775694
v -3.998461 3.426484 -1.791972
v -4.013542 3.430013 -1.811033
v -3.977499 3.386347 -1.789382
v -3.996768 3.388089 -1.808121
v -4.011913 3.388557 -1.829044
v -3.969977 3.348564 -1.800488
v -3.988521 3.346599 -1.821495
v -4.002955 3.343885 -1.844177
v -2.704606 3.490719 -1.778706
v -2.724572 3.509985 -1.766467
v -2.751082 3.526073 -1.755501
v -2.716987 3.482895 -1.761441
v -2.734744 3.501147 -1.748873
v -2.759122 3.516776 -1.737162
v -2.733212 3.472876 -1.748056
v -2.748501 3.490090 -1.735577
v -2.770398 3.505251 -1.723454
v -3.929020 3.505251 -1.723454
v -3.940296 3.516776 -1.737162
v -3.948336 3.526073 -1.755501
v -3.950918 3.490090 -1.735577
v -3.964674 3.501147 -1.748873
v -3.974846 3.509985 -1.766467
v -3.966207 3.472876 -1.748056
v -3.982432 3.482895 -1.761441
v -3.994812 3.490719 -1.778706
v -2.821764 3.561788 -1.732914
v -2.863168 3.584111 -1.720652
v -2.905578 3.608645 -1.708382
v -2.827660 3.552547 -1.713120
v -2.869117 3.574982 -1.700455
v -2.911789 3.599382 -1.687975
v -2.835838 3.540714 -1.698418
v -2.876787 3.562859 -1.685504
v -2.919158 3.586635 -1.672943
v -3.780261 3.586635 -1.672943
v -3.787630 3.599382 -1.687975
v -3.793840 3.608645 -1.708382
v -3.822631 3.562859 -1.685504
v -3.830301 3.574982 -1.700455
v -3.836251 3.584111 -1.720652
v -3.863580 3.540714 -1.698418
v -3.871758 3.552547 -1.713120
v -3.877654 3.561788 -1.732914
v -2.984515 3.661080 -1.685939
v -3.019478 3.685883 -1.676338
v -3.052320 3.706701 -1.667876
v -2.990183 3.649995 -1.665559
v -3.024046 3.673233 -1.656132
v -3.055405 3.692486 -1.647912
v -2.996051 3.634378 -1.650808
v -3.028438 3.655586 -1.641687
v -3.057973 3.672904 -1.633826
v -3.641446 3.672904 -1.633826
v -3.644014 3.692486 -1.647912
v -3.647099 3.706701 -1.667876
v -3.670981 3.655586 -1.641687
v -3.675372 3.673233 -1.656132
v -3.679940 3.685883 -1.676338
v -3.703367 3.634378 -1.650808
v -3.709235 3.649995 -1.665559
v -3.714903 3.661080 -1.685939
v -3.114597 3.727352 -1.654470
v -3.144320 3.724686 -1.649624
v -3.172498 3.713036 -1.646113
v -3.114170 3.711340 -1.635066
v -3.142179 3.708697 -1.630482
v -3.168884 3.697578 -1.627189
v -3.112568 3.689666 -1.621690
v -3.138532 3.687167 -1.617388
v -3.163454 3.676889 -1.614294
v -3.535965 3.676889 -1.614294
v -3.530535 3.697578 -1.627189
v -3.526921 3.713036 -1.646112
v -3.560886 3.687167 -1.617388
v -3.557240 3.708697 -1.630482
v -3.555099 3.724686 -1.649624
v -3.586850 3.689666 -1.621690
v -3.585248 3.711340 -1.635066
v -3.584822 3.727352 -1.654470
v -3.222351 3.662906 -1.643337
v -3.243932 3.628477 -1.643842
v -3.263779 3.593166 -1.645219
v -3.217118 3.649619 -1.624627
v -3.238600 3.616496 -1.625164
v -3.258686 3.582332 -1.626603
v -3.209563 3.632296 -1.611794
v -3.230758 3.601247 -1.612246
v -3.250926 3.568951 -1.613616
v -3.448492 3.568951 -1.613616
v -3.440733 3.582332 -1.626603
v -3.435639 3.593167 -1.645219
v -3.468661 3.601247 -1.612246
v -3.460819 3.616496 -1.625164
v -3.455486 3.628477 -1.643842
v -3.489856 3.632296 -1.611794
v -3.482301 3.649619 -1.624627
v -3.477067 3.662906 -1.643337
v -3.299891 3.535974 -1.649348
v -3.316828 3.518100 -1.651395
v -3.333366 3.507392 -1.652909
v -3.295889 3.526033 -1.631165
v -3.313773 3.507579 -1.633525
v -3.331706 3.495708 -1.635273
v -3.289007 3.514327 -1.618361
v -3.308018 3.494862 -1.620929
v -3.328157 3.480379 -1.622830
v -3.371261 3.480380 -1.622830
v -3.367712 3.495708 -1.635273
v -3.366053 3.507392 -1.652909
v -3.391400 3.494862 -1.620929
v -3.385646 3.507579 -1.633525
v -3.382590 3.518100 -1.651396
v -3.410411 3.514327 -1.618361
v -3.403530 3.526034 -1.631165
v -3.399528 3.535974 -1.649348
v -3.207208 3.516400 -1.627366
v -3.190015 3.535156 -1.628256
v -3.172075 3.551726 -1.629867
v -3.218778 3.528240 -1.617626
v -3.200434 3.550687 -1.617809
v -3.181436 3.571143 -1.618794
v -3.230314 3.541032 -1.610005
v -3.211009 3.567264 -1.609479
v -3.191073 3.591752 -1.609822
v -3.508346 3.591752 -1.609822
v -3.517982 3.571143 -1.618794
v -3.527344 3.551726 -1.629867
v -3.488410 3.567264 -1.609479
v -3.498985 3.550687 -1.617809
v -3.509404 3.535156 -1.628256
v -3.469104 3.541032 -1.610005
v -3.480641 3.528240 -1.617626
v -3.492211 3.516400 -1.627366
v -3.135549 3.574224 -1.634670
v -3.117092 3.579269 -1.637735
v -3.098149 3.580365 -1.641268
v -3.142549 3.599440 -1.622833
v -3.122716 3.605824 -1.625835
v -3.102344 3.607304 -1.629533
v -3.149776 3.626142 -1.613098
v -3.128408 3.633952 -1.616048
v -3.106396 3.635835 -1.619904
v -3.593022 3.635835 -1.619904
v -3.597075 3.607304 -1.629533
v -3.601270 3.580365 -1.641268
v -3.571011 3.633952 -1.616048
v -3.576702 3.605824 -1.625835
v -3.582326 3.579269 -1.637735
v -3.549643 3.626142 -1.613098
v -3.556870 3.599440 -1.622833
v -3.563870 3.574224 -1.634670
v -3.009056 3.550603 -1.661971
v -3.007411 3.571808 -1.652853
v -3.004925 3.593923 -1.645438
v -3.034675 3.562314 -1.655341
v -3.034659 3.585755 -1.645413
v -3.033888 3.610317 -1.637311
v -3.057513 3.571525 -1.649892
v -3.058925 3.596775 -1.639191
v -3.059751 3.623370 -1.630447
v -3.639668 3.623370 -1.630447
v -3.665530 3.610317 -1.637311
v -3.694493 3.593923 -1.645438
v -3.640493 3.596775 -1.639191
v -3.664760 3.585755 -1.645413
v -3.692008 3.571808 -1.652853
v -3.641905 3.571525 -1.649892
v -3.664744 3.562314 -1.655341
v -3.690363 3.550603 -1.661971
v -2.879485 3.489752 -1.701690
v -2.868251 3.501562 -1.695206
v -2.856767 3.514334 -1.690331
v -2.912271 3.505901 -1.690714
v -2.903645 3.519648 -1.683525
v -2.894589 3.534234 -1.677948
v -2.946739 3.521827 -1.679910
v -2.940735 3.537965 -1.672140
v -2.934083 3.554864 -1.665970
v -3.765336 3.554864 -1.665970
v -3.804830 3.534234 -1.677948
v -3.842652 3.514334 -1.690331
v -3.758683 3.537965 -1.672140
v -3.795773 3.519648 -1.683525
v -3.831168 3.501562 -1.695206
v -3.752680 3.521827 -1.679910
v -3.787147 3.505901 -1.690714
v -3.819934 3.489752 -1.701690
v -2.807437 3.427473 -1.735227
v -2.789550 3.438034 -1.734708
v -2.770695 3.449636 -1.735366
v -2.816281 3.443778 -1.728666
v -2.799401 3.454204 -1.726203
v -2.781884 3.465777 -1.725001
v -2.830552 3.458924 -1.720989
v -2.815092 3.469194 -1.716834
v -2.799280 3.480615 -1.714094
v -3.900138 3.480615 -1.714094
v -3.917535 3.465777 -1.725001
v -3.928723 3.449636 -1.735366
v -3.884326 3.469194 -1.716834
v -3.900018 3.454204 -1.726203
v -3.909869 3.438034 -1.734708
v -3.868866 3.458924 -1.720989
v -3.883138 3.443778 -1.728666
v -3.891981 3.427473 -1.735227
v -2.810602 3.337646 -1.751587
v -2.791562 3.342196 -1.759290
v -2.771145 3.346290 -1.769243
v -2.803908 3.363379 -1.749367
v -2.784894 3.370246 -1.755238
v -2.764434 3.377108 -1.763012
v -2.801530 3.387409 -1.745667
v -2.782651 3.396266 -1.749444
v -2.762363 3.405566 -1.754745
v -3.937056 3.405566 -1.754745
v -3.934984 3.377108 -1.763012
v -3.928273 3.346290 -1.769243
v -3.916768 3.396266 -1.749444
v -3.914524 3.370246 -1.755238
v -3.907857 3.342196 -1.759290
v -3.897889 3.387409 -1.745667
v -3.895510 3.363379 -1.749367
v -3.888816 3.337646 -1.751587
v -2.885710 3.234107 -1.741791
v -2.867344 3.231055 -1.752076
v -2.848457 3.226670 -1.764188
v -2.860749 3.258362 -1.746709
v -2.841775 3.256935 -1.756992
v -2.822067 3.254247 -1.769380
v -2.839239 3.284293 -1.750237
v -2.820127 3.284590 -1.760167
v -2.800033 3.283780 -1.772449
v -3.899386 3.283780 -1.772449
v -3.877351 3.254247 -1.769380
v -3.850962 3.226670 -1.764188
v -3.879291 3.284590 -1.760167
v -3.857644 3.256935 -1.756992
v -3.832074 3.231055 -1.752076
v -3.860180 3.284293 -1.750237
v -3.838670 3.258362 -1.746709
v -3.813709 3.234107 -1.741791
v -3.005018 3.169424 -1.713207
v -2.997025 3.158067 -1.721285
v -2.988225 3.145390 -1.731686
v -2.972438 3.179637 -1.721864
v -2.960835 3.170868 -1.730966
v -2.948663 3.160774 -1.741995
v -2.941905 3.194101 -1.729320
v -2.927212 3.187505 -1.739031
v -2.912095 3.179570 -1.750432
v -3.787324 3.179570 -1.750432
v -3.750756 3.160774 -1.741995
v -3.711194 3.145390 -1.731686
v -3.772206 3.187505 -1.739031
v -3.738584 3.170868 -1.730966
v -3.702393 3.158067 -1.721285
v -3.757514 3.194101 -1.729320
v -3.726980 3.179637 -1.721864
v -3.694401 3.169424 -1.713207
v -3.150752 3.173990 -1.668932
v -3.159394 3.147817 -1.667314
v -3.167372 3.117391 -1.668085
v -3.115089 3.166769 -1.679420
v -3.119161 3.144541 -1.680783
v -3.121831 3.120009 -1.685517
v -3.077364 3.163160 -1.691336
v -3.077211 3.145010 -1.695530
v -3.075651 3.125341 -1.703063
v -3.623767 3.125341 -1.703063
v -3.577588 3.120009 -1.685517
v -3.532047 3.117391 -1.668085
v -3.622208 3.145010 -1.695530
v -3.580258 3.144541 -1.680783
v -3.540024 3.147817 -1.667314
v -3.622054 3.163160 -1.691336
v -3.584330 3.166769 -1.679420
v -3.548666 3.173990 -1.668932
v -3.206346 3.197189 -1.658747
v -3.225024 3.212168 -1.659043
v -3.239105 3.228772 -1.660732
v -3.222854 3.169972 -1.655460
v -3.244886 3.187987 -1.657403
v -3.262551 3.208109 -1.661097
v -3.240101 3.138065 -1.652011
v -3.265545 3.160335 -1.655609
v -3.288459 3.184028 -1.661368
v -3.410959 3.184028 -1.661368
v -3.436867 3.208109 -1.661097
v -3.460314 3.228772 -1.660732
v -3.433873 3.160335 -1.655609
v -3.454532 3.187987 -1.657403
v -3.474394 3.212168 -1.659043
v -3.459318 3.138065 -1.652012
v -3.476565 3.169972 -1.655460
v -3.493073 3.197189 -1.658747
v -3.237650 3.476423 -1.628312
v -3.252368 3.483965 -1.619968
v -3.266637 3.492578 -1.613612
v -3.250121 3.456160 -1.630151
v -3.267154 3.463260 -1.622378
v -3.284050 3.471763 -1.616272
v -3.260253 3.435615 -1.632732
v -3.280099 3.442732 -1.625452
v -3.301211 3.451781 -1.619156
v -3.398207 3.451781 -1.619156
v -3.415369 3.471762 -1.616272
v -3.432781 3.492578 -1.613612
v -3.419320 3.442732 -1.625452
v -3.432265 3.463260 -1.622378
v -3.447050 3.483965 -1.619968
v -3.439166 3.435615 -1.632732
v -3.449298 3.456160 -1.630151
v -3.461768 3.476423 -1.628312
v -3.271619 3.393091 -1.639749
v -3.294823 3.398388 -1.634579
v -3.321136 3.404263 -1.629566
v -3.273014 3.371261 -1.643877
v -3.296495 3.374477 -1.640345
v -3.322462 3.377554 -1.636975
v -3.272404 3.349436 -1.648130
v -3.296201 3.350464 -1.646179
v -3.322362 3.351415 -1.644201
v -3.377056 3.351415 -1.644201
v -3.376956 3.377554 -1.636975
v -3.378283 3.404263 -1.629566
v -3.403217 3.350463 -1.646179
v -3.402924 3.374477 -1.640345
v -3.404595 3.398388 -1.634579
v -3.427015 3.349436 -1.648130
v -3.426404 3.371261 -1.643877
v -3.427800 3.393091 -1.639749
v -3.315319 3.241379 -1.665644
v -3.284103 3.253837 -1.663828
v -3.257449 3.265905 -1.661589
v -3.318561 3.271534 -1.662358
v -3.289171 3.278330 -1.661234
v -3.263209 3.285952 -1.659494
v -3.320385 3.299290 -1.657232
v -3.292477 3.302542 -1.657013
v -3.267393 3.306637 -1.656253
v -3.432026 3.306637 -1.656253
v -3.436210 3.285952 -1.659494
v -3.441970 3.265905 -1.661589
v -3.406941 3.302542 -1.657013
v -3.410247 3.278330 -1.661234
v -3.415316 3.253837 -1.663828
v -3.379034 3.299290 -1.657232
v -3.380857 3.271534 -1.662358
v -3.384099 3.241379 -1.665644
v -3.293446 2.407400 -1.725186
v -3.311457 2.404483 -1.725950
v -3.330360 2.402791 -1.726367
v -3.282145 2.398388 -1.734996
v -3.303602 2.395506 -1.735230
v -3.326336 2.393741 -1.735287
v -3.270716 2.388784 -1.746885
v -3.295708 2.385925 -1.746459
v -3.322307 2.384084 -1.746064
v -3.377112 2.384084 -1.746064
v -3.373082 2.393741 -1.735287
v -3.369058 2.402791 -1.726366
v -3.403711 2.385925 -1.746459
v -3.395817 2.395506 -1.735230
v -3.387961 2.404483 -1.725950
v -3.428702 2.388784 -1.746885
v -3.417274 2.398388 -1.734996
v -3.405973 2.407400 -1.725186
v -3.238370 2.435055 -1.717479
v -3.248962 2.424927 -1.720233
v -3.261847 2.417302 -1.722390
v -3.219150 2.423416 -1.729851
v -3.231023 2.414232 -1.732045
v -3.245519 2.407434 -1.733536
v -3.198658 2.411166 -1.744918
v -3.212165 2.402988 -1.746391
v -3.228612 2.397017 -1.747059
v -3.470807 2.397017 -1.747059
v -3.453899 2.407434 -1.733536
v -3.437571 2.417302 -1.722390
v -3.487253 2.402988 -1.746391
v -3.468395 2.414232 -1.732045
v -3.450457 2.424927 -1.720233
v -3.500761 2.411166 -1.744918
v -3.480269 2.423416 -1.729851
v -3.461048 2.435055 -1.717479
v -3.223336 2.503462 -1.700405
v -3.222777 2.483616 -1.705302
v -3.225075 2.464754 -1.709948
v -3.197360 2.489129 -1.713401
v -3.199291 2.469605 -1.718231
v -3.203367 2.451363 -1.722836
v -3.170629 2.473520 -1.729416
v -3.174210 2.454319 -1.734279
v -3.179887 2.436928 -1.738758
v -3.519532 2.436928 -1.738758
v -3.496051 2.451363 -1.722836
v -3.474344 2.464754 -1.709948
v -3.525208 2.454319 -1.734279
v -3.500128 2.469605 -1.718231
v -3.476642 2.483617 -1.705302
v -3.528789 2.473520 -1.729416
v -3.502059 2.489129 -1.713401
v -3.476082 2.503463 -1.700404
v -3.194973 2.723968 -1.698443
v -3.220114 2.724705 -1.686728
v -3.245027 2.725615 -1.678493
v -3.188119 2.678586 -1.701473
v -3.213765 2.679894 -1.689615
v -3.239322 2.681408 -1.681113
v -3.181585 2.634347 -1.705038
v -3.207630 2.636807 -1.692923
v -3.233747 2.639363 -1.684067
v -3.465672 2.639363 -1.684067
v -3.460097 2.681408 -1.681113
v -3.454392 2.725615 -1.678493
v -3.491788 2.636807 -1.692923
v -3.485654 2.679894 -1.689615
v -3.479304 2.724705 -1.686728
v -3.517834 2.634347 -1.705038
v -3.511299 2.678586 -1.701473
v -3.504446 2.723968 -1.698443
v -3.225098 2.538251 -1.693364
v -3.196445 2.526631 -1.705334
v -3.168358 2.513862 -1.720297
v -3.225055 2.554741 -1.691374
v -3.197028 2.545962 -1.702275
v -3.169375 2.536111 -1.716329
v -3.226290 2.575463 -1.689319
v -3.198960 2.569260 -1.699338
v -3.171911 2.562386 -1.712553
v -3.527508 2.562386 -1.712553
v -3.530043 2.536111 -1.716329
v -3.531060 2.513862 -1.720297
v -3.500459 2.569260 -1.699338
v -3.502391 2.545962 -1.702275
v -3.502974 2.526631 -1.705334
v -3.473129 2.575463 -1.689319
v -3.474364 2.554741 -1.691374
v -3.474320 2.538251 -1.693364
v -3.295749 2.865825 -1.666958
v -3.314350 2.860814 -1.665563
v -3.332215 2.857242 -1.665065
v -3.296195 2.838159 -1.667725
v -3.314730 2.835384 -1.666262
v -3.332433 2.833138 -1.665728
v -3.295691 2.805763 -1.667868
v -3.314502 2.804420 -1.666343
v -3.332348 2.803207 -1.665782
v -3.367071 2.803207 -1.665782
v -3.366985 2.833138 -1.665728
v -3.367204 2.857242 -1.665065
v -3.384916 2.804420 -1.666343
v -3.384688 2.835384 -1.666262
v -3.385069 2.860814 -1.665563
v -3.403727 2.805763 -1.667868
v -3.403223 2.838159 -1.667725
v -3.403670 2.865825 -1.666958
v -3.283132 2.643077 -1.674356
v -3.286955 2.683861 -1.671954
v -3.290807 2.726919 -1.669782
v -3.305974 2.643953 -1.672468
v -3.308625 2.684541 -1.670178
v -3.311285 2.727144 -1.668098
v -3.328037 2.644359 -1.671772
v -3.329393 2.684908 -1.669523
v -3.330750 2.727203 -1.667477
v -3.368669 2.727203 -1.667477
v -3.388134 2.727144 -1.668098
v -3.408611 2.726919 -1.669782
v -3.370026 2.684908 -1.669523
v -3.390793 2.684541 -1.670177
v -3.412463 2.683861 -1.671954
v -3.371382 2.644359 -1.671772
v -3.393444 2.643953 -1.672468
v -3.416287 2.643077 -1.674356
v -3.326710 2.548255 -1.676593
v -3.303334 2.550073 -1.677376
v -3.279100 2.550333 -1.679673
v -3.326400 2.562246 -1.675841
v -3.302698 2.563431 -1.676675
v -3.278189 2.563503 -1.678990
v -3.326452 2.582019 -1.675004
v -3.302830 2.582488 -1.675810
v -3.278478 2.582120 -1.678006
v -3.420941 2.582120 -1.678006
v -3.421229 2.563503 -1.678990
v -3.420318 2.550333 -1.679673
v -3.396589 2.582487 -1.675810
v -3.396721 2.563431 -1.676675
v -3.396085 2.550073 -1.677376
v -3.372967 2.582019 -1.675004
v -3.373019 2.562246 -1.675841
v -3.372708 2.548255 -1.676593
v -3.252696 2.952240 -1.655406
v -3.254088 2.953876 -1.647159
v -3.254576 2.955267 -1.638915
v -3.258446 2.938500 -1.656782
v -3.260225 2.941203 -1.648546
v -3.260803 2.943403 -1.640454
v -3.267359 2.924812 -1.658206
v -3.269381 2.929340 -1.650167
v -3.269972 2.932624 -1.642326
v -3.429447 2.932624 -1.642326
v -3.438615 2.943403 -1.640455
v -3.444842 2.955267 -1.638915
v -3.430038 2.929340 -1.650167
v -3.439193 2.941203 -1.648546
v -3.445331 2.953876 -1.647159
v -3.432059 2.924812 -1.658206
v -3.440973 2.938500 -1.656782
v -3.446723 2.952240 -1.655406
v -3.261168 3.012985 -1.654527
v -3.261007 3.012848 -1.648991
v -3.260576 3.013255 -1.641880
v -3.254171 2.998169 -1.654033
v -3.254486 2.998475 -1.647668
v -3.254463 2.998966 -1.640135
v -3.250501 2.982309 -1.653949
v -3.251169 2.982972 -1.646695
v -3.251384 2.983589 -1.638749
v -3.448035 2.983589 -1.638749
v -3.444955 2.998966 -1.640135
v -3.438843 3.013255 -1.641881
v -3.448249 2.982972 -1.646695
v -3.444932 2.998475 -1.647668
v -3.438411 3.012848 -1.648991
v -3.448918 2.982309 -1.653949
v -3.445247 2.998169 -1.654033
v -3.438250 3.012985 -1.654527
v -3.319090 3.039598 -1.657597
v -3.312965 3.037009 -1.651647
v -3.308116 3.036770 -1.644556
v -3.301707 3.039337 -1.657120
v -3.298078 3.036927 -1.651728
v -3.294674 3.036711 -1.644869
v -3.285413 3.034472 -1.656257
v -3.283484 3.032810 -1.651244
v -3.281393 3.032815 -1.644506
v -3.418025 3.032815 -1.644506
v -3.404744 3.036711 -1.644869
v -3.391303 3.036770 -1.644556
v -3.415934 3.032810 -1.651244
v -3.401341 3.036927 -1.651728
v -3.386454 3.037009 -1.651647
v -3.414006 3.034472 -1.656257
v -3.397712 3.039337 -1.657120
v -3.380329 3.039598 -1.657597
v -3.347635 3.013556 -1.649484
v -3.345687 3.012478 -1.645261
v -3.343986 3.012228 -1.638539
v -3.345156 3.018456 -1.652121
v -3.341014 3.018324 -1.647087
v -3.337621 3.018600 -1.640053
v -3.341532 3.026582 -1.654927
v -3.334879 3.026132 -1.649143
v -3.329956 3.026391 -1.641898
v -3.369463 3.026391 -1.641898
v -3.361797 3.018600 -1.640053
v -3.355433 3.012228 -1.638539
v -3.364540 3.026132 -1.649143
v -3.358405 3.018325 -1.647087
v -3.353731 3.012478 -1.645261
v -3.357887 3.026582 -1.654927
v -3.354263 3.018456 -1.652121
v -3.351784 3.013556 -1.649484
v -3.331529 2.887253 -1.658522
v -3.313491 2.892578 -1.658679
v -3.295871 2.900772 -1.659026
v -3.331270 2.894724 -1.652551
v -3.313322 2.900240 -1.652476
v -3.296436 2.908381 -1.652227
v -3.331132 2.899503 -1.645787
v -3.313204 2.905087 -1.645593
v -3.296582 2.913121 -1.645061
v -3.402836 2.913121 -1.645062
v -3.402982 2.908381 -1.652227
v -3.403547 2.900772 -1.659026
v -3.386215 2.905087 -1.645593
v -3.386097 2.900240 -1.652476
v -3.385928 2.892578 -1.658679
v -3.368286 2.899503 -1.645787
v -3.368148 2.894724 -1.652551
v -3.367890 2.887253 -1.658522
v -3.331518 2.907910 -1.632925
v -3.314013 2.913317 -1.632667
v -3.297876 2.920889 -1.631964
v -3.331928 2.913526 -1.627430
v -3.314939 2.918516 -1.627198
v -3.299494 2.925356 -1.626543
v -3.332209 2.920443 -1.622351
v -3.315749 2.924653 -1.622226
v -3.301305 2.930153 -1.621829
v -3.398113 2.930153 -1.621829
v -3.399925 2.925356 -1.626543
v -3.401543 2.920889 -1.631965
v -3.383670 2.924653 -1.622226
v -3.384480 2.918516 -1.627198
v -3.385406 2.913317 -1.632668
v -3.367209 2.920443 -1.622351
v -3.367491 2.913526 -1.627430
v -3.367900 2.907910 -1.632925
v -3.341533 3.010322 -1.623281
v -3.340312 3.006943 -1.616587
v -3.338066 3.001702 -1.610808
v -3.333056 3.016817 -1.624961
v -3.331008 3.013779 -1.618452
v -3.327827 3.009642 -1.613030
v -3.323962 3.024604 -1.627027
v -3.321770 3.021552 -1.620676
v -3.318998 3.017581 -1.615528
v -3.380420 3.017581 -1.615528
v -3.371591 3.009642 -1.613030
v -3.361352 3.001702 -1.610808
v -3.377649 3.021552 -1.620676
v -3.368410 3.013779 -1.618452
v -3.359106 3.006943 -1.616587
v -3.375457 3.024604 -1.627027
v -3.366363 3.016817 -1.624961
v -3.357885 3.010322 -1.623281
v -3.302624 3.034844 -1.630040
v -3.301591 3.031294 -1.623670
v -3.301393 3.026141 -1.618245
v -3.290908 3.034805 -1.630420
v -3.290819 3.031192 -1.623985
v -3.291662 3.025799 -1.618360
v -3.279648 3.031045 -1.630040
v -3.280581 3.027680 -1.623670
v -3.282416 3.022759 -1.618245
v -3.417003 3.022759 -1.618245
v -3.407756 3.025799 -1.618360
v -3.398026 3.026141 -1.618245
v -3.418838 3.027680 -1.623670
v -3.408599 3.031192 -1.623985
v -3.397828 3.031294 -1.623670
v -3.419770 3.031045 -1.630040
v -3.408510 3.034805 -1.630420
v -3.396795 3.034844 -1.630040
v -3.262067 3.012086 -1.627034
v -3.264941 3.010004 -1.620693
v -3.269470 3.007607 -1.615564
v -3.256826 2.998309 -1.625013
v -3.260435 2.997064 -1.618589
v -3.266174 2.995873 -1.613321
v -3.254206 2.983663 -1.623451
v -3.258269 2.983236 -1.617016
v -3.264786 2.983003 -1.611723
v -3.434633 2.983003 -1.611723
v -3.433244 2.995873 -1.613321
v -3.429948 3.007607 -1.615564
v -3.441150 2.983236 -1.617016
v -3.438983 2.997064 -1.618589
v -3.434477 3.010004 -1.620693
v -3.445212 2.983663 -1.623451
v -3.442592 2.998309 -1.625013
v -3.437352 3.012086 -1.627033
v -3.257477 2.957740 -1.623960
v -3.261656 2.958910 -1.617813
v -3.268478 2.959994 -1.612805
v -3.263458 2.947439 -1.625995
v -3.267293 2.949406 -1.620108
v -3.273547 2.951007 -1.615341
v -3.272242 2.938219 -1.628420
v -3.275448 2.940983 -1.622797
v -3.280509 2.943197 -1.618274
v -3.418910 2.943197 -1.618274
v -3.425871 2.951007 -1.615341
v -3.430941 2.959994 -1.612805
v -3.423971 2.940983 -1.622797
v -3.432125 2.949406 -1.620108
v -3.437762 2.958910 -1.617813
v -3.427177 2.938219 -1.628420
v -3.435961 2.947439 -1.625995
v -3.441941 2.957740 -1.623960
v -3.318243 2.990704 -1.604620
v -3.302077 2.987233 -1.604375
v -3.286958 2.984803 -1.605396
v -3.311166 3.001790 -1.606912
v -3.298311 2.998933 -1.606342
v -3.285558 2.996688 -1.607160
v -3.305808 3.011495 -1.610027
v -3.295382 3.009521 -1.609475
v -3.284922 3.007392 -1.610058
v -3.414497 3.007392 -1.610058
v -3.413860 2.996688 -1.607160
v -3.412461 2.984803 -1.605396
v -3.404037 3.009521 -1.609475
v -3.401107 2.998933 -1.606342
v -3.397342 2.987233 -1.604375
v -3.393610 3.011495 -1.610027
v -3.388253 3.001790 -1.606912
v -3.381175 2.990704 -1.604620
v -3.328653 2.964335 -1.605260
v -3.330266 2.950930 -1.608480
v -3.331414 2.939056 -1.612734
v -3.309224 2.962837 -1.605674
v -3.311970 2.951327 -1.608841
v -3.314315 2.940975 -1.612948
v -3.292296 2.961785 -1.606834
v -3.295907 2.951829 -1.609834
v -3.299575 2.943042 -1.613580
v -3.399843 2.943042 -1.613580
v -3.385103 2.940975 -1.612948
v -3.368005 2.939056 -1.612734
v -3.403512 2.951829 -1.609834
v -3.387448 2.951327 -1.608841
v -3.369152 2.950930 -1.608480
v -3.407122 2.961785 -1.606834
v -3.390194 2.962837 -1.605674
v -3.370765 2.964335 -1.605260
v -3.326347 3.065913 -1.662572
v -3.304545 3.060225 -1.659899
v -3.285239 3.049654 -1.657262
v -3.325169 3.091207 -1.662186
v -3.301756 3.079952 -1.657977
v -3.280679 3.064066 -1.654153
v -3.321432 3.122327 -1.661784
v -3.295172 3.104248 -1.655883
v -3.271173 3.082321 -1.651169
v -3.428246 3.082321 -1.651169
v -3.418739 3.064066 -1.654153
v -3.414179 3.049654 -1.657262
v -3.404247 3.104248 -1.655883
v -3.397663 3.079952 -1.657977
v -3.394874 3.060225 -1.659899
v -3.377987 3.122327 -1.661784
v -3.374249 3.091207 -1.662186
v -3.373071 3.065913 -1.662572
v -3.257328 3.018441 -1.657326
v -3.249101 3.000256 -1.660381
v -3.244140 2.981847 -1.664219
v -3.251281 3.023936 -1.656480
v -3.243073 3.002417 -1.662625
v -3.237576 2.981778 -1.669373
v -3.240916 3.029791 -1.658467
v -3.234272 3.004024 -1.668489
v -3.228829 2.981090 -1.678145
v -3.470589 2.981090 -1.678145
v -3.461842 2.981778 -1.669373
v -3.455279 2.981847 -1.664219
v -3.465147 3.004024 -1.668489
v -3.456345 3.002417 -1.662625
v -3.450317 3.000256 -1.660381
v -3.458503 3.029791 -1.658467
v -3.448138 3.023936 -1.656480
v -3.442091 3.018441 -1.657326
v -3.242639 2.948044 -1.670733
v -3.245445 2.932220 -1.672674
v -3.249980 2.915203 -1.673908
v -3.233399 2.945554 -1.679356
v -3.233943 2.929011 -1.681764
v -3.235302 2.911552 -1.682939
v -3.222095 2.942952 -1.691064
v -3.220622 2.925952 -1.693860
v -3.219529 2.908324 -1.695009
v -3.479889 2.908324 -1.695009
v -3.464116 2.911552 -1.682939
v -3.449439 2.915203 -1.673908
v -3.478796 2.925952 -1.693860
v -3.465476 2.929011 -1.681764
v -3.453974 2.932220 -1.672674
v -3.477324 2.942952 -1.691064
v -3.466020 2.945554 -1.679356
v -3.456779 2.948044 -1.670734
v -3.256083 2.869605 -1.675292
v -3.255537 2.840082 -1.675581
v -3.253509 2.806485 -1.675831
v -3.235761 2.867362 -1.683367
v -3.233771 2.838825 -1.683363
v -3.230484 2.805725 -1.683644
v -3.215509 2.865045 -1.694999
v -3.211868 2.837322 -1.694875
v -3.207186 2.804814 -1.695174
v -3.492233 2.804814 -1.695174
v -3.468935 2.805725 -1.683644
v -3.445910 2.806485 -1.675831
v -3.487550 2.837322 -1.694875
v -3.465647 2.838825 -1.683363
v -3.443882 2.840082 -1.675581
v -3.483909 2.865045 -1.694999
v -3.463657 2.867362 -1.683367
v -3.443336 2.869605 -1.675292
v -3.131771 2.809748 -1.786812
v -3.140313 2.839676 -1.787619
v -3.148396 2.864792 -1.788576
v -3.145047 2.805948 -1.758234
v -3.153151 2.836799 -1.758814
v -3.160723 2.862751 -1.759677
v -3.163184 2.804343 -1.732648
v -3.170417 2.835803 -1.732821
v -3.177008 2.862363 -1.733379
v -3.522411 2.862363 -1.733379
v -3.538695 2.862751 -1.759677
v -3.551023 2.864792 -1.788576
v -3.529001 2.835803 -1.732821
v -3.546268 2.836799 -1.758814
v -3.559106 2.839676 -1.787619
v -3.536234 2.804343 -1.732648
v -3.554371 2.805948 -1.758234
v -3.567648 2.809748 -1.786812
v -3.161695 2.904103 -1.789534
v -3.166980 2.920221 -1.788852
v -3.171945 2.935378 -1.786956
v -3.173066 2.903378 -1.760805
v -3.178011 2.920139 -1.760152
v -3.182775 2.936171 -1.757943
v -3.187438 2.903994 -1.734183
v -3.191593 2.921251 -1.733337
v -3.195737 2.937978 -1.730689
v -3.503681 2.937978 -1.730689
v -3.516644 2.936171 -1.757943
v -3.527474 2.935378 -1.786956
v -3.507825 2.921251 -1.733337
v -3.521408 2.920139 -1.760152
v -3.532439 2.920221 -1.788852
v -3.511980 2.903994 -1.734183
v -3.526353 2.903378 -1.760805
v -3.537724 2.904103 -1.789534
v -3.179288 2.999682 -1.770082
v -3.192010 3.009581 -1.733895
v -3.208151 3.021837 -1.698060
v -3.184125 2.983331 -1.773467
v -3.195793 2.989963 -1.739676
v -3.209385 2.997432 -1.707520
v -3.182134 2.966743 -1.778546
v -3.193145 2.970731 -1.747009
v -3.205678 2.975272 -1.717389
v -3.493740 2.975272 -1.717389
v -3.490033 2.997432 -1.707520
v -3.491268 3.021837 -1.698060
v -3.506274 2.970731 -1.747009
v -3.503625 2.989963 -1.739676
v -3.507408 3.009581 -1.733894
v -3.517285 2.966743 -1.778546
v -3.515294 2.983331 -1.773467
v -3.520130 2.999682 -1.770082
v -3.286584 2.534848 -1.680772
v -3.306759 2.534156 -1.679595
v -3.328024 2.531564 -1.679305
v -3.290999 2.530499 -1.682554
v -3.308843 2.529403 -1.682076
v -3.328788 2.526711 -1.682126
v -3.293782 2.527182 -1.686352
v -3.310394 2.525953 -1.686286
v -3.329446 2.523334 -1.686581
v -3.369972 2.523334 -1.686581
v -3.370631 2.526711 -1.682126
v -3.371394 2.531564 -1.679305
v -3.389024 2.525953 -1.686286
v -3.390576 2.529404 -1.682076
v -3.392660 2.534156 -1.679595
v -3.405637 2.527182 -1.686352
v -3.408419 2.530499 -1.682554
v -3.412835 2.534848 -1.680772
v -3.255913 2.482498 -1.695194
v -3.255735 2.500269 -1.690997
v -3.259850 2.517253 -1.686866
v -3.264260 2.486367 -1.693632
v -3.264192 2.502635 -1.689818
v -3.268162 2.517133 -1.686457
v -3.269277 2.488217 -1.695716
v -3.269105 2.503116 -1.692149
v -3.272782 2.515933 -1.689216
v -3.426637 2.515933 -1.689216
v -3.431256 2.517133 -1.686457
v -3.439569 2.517253 -1.686866
v -3.430313 2.503116 -1.692149
v -3.435227 2.502635 -1.689818
v -3.443683 2.500269 -1.690997
v -3.430142 2.488217 -1.695716
v -3.435158 2.486367 -1.693632
v -3.443506 2.482498 -1.695194
v -3.285822 2.432370 -1.709708
v -3.275152 2.441020 -1.706645
v -3.266225 2.452125 -1.703133
v -3.292471 2.437269 -1.708613
v -3.282464 2.446022 -1.705313
v -3.274008 2.457076 -1.701591
v -3.296542 2.441020 -1.710782
v -3.286975 2.449682 -1.707405
v -3.278820 2.460455 -1.703607
v -3.420599 2.460455 -1.703607
v -3.425411 2.457076 -1.701591
v -3.433194 2.452125 -1.703133
v -3.412443 2.449682 -1.707405
v -3.416955 2.446021 -1.705313
v -3.424266 2.441020 -1.706645
v -3.402876 2.441020 -1.710782
v -3.406947 2.437269 -1.708613
v -3.413596 2.432370 -1.709708
v -3.336328 2.416726 -1.716088
v -3.323095 2.418321 -1.715365
v -3.310156 2.421291 -1.714093
v -3.337948 2.421445 -1.715196
v -3.326261 2.423020 -1.714517
v -3.314721 2.425994 -1.713255
v -3.338916 2.425229 -1.717096
v -3.328157 2.426790 -1.716528
v -3.317469 2.429753 -1.715383
v -3.381950 2.429753 -1.715383
v -3.384698 2.425994 -1.713255
v -3.389263 2.421291 -1.714093
v -3.371262 2.426790 -1.716528
v -3.373158 2.423020 -1.714517
v -3.376324 2.418321 -1.715365
v -3.360503 2.425229 -1.717096
v -3.361470 2.421445 -1.715197
v -3.363090 2.416726 -1.716088
v -3.339742 2.431934 -1.728768
v -3.329786 2.433468 -1.728435
v -3.319852 2.436350 -1.727625
v -3.339729 2.436248 -1.736763
v -3.329780 2.437782 -1.736502
v -3.319895 2.440593 -1.735846
v -3.339319 2.442410 -1.743997
v -3.329028 2.443980 -1.743769
v -3.318937 2.446701 -1.743244
v -3.380482 2.446701 -1.743244
v -3.379524 2.440593 -1.735846
v -3.379567 2.436350 -1.727625
v -3.370391 2.443980 -1.743769
v -3.369638 2.437782 -1.736502
v -3.369632 2.433468 -1.728435
v -3.360100 2.442410 -1.743997
v -3.359690 2.436248 -1.736763
v -3.359676 2.431934 -1.728768
v -3.300191 2.447167 -1.723804
v -3.291090 2.455306 -1.720783
v -3.283259 2.465202 -1.717275
v -3.300536 2.450840 -1.732657
v -3.291705 2.458429 -1.729956
v -3.284194 2.467597 -1.726605
v -3.299833 2.455930 -1.740782
v -3.291492 2.462581 -1.738370
v -3.284652 2.470577 -1.734951
v -3.414766 2.470577 -1.734951
v -3.415225 2.467597 -1.726605
v -3.416160 2.465202 -1.717275
v -3.407926 2.462581 -1.738370
v -3.407714 2.458429 -1.729956
v -3.408328 2.455306 -1.720783
v -3.399586 2.455930 -1.740782
v -3.398882 2.450840 -1.732658
v -3.399227 2.447167 -1.723804
v -3.273795 2.489716 -1.709820
v -3.273371 2.502466 -1.706431
v -3.276632 2.513236 -1.703671
v -3.275077 2.490082 -1.719676
v -3.274635 2.501681 -1.716631
v -3.277841 2.511422 -1.713998
v -3.276584 2.489741 -1.729023
v -3.276235 2.499790 -1.726866
v -3.279487 2.508176 -1.724643
v -3.419931 2.508176 -1.724643
v -3.421577 2.511422 -1.713998
v -3.422786 2.513236 -1.703671
v -3.423183 2.499790 -1.726866
v -3.424783 2.501681 -1.716631
v -3.426047 2.502466 -1.706431
v -3.422834 2.489741 -1.729023
v -3.424341 2.490082 -1.719676
v -3.425624 2.489716 -1.709820
v -3.296293 2.522290 -1.701298
v -3.312067 2.521000 -1.701522
v -3.330279 2.518588 -1.702039
v -3.297199 2.519321 -1.711622
v -3.312710 2.517917 -1.711864
v -3.330612 2.515534 -1.712402
v -3.298585 2.514520 -1.722374
v -3.313720 2.512944 -1.722604
v -3.331143 2.510585 -1.723123
v -3.368275 2.510585 -1.723123
v -3.368807 2.515534 -1.712402
v -3.369140 2.518588 -1.702039
v -3.385698 2.512944 -1.722604
v -3.386708 2.517917 -1.711864
v -3.387352 2.521000 -1.701522
v -3.400834 2.514520 -1.722374
v -3.402219 2.519321 -1.711622
v -3.403126 2.522290 -1.701298
v -3.333513 2.491096 -1.741265
v -3.335249 2.477401 -1.746990
v -3.336981 2.463500 -1.749679
v -3.318206 2.493280 -1.740850
v -3.321473 2.479416 -1.746641
v -3.324700 2.465327 -1.749397
v -3.304679 2.495330 -1.740590
v -3.309062 2.481706 -1.746330
v -3.313313 2.467799 -1.749036
v -3.386105 2.467799 -1.749036
v -3.374718 2.465327 -1.749397
v -3.362437 2.463500 -1.749679
v -3.390356 2.481706 -1.746330
v -3.377946 2.479416 -1.746641
v -3.364169 2.477401 -1.746990
v -3.394739 2.495330 -1.740590
v -3.381212 2.493280 -1.740850
v -3.365906 2.491096 -1.741265
v -3.286904 2.483500 -1.745970
v -3.286417 2.494081 -1.741727
v -3.291063 2.483846 -1.746430
v -3.294944 2.473061 -1.748205
v -3.288318 2.476640 -1.746567
v -3.282924 2.482304 -1.742798
v -3.282849 2.489516 -1.742595
v -3.412515 2.483500 -1.745970
v -3.416494 2.482304 -1.742798
v -3.411101 2.476640 -1.746567
v -3.404475 2.473061 -1.748205
v -3.408356 2.483846 -1.746430
v -3.413001 2.494081 -1.741727
v -3.416570 2.489516 -1.742595
v -3.230698 3.313985 -1.651898
v -3.226284 3.298147 -1.653706
v -3.220761 3.283295 -1.655193
v -3.219246 3.316619 -1.648918
v -3.215210 3.302013 -1.650350
v -3.210115 3.288386 -1.651600
v -3.210944 3.318813 -1.646631
v -3.207429 3.304935 -1.647824
v -3.202836 3.291977 -1.648855
v -3.496582 3.291977 -1.648855
v -3.489304 3.288386 -1.651600
v -3.478658 3.283295 -1.655193
v -3.491989 3.304935 -1.647824
v -3.484209 3.302013 -1.650350
v -3.473135 3.298147 -1.653706
v -3.488474 3.318813 -1.646631
v -3.480172 3.316619 -1.648918
v -3.468720 3.313985 -1.651898
v -3.235870 3.385915 -1.644535
v -3.236838 3.366889 -1.646256
v -3.236119 3.348454 -1.648070
v -3.223110 3.383965 -1.643947
v -3.224271 3.366018 -1.645008
v -3.223896 3.348707 -1.646175
v -3.213058 3.382817 -1.642972
v -3.214520 3.365782 -1.643663
v -3.214573 3.349323 -1.644480
v -3.484846 3.349323 -1.644480
v -3.475523 3.348707 -1.646175
v -3.463299 3.348454 -1.648070
v -3.484898 3.365782 -1.643663
v -3.475148 3.366018 -1.645008
v -3.462581 3.366889 -1.646256
v -3.486360 3.382817 -1.642972
v -3.476308 3.383965 -1.643947
v -3.463548 3.385915 -1.644535
v -3.211091 3.463034 -1.639660
v -3.220515 3.444428 -1.640292
v -3.227818 3.425030 -1.641446
v -3.200252 3.456959 -1.641099
v -3.208831 3.439437 -1.641368
v -3.215487 3.421050 -1.642049
v -3.191004 3.451494 -1.641385
v -3.199070 3.435099 -1.641439
v -3.205412 3.417836 -1.641812
v -3.494006 3.417836 -1.641812
v -3.483931 3.421050 -1.642049
v -3.471601 3.425030 -1.641446
v -3.500348 3.435099 -1.641439
v -3.490587 3.439437 -1.641368
v -3.478904 3.444428 -1.640292
v -3.508415 3.451494 -1.641385
v -3.499167 3.456959 -1.641099
v -3.488328 3.463034 -1.639660
v -3.206197 3.256630 -1.656592
v -3.195801 3.244525 -1.657134
v -3.181584 3.232823 -1.658614
v -3.196745 3.264034 -1.653002
v -3.187196 3.252931 -1.653667
v -3.174036 3.242053 -1.655180
v -3.190355 3.268743 -1.649818
v -3.181255 3.258121 -1.650238
v -3.168656 3.247725 -1.651472
v -3.530763 3.247725 -1.651472
v -3.525383 3.242053 -1.655180
v -3.517835 3.232823 -1.658614
v -3.518163 3.258121 -1.650238
v -3.512223 3.252931 -1.653667
v -3.503618 3.244525 -1.657134
v -3.509064 3.268743 -1.649818
v -3.502673 3.264034 -1.653002
v -3.493221 3.256630 -1.656592
v -3.136840 3.209619 -1.667405
v -3.107263 3.199239 -1.674683
v -3.075762 3.191509 -1.682831
v -3.132151 3.219733 -1.663270
v -3.104319 3.209385 -1.669806
v -3.074666 3.201444 -1.677111
v -3.128524 3.226538 -1.658863
v -3.101882 3.216777 -1.664989
v -3.073519 3.209302 -1.671868
v -3.625899 3.209302 -1.671868
v -3.624753 3.201444 -1.677111
v -3.623656 3.191509 -1.682831
v -3.597537 3.216777 -1.664989
v -3.595099 3.209385 -1.669806
v -3.592156 3.199239 -1.674683
v -3.570894 3.226538 -1.658863
v -3.567268 3.219733 -1.663270
v -3.562578 3.209619 -1.667405
v -3.015746 3.189466 -1.698483
v -2.988844 3.196103 -1.705320
v -2.963246 3.207289 -1.711696
v -3.018308 3.198371 -1.691262
v -2.993105 3.204229 -1.697596
v -2.969083 3.214477 -1.703673
v -3.019715 3.206395 -1.685212
v -2.995714 3.211887 -1.691234
v -2.972871 3.221514 -1.697119
v -3.726548 3.221514 -1.697119
v -3.730335 3.214477 -1.703673
v -3.736172 3.207289 -1.711696
v -3.703705 3.211887 -1.691234
v -3.706313 3.204229 -1.697596
v -3.710574 3.196103 -1.705320
v -3.679703 3.206395 -1.685212
v -3.681110 3.198371 -1.691262
v -3.683672 3.189466 -1.698483
v -2.913515 3.241228 -1.723730
v -2.890105 3.262489 -1.729149
v -2.869445 3.285319 -1.733631
v -2.922038 3.246117 -1.715802
v -2.899712 3.266071 -1.721562
v -2.879964 3.287539 -1.726478
v -2.928205 3.251319 -1.709399
v -2.907039 3.270155 -1.715459
v -2.888344 3.290444 -1.720720
v -3.811074 3.290444 -1.720720
v -3.819455 3.287539 -1.726478
v -3.829973 3.285319 -1.733631
v -3.792380 3.270155 -1.715459
v -3.799706 3.266071 -1.721562
v -3.809314 3.262489 -1.729149
v -3.771214 3.251319 -1.709399
v -3.777381 3.246117 -1.715802
v -3.785904 3.241228 -1.723730
v -2.841709 3.331820 -1.738186
v -2.835283 3.354107 -1.738141
v -2.832909 3.375194 -1.736920
v -2.853518 3.331316 -1.731885
v -2.847451 3.352344 -1.732228
v -2.845216 3.372321 -1.731432
v -2.863436 3.331897 -1.726625
v -2.857784 3.351857 -1.727099
v -2.855727 3.370861 -1.726434
v -3.843691 3.370861 -1.726434
v -3.854202 3.372321 -1.731432
v -3.866509 3.375194 -1.736920
v -3.841635 3.351857 -1.727099
v -3.851968 3.352344 -1.732228
v -3.864135 3.354107 -1.738141
v -3.835983 3.331897 -1.726625
v -3.845900 3.331316 -1.731885
v -3.857709 3.331820 -1.738186
v -2.837533 3.412324 -1.732066
v -2.844842 3.428368 -1.728285
v -2.856829 3.443214 -1.723029
v -2.849378 3.407899 -1.727717
v -2.856048 3.423429 -1.724567
v -2.867099 3.437766 -1.719819
v -2.859534 3.404845 -1.723205
v -2.865663 3.419726 -1.720365
v -2.875923 3.433450 -1.715834
v -3.823495 3.433450 -1.715834
v -3.832319 3.437766 -1.719819
v -3.842589 3.443215 -1.723029
v -3.833755 3.419726 -1.720365
v -3.843371 3.423429 -1.724567
v -3.854576 3.428368 -1.728285
v -3.839885 3.404845 -1.723205
v -3.850041 3.407899 -1.727717
v -3.861886 3.412324 -1.732066
v -2.898563 3.470794 -1.706539
v -2.926788 3.483738 -1.696105
v -2.956646 3.495905 -1.685796
v -2.906035 3.463837 -1.703508
v -2.932539 3.475736 -1.692850
v -2.960663 3.486770 -1.682408
v -2.912514 3.458217 -1.699295
v -2.937582 3.469399 -1.688293
v -2.964256 3.479698 -1.677615
v -3.735162 3.479698 -1.677615
v -3.738756 3.486770 -1.682408
v -3.742772 3.495905 -1.685796
v -3.761836 3.469399 -1.688293
v -3.766879 3.475736 -1.692850
v -3.772630 3.483738 -1.696105
v -3.786905 3.458217 -1.699295
v -3.793383 3.463837 -1.703508
v -3.800855 3.470794 -1.706539
v -3.011363 3.517140 -1.670264
v -3.034213 3.525673 -1.665596
v -3.054679 3.532356 -1.662161
v -3.012462 3.505831 -1.667758
v -3.034206 3.513454 -1.664102
v -3.053707 3.519408 -1.661767
v -3.013591 3.497331 -1.663592
v -3.034385 3.504323 -1.660791
v -3.053051 3.509749 -1.659403
v -3.646368 3.509749 -1.659403
v -3.645711 3.519408 -1.661767
v -3.644740 3.532356 -1.662161
v -3.665034 3.504323 -1.660791
v -3.665212 3.513454 -1.664102
v -3.665205 3.525673 -1.665596
v -3.685828 3.497331 -1.663592
v -3.686957 3.505831 -1.667758
v -3.688055 3.517140 -1.670264
v -3.090811 3.538813 -1.656300
v -3.107429 3.538193 -1.653266
v -3.123563 3.534933 -1.650251
v -3.088025 3.525123 -1.657460
v -3.103706 3.524562 -1.654747
v -3.118873 3.521686 -1.651869
v -3.085808 3.514868 -1.656453
v -3.100684 3.514283 -1.654038
v -3.115001 3.511575 -1.651334
v -3.584417 3.511575 -1.651334
v -3.580545 3.521686 -1.651869
v -3.575855 3.534933 -1.650251
v -3.598735 3.514283 -1.654038
v -3.595712 3.524562 -1.654747
v -3.591989 3.538193 -1.653266
v -3.613611 3.514868 -1.656453
v -3.611393 3.525123 -1.657460
v -3.608607 3.538813 -1.656300
v -3.155632 3.520364 -1.644684
v -3.171365 3.509231 -1.642409
v -3.186208 3.495810 -1.640706
v -3.148900 3.508944 -1.646427
v -3.163575 3.499140 -1.644202
v -3.177364 3.487142 -1.642491
v -3.143142 3.499765 -1.646265
v -3.156822 3.490701 -1.644282
v -3.169659 3.479590 -1.642768
v -3.529759 3.479590 -1.642768
v -3.522054 3.487142 -1.642491
v -3.513211 3.495810 -1.640706
v -3.542596 3.490701 -1.644282
v -3.535843 3.499140 -1.644202
v -3.528053 3.509231 -1.642409
v -3.556276 3.499765 -1.646265
v -3.550518 3.508944 -1.646427
v -3.543786 3.520364 -1.644684
v -3.134391 3.486110 -1.646399
v -3.146354 3.477862 -1.645260
v -3.157623 3.467865 -1.644539
v -3.131139 3.480815 -1.647984
v -3.142375 3.472933 -1.647370
v -3.153009 3.463423 -1.647165
v -3.128343 3.476126 -1.650240
v -3.138907 3.468603 -1.650193
v -3.148965 3.459560 -1.650551
v -3.550454 3.459560 -1.650551
v -3.546410 3.463423 -1.647165
v -3.541795 3.467865 -1.644539
v -3.560512 3.468603 -1.650193
v -3.557043 3.472933 -1.647370
v -3.553064 3.477862 -1.645260
v -3.571075 3.476126 -1.650240
v -3.568280 3.480815 -1.647984
v -3.565027 3.486110 -1.646399
v -3.082940 3.500410 -1.654744
v -3.096535 3.499650 -1.652655
v -3.109472 3.497031 -1.650275
v -3.082130 3.494800 -1.655480
v -3.095211 3.493925 -1.653394
v -3.107583 3.491333 -1.651140
v -3.081573 3.489811 -1.656922
v -3.094190 3.488811 -1.654775
v -3.106048 3.486243 -1.652631
v -3.593370 3.486243 -1.652631
v -3.591835 3.491333 -1.651140
v -3.589946 3.497031 -1.650275
v -3.605228 3.488811 -1.654775
v -3.604208 3.493925 -1.653394
v -3.602884 3.499650 -1.652655
v -3.617845 3.489811 -1.656922
v -3.617289 3.494800 -1.655479
v -3.616479 3.500410 -1.654744
v -3.016072 3.486011 -1.659151
v -3.035322 3.492013 -1.657070
v -3.052649 3.496505 -1.656501
v -3.017434 3.482136 -1.660464
v -3.036039 3.487638 -1.658218
v -3.052823 3.491611 -1.657474
v -3.018847 3.478964 -1.663294
v -3.036857 3.483960 -1.660666
v -3.053147 3.487387 -1.659503
v -3.646271 3.487387 -1.659503
v -3.646596 3.491611 -1.657474
v -3.646769 3.496505 -1.656501
v -3.662561 3.483960 -1.660666
v -3.663379 3.487638 -1.658218
v -3.664096 3.492013 -1.657070
v -3.680572 3.478964 -1.663294
v -3.681984 3.482136 -1.660464
v -3.683347 3.486011 -1.659151
v -2.923770 3.449855 -1.695148
v -2.946505 3.460395 -1.683744
v -2.970794 3.470047 -1.672761
v -2.928962 3.446634 -1.696546
v -2.950686 3.457145 -1.685201
v -2.973924 3.466736 -1.674236
v -2.933989 3.443794 -1.699426
v -2.954762 3.454392 -1.688252
v -2.977002 3.464028 -1.677378
v -3.722416 3.464028 -1.677378
v -3.725495 3.466736 -1.674236
v -3.728624 3.470047 -1.672761
v -3.744656 3.454392 -1.688252
v -3.748732 3.457145 -1.685201
v -3.752914 3.460395 -1.683744
v -3.765429 3.443794 -1.699426
v -3.770456 3.446634 -1.696546
v -3.775649 3.449855 -1.695148
v -2.876276 3.400521 -1.718977
v -2.881686 3.414100 -1.716400
v -2.890819 3.426724 -1.712029
v -2.883474 3.398606 -1.720006
v -2.888689 3.411619 -1.717542
v -2.897455 3.423840 -1.713264
v -2.890209 3.396771 -1.722361
v -2.895297 3.409256 -1.720008
v -2.903775 3.421136 -1.715834
v -3.795644 3.421136 -1.715834
v -3.801964 3.423840 -1.713264
v -3.808600 3.426724 -1.712029
v -3.804122 3.409256 -1.720008
v -3.810729 3.411619 -1.717542
v -3.817733 3.414100 -1.716400
v -3.809209 3.396771 -1.722361
v -3.815944 3.398606 -1.720006
v -3.823143 3.400521 -1.718977
v -2.879573 3.334542 -1.721669
v -2.874629 3.352602 -1.722278
v -2.872879 3.369758 -1.721751
v -2.886518 3.336104 -1.722044
v -2.881813 3.353237 -1.722805
v -2.880161 3.369448 -1.722460
v -2.893024 3.337747 -1.723602
v -2.888508 3.353962 -1.724554
v -2.886929 3.369213 -1.724444
v -3.812490 3.369213 -1.724444
v -3.819258 3.369448 -1.722460
v -3.826540 3.369758 -1.721751
v -3.810910 3.353962 -1.724554
v -3.817605 3.353237 -1.722805
v -3.824790 3.352602 -1.722278
v -3.806394 3.337747 -1.723602
v -3.812900 3.336104 -1.722044
v -3.819846 3.334542 -1.721669
v -2.937503 3.260748 -1.703541
v -2.918446 3.278091 -1.709812
v -2.901701 3.296736 -1.715339
v -2.941747 3.264643 -1.704031
v -2.923563 3.281590 -1.710185
v -2.907601 3.299747 -1.715634
v -2.945863 3.268187 -1.705935
v -2.928474 3.284881 -1.711877
v -2.913210 3.302688 -1.717162
v -3.786208 3.302688 -1.717162
v -3.791817 3.299747 -1.715634
v -3.797717 3.296736 -1.715338
v -3.770945 3.284881 -1.711878
v -3.775856 3.281590 -1.710185
v -3.780973 3.278091 -1.709812
v -3.753556 3.268187 -1.705935
v -3.757671 3.264643 -1.704031
v -3.761915 3.260748 -1.703540
v -3.021327 3.219380 -1.679985
v -2.999123 3.224528 -1.685646
v -2.978120 3.233369 -1.691278
v -3.022115 3.224500 -1.680968
v -3.000749 3.229457 -1.686494
v -2.980594 3.237986 -1.692012
v -3.022917 3.229058 -1.683445
v -3.002371 3.233809 -1.688852
v -2.983039 3.242055 -1.694258
v -3.716380 3.242055 -1.694258
v -3.718825 3.237986 -1.692012
v -3.721298 3.233369 -1.691278
v -3.697047 3.233809 -1.688852
v -3.698669 3.229457 -1.686494
v -3.700295 3.224528 -1.685646
v -3.676501 3.229058 -1.683445
v -3.677303 3.224500 -1.680968
v -3.678092 3.219380 -1.679985
v -3.122940 3.235839 -1.655483
v -3.097935 3.227439 -1.661096
v -3.071412 3.221215 -1.667504
v -3.120520 3.239893 -1.657409
v -3.096223 3.231934 -1.662747
v -3.070509 3.226100 -1.668891
v -3.118238 3.243755 -1.660862
v -3.094612 3.236126 -1.665913
v -3.069670 3.230571 -1.671772
v -3.629748 3.230571 -1.671772
v -3.628910 3.226100 -1.668891
v -3.628007 3.221215 -1.667504
v -3.604807 3.236126 -1.665913
v -3.603196 3.231934 -1.662747
v -3.601484 3.227439 -1.661096
v -3.581180 3.243755 -1.660862
v -3.578899 3.239893 -1.657409
v -3.576479 3.235839 -1.655483
v -3.181701 3.275238 -1.648978
v -3.173021 3.264966 -1.648733
v -3.160951 3.255056 -1.649299
v -3.178015 3.278369 -1.651797
v -3.169496 3.268225 -1.651348
v -3.157637 3.258472 -1.651708
v -3.174545 3.281499 -1.655973
v -3.166173 3.271471 -1.655379
v -3.154512 3.261845 -1.655595
v -3.544907 3.261845 -1.655595
v -3.541781 3.258472 -1.651708
v -3.538468 3.255056 -1.649299
v -3.533246 3.271471 -1.655379
v -3.529923 3.268225 -1.651348
v -3.526397 3.264966 -1.648733
v -3.524874 3.281499 -1.655973
v -3.521404 3.278369 -1.651797
v -3.517718 3.275238 -1.648978
v -3.176931 3.443020 -1.643936
v -3.184605 3.428635 -1.643927
v -3.190856 3.413425 -1.644084
v -3.171671 3.439944 -1.647207
v -3.179335 3.426381 -1.647302
v -3.185667 3.412004 -1.647503
v -3.167131 3.437346 -1.651339
v -3.174858 3.424528 -1.651593
v -3.181318 3.410901 -1.651897
v -3.518100 3.410901 -1.651897
v -3.513752 3.412004 -1.647503
v -3.508563 3.413425 -1.644084
v -3.524560 3.424528 -1.651593
v -3.520083 3.426381 -1.647302
v -3.514814 3.428635 -1.643927
v -3.532288 3.437346 -1.651339
v -3.527748 3.439944 -1.647207
v -3.522488 3.443020 -1.643936
v -3.198852 3.382013 -1.644827
v -3.200681 3.366413 -1.645391
v -3.201252 3.351196 -1.646079
v -3.193738 3.382040 -1.648413
v -3.195531 3.367015 -1.649115
v -3.196096 3.352303 -1.649911
v -3.189415 3.382234 -1.653124
v -3.191077 3.367728 -1.654046
v -3.191523 3.353475 -1.655017
v -3.507896 3.353475 -1.655017
v -3.503322 3.352303 -1.649911
v -3.498166 3.351196 -1.646079
v -3.508342 3.367728 -1.654046
v -3.503888 3.367016 -1.649116
v -3.498738 3.366413 -1.645391
v -3.510004 3.382234 -1.653124
v -3.505680 3.382040 -1.648413
v -3.500566 3.382013 -1.644827
v -3.199189 3.322777 -1.647780
v -3.196622 3.309771 -1.648607
v -3.192934 3.297538 -1.649180
v -3.194353 3.324775 -1.651531
v -3.192107 3.312159 -1.652157
v -3.188760 3.300257 -1.652480
v -3.189899 3.326786 -1.656607
v -3.187908 3.314552 -1.657024
v -3.184855 3.302976 -1.657086
v -3.514564 3.302976 -1.657086
v -3.510658 3.300257 -1.652480
v -3.506485 3.297538 -1.649180
v -3.511511 3.314552 -1.657024
v -3.507312 3.312159 -1.652157
v -3.502797 3.309771 -1.648607
v -3.509519 3.326786 -1.656607
v -3.505066 3.324775 -1.651531
v -3.500230 3.322777 -1.647780
v -3.333101 3.517251 -1.698957
v -3.316270 3.527212 -1.697883
v -3.299024 3.544357 -1.696410
v -3.331941 3.517829 -1.724074
v -3.313556 3.527238 -1.723263
v -3.294191 3.543678 -1.722312
v -3.330894 3.519329 -1.747705
v -3.310441 3.527770 -1.747344
v -3.287089 3.543028 -1.747549
v -3.412330 3.543028 -1.747549
v -3.405227 3.543678 -1.722312
v -3.400394 3.544357 -1.696410
v -3.388978 3.527770 -1.747344
v -3.385862 3.527238 -1.723263
v -3.383149 3.527212 -1.697883
v -3.368524 3.519329 -1.747705
v -3.367478 3.517829 -1.724074
v -3.366318 3.517251 -1.698957
v -3.262957 3.601169 -1.693059
v -3.243487 3.636839 -1.691773
v -3.222252 3.671717 -1.691294
v -3.255070 3.599269 -1.719194
v -3.235649 3.634208 -1.717346
v -3.215486 3.667907 -1.716174
v -3.239956 3.596916 -1.744728
v -3.220853 3.630556 -1.741347
v -3.203372 3.661864 -1.738375
v -3.496046 3.661864 -1.738376
v -3.483932 3.667907 -1.716174
v -3.477167 3.671717 -1.691294
v -3.478565 3.630556 -1.741347
v -3.463770 3.634208 -1.717346
v -3.455931 3.636840 -1.691773
v -3.459462 3.596916 -1.744728
v -3.444349 3.599269 -1.719194
v -3.436461 3.601169 -1.693059
v -3.171799 3.722455 -1.694436
v -3.142570 3.734093 -1.698265
v -3.111567 3.736460 -1.703349
v -3.167364 3.716127 -1.719218
v -3.138907 3.727078 -1.723286
v -3.108838 3.729376 -1.727990
v -3.161244 3.703912 -1.740958
v -3.134155 3.713571 -1.745605
v -3.105949 3.716317 -1.749296
v -3.593470 3.716317 -1.749296
v -3.590580 3.729376 -1.727990
v -3.587851 3.736460 -1.703349
v -3.565263 3.713571 -1.745605
v -3.560512 3.727078 -1.723286
v -3.556849 3.734093 -1.698265
v -3.538174 3.703912 -1.740958
v -3.532054 3.716127 -1.719218
v -3.527620 3.722455 -1.694436
v -3.046824 3.713939 -1.717101
v -3.013128 3.691769 -1.725699
v -2.977766 3.665784 -1.735373
v -3.046940 3.707430 -1.741227
v -3.014740 3.685505 -1.750241
v -2.980338 3.659746 -1.760551
v -3.051841 3.696808 -1.761086
v -3.023293 3.675411 -1.771189
v -2.991030 3.649963 -1.783226
v -3.708388 3.649963 -1.783226
v -3.719081 3.659746 -1.760551
v -3.721653 3.665784 -1.735373
v -3.676126 3.675411 -1.771189
v -3.684679 3.685505 -1.750241
v -3.686291 3.691769 -1.725699
v -3.647577 3.696808 -1.761086
v -3.652479 3.707430 -1.741227
v -3.652594 3.713939 -1.717101
v -2.900089 3.612928 -1.757638
v -2.859057 3.589160 -1.769550
v -2.818880 3.567786 -1.781176
v -2.902715 3.608196 -1.784047
v -2.861530 3.585419 -1.796323
v -2.821862 3.564859 -1.808075
v -2.909935 3.600508 -1.811074
v -2.866747 3.579395 -1.824533
v -2.827038 3.559978 -1.836931
v -3.872380 3.559978 -1.836931
v -3.877557 3.564860 -1.808075
v -3.880539 3.567786 -1.781176
v -3.832672 3.579396 -1.824533
v -3.837889 3.585419 -1.796323
v -3.840362 3.589160 -1.769550
v -3.789483 3.600508 -1.811074
v -3.796704 3.608196 -1.784047
v -3.799330 3.612928 -1.757638
v -2.747756 3.533204 -1.801443
v -2.719485 3.516891 -1.810994
v -2.697450 3.496750 -1.822079
v -2.752246 3.531299 -1.827872
v -2.724404 3.515301 -1.836894
v -2.702551 3.495445 -1.847338
v -2.759525 3.527685 -1.856585
v -2.732580 3.512181 -1.865026
v -2.711247 3.492921 -1.874780
v -3.988172 3.492921 -1.874780
v -3.996868 3.495445 -1.847338
v -4.001968 3.496750 -1.822079
v -3.966839 3.512181 -1.865026
v -3.975014 3.515301 -1.836894
v -3.979934 3.516891 -1.810994
v -3.939893 3.527685 -1.856585
v -3.947173 3.531299 -1.827872
v -3.951663 3.533204 -1.801442
v -2.675932 3.432113 -1.854114
v -2.677392 3.387891 -1.872935
v -2.686976 3.340392 -1.889031
v -2.680661 3.431564 -1.878017
v -2.681659 3.387825 -1.896316
v -2.690716 3.340796 -1.912160
v -2.688673 3.431044 -1.904468
v -2.688519 3.388618 -1.922708
v -2.696149 3.342815 -1.938878
v -4.003269 3.342815 -1.938878
v -4.008703 3.340796 -1.912160
v -4.012443 3.340392 -1.889031
v -4.010900 3.388618 -1.922708
v -4.017759 3.387825 -1.896316
v -4.022026 3.387891 -1.872935
v -4.010745 3.431044 -1.904468
v -4.018758 3.431564 -1.878017
v -4.023486 3.432113 -1.854114
v -2.729957 3.250111 -1.899556
v -2.761367 3.211064 -1.893554
v -2.796928 3.176208 -1.883964
v -2.732794 3.251173 -1.923422
v -2.763855 3.212292 -1.918196
v -2.799052 3.177548 -1.909230
v -2.735393 3.254500 -1.952120
v -2.765318 3.215632 -1.948207
v -2.799651 3.180675 -1.940254
v -3.899768 3.180675 -1.940254
v -3.900366 3.177548 -1.909230
v -3.902491 3.176208 -1.883964
v -3.934101 3.215633 -1.948207
v -3.935564 3.212292 -1.918196
v -3.938051 3.211064 -1.893553
v -3.964025 3.254500 -1.952120
v -3.966624 3.251173 -1.923422
v -3.969462 3.250111 -1.899556
v -2.873217 3.118750 -1.866229
v -2.912613 3.095600 -1.860264
v -2.953480 3.075552 -1.855082
v -2.874357 3.120290 -1.891011
v -2.913296 3.097118 -1.883769
v -2.953919 3.076822 -1.876870
v -2.874294 3.122915 -1.921603
v -2.913715 3.099366 -1.912446
v -2.955643 3.078322 -1.902428
v -3.743775 3.078322 -1.902428
v -3.745499 3.076822 -1.876870
v -3.745938 3.075552 -1.855082
v -3.785703 3.099366 -1.912446
v -3.786123 3.097118 -1.883769
v -3.786805 3.095600 -1.860264
v -3.825125 3.122915 -1.921603
v -3.825062 3.120290 -1.891011
v -3.826201 3.118750 -1.866229
v -3.320040 2.702066 -2.022216
v -3.318069 2.727076 -2.033862
v -3.315799 2.746780 -2.047480
v -3.290880 2.707708 -2.019199
v -3.287257 2.733488 -2.031648
v -3.283064 2.754043 -2.046074
v -3.262741 2.715732 -2.013959
v -3.258102 2.742569 -2.026857
v -3.252681 2.764318 -2.041668
v -3.446738 2.764318 -2.041668
v -3.416354 2.754043 -2.046074
v -3.383620 2.746780 -2.047480
v -3.441316 2.742569 -2.026857
v -3.412162 2.733488 -2.031648
v -3.381350 2.727076 -2.033862
v -3.436678 2.715732 -2.013959
v -3.408538 2.707708 -2.019199
v -3.379379 2.702066 -2.022216
v -3.321210 2.549384 -1.990996
v -3.321841 2.592716 -1.998623
v -3.321976 2.634058 -2.005322
v -3.292654 2.554544 -1.987991
v -3.293959 2.597723 -1.995059
v -3.294324 2.638996 -2.001544
v -3.263981 2.561888 -1.983899
v -3.266047 2.604872 -1.990103
v -3.266836 2.646060 -1.996110
v -3.432582 2.646060 -1.996110
v -3.405094 2.638996 -2.001545
v -3.377443 2.634058 -2.005322
v -3.433372 2.604872 -1.990103
v -3.405460 2.597723 -1.995059
v -3.377577 2.592716 -1.998623
v -3.435437 2.561888 -1.983899
v -3.406765 2.554544 -1.987991
v -3.378208 2.549384 -1.990996
v -3.317028 2.398413 -1.929341
v -3.318126 2.429332 -1.949352
v -3.319228 2.465805 -1.966775
v -3.284343 2.402813 -1.930596
v -3.286504 2.434147 -1.949486
v -3.288685 2.470919 -1.965722
v -3.251651 2.409047 -1.932618
v -3.254801 2.440960 -1.949902
v -3.258021 2.478161 -1.964437
v -3.441397 2.478161 -1.964437
v -3.410733 2.470920 -1.965722
v -3.380191 2.465805 -1.966775
v -3.444618 2.440960 -1.949902
v -3.412915 2.434147 -1.949486
v -3.381292 2.429332 -1.949352
v -3.447768 2.409047 -1.932618
v -3.415076 2.402814 -1.930596
v -3.382391 2.398413 -1.929341
v -3.243284 2.353153 -1.847238
v -3.278204 2.349305 -1.842928
v -3.313790 2.346649 -1.840008
v -3.244319 2.357231 -1.869353
v -3.279087 2.352870 -1.864973
v -3.314290 2.349838 -1.862032
v -3.246213 2.367064 -1.891619
v -3.280506 2.362115 -1.887545
v -3.315046 2.358649 -1.884838
v -3.384373 2.358649 -1.884838
v -3.385129 2.349838 -1.862031
v -3.385628 2.346649 -1.840008
v -3.418912 2.362115 -1.887545
v -3.420331 2.352870 -1.864973
v -3.421214 2.349305 -1.842928
v -3.453205 2.367064 -1.891619
v -3.455099 2.357231 -1.869353
v -3.456135 2.353153 -1.847238
v -3.121861 2.377365 -1.868672
v -3.147315 2.369007 -1.863761
v -3.176956 2.362773 -1.858176
v -3.121922 2.383917 -1.891153
v -3.147194 2.374754 -1.886332
v -3.177255 2.367936 -1.880650
v -3.125575 2.395067 -1.910560
v -3.149565 2.386061 -1.907188
v -3.179303 2.378954 -1.902275
v -3.520115 2.378954 -1.902275
v -3.522163 2.367936 -1.880650
v -3.522463 2.362773 -1.858176
v -3.549853 2.386061 -1.907188
v -3.552225 2.374754 -1.886332
v -3.552104 2.369007 -1.863761
v -3.573844 2.395067 -1.910560
v -3.577496 2.383917 -1.891153
v -3.577558 2.377365 -1.868672
v -3.077379 2.448073 -1.874359
v -3.080741 2.423936 -1.875290
v -3.088519 2.404245 -1.874658
v -3.083923 2.465529 -1.901058
v -3.085140 2.437606 -1.900599
v -3.090964 2.414646 -1.898477
v -3.096946 2.483317 -1.924493
v -3.095953 2.451908 -1.922263
v -3.099415 2.426455 -1.918078
v -3.600004 2.426455 -1.918078
v -3.608454 2.414646 -1.898477
v -3.610899 2.404245 -1.874658
v -3.603465 2.451908 -1.922263
v -3.614278 2.437606 -1.900599
v -3.618677 2.423936 -1.875290
v -3.602473 2.483317 -1.924493
v -3.615496 2.465529 -1.901058
v -3.622039 2.448073 -1.874359
v -3.086980 2.587275 -1.859369
v -3.082421 2.547106 -1.863887
v -3.079031 2.510005 -1.868290
v -3.098687 2.613477 -1.890446
v -3.093569 2.572731 -1.894061
v -3.089126 2.533883 -1.897407
v -3.116329 2.638999 -1.919208
v -3.110857 2.598027 -1.921638
v -3.105514 2.557745 -1.923694
v -3.593905 2.557745 -1.923694
v -3.610293 2.533883 -1.897407
v -3.620387 2.510005 -1.868290
v -3.588562 2.598027 -1.921638
v -3.605850 2.572731 -1.894061
v -3.616998 2.547106 -1.863887
v -3.583090 2.638999 -1.919208
v -3.600732 2.613477 -1.890446
v -3.612438 2.587275 -1.859369
v -3.151111 2.584346 -1.959653
v -3.177918 2.584311 -1.969034
v -3.206213 2.578708 -1.975002
v -3.156731 2.626386 -1.960528
v -3.182852 2.626741 -1.971402
v -3.210184 2.621353 -1.978797
v -3.161483 2.667413 -1.961173
v -3.186568 2.667780 -1.973732
v -3.212730 2.662416 -1.982690
v -3.486689 2.662416 -1.982690
v -3.489235 2.621353 -1.978797
v -3.493206 2.578708 -1.975002
v -3.512851 2.667780 -1.973732
v -3.516567 2.626741 -1.971402
v -3.521501 2.584311 -1.969034
v -3.537935 2.667413 -1.961173
v -3.542688 2.626386 -1.960529
v -3.548307 2.584346 -1.959653
v -3.139277 2.502040 -1.953929
v -3.134778 2.465439 -1.947651
v -3.132300 2.434901 -1.938423
v -3.166576 2.500573 -1.959840
v -3.161343 2.462665 -1.951489
v -3.157027 2.430043 -1.940077
v -3.196320 2.494632 -1.962300
v -3.191310 2.456518 -1.951848
v -3.186674 2.423444 -1.938405
v -3.512745 2.423444 -1.938405
v -3.542392 2.430043 -1.940077
v -3.567118 2.434901 -1.938423
v -3.508108 2.456518 -1.951848
v -3.538076 2.462666 -1.951489
v -3.564641 2.465439 -1.947651
v -3.503098 2.494632 -1.962300
v -3.532842 2.500573 -1.959840
v -3.560141 2.502040 -1.953929
v -3.167073 2.802137 -1.972335
v -3.167219 2.774041 -1.968325
v -3.166681 2.741979 -1.964873
v -3.184107 2.797231 -1.997144
v -3.186673 2.771131 -1.989327
v -3.188386 2.740707 -1.982450
v -3.203261 2.787798 -2.017553
v -3.207805 2.763290 -2.006108
v -3.211417 2.734149 -1.996029
v -3.488001 2.734149 -1.996029
v -3.511033 2.740707 -1.982450
v -3.532737 2.741979 -1.964873
v -3.491614 2.763290 -2.006108
v -3.512746 2.771131 -1.989327
v -3.532200 2.774041 -1.968325
v -3.496158 2.787798 -2.017553
v -3.515311 2.797231 -1.997144
v -3.532346 2.802137 -1.972335
v -3.111272 2.757838 -1.848993
v -3.104512 2.716758 -1.850270
v -3.098205 2.673430 -1.852335
v -3.120797 2.774898 -1.881426
v -3.115098 2.737252 -1.882729
v -3.109576 2.696891 -1.884577
v -3.134822 2.790262 -1.913472
v -3.130617 2.756245 -1.914214
v -3.126275 2.719069 -1.915313
v -3.573143 2.719069 -1.915313
v -3.589843 2.696891 -1.884577
v -3.601213 2.673430 -1.852335
v -3.568801 2.756245 -1.914214
v -3.584321 2.737252 -1.882729
v -3.594907 2.716758 -1.850270
v -3.564596 2.790262 -1.913472
v -3.578622 2.774898 -1.881426
v -3.588147 2.757838 -1.848993
v -3.152900 2.910460 -1.845632
v -3.153105 2.916363 -1.872983
v -3.151290 2.924389 -1.902306
v -3.157553 2.925114 -1.843343
v -3.156437 2.930744 -1.868176
v -3.152308 2.939316 -1.892864
v -3.161842 2.938614 -1.840466
v -3.159841 2.943760 -1.863176
v -3.154501 2.952174 -1.884058
v -3.544917 2.952174 -1.884058
v -3.547110 2.939316 -1.892864
v -3.548129 2.924389 -1.902306
v -3.539577 2.943760 -1.863176
v -3.542982 2.930744 -1.868176
v -3.546313 2.916363 -1.872983
v -3.537577 2.938614 -1.840466
v -3.541866 2.925114 -1.843343
v -3.546519 2.910460 -1.845632
v -3.126111 2.826298 -1.848113
v -3.133070 2.836932 -1.879797
v -3.143584 2.845515 -1.912388
v -3.133762 2.852732 -1.848060
v -3.139205 2.861092 -1.879214
v -3.147480 2.867529 -1.912141
v -3.141017 2.875014 -1.847876
v -3.144702 2.881975 -1.878487
v -3.149999 2.887811 -1.912102
v -3.549419 2.887811 -1.912102
v -3.551939 2.867529 -1.912141
v -3.555834 2.845516 -1.912388
v -3.554717 2.881975 -1.878487
v -3.560214 2.861092 -1.879214
v -3.566348 2.836932 -1.879797
v -3.558402 2.875014 -1.847876
v -3.565656 2.852732 -1.848060
v -3.573307 2.826298 -1.848113
v -3.165256 2.991078 -1.828212
v -3.171007 2.977977 -1.830128
v -3.170139 2.964779 -1.833382
v -3.161122 2.992138 -1.847524
v -3.167359 2.980123 -1.849878
v -3.167017 2.968099 -1.853669
v -3.155070 2.995822 -1.861361
v -3.161415 2.985257 -1.864738
v -3.161165 2.974616 -1.869814
v -3.538254 2.974616 -1.869814
v -3.532401 2.968099 -1.853669
v -3.529280 2.964779 -1.833382
v -3.538004 2.985257 -1.864738
v -3.532060 2.980123 -1.849878
v -3.528412 2.977977 -1.830128
v -3.544348 2.995822 -1.861361
v -3.538297 2.992138 -1.847524
v -3.534163 2.991078 -1.828212
v -3.121488 3.016482 -1.831732
v -3.118469 3.016548 -1.850065
v -3.116719 3.017789 -1.863076
v -3.083996 3.029273 -1.837037
v -3.082388 3.029467 -1.855226
v -3.083735 3.030256 -1.869213
v -3.040939 3.042944 -1.843395
v -3.040426 3.043444 -1.862186
v -3.043763 3.043917 -1.878900
v -3.655655 3.043917 -1.878900
v -3.615684 3.030256 -1.869213
v -3.582700 3.017789 -1.863076
v -3.658992 3.043444 -1.862186
v -3.617030 3.029467 -1.855226
v -3.580950 3.016548 -1.850065
v -3.658480 3.042944 -1.843395
v -3.615423 3.029273 -1.837037
v -3.577931 3.016482 -1.831732
v -3.278265 3.166925 -2.881386
v -3.209796 3.166755 -2.863542
v -3.147279 3.166846 -2.840009
v -3.279436 3.109378 -2.853880
v -3.212182 3.111657 -2.837039
v -3.150967 3.115588 -2.815290
v -3.280076 3.058867 -2.819296
v -3.213355 3.063339 -2.803564
v -3.152459 3.070856 -2.783564
v -3.546959 3.070856 -2.783565
v -3.548452 3.115588 -2.815290
v -3.552140 3.166846 -2.840009
v -3.486063 3.063339 -2.803564
v -3.487236 3.111657 -2.837039
v -3.489622 3.166755 -2.863542
v -3.419343 3.058867 -2.819296
v -3.419982 3.109378 -2.853880
v -3.421154 3.166925 -2.881386
v -3.282131 2.971730 -2.726645
v -3.217091 2.979301 -2.713177
v -3.157130 2.991720 -2.696135
v -3.284117 2.933694 -2.667554
v -3.220884 2.942140 -2.655329
v -3.162371 2.955735 -2.639697
v -3.286705 2.899877 -2.599328
v -3.225854 2.908913 -2.588608
v -3.169311 2.923229 -2.574693
v -3.530107 2.923229 -2.574693
v -3.537047 2.955735 -2.639697
v -3.542289 2.991720 -2.696135
v -3.473564 2.908913 -2.588608
v -3.478535 2.942140 -2.655329
v -3.482327 2.979301 -2.713177
v -3.412714 2.899877 -2.599328
v -3.415302 2.933694 -2.667554
v -3.417288 2.971730 -2.726645
v -3.293428 2.846714 -2.434976
v -3.238698 2.856585 -2.428470
v -3.187071 2.872201 -2.419729
v -3.297213 2.827262 -2.346046
v -3.245906 2.837456 -2.341549
v -3.196973 2.853792 -2.334944
v -3.300909 2.811815 -2.262413
v -3.253007 2.822186 -2.259050
v -3.206824 2.839043 -2.252428
v -3.492595 2.839043 -2.252428
v -3.502445 2.853792 -2.334944
v -3.512347 2.872201 -2.419728
v -3.446412 2.822186 -2.259050
v -3.453512 2.837456 -2.341549
v -3.460721 2.856585 -2.428470
v -3.398510 2.811815 -2.262413
v -3.402205 2.827262 -2.346046
v -3.405991 2.846714 -2.434976
v -3.307045 2.790296 -2.140342
v -3.265711 2.800071 -2.138620
v -3.227438 2.815012 -2.131081
v -3.309386 2.781943 -2.104889
v -3.270825 2.791095 -2.103960
v -3.236011 2.804512 -2.098099
v -3.311456 2.773026 -2.080679
v -3.274989 2.781636 -2.080060
v -3.242121 2.793991 -2.075312
v -3.457298 2.793991 -2.075312
v -3.463408 2.804512 -2.098099
v -3.471980 2.815012 -2.131081
v -3.424430 2.781636 -2.080060
v -3.428593 2.791095 -2.103960
v -3.433707 2.800071 -2.138620
v -3.387963 2.773026 -2.080679
v -3.390033 2.781943 -2.104889
v -3.392374 2.790296 -2.140342
v -3.166622 2.845540 -1.980518
v -3.178888 2.836168 -2.013452
v -3.194206 2.823111 -2.042053
v -3.165307 2.862784 -1.985183
v -3.175080 2.851063 -2.022839
v -3.188224 2.836297 -2.057099
v -3.160998 2.879879 -1.991879
v -3.167994 2.865763 -2.034775
v -3.178215 2.849853 -2.076788
v -3.521204 2.849853 -2.076788
v -3.511195 2.836297 -2.057099
v -3.505212 2.823111 -2.042053
v -3.531424 2.865763 -2.034775
v -3.524338 2.851063 -2.022839
v -3.520530 2.836168 -2.013452
v -3.538420 2.879879 -1.991879
v -3.534112 2.862784 -1.985183
v -3.532797 2.845540 -1.980518
v -2.727638 3.264463 -2.035920
v -2.753585 3.223022 -2.036019
v -2.785770 3.184601 -2.030778
v -2.716679 3.270684 -2.089057
v -2.740226 3.226269 -2.091999
v -2.771319 3.184032 -2.089283
v -2.704267 3.278366 -2.143064
v -2.725499 3.230237 -2.149437
v -2.755349 3.182935 -2.151144
v -3.944070 3.182935 -2.151144
v -3.928099 3.184032 -2.089283
v -3.913649 3.184601 -2.030778
v -3.973920 3.230237 -2.149437
v -3.959192 3.226269 -2.091999
v -3.945834 3.223022 -2.036019
v -3.995152 3.278366 -2.143064
v -3.982739 3.270684 -2.089057
v -3.971780 3.264463 -2.035920
v -3.263084 3.480041 -2.916462
v -3.179892 3.469492 -2.897885
v -3.103566 3.454458 -2.872609
v -3.267660 3.393193 -2.922560
v -3.188818 3.384772 -2.903728
v -3.116392 3.372833 -2.878003
v -3.272241 3.309743 -2.916896
v -3.197784 3.304023 -2.898023
v -3.129351 3.295944 -2.872353
v -3.570067 3.295944 -2.872353
v -3.583026 3.372833 -2.878003
v -3.595853 3.454458 -2.872609
v -3.501634 3.304023 -2.898023
v -3.510600 3.384771 -2.903728
v -3.519526 3.469492 -2.897885
v -3.427178 3.309743 -2.916896
v -3.431758 3.393193 -2.922560
v -3.436334 3.480041 -2.916462
v -3.256254 3.883383 -2.139669
v -3.166260 3.875643 -2.146543
v -3.083192 3.862666 -2.158608
v -3.256331 3.908190 -2.207815
v -3.166400 3.900195 -2.212508
v -3.083364 3.886684 -2.221666
v -3.256360 3.922511 -2.280106
v -3.166452 3.914373 -2.282332
v -3.083428 3.900518 -2.288163
v -3.615990 3.900518 -2.288163
v -3.616054 3.886684 -2.221666
v -3.616227 3.862666 -2.158608
v -3.532966 3.914373 -2.282332
v -3.533018 3.900195 -2.212508
v -3.533158 3.875643 -2.146543
v -3.443059 3.922511 -2.280106
v -3.443087 3.908190 -2.207815
v -3.443165 3.883382 -2.139669
v -3.256360 3.923638 -2.435299
v -3.166453 3.915753 -2.431101
v -3.083431 3.901994 -2.428341
v -3.256332 3.909795 -2.515707
v -3.166406 3.902126 -2.507801
v -3.083383 3.888600 -2.500072
v -3.256256 3.884166 -2.595272
v -3.166279 3.876469 -2.583868
v -3.083256 3.862951 -2.571342
v -3.616163 3.862951 -2.571342
v -3.616035 3.888600 -2.500072
v -3.615988 3.901994 -2.428341
v -3.533139 3.876469 -2.583868
v -3.533012 3.902126 -2.507801
v -3.532966 3.915753 -2.431101
v -3.443162 3.884166 -2.595272
v -3.443087 3.909795 -2.515707
v -3.443059 3.923638 -2.435299
v -3.255943 3.791285 -2.743267
v -3.165775 3.781966 -2.727102
v -3.082802 3.766837 -2.707353
v -3.256131 3.725099 -2.806451
v -3.166215 3.714477 -2.789175
v -3.083624 3.698078 -2.767252
v -3.257121 3.649257 -2.858300
v -3.168211 3.637668 -2.840427
v -3.086661 3.620476 -2.817008
v -3.612757 3.620476 -2.817008
v -3.615795 3.698078 -2.767252
v -3.616617 3.766836 -2.707353
v -3.531207 3.637668 -2.840427
v -3.533204 3.714477 -2.789175
v -3.533644 3.781966 -2.727102
v -3.442298 3.649257 -2.858300
v -3.443288 3.725099 -2.806451
v -3.443475 3.791285 -2.743267
v -2.778177 3.521792 -1.920990
v -2.753111 3.507408 -1.927567
v -2.732360 3.489661 -1.935755
v -2.787301 3.523675 -1.956661
v -2.762756 3.509502 -1.961954
v -2.741711 3.492183 -1.969228
v -2.794717 3.532172 -1.994571
v -2.770233 3.517558 -1.998525
v -2.748523 3.500004 -2.004767
v -3.950896 3.500004 -2.004767
v -3.957708 3.492183 -1.969228
v -3.967059 3.489661 -1.935755
v -3.929185 3.517558 -1.998525
v -3.936663 3.509502 -1.961954
v -3.946307 3.507408 -1.927567
v -3.904701 3.532172 -1.994571
v -3.912117 3.523675 -1.956661
v -3.921242 3.521792 -1.920990
v -2.800111 3.578063 -2.076873
v -2.773940 3.559473 -2.078525
v -2.749943 3.538243 -2.082259
v -2.798266 3.612842 -2.121090
v -2.770551 3.590992 -2.121836
v -2.745177 3.566582 -2.124125
v -2.795069 3.649006 -2.167200
v -2.765759 3.623798 -2.167095
v -2.739126 3.596065 -2.167881
v -3.960292 3.596065 -2.167881
v -3.954241 3.566582 -2.124125
v -3.949476 3.538243 -2.082259
v -3.933660 3.623798 -2.167095
v -3.928867 3.590992 -2.121836
v -3.925478 3.559473 -2.078525
v -3.904349 3.649006 -2.167200
v -3.901153 3.612842 -2.121090
v -3.899308 3.578063 -2.076873
v -2.789787 3.705653 -2.264583
v -2.758368 3.675686 -2.262606
v -2.730370 3.643149 -2.260430
v -2.788721 3.721586 -2.315334
v -2.756970 3.690536 -2.312291
v -2.728948 3.656864 -2.308746
v -2.788342 3.729805 -2.366934
v -2.756567 3.698210 -2.362789
v -2.728802 3.663951 -2.357999
v -3.970616 3.663951 -2.357999
v -3.970471 3.656864 -2.308746
v -3.969048 3.643149 -2.260430
v -3.942851 3.698210 -2.362789
v -3.942448 3.690536 -2.312291
v -3.941051 3.675686 -2.262606
v -3.911077 3.729806 -2.366934
v -3.910698 3.721586 -2.315334
v -3.909632 3.705653 -2.264583
v -2.788382 3.725325 -2.470866
v -2.756943 3.693276 -2.464505
v -2.730114 3.658706 -2.457604
v -2.788760 3.711570 -2.521212
v -2.757750 3.680012 -2.513314
v -2.731929 3.646661 -2.504857
v -2.789725 3.687971 -2.568446
v -2.759431 3.658062 -2.558198
v -2.735266 3.628218 -2.546932
v -3.964152 3.628218 -2.546932
v -3.967489 3.646661 -2.504857
v -3.969304 3.658706 -2.457604
v -3.939987 3.658062 -2.558198
v -3.941669 3.680012 -2.513314
v -3.942475 3.693276 -2.464505
v -3.909693 3.687971 -2.568446
v -3.910658 3.711570 -2.521212
v -3.911037 3.725325 -2.470866
v -2.746039 3.454732 -2.646581
v -2.775987 3.466492 -2.675526
v -2.807870 3.483636 -2.700304
v -2.741154 3.511646 -2.629415
v -2.768368 3.526726 -2.655857
v -2.799392 3.547221 -2.677555
v -2.739487 3.561659 -2.608146
v -2.764149 3.580834 -2.629984
v -2.794337 3.604835 -2.647627
v -3.905082 3.604835 -2.647627
v -3.900026 3.547221 -2.677555
v -3.891549 3.483636 -2.700304
v -3.935270 3.580834 -2.629984
v -3.931050 3.526726 -2.655857
v -3.923432 3.466492 -2.675526
v -3.959931 3.561659 -2.608146
v -3.958265 3.511646 -2.629415
v -3.953380 3.454732 -2.646581
v -2.959150 3.576123 -2.773169
v -2.953878 3.652290 -2.730543
v -2.951681 3.720711 -2.679069
v -2.913310 3.551795 -2.755879
v -2.906923 3.625472 -2.718559
v -2.903809 3.691938 -2.672884
v -2.875072 3.527532 -2.739308
v -2.867694 3.598022 -2.707532
v -2.863684 3.661798 -2.667813
v -3.835734 3.661798 -2.667813
v -3.795609 3.691938 -2.672884
v -3.747737 3.720711 -2.679069
v -3.831724 3.598022 -2.707532
v -3.792495 3.625472 -2.718559
v -3.745541 3.652290 -2.730543
v -3.824347 3.527532 -2.739308
v -3.786109 3.551795 -2.755879
v -3.740269 3.576123 -2.773169
v -2.950878 3.816671 -2.562517
v -2.950769 3.842035 -2.501476
v -2.950728 3.855303 -2.439666
v -2.901901 3.785689 -2.567106
v -2.901573 3.810752 -2.510536
v -2.901453 3.824159 -2.452680
v -2.860629 3.752443 -2.572352
v -2.860074 3.777124 -2.519625
v -2.859869 3.790716 -2.464989
v -3.839549 3.790716 -2.464989
v -3.797966 3.824159 -2.452680
v -3.748690 3.855303 -2.439666
v -3.839345 3.777124 -2.519625
v -3.797845 3.810752 -2.510536
v -3.748650 3.842035 -2.501476
v -3.838790 3.752443 -2.572352
v -3.797518 3.785689 -2.567106
v -3.748540 3.816671 -2.562517
v -2.950718 3.855074 -2.316543
v -2.950686 3.842835 -2.256812
v -2.950598 3.821018 -2.199474
v -2.901439 3.825243 -2.336286
v -2.901461 3.814159 -2.279323
v -2.901521 3.793900 -2.224225
v -2.859856 3.793207 -2.354023
v -2.859966 3.783290 -2.299346
v -2.860264 3.764650 -2.246068
v -3.839155 3.764650 -2.246068
v -3.797898 3.793900 -2.224225
v -3.748820 3.821018 -2.199474
v -3.839453 3.783290 -2.299346
v -3.797958 3.814159 -2.279323
v -3.748733 3.842835 -2.256812
v -3.839563 3.793207 -2.354023
v -3.797980 3.825243 -2.336286
v -3.748700 3.855074 -2.316543
v -2.950080 3.744921 -2.095347
v -2.949198 3.696470 -2.049249
v -2.947358 3.650097 -2.006924
v -2.901741 3.722297 -2.122570
v -2.901396 3.676519 -2.076560
v -2.900082 3.632699 -2.033507
v -2.861664 3.698034 -2.146087
v -2.862138 3.655287 -2.099845
v -2.861541 3.614273 -2.055926
v -3.837878 3.614273 -2.055926
v -3.799336 3.632699 -2.033507
v -3.752060 3.650097 -2.006924
v -3.837281 3.655287 -2.099845
v -3.798022 3.676519 -2.076560
v -3.750220 3.696470 -2.049249
v -3.837754 3.698034 -2.146087
v -3.797678 3.722297 -2.122570
v -3.749338 3.744921 -2.095347
v -2.927141 3.583162 -1.868762
v -2.880250 3.567594 -1.886080
v -2.840962 3.551172 -1.901225
v -2.933438 3.581439 -1.899830
v -2.886769 3.567523 -1.919704
v -2.848168 3.552206 -1.936755
v -2.939306 3.590385 -1.932707
v -2.892662 3.576416 -1.955327
v -2.854504 3.561178 -1.974427
v -3.844915 3.561178 -1.974427
v -3.851250 3.552206 -1.936755
v -3.858456 3.551172 -1.901225
v -3.806756 3.576416 -1.955327
v -3.812649 3.567523 -1.919704
v -3.819169 3.567594 -1.886080
v -3.760112 3.590385 -1.932706
v -3.765981 3.581439 -1.899830
v -3.772278 3.583162 -1.868762
v -3.252848 3.687342 -1.911652
v -3.161290 3.685174 -1.930811
v -3.078084 3.677553 -1.953778
v -3.255040 3.743820 -1.962393
v -3.164171 3.738317 -1.976822
v -3.080822 3.728257 -1.997033
v -3.255798 3.798985 -2.017154
v -3.165450 3.792029 -2.028375
v -3.082219 3.780523 -2.045788
v -3.617199 3.780523 -2.045788
v -3.618597 3.728256 -1.997033
v -3.621335 3.677553 -1.953778
v -3.533968 3.792029 -2.028375
v -3.535247 3.738317 -1.976822
v -3.538128 3.685174 -1.930811
v -3.443620 3.798985 -2.017154
v -3.444378 3.743820 -1.962393
v -3.446571 3.687342 -1.911652
v -3.168244 3.606871 -1.784958
v -3.160469 3.635028 -1.777424
v -3.156334 3.662735 -1.769130
v -3.115123 3.618131 -1.796662
v -3.118333 3.643872 -1.787151
v -3.123234 3.670329 -1.776966
v -3.061318 3.628643 -1.802306
v -3.076674 3.653558 -1.790352
v -3.090669 3.677670 -1.779056
v -3.608750 3.677670 -1.779056
v -3.576185 3.670329 -1.776966
v -3.543084 3.662735 -1.769130
v -3.622745 3.653558 -1.790352
v -3.581085 3.643872 -1.787151
v -3.538949 3.635027 -1.777424
v -3.638101 3.628643 -1.802306
v -3.584296 3.618131 -1.796662
v -3.531175 3.606871 -1.784958
v -3.187861 3.579929 -1.807130
v -3.120888 3.590156 -1.822135
v -3.050749 3.595670 -1.836606
v -3.201613 3.587264 -1.822660
v -3.130788 3.593880 -1.840340
v -3.057808 3.595537 -1.859218
v -3.222456 3.605585 -1.841409
v -3.143438 3.610023 -1.862894
v -3.066065 3.608359 -1.885392
v -3.633354 3.608359 -1.885392
v -3.641610 3.595537 -1.859218
v -3.648670 3.595670 -1.836606
v -3.555981 3.610023 -1.862895
v -3.568631 3.593880 -1.840340
v -3.578531 3.590156 -1.822135
v -3.476962 3.605585 -1.841409
v -3.497805 3.587264 -1.822660
v -3.511558 3.579929 -1.807130
v -3.313370 3.551183 -1.791480
v -3.331466 3.536382 -1.782352
v -3.310917 3.540877 -1.782549
v -3.284397 3.551838 -1.785991
v -3.296239 3.562267 -1.797526
v -3.318918 3.573250 -1.805995
v -3.329587 3.553077 -1.793995
v -3.386049 3.551183 -1.791480
v -3.380501 3.573250 -1.805994
v -3.403180 3.562267 -1.797526
v -3.415021 3.551838 -1.785991
v -3.388501 3.540877 -1.782550
v -3.367953 3.536382 -1.782352
v -3.369831 3.553077 -1.793995
v -2.704575 3.433550 -1.967871
v -2.698859 3.394856 -1.990484
v -2.700095 3.352138 -2.012080
v -2.709478 3.438529 -2.004384
v -2.699814 3.401501 -2.031071
v -2.696700 3.359940 -2.057354
v -2.711691 3.447445 -2.042562
v -2.698310 3.411406 -2.073075
v -2.691184 3.370357 -2.103796
v -4.008235 3.370357 -2.103796
v -4.002719 3.359940 -2.057354
v -3.999324 3.352138 -2.012080
v -4.001108 3.411406 -2.073075
v -3.999604 3.401501 -2.031071
v -4.000559 3.394856 -1.990484
v -3.987727 3.447445 -2.042562
v -3.989941 3.438529 -2.004384
v -3.994843 3.433550 -1.967871
v -2.678731 3.400259 -2.186410
v -2.673285 3.418198 -2.221781
v -2.668780 3.435846 -2.256494
v -2.689642 3.443246 -2.152191
v -2.683905 3.463530 -2.188534
v -2.678607 3.483856 -2.224598
v -2.706782 3.480822 -2.119280
v -2.700873 3.503538 -2.157308
v -2.694705 3.526711 -2.195962
v -4.004714 3.526711 -2.195962
v -4.020812 3.483856 -2.224598
v -4.030639 3.435846 -2.256494
v -3.998546 3.503538 -2.157308
v -4.015514 3.463530 -2.188534
v -4.026133 3.418198 -2.221781
v -3.992636 3.480822 -2.119280
v -4.009776 3.443246 -2.152191
v -4.020687 3.400259 -2.186410
v -2.665395 3.469488 -2.325898
v -2.666955 3.481062 -2.361229
v -2.669753 3.485860 -2.399091
v -2.674005 3.517236 -2.299275
v -2.675225 3.527346 -2.339024
v -2.677939 3.531815 -2.380850
v -2.687768 3.563701 -2.277532
v -2.687912 3.574476 -2.320943
v -2.689624 3.579651 -2.365981
v -4.009795 3.579651 -2.365981
v -4.021480 3.531815 -2.380850
v -4.029665 3.485860 -2.399091
v -4.011507 3.574476 -2.320943
v -4.024194 3.527346 -2.339024
v -4.032463 3.481062 -2.361229
v -4.011651 3.563701 -2.277532
v -4.025414 3.517236 -2.299275
v -4.034023 3.469488 -2.325898
v -2.700648 3.461944 -2.571487
v -2.703437 3.508520 -2.558852
v -2.708498 3.554737 -2.546790
v -2.687729 3.474128 -2.527739
v -2.692930 3.517303 -2.515808
v -2.700271 3.564157 -2.505523
v -2.679254 3.482133 -2.483374
v -2.686199 3.525626 -2.470376
v -2.695334 3.573317 -2.459812
v -4.004085 3.573317 -2.459812
v -3.999148 3.564157 -2.505523
v -3.990921 3.554737 -2.546790
v -4.013219 3.525626 -2.470376
v -4.006489 3.517303 -2.515808
v -3.995982 3.508520 -2.558852
v -4.020165 3.482133 -2.483374
v -4.011690 3.474128 -2.527739
v -3.998771 3.461944 -2.571487
v -3.121872 2.892925 -2.245721
v -3.110332 2.903061 -2.323848
v -3.098672 2.917780 -2.402805
v -3.082840 2.926358 -2.245508
v -3.071693 2.933253 -2.320123
v -3.061107 2.945024 -2.396179
v -3.043483 2.960694 -2.241441
v -3.033457 2.964096 -2.316154
v -3.025047 2.972573 -2.390471
v -3.674372 2.972573 -2.390471
v -3.638311 2.945024 -2.396179
v -3.600746 2.917780 -2.402805
v -3.665962 2.964096 -2.316154
v -3.627725 2.933253 -2.320123
v -3.589086 2.903061 -2.323848
v -3.655936 2.960694 -2.241441
v -3.616579 2.926358 -2.245508
v -3.577547 2.892925 -2.245721
v -2.846231 3.076087 -2.265260
v -2.896522 3.050644 -2.253902
v -2.949116 3.023859 -2.244045
v -2.858521 3.062818 -2.322526
v -2.902451 3.042169 -2.317451
v -2.948483 3.019255 -2.314217
v -2.867989 3.056012 -2.377912
v -2.907779 3.039858 -2.379427
v -2.948534 3.020830 -2.382029
v -3.750885 3.020830 -2.382029
v -3.750936 3.019255 -2.314217
v -3.750303 3.023859 -2.244045
v -3.791639 3.039858 -2.379427
v -3.796968 3.042169 -2.317451
v -3.802897 3.050644 -2.253902
v -3.831429 3.056011 -2.377912
v -3.840898 3.062818 -2.322526
v -3.853188 3.076087 -2.265260
v -2.863174 3.120743 -2.011862
v -2.906664 3.094914 -1.999465
v -2.952792 3.071264 -1.984612
v -2.852571 3.114073 -2.071636
v -2.900004 3.086398 -2.058103
v -2.949318 3.061054 -2.041765
v -2.842182 3.104584 -2.137228
v -2.894723 3.075048 -2.122377
v -2.948890 3.047438 -2.104819
v -3.750529 3.047438 -2.104819
v -3.750101 3.061054 -2.041765
v -3.746627 3.071264 -1.984612
v -3.804695 3.075048 -2.122377
v -3.799415 3.086398 -2.058103
v -3.792754 3.094914 -1.999465
v -3.857237 3.104584 -2.137228
v -3.846847 3.114073 -2.071636
v -3.836245 3.120743 -2.011862
v -3.044723 3.024571 -1.955149
v -3.084525 3.001907 -1.940319
v -3.117632 2.981499 -1.922916
v -3.043406 3.013054 -1.997835
v -3.083728 2.990223 -1.971414
v -3.116957 2.969320 -1.944531
v -3.047914 2.997147 -2.043747
v -3.087305 2.975058 -2.004831
v -3.119588 2.954085 -1.968553
v -3.579831 2.954085 -1.968553
v -3.582462 2.969320 -1.944531
v -3.581786 2.981499 -1.922915
v -3.612113 2.975058 -2.004831
v -3.615690 2.990223 -1.971414
v -3.614894 3.001907 -1.940319
v -3.651505 2.997147 -2.043747
v -3.656013 3.013054 -1.997835
v -3.654696 3.024571 -1.955149
v -3.117047 2.919284 -2.083404
v -3.131048 2.918083 -2.029613
v -3.135629 2.902370 -2.067830
v -3.135399 2.892445 -2.114666
v -3.107501 2.920312 -2.120663
v -3.081676 2.948845 -2.110739
v -3.106747 2.935896 -2.064172
v -3.582372 2.919284 -2.083404
v -3.617743 2.948845 -2.110739
v -3.591917 2.920312 -2.120663
v -3.564019 2.892446 -2.114666
v -3.563789 2.902369 -2.067830
v -3.568370 2.918083 -2.029613
v -3.592671 2.935896 -2.064172
v -3.112390 3.013141 -1.888530
v -3.076422 3.028010 -1.898011
v -3.101650 3.021198 -1.885352
v -3.125546 3.011564 -1.877653
v -3.130937 3.004144 -1.883430
v -3.127950 2.997837 -1.892020
v -3.102229 3.012831 -1.897683
v -3.587029 3.013141 -1.888530
v -3.571468 2.997837 -1.892020
v -3.568481 3.004144 -1.883430
v -3.573873 3.011564 -1.877653
v -3.597769 3.021198 -1.885352
v -3.622997 3.028010 -1.898011
v -3.597190 3.012831 -1.897683
v -2.775346 3.332541 -2.667755
v -2.797905 3.273162 -2.667026
v -2.820302 3.217570 -2.654816
v -2.807175 3.341303 -2.695096
v -2.829429 3.281012 -2.692594
v -2.852462 3.224039 -2.679184
v -2.839471 3.353141 -2.721830
v -2.861907 3.290288 -2.719057
v -2.886171 3.229688 -2.705571
v -3.813248 3.229688 -2.705571
v -3.846957 3.224039 -2.679184
v -3.879117 3.217570 -2.654816
v -3.837512 3.290288 -2.719057
v -3.869989 3.281012 -2.692594
v -3.901514 3.273162 -2.667026
v -3.859948 3.353141 -2.721830
v -3.892244 3.341303 -2.695096
v -3.924073 3.332541 -2.667755
v -2.984101 3.418989 -2.819611
v -2.940974 3.401052 -2.795434
v -2.904725 3.383669 -2.771681
v -3.002563 3.344932 -2.823408
v -2.961251 3.330374 -2.797772
v -2.926415 3.315460 -2.771944
v -3.021667 3.276974 -2.818349
v -2.982812 3.265465 -2.792198
v -2.950423 3.251130 -2.764010
v -3.748995 3.251130 -2.764010
v -3.773004 3.315460 -2.771945
v -3.794694 3.383669 -2.771681
v -3.716607 3.265465 -2.792198
v -3.738167 3.330374 -2.797772
v -3.758444 3.401052 -2.795434
v -3.677752 3.276974 -2.818349
v -3.696856 3.344932 -2.823407
v -3.715318 3.418989 -2.819611
v -2.872751 3.070329 -2.490021
v -2.907953 3.063390 -2.501725
v -2.942451 3.051828 -2.513047
v -2.867254 3.093418 -2.544164
v -2.901004 3.090760 -2.559865
v -2.934530 3.082893 -2.575082
v -2.856252 3.126193 -2.592031
v -2.889544 3.127390 -2.611636
v -2.923743 3.123380 -2.631735
v -3.775676 3.123380 -2.631735
v -3.764888 3.082893 -2.575082
v -3.756968 3.051828 -2.513047
v -3.809875 3.127390 -2.611636
v -3.798415 3.090760 -2.559865
v -3.791466 3.063390 -2.501725
v -3.843167 3.126193 -2.592031
v -3.832165 3.093418 -2.544164
v -3.826668 3.070329 -2.490021
v -3.076965 2.964993 -2.549475
v -3.068064 2.996557 -2.612846
v -3.061595 3.030421 -2.668130
v -3.040699 2.989638 -2.540250
v -3.031690 3.021570 -2.604140
v -3.025078 3.056213 -2.660656
v -3.007820 3.013898 -2.531948
v -2.998947 3.046868 -2.596751
v -2.991720 3.084986 -2.655885
v -3.707699 3.084986 -2.655885
v -3.674341 3.056212 -2.660656
v -3.637824 3.030421 -2.668130
v -3.700471 3.046868 -2.596751
v -3.667728 3.021570 -2.604140
v -3.631355 2.996557 -2.612846
v -3.691599 3.013898 -2.531948
v -3.658720 2.989638 -2.540250
v -3.622453 2.964993 -2.549475
v -3.034108 3.135510 -2.765167
v -3.051481 3.168168 -2.794614
v -3.020883 3.164062 -2.773019
v -3.000804 3.148702 -2.745158
v -3.027096 3.116502 -2.743489
v -3.058987 3.095693 -2.750399
v -3.058590 3.128608 -2.776696
v -3.665310 3.135510 -2.765167
v -3.640432 3.095693 -2.750399
v -3.672323 3.116502 -2.743489
v -3.698614 3.148702 -2.745158
v -3.678535 3.164062 -2.773019
v -3.647938 3.168168 -2.794614
v -3.640829 3.128608 -2.776696
v -2.524050 3.512183 -2.533348
v -2.551876 3.500115 -2.517150
v -2.576443 3.486762 -2.503174
v -2.523241 3.503815 -2.524525
v -2.549375 3.492221 -2.508695
v -2.572473 3.479391 -2.495091
v -2.522371 3.492854 -2.521661
v -2.546874 3.481877 -2.506210
v -2.568563 3.469682 -2.492992
v -4.130856 3.469682 -2.492992
v -4.126945 3.479391 -2.495091
v -4.122975 3.486762 -2.503174
v -4.152544 3.481877 -2.506210
v -4.150043 3.492221 -2.508695
v -4.147543 3.500115 -2.517150
v -4.177048 3.492854 -2.521661
v -4.176178 3.503815 -2.524525
v -4.175368 3.512183 -2.533348
v -2.457594 3.531043 -2.570479
v -2.460343 3.521877 -2.561234
v -2.462983 3.509874 -2.557638
v -2.420823 3.535394 -2.589323
v -2.425308 3.526001 -2.580118
v -2.429709 3.513720 -2.576235
v -2.384513 3.533576 -2.606206
v -2.390695 3.524200 -2.597239
v -2.396842 3.511954 -2.593203
v -4.302576 3.511954 -2.593203
v -4.269710 3.513720 -2.576235
v -4.236436 3.509874 -2.557638
v -4.308723 3.524200 -2.597239
v -4.274111 3.526001 -2.580118
v -4.239076 3.521877 -2.561234
v -4.314906 3.533576 -2.606206
v -4.278596 3.535394 -2.589323
v -4.241824 3.531043 -2.570479
v -2.321972 3.503412 -2.627962
v -2.331394 3.495180 -2.620111
v -2.340929 3.484380 -2.616392
v -2.298927 3.474586 -2.632564
v -2.309776 3.467504 -2.625452
v -2.320811 3.458141 -2.622136
v -2.282716 3.438630 -2.634664
v -2.294720 3.432993 -2.628213
v -2.306956 3.425431 -2.625295
v -4.392463 3.425431 -2.625295
v -4.378608 3.458141 -2.622136
v -4.358490 3.484380 -2.616392
v -4.404699 3.432993 -2.628213
v -4.389642 3.467504 -2.625452
v -4.368025 3.495179 -2.620111
v -4.416702 3.438630 -2.634664
v -4.400492 3.474586 -2.632564
v -4.377447 3.503412 -2.627962
v -2.274462 3.352166 -2.636447
v -2.287518 3.350000 -2.630492
v -2.300757 3.346761 -2.627872
v -2.283264 3.305628 -2.636102
v -2.296085 3.305336 -2.629922
v -2.308999 3.304429 -2.627158
v -2.300596 3.259898 -2.633198
v -2.312639 3.261473 -2.626594
v -2.324672 3.262878 -2.623601
v -4.374746 3.262878 -2.623601
v -4.390420 3.304429 -2.627158
v -4.398661 3.346761 -2.627872
v -4.386779 3.261473 -2.626594
v -4.403333 3.305336 -2.629922
v -4.411901 3.350000 -2.630492
v -4.398823 3.259898 -2.633198
v -4.416154 3.305628 -2.636102
v -4.424957 3.352166 -2.636447
v -2.360108 3.179628 -2.614304
v -2.368917 3.184622 -2.606643
v -2.377562 3.190201 -2.603294
v -2.400360 3.147401 -2.597037
v -2.406863 3.153846 -2.588928
v -2.413142 3.161163 -2.585593
v -2.445284 3.120613 -2.574655
v -2.449241 3.128294 -2.566271
v -2.452884 3.137079 -2.563147
v -4.246535 3.137079 -2.563147
v -4.286276 3.161163 -2.585593
v -4.321856 3.190201 -2.603294
v -4.250177 3.128294 -2.566271
v -4.292555 3.153846 -2.588928
v -4.330502 3.184622 -2.606643
v -4.254134 3.120613 -2.574655
v -4.299058 3.147401 -2.597037
v -4.339310 3.179628 -2.614304
v -2.541953 3.083387 -2.515791
v -2.540755 3.092800 -2.507680
v -2.538836 3.103627 -2.505737
v -2.590463 3.072501 -2.483688
v -2.586796 3.082428 -2.476039
v -2.582078 3.093886 -2.474968
v -2.637175 3.066156 -2.455229
v -2.631078 3.076421 -2.448041
v -2.623545 3.088351 -2.447842
v -4.075874 3.088351 -2.447842
v -4.117341 3.093886 -2.474968
v -4.160583 3.103627 -2.505737
v -4.068341 3.076421 -2.448041
v -4.112623 3.082428 -2.476039
v -4.158663 3.092800 -2.507680
v -4.062243 3.066156 -2.455229
v -4.108955 3.072501 -2.483688
v -4.157465 3.083387 -2.515791
v -2.533003 3.124543 -2.516222
v -2.529470 3.133143 -2.526434
v -2.525973 3.140177 -2.538384
v -2.570805 3.115989 -2.487508
v -2.565025 3.125058 -2.498633
v -2.559747 3.132503 -2.511365
v -2.606734 3.111185 -2.462435
v -2.598653 3.120410 -2.474463
v -2.591534 3.127947 -2.487947
v -4.107884 3.127947 -2.487947
v -4.139671 3.132503 -2.511365
v -4.173446 3.140177 -2.538384
v -4.100765 3.120410 -2.474463
v -4.134393 3.125058 -2.498633
v -4.169949 3.133143 -2.526434
v -4.092685 3.111185 -2.462435
v -4.128613 3.115989 -2.487508
v -4.166415 3.124543 -2.516222
v -2.390965 3.200699 -2.608002
v -2.394901 3.204841 -2.614775
v -2.397027 3.208016 -2.623294
v -2.422390 3.175160 -2.591250
v -2.424777 3.180811 -2.598756
v -2.425776 3.185277 -2.608068
v -2.457425 3.153977 -2.570102
v -2.458022 3.160859 -2.578470
v -2.457697 3.166383 -2.588677
v -4.241722 3.166383 -2.588677
v -4.273643 3.185277 -2.608068
v -4.302392 3.208016 -2.623294
v -4.241397 3.160859 -2.578470
v -4.274642 3.180811 -2.598756
v -4.304518 3.204841 -2.614775
v -4.241993 3.153977 -2.570102
v -4.277029 3.175160 -2.591250
v -4.308453 3.200699 -2.608002
v -2.322423 3.338392 -2.631973
v -2.329449 3.333905 -2.637853
v -2.333861 3.329630 -2.645381
v -2.329997 3.301166 -2.631125
v -2.336753 3.299067 -2.636967
v -2.340945 3.296867 -2.644445
v -2.344051 3.264620 -2.627528
v -2.350197 3.264837 -2.633467
v -2.353930 3.264638 -2.641055
v -4.345489 3.264638 -2.641055
v -4.358473 3.296867 -2.644445
v -4.365557 3.329630 -2.645381
v -4.349222 3.264837 -2.633467
v -4.362666 3.299067 -2.636967
v -4.369969 3.333905 -2.637853
v -4.355368 3.264620 -2.627528
v -4.369421 3.301166 -2.631125
v -4.376996 3.338392 -2.631973
v -2.356391 3.459354 -2.620410
v -2.361294 3.446981 -2.627028
v -2.364265 3.435750 -2.635542
v -2.338863 3.436282 -2.626121
v -2.344689 3.425417 -2.632435
v -2.348318 3.415529 -2.640572
v -2.327048 3.407539 -2.629393
v -2.333579 3.398556 -2.635515
v -2.337693 3.390337 -2.643385
v -4.361726 3.390337 -2.643385
v -4.351100 3.415530 -2.640572
v -4.335154 3.435750 -2.635542
v -4.365840 3.398556 -2.635515
v -4.354729 3.425417 -2.632435
v -4.338124 3.446981 -2.627028
v -4.372371 3.407539 -2.629393
v -4.360556 3.436282 -2.626121
v -4.343028 3.459354 -2.620410
v -2.466269 3.482155 -2.565110
v -2.466547 3.468483 -2.574358
v -2.465978 3.456058 -2.585615
v -2.436100 3.485393 -2.582504
v -2.437576 3.471437 -2.591000
v -2.437939 3.458772 -2.601508
v -2.406336 3.483719 -2.598372
v -2.409010 3.469812 -2.606111
v -2.410305 3.457200 -2.615845
v -4.289114 3.457200 -2.615845
v -4.261479 3.458772 -2.601508
v -4.233440 3.456058 -2.585615
v -4.290408 3.469812 -2.606111
v -4.261842 3.471437 -2.591000
v -4.232872 3.468483 -2.574358
v -4.293082 3.483719 -2.598372
v -4.263318 3.485393 -2.582503
v -4.233149 3.482155 -2.565110
v -2.519653 3.467472 -2.531106
v -2.541407 3.457876 -2.516296
v -2.560648 3.447066 -2.503564
v -2.517688 3.454898 -2.541416
v -2.538431 3.445953 -2.526836
v -2.556723 3.435798 -2.514166
v -2.515431 3.443424 -2.553684
v -2.535433 3.435046 -2.539286
v -2.553017 3.425468 -2.526611
v -4.146402 3.425468 -2.526611
v -4.142695 3.435798 -2.514166
v -4.138770 3.447066 -2.503564
v -4.163986 3.435046 -2.539286
v -4.160988 3.445953 -2.526836
v -4.158011 3.457876 -2.516296
v -4.183988 3.443424 -2.553684
v -4.181731 3.454898 -2.541416
v -4.179766 3.467472 -2.531106
v -2.776341 3.118960 -2.303418
v -2.793404 3.098843 -2.341013
v -2.803012 3.086117 -2.376901
v -2.760483 3.134442 -2.326522
v -2.774398 3.114594 -2.354222
v -2.781062 3.101940 -2.381051
v -2.751683 3.147396 -2.347083
v -2.761853 3.128852 -2.368489
v -2.764792 3.117592 -2.390249
v -3.934627 3.117592 -2.390249
v -3.918357 3.101940 -2.381051
v -3.896406 3.086117 -2.376901
v -3.937566 3.128852 -2.368489
v -3.925020 3.114594 -2.354222
v -3.906014 3.098843 -2.341013
v -3.947735 3.147396 -2.347083
v -3.938936 3.134442 -2.326522
v -3.923078 3.118960 -2.303418
v -2.782254 3.072796 -2.416795
v -2.753859 3.068390 -2.420650
v -2.719718 3.065026 -2.424514
v -2.763476 3.085859 -2.410449
v -2.739507 3.079802 -2.413781
v -2.708638 3.075713 -2.417640
v -2.745127 3.100933 -2.413815
v -2.723483 3.093426 -2.415608
v -2.695400 3.088493 -2.418700
v -4.004018 3.088493 -2.418700
v -3.990780 3.075713 -2.417640
v -3.979701 3.065026 -2.424514
v -3.975935 3.093426 -2.415608
v -3.959912 3.079802 -2.413781
v -3.945559 3.068390 -2.420650
v -3.954292 3.100933 -2.413815
v -3.935942 3.085859 -2.410449
v -3.917165 3.072796 -2.416795
v -2.685272 3.300313 -2.233328
v -2.702954 3.246762 -2.244485
v -2.727129 3.194931 -2.254371
v -2.680627 3.313297 -2.267822
v -2.697704 3.258275 -2.278953
v -2.719227 3.207138 -2.288970
v -2.678568 3.324699 -2.299583
v -2.696181 3.268226 -2.308717
v -2.716424 3.217501 -2.317400
v -3.982995 3.217501 -2.317400
v -3.980191 3.207138 -2.288970
v -3.972289 3.194931 -2.254371
v -4.003237 3.268226 -2.308716
v -4.001714 3.258275 -2.278953
v -3.996465 3.246762 -2.244485
v -4.020851 3.324699 -2.299583
v -4.018791 3.313297 -2.267822
v -4.014146 3.300313 -2.233328
v -2.646779 3.433755 -2.464568
v -2.640727 3.424192 -2.460634
v -2.635206 3.414350 -2.462564
v -2.633505 3.444119 -2.474897
v -2.627423 3.437190 -2.468392
v -2.621574 3.428485 -2.468205
v -2.617176 3.457598 -2.483110
v -2.611402 3.451259 -2.475631
v -2.605754 3.442666 -2.474407
v -4.093664 3.442666 -2.474407
v -4.077845 3.428485 -2.468205
v -4.064212 3.414350 -2.462564
v -4.088017 3.451259 -2.475631
v -4.071996 3.437190 -2.468392
v -4.058692 3.424192 -2.460634
v -4.082242 3.457598 -2.483110
v -4.065914 3.444119 -2.474897
v -4.052640 3.433755 -2.464568
v -2.667517 3.111702 -2.436998
v -2.654867 3.120130 -2.450850
v -2.644086 3.126631 -2.465867
v -2.690762 3.116463 -2.436506
v -2.675899 3.123830 -2.451623
v -2.663340 3.129186 -2.467533
v -2.708789 3.123830 -2.439622
v -2.691827 3.129606 -2.456571
v -2.677575 3.133484 -2.473470
v -4.021843 3.133484 -2.473470
v -4.036078 3.129186 -2.467533
v -4.055333 3.126631 -2.465867
v -4.007591 3.129606 -2.456571
v -4.023520 3.123830 -2.451623
v -4.044551 3.120130 -2.450850
v -3.990630 3.123830 -2.439622
v -4.008657 3.116463 -2.436506
v -4.031901 3.111702 -2.436998
v -2.688430 3.163492 -2.491394
v -2.705309 3.166082 -2.475289
v -2.721874 3.169692 -2.457951
v -2.690384 3.154220 -2.488713
v -2.707024 3.155286 -2.471685
v -2.723857 3.156425 -2.453668
v -2.690338 3.146139 -2.485309
v -2.706614 3.145573 -2.467740
v -2.724194 3.144433 -2.449086
v -3.975225 3.144433 -2.449086
v -3.975562 3.156425 -2.453668
v -3.977545 3.169692 -2.457951
v -3.992805 3.145573 -2.467740
v -3.992394 3.155286 -2.471685
v -3.994109 3.166082 -2.475289
v -4.009080 3.146139 -2.485309
v -4.009035 3.154220 -2.488713
v -4.010989 3.163492 -2.491394
v -2.705129 3.217108 -2.498962
v -2.709002 3.207995 -2.487284
v -2.713709 3.196809 -2.475111
v -2.696005 3.210396 -2.503442
v -2.697731 3.200821 -2.494766
v -2.700007 3.189569 -2.486616
v -2.685100 3.205875 -2.509009
v -2.684572 3.196447 -2.503270
v -2.684801 3.185347 -2.498298
v -4.014617 3.185347 -2.498298
v -3.999412 3.189569 -2.486616
v -3.985709 3.196809 -2.475111
v -4.014846 3.196447 -2.503270
v -4.001688 3.200821 -2.494766
v -3.990416 3.207995 -2.487284
v -4.014318 3.205875 -2.509009
v -4.003414 3.210396 -2.503442
v -3.994289 3.217108 -2.498962
v -2.683796 3.278790 -2.495115
v -2.689494 3.280479 -2.480620
v -2.694031 3.283727 -2.463762
v -2.696519 3.259508 -2.494593
v -2.702293 3.258083 -2.479608
v -2.707317 3.257353 -2.462197
v -2.705810 3.241777 -2.494662
v -2.711673 3.236988 -2.479671
v -2.717699 3.231526 -2.462240
v -3.981720 3.231526 -2.462240
v -3.992101 3.257353 -2.462197
v -4.005387 3.283727 -2.463762
v -3.987746 3.236988 -2.479671
v -3.997125 3.258083 -2.479608
v -4.009924 3.280479 -2.480620
v -3.993608 3.241777 -2.494662
v -4.002900 3.259507 -2.494593
v -4.015623 3.278790 -2.495115
v -2.646687 3.364732 -2.472144
v -2.657346 3.348290 -2.470073
v -2.668312 3.329792 -2.468045
v -2.640311 3.355633 -2.484033
v -2.651612 3.339493 -2.483284
v -2.663247 3.321852 -2.482673
v -2.633774 3.348041 -2.495832
v -2.645301 3.332535 -2.495622
v -2.657232 3.315956 -2.495703
v -4.042187 3.315956 -2.495703
v -4.036171 3.321852 -2.482673
v -4.031106 3.329792 -2.468045
v -4.054118 3.332535 -2.495622
v -4.047806 3.339493 -2.483284
v -4.042072 3.348290 -2.470072
v -4.065645 3.348041 -2.495832
v -4.059108 3.355633 -2.484033
v -4.052732 3.364732 -2.472144
v -2.594270 3.422411 -2.485848
v -2.609282 3.408854 -2.480633
v -2.623043 3.394660 -2.477032
v -2.588624 3.412289 -2.496212
v -2.602963 3.399162 -2.490894
v -2.616316 3.385281 -2.487413
v -2.583493 3.403010 -2.508209
v -2.597176 3.390335 -2.502589
v -2.610022 3.376870 -2.498904
v -4.089396 3.376870 -2.498904
v -4.083102 3.385281 -2.487413
v -4.076375 3.394660 -2.477032
v -4.102242 3.390335 -2.502589
v -4.096455 3.399162 -2.490894
v -4.090137 3.408854 -2.480633
v -4.115925 3.403010 -2.508209
v -4.110795 3.412289 -2.496213
v -4.105149 3.422411 -2.485848
v -2.663867 3.393608 -2.383732
v -2.667491 3.370481 -2.409679
v -2.670421 3.353218 -2.432064
v -2.661453 3.410409 -2.404751
v -2.661970 3.388399 -2.423255
v -2.662411 3.371887 -2.440202
v -2.659831 3.420131 -2.427696
v -2.657165 3.401344 -2.437711
v -2.654945 3.386965 -2.448630
v -4.044474 3.386965 -2.448630
v -4.037008 3.371887 -2.440202
v -4.028997 3.353218 -2.432064
v -4.042253 3.401344 -2.437711
v -4.037449 3.388399 -2.423255
v -4.031927 3.370481 -2.409679
v -4.039588 3.420131 -2.427696
v -4.037966 3.410409 -2.404751
v -4.035552 3.393608 -2.383732
v -2.684022 3.321093 -2.363668
v -2.701590 3.272800 -2.364636
v -2.719502 3.228106 -2.368100
v -2.689747 3.308676 -2.393812
v -2.706021 3.268014 -2.392262
v -2.722142 3.228566 -2.393255
v -2.694223 3.297672 -2.420631
v -2.709318 3.262558 -2.418319
v -2.723580 3.227418 -2.418155
v -3.975838 3.227418 -2.418155
v -3.977277 3.228566 -2.393255
v -3.979917 3.228106 -2.368100
v -3.990100 3.262558 -2.418319
v -3.993397 3.268014 -2.392262
v -3.997829 3.272800 -2.364636
v -4.005196 3.297672 -2.420631
v -4.009671 3.308676 -2.393812
v -4.015396 3.321093 -2.363668
v -2.747538 3.159751 -2.404015
v -2.745439 3.166503 -2.382879
v -2.750129 3.151856 -2.394989
v -2.748448 3.145346 -2.411172
v -2.745299 3.158220 -2.417307
v -2.741558 3.174020 -2.419204
v -2.744084 3.172128 -2.400218
v -3.951880 3.159751 -2.404015
v -3.957861 3.174020 -2.419204
v -3.954119 3.158220 -2.417307
v -3.950971 3.145346 -2.411172
v -3.949289 3.151856 -2.394989
v -3.953980 3.166503 -2.382879
v -3.955335 3.172128 -2.400218
v -2.575984 3.389171 -2.532871
v -2.589003 3.377325 -2.526687
v -2.601244 3.364734 -2.522444
v -2.572907 3.384139 -2.544227
v -2.585949 3.372610 -2.537946
v -2.598190 3.360373 -2.533541
v -2.568948 3.379005 -2.554599
v -2.582095 3.367692 -2.548349
v -2.594429 3.355708 -2.543841
v -4.104990 3.355708 -2.543841
v -4.101228 3.360373 -2.533541
v -4.098174 3.364734 -2.522444
v -4.117323 3.367692 -2.548349
v -4.113469 3.372610 -2.537946
v -4.110416 3.377325 -2.526687
v -4.130471 3.379005 -2.554599
v -4.126511 3.384139 -2.544227
v -4.123434 3.389171 -2.532871
v -2.624257 3.337900 -2.518675
v -2.635665 3.323727 -2.518447
v -2.647573 3.308946 -2.518754
v -2.621103 3.334345 -2.529317
v -2.632420 3.320649 -2.528852
v -2.644226 3.306435 -2.528967
v -2.617441 3.330281 -2.539065
v -2.628752 3.316951 -2.538218
v -2.640517 3.303173 -2.537963
v -4.058901 3.303173 -2.537963
v -4.055193 3.306435 -2.528967
v -4.051845 3.308946 -2.518754
v -4.070666 3.316951 -2.538218
v -4.066999 3.320649 -2.528852
v -4.063753 3.323727 -2.518447
v -4.081978 3.330281 -2.539065
v -4.078316 3.334345 -2.529317
v -4.075161 3.337900 -2.518675
v -2.674178 3.277417 -2.519343
v -2.687077 3.261734 -2.519365
v -2.696889 3.247567 -2.519408
v -2.670641 3.276425 -2.529443
v -2.683433 3.261728 -2.529415
v -2.693131 3.248646 -2.529248
v -2.666729 3.274352 -2.537916
v -2.679253 3.260586 -2.537587
v -2.688529 3.248792 -2.536910
v -4.010890 3.248792 -2.536910
v -4.006288 3.248646 -2.529248
v -4.002530 3.247567 -2.519408
v -4.020165 3.260586 -2.537587
v -4.015986 3.261728 -2.529415
v -4.012341 3.261734 -2.519365
v -4.032689 3.274352 -2.537916
v -4.028778 3.276425 -2.529443
v -4.025241 3.277417 -2.519343
v -2.699293 3.227791 -2.520351
v -2.692449 3.221757 -2.521442
v -2.683583 3.216445 -2.522789
v -2.696017 3.230280 -2.529532
v -2.689522 3.224304 -2.530072
v -2.680520 3.218633 -2.530593
v -2.691286 3.232572 -2.536948
v -2.685086 3.226658 -2.537685
v -2.676119 3.220645 -2.538114
v -4.023299 3.220645 -2.538114
v -4.018898 3.218633 -2.530593
v -4.015835 3.216445 -2.522789
v -4.014332 3.226658 -2.537685
v -4.009897 3.224304 -2.530072
v -4.006970 3.221757 -2.521442
v -4.008132 3.232572 -2.536948
v -4.003401 3.230280 -2.529532
v -4.000125 3.227791 -2.520351
v -2.668788 3.202513 -2.522793
v -2.664472 3.192546 -2.521420
v -2.662190 3.181366 -2.520240
v -2.663824 3.202891 -2.530668
v -2.658573 3.192281 -2.530265
v -2.655724 3.180953 -2.529877
v -2.658740 3.204045 -2.538367
v -2.653046 3.193242 -2.538347
v -2.649904 3.181942 -2.538191
v -4.049514 3.181942 -2.538191
v -4.043694 3.180953 -2.529877
v -4.037228 3.181366 -2.520240
v -4.046372 3.193242 -2.538347
v -4.040845 3.192281 -2.530265
v -4.034947 3.192546 -2.521420
v -4.040679 3.204045 -2.538367
v -4.035595 3.202891 -2.530668
v -4.030631 3.202513 -2.522793
v -2.664492 3.160825 -2.518584
v -2.667371 3.152903 -2.517255
v -2.668848 3.146512 -2.514568
v -2.657946 3.160716 -2.529034
v -2.661168 3.153049 -2.527773
v -2.663097 3.147064 -2.525028
v -2.652208 3.161736 -2.537093
v -2.655713 3.154047 -2.535359
v -2.657987 3.148251 -2.532095
v -4.041431 3.148251 -2.532095
v -4.036322 3.147064 -2.525028
v -4.030571 3.146512 -2.514568
v -4.043705 3.154047 -2.535359
v -4.038250 3.153049 -2.527773
v -4.032048 3.152903 -2.517255
v -4.047211 3.161736 -2.537093
v -4.041472 3.160716 -2.529034
v -4.034927 3.160825 -2.518584
v -2.659973 3.137930 -2.502753
v -2.647807 3.135684 -2.496337
v -2.630615 3.134865 -2.493990
v -2.655452 3.139714 -2.513825
v -2.643932 3.138172 -2.507979
v -2.627249 3.137980 -2.505913
v -2.651591 3.142151 -2.522348
v -2.640693 3.141394 -2.517926
v -2.624421 3.141939 -2.516635
v -4.074997 3.141939 -2.516635
v -4.072169 3.137980 -2.505913
v -4.068804 3.134865 -2.493990
v -4.058725 3.141394 -2.517926
v -4.055486 3.138172 -2.507979
v -4.051612 3.135684 -2.496337
v -4.047828 3.142151 -2.522348
v -4.043966 3.139714 -2.513825
v -4.039446 3.137930 -2.502753
v -2.510348 3.426472 -2.578800
v -2.529722 3.418820 -2.564690
v -2.546739 3.410020 -2.552001
v -2.507260 3.420612 -2.589672
v -2.526546 3.413099 -2.575830
v -2.543571 3.404482 -2.563309
v -2.503356 3.415089 -2.598552
v -2.522425 3.407589 -2.585255
v -2.539426 3.399047 -2.573182
v -4.159993 3.399047 -2.573182
v -4.155848 3.404482 -2.563309
v -4.152679 3.410020 -2.552001
v -4.176993 3.407589 -2.585255
v -4.172872 3.413099 -2.575830
v -4.169697 3.418820 -2.564690
v -4.196063 3.415089 -2.598553
v -4.192158 3.420612 -2.589672
v -4.189071 3.426472 -2.578800
v -2.409078 3.438916 -2.636808
v -2.435640 3.440371 -2.623758
v -2.462615 3.437934 -2.609094
v -2.407804 3.432893 -2.645566
v -2.433759 3.434340 -2.633180
v -2.460181 3.431929 -2.619106
v -2.407641 3.427462 -2.651377
v -2.432324 3.429009 -2.639976
v -2.457623 3.426562 -2.626709
v -4.241795 3.426562 -2.626709
v -4.239238 3.431929 -2.619106
v -4.236804 3.437934 -2.609094
v -4.267094 3.429009 -2.639976
v -4.265660 3.434340 -2.633180
v -4.263779 3.440371 -2.623758
v -4.291777 3.427462 -2.651377
v -4.291615 3.432893 -2.645566
v -4.290340 3.438916 -2.636808
v -2.339106 3.378301 -2.661166
v -2.349390 3.401167 -2.658844
v -2.364780 3.419479 -2.654461
v -2.339012 3.374276 -2.668384
v -2.349212 3.396338 -2.666269
v -2.364403 3.414016 -2.662176
v -2.341716 3.370599 -2.671965
v -2.351596 3.391780 -2.670098
v -2.366250 3.408851 -2.666404
v -4.333169 3.408851 -2.666404
v -4.335015 3.414016 -2.662176
v -4.334639 3.419479 -2.654461
v -4.347822 3.391780 -2.670098
v -4.350207 3.396338 -2.666269
v -4.350029 3.401167 -2.658844
v -4.357703 3.370599 -2.671965
v -4.360407 3.374276 -2.668384
v -4.360313 3.378301 -2.661166
v -2.354677 3.263253 -2.657898
v -2.342132 3.292861 -2.661211
v -2.335320 3.322902 -2.662373
v -2.354482 3.263065 -2.664529
v -2.341999 3.291713 -2.667866
v -2.335226 3.320766 -2.669191
v -2.357454 3.264460 -2.667559
v -2.345045 3.291779 -2.670890
v -2.338234 3.319476 -2.672367
v -4.361185 3.319476 -2.672367
v -4.364192 3.320766 -2.669191
v -4.364098 3.322902 -2.662373
v -4.354374 3.291779 -2.670890
v -4.357420 3.291713 -2.667866
v -4.357286 3.292861 -2.661211
v -4.341965 3.264460 -2.667559
v -4.344937 3.263065 -2.664529
v -4.344741 3.263253 -2.657898
v -2.455163 3.172910 -2.610220
v -2.424336 3.190245 -2.627987
v -2.396472 3.211158 -2.641749
v -2.454392 3.175653 -2.619123
v -2.423787 3.192416 -2.636051
v -2.396079 3.212650 -2.649091
v -2.455581 3.180518 -2.624995
v -2.425629 3.196742 -2.640834
v -2.398451 3.216222 -2.652989
v -4.300967 3.216222 -2.652989
v -4.303339 3.212650 -2.649091
v -4.302947 3.211158 -2.641749
v -4.273790 3.196742 -2.640834
v -4.275631 3.192416 -2.636051
v -4.275083 3.190245 -2.627987
v -4.243837 3.180518 -2.624995
v -4.245026 3.175653 -2.619123
v -4.244256 3.172910 -2.610220
v -2.582176 3.137798 -2.514425
v -2.552382 3.142143 -2.536898
v -2.520459 3.149101 -2.562814
v -2.579736 3.141578 -2.526053
v -2.550435 3.145906 -2.548055
v -2.518979 3.152659 -2.573334
v -2.577849 3.146604 -2.536406
v -2.549267 3.151184 -2.557529
v -2.518612 3.157994 -2.581668
v -4.180806 3.157994 -2.581668
v -4.180439 3.152659 -2.573334
v -4.178960 3.149101 -2.562814
v -4.150152 3.151184 -2.557529
v -4.148984 3.145906 -2.548055
v -4.147036 3.142143 -2.536898
v -4.121569 3.146604 -2.536406
v -4.119683 3.141578 -2.526053
v -4.117242 3.137798 -2.514425
v -2.642292 3.211315 -2.550028
v -2.635918 3.200608 -2.550178
v -2.632156 3.189478 -2.549692
v -2.630237 3.218014 -2.553768
v -2.623359 3.207288 -2.554071
v -2.619066 3.196126 -2.553417
v -2.616663 3.226454 -2.556931
v -2.609236 3.215659 -2.557513
v -2.604297 3.204372 -2.556900
v -4.095121 3.204372 -2.556900
v -4.080353 3.196126 -2.553417
v -4.067263 3.189478 -2.549692
v -4.090183 3.215659 -2.557513
v -4.076059 3.207288 -2.554071
v -4.063500 3.200608 -2.550178
v -4.082756 3.226454 -2.556931
v -4.069181 3.218014 -2.553768
v -4.057127 3.211315 -2.550028
v -2.588333 3.247451 -2.564084
v -2.579918 3.236417 -2.565771
v -2.573484 3.224594 -2.566416
v -2.574539 3.259431 -2.568512
v -2.565728 3.248267 -2.570947
v -2.558473 3.236100 -2.572742
v -2.561146 3.271998 -2.573239
v -2.551980 3.260733 -2.576394
v -2.543852 3.248264 -2.579410
v -4.155566 3.248264 -2.579410
v -4.140945 3.236100 -2.572742
v -4.125935 3.224594 -2.566416
v -4.147438 3.260733 -2.576394
v -4.133691 3.248267 -2.570947
v -4.119500 3.236417 -2.565771
v -4.138273 3.271998 -2.573239
v -4.124880 3.259431 -2.568512
v -4.111085 3.247451 -2.564084
v -2.535832 3.297671 -2.582664
v -2.526013 3.286397 -2.586692
v -2.515978 3.273726 -2.591531
v -2.523711 3.310122 -2.587116
v -2.513641 3.298929 -2.591194
v -2.502697 3.286417 -2.596462
v -2.511591 3.321850 -2.591370
v -2.501408 3.310750 -2.595266
v -2.489752 3.298552 -2.600691
v -4.209667 3.298552 -2.600691
v -4.196721 3.286417 -2.596462
v -4.183441 3.273726 -2.591531
v -4.198010 3.310750 -2.595266
v -4.185778 3.298929 -2.591194
v -4.173406 3.286397 -2.586692
v -4.187828 3.321850 -2.591370
v -4.175707 3.310122 -2.587116
v -4.163587 3.297671 -2.582664
v -2.486193 3.341882 -2.599425
v -2.476458 3.330856 -2.602370
v -2.464490 3.319683 -2.607481
v -2.472186 3.350422 -2.604219
v -2.463016 3.339348 -2.606530
v -2.451754 3.328783 -2.611179
v -2.456711 3.358703 -2.610802
v -2.448192 3.347476 -2.612520
v -2.438415 3.337338 -2.616411
v -4.261003 3.337338 -2.616411
v -4.247664 3.328783 -2.611179
v -4.234929 3.319683 -2.607481
v -4.251227 3.347476 -2.612520
v -4.236403 3.339348 -2.606530
v -4.222960 3.330856 -2.602370
v -4.242707 3.358703 -2.610802
v -4.227232 3.350422 -2.604219
v -4.213225 3.341882 -2.599425
v -2.491737 3.400796 -2.608167
v -2.509235 3.393032 -2.597280
v -2.525463 3.384400 -2.587388
v -2.483734 3.391436 -2.609535
v -2.500237 3.383405 -2.600176
v -2.515799 3.374666 -2.591817
v -2.474542 3.381162 -2.610043
v -2.490493 3.372813 -2.601907
v -2.505475 3.363985 -2.595000
v -4.193944 3.363985 -2.595000
v -4.183620 3.374666 -2.591817
v -4.173956 3.384400 -2.587388
v -4.208926 3.372813 -2.601907
v -4.199182 3.383405 -2.600176
v -4.190184 3.393032 -2.597280
v -4.224877 3.381162 -2.610043
v -4.215684 3.391436 -2.609535
v -4.207682 3.400796 -2.608167
v -2.580067 3.341193 -2.561145
v -2.569348 3.331013 -2.568008
v -2.557682 3.319871 -2.573795
v -2.567615 3.353092 -2.565768
v -2.556940 3.343050 -2.572654
v -2.545367 3.332083 -2.578422
v -2.554501 3.364369 -2.571582
v -2.544039 3.354466 -2.578104
v -2.532746 3.343659 -2.583462
v -4.166673 3.343659 -2.583462
v -4.154052 3.332083 -2.578422
v -4.141737 3.319871 -2.573795
v -4.155380 3.354466 -2.578104
v -4.142478 3.343050 -2.572654
v -4.130071 3.331013 -2.568008
v -4.144918 3.364369 -2.571582
v -4.131804 3.353092 -2.565768
v -4.119351 3.341193 -2.561145
v -2.603847 3.316201 -2.554804
v -2.615683 3.303348 -2.552760
v -2.627875 3.290352 -2.551258
v -2.593671 3.305907 -2.560730
v -2.605994 3.293194 -2.557942
v -2.618637 3.280579 -2.555653
v -2.582500 3.294549 -2.565629
v -2.595309 3.281923 -2.562104
v -2.608430 3.269629 -2.559021
v -4.090989 3.269629 -2.559021
v -4.080782 3.280579 -2.555653
v -4.071543 3.290352 -2.551258
v -4.104109 3.281923 -2.562104
v -4.093425 3.293194 -2.557942
v -4.083736 3.303348 -2.552760
v -4.116919 3.294549 -2.565629
v -4.105747 3.305907 -2.560730
v -4.095572 3.316201 -2.554804
v -2.660243 3.229525 -2.548953
v -2.648612 3.237380 -2.552005
v -2.635527 3.246998 -2.554276
v -2.669511 3.236787 -2.547853
v -2.658226 3.245625 -2.550491
v -2.645280 3.256340 -2.552267
v -2.677094 3.242955 -2.545793
v -2.666791 3.252577 -2.547913
v -2.654173 3.264368 -2.549188
v -4.045246 3.264368 -2.549188
v -4.054138 3.256340 -2.552267
v -4.063892 3.246998 -2.554276
v -4.032627 3.252577 -2.547913
v -4.041192 3.245625 -2.550491
v -4.050806 3.237380 -2.552005
v -4.022324 3.242955 -2.545793
v -4.029908 3.236787 -2.547853
v -4.039176 3.229525 -2.548953
v -2.643684 3.151344 -2.535736
v -2.631718 3.153496 -2.534815
v -2.615561 3.156718 -2.535502
v -2.639094 3.158824 -2.541399
v -2.625977 3.162729 -2.541880
v -2.609753 3.167733 -2.543492
v -2.634472 3.168034 -2.545561
v -2.620886 3.173377 -2.547466
v -2.604934 3.179978 -2.549970
v -4.094484 3.179978 -2.549970
v -4.089665 3.167733 -2.543492
v -4.083858 3.156718 -2.535502
v -4.078533 3.173377 -2.547466
v -4.073442 3.162729 -2.541880
v -4.067700 3.153496 -2.534815
v -4.064946 3.168034 -2.545561
v -4.060325 3.158824 -2.541399
v -4.055735 3.151344 -2.535736
v -2.521921 3.180795 -2.588986
v -2.525660 3.197956 -2.588205
v -2.530641 3.216283 -2.585710
v -2.548156 3.172641 -2.569875
v -2.548428 3.188629 -2.572738
v -2.549909 3.205748 -2.573902
v -2.573018 3.166164 -2.552880
v -2.570381 3.180635 -2.558811
v -2.568917 3.196226 -2.563088
v -4.130502 3.196226 -2.563088
v -4.149509 3.205748 -2.573902
v -4.168778 3.216283 -2.585710
v -4.129037 3.180635 -2.558811
v -4.150991 3.188629 -2.572738
v -4.173759 3.197956 -2.588205
v -4.126401 3.166164 -2.552880
v -4.151263 3.172641 -2.569875
v -4.177498 3.180795 -2.588986
v -2.419533 3.235696 -2.644502
v -2.437590 3.251249 -2.633134
v -2.457109 3.268181 -2.620359
v -2.442920 3.218601 -2.635078
v -2.457879 3.235715 -2.625421
v -2.474247 3.254150 -2.614251
v -2.468430 3.203656 -2.622824
v -2.479780 3.221502 -2.615487
v -2.492472 3.240613 -2.606535
v -4.206946 3.240613 -2.606535
v -4.225172 3.254150 -2.614251
v -4.242310 3.268181 -2.620359
v -4.219639 3.221502 -2.615487
v -4.241539 3.235715 -2.625421
v -4.261829 3.251249 -2.633134
v -4.230989 3.203656 -2.622824
v -4.256498 3.218601 -2.635078
v -4.279886 3.235696 -2.644502
v -2.363815 3.319507 -2.660941
v -2.385060 3.321120 -2.647991
v -2.406829 3.324181 -2.634561
v -2.371016 3.297406 -2.659275
v -2.392895 3.303130 -2.645992
v -2.415916 3.310416 -2.631722
v -2.382934 3.275570 -2.656233
v -2.404570 3.285255 -2.643068
v -2.427635 3.296465 -2.628675
v -4.271784 3.296465 -2.628675
v -4.283502 3.310415 -2.631722
v -4.292590 3.324181 -2.634561
v -4.294848 3.285255 -2.643068
v -4.306523 3.303130 -2.645992
v -4.314358 3.321120 -2.647991
v -4.316484 3.275570 -2.656233
v -4.328403 3.297406 -2.659275
v -4.335603 3.319507 -2.660941
v -2.384261 3.394977 -2.658019
v -2.400737 3.385937 -2.646250
v -2.419911 3.376489 -2.632714
v -2.372715 3.379610 -2.660240
v -2.391116 3.371775 -2.647723
v -2.411440 3.363657 -2.633888
v -2.364910 3.361387 -2.661355
v -2.384408 3.355888 -2.648739
v -2.404840 3.350561 -2.635473
v -4.294579 3.350561 -2.635473
v -4.287978 3.363657 -2.633888
v -4.279508 3.376489 -2.632714
v -4.315011 3.355888 -2.648739
v -4.308303 3.371775 -2.647723
v -4.298681 3.385937 -2.646250
v -4.334508 3.361387 -2.661355
v -4.326704 3.379610 -2.660240
v -4.315157 3.394977 -2.658019
v -2.435476 3.409892 -2.638546
v -2.452925 3.413546 -2.631557
v -2.448709 3.405663 -2.630661
v -2.440139 3.397604 -2.630959
v -2.425164 3.405712 -2.641471
v -2.415368 3.413941 -2.649221
v -2.433441 3.416282 -2.641788
v -4.263942 3.409892 -2.638546
v -4.284050 3.413941 -2.649221
v -4.274255 3.405712 -2.641471
v -4.259280 3.397604 -2.630959
v -4.250710 3.405663 -2.630661
v -4.246494 3.413547 -2.631557
v -4.265977 3.416282 -2.641788
v -2.542100 3.074654 -2.553778
v -2.593442 3.063494 -2.522846
v -2.642636 3.057456 -2.495555
v -2.541198 3.082044 -2.580569
v -2.592615 3.071093 -2.551260
v -2.641591 3.065519 -2.525582
v -2.539871 3.104266 -2.607361
v -2.590459 3.093582 -2.580067
v -2.638294 3.088244 -2.556373
v -4.061125 3.088244 -2.556373
v -4.057828 3.065519 -2.525582
v -4.056783 3.057456 -2.495555
v -4.108960 3.093582 -2.580067
v -4.106803 3.071093 -2.551260
v -4.105976 3.063494 -2.522846
v -4.159547 3.104266 -2.607361
v -4.158221 3.082044 -2.580569
v -4.157318 3.074654 -2.553778
v -2.345482 3.174600 -2.643488
v -2.389409 3.141225 -2.628886
v -2.438304 3.113410 -2.609024
v -2.341022 3.180105 -2.662678
v -2.386047 3.147551 -2.650018
v -2.436057 3.120293 -2.632156
v -2.339112 3.197270 -2.681512
v -2.384634 3.166865 -2.670704
v -2.435048 3.141087 -2.654843
v -4.264371 3.141087 -2.654843
v -4.263361 3.120293 -2.632156
v -4.261114 3.113410 -2.609024
v -4.314785 3.166865 -2.670704
v -4.313372 3.147551 -2.650018
v -4.310010 3.141225 -2.628886
v -4.360307 3.197270 -2.681512
v -4.358397 3.180105 -2.662678
v -4.353936 3.174600 -2.643488
v -2.254375 3.352291 -2.658565
v -2.263094 3.304457 -2.659013
v -2.281213 3.257410 -2.657683
v -2.249406 3.351661 -2.672832
v -2.257583 3.305686 -2.673949
v -2.275559 3.260343 -2.673698
v -2.248541 3.353323 -2.686675
v -2.255781 3.311927 -2.688743
v -2.273256 3.270826 -2.689599
v -4.426162 3.270826 -2.689599
v -4.423860 3.260343 -2.673698
v -4.418205 3.257411 -2.657683
v -4.443637 3.311927 -2.688743
v -4.441835 3.305686 -2.673949
v -4.436325 3.304457 -2.659013
v -4.450877 3.353323 -2.686675
v -4.450013 3.351661 -2.672832
v -4.445045 3.352291 -2.658565
v -2.307312 3.507665 -2.656415
v -2.282311 3.478088 -2.658408
v -2.264528 3.441145 -2.658335
v -2.302499 3.500384 -2.674597
v -2.277448 3.472243 -2.674927
v -2.259909 3.436898 -2.673435
v -2.298628 3.483907 -2.692073
v -2.274448 3.459375 -2.690836
v -2.258313 3.428052 -2.687838
v -4.441105 3.428052 -2.687838
v -4.439509 3.436898 -2.673435
v -4.434890 3.441145 -2.658335
v -4.424970 3.459375 -2.690836
v -4.421971 3.472243 -2.674927
v -4.417108 3.478088 -2.658408
v -4.400791 3.483907 -2.692073
v -4.396920 3.500384 -2.674597
v -4.392106 3.507665 -2.656415
v -2.453372 3.535451 -2.607366
v -2.413662 3.540066 -2.624841
v -2.374627 3.538386 -2.639754
v -2.451867 3.524982 -2.631804
v -2.410932 3.529982 -2.648089
v -2.370917 3.528955 -2.661442
v -2.450192 3.500255 -2.655483
v -2.408010 3.506281 -2.670530
v -2.367159 3.506924 -2.682273
v -4.332259 3.506924 -2.682273
v -4.328501 3.528955 -2.661442
v -4.324791 3.538386 -2.639754
v -4.291409 3.506281 -2.670530
v -4.288486 3.529982 -2.648089
v -4.285757 3.540066 -2.624841
v -4.249226 3.500255 -2.655483
v -4.247551 3.524982 -2.631804
v -4.246047 3.535451 -2.607366
v -2.584909 3.489954 -2.539524
v -2.557377 3.503793 -2.553906
v -2.526288 3.516119 -2.570664
v -2.589752 3.479855 -2.564177
v -2.560597 3.493506 -2.578676
v -2.527833 3.505622 -2.595726
v -2.595349 3.455575 -2.587584
v -2.564256 3.468628 -2.602352
v -2.529552 3.480402 -2.619879
v -4.169867 3.480402 -2.619879
v -4.171586 3.505622 -2.595726
v -4.173131 3.516119 -2.570664
v -4.135162 3.468628 -2.602352
v -4.138821 3.493506 -2.578676
v -4.142041 3.503793 -2.553906
v -4.104069 3.455575 -2.587584
v -4.109666 3.479855 -2.564177
v -4.114509 3.489954 -2.539524
v -2.533143 3.368839 -2.649866
v -2.534908 3.290108 -2.651831
v -2.536631 3.211880 -2.645154
v -2.573179 3.357841 -2.630307
v -2.578140 3.279416 -2.630667
v -2.582932 3.201371 -2.622100
v -2.609705 3.347511 -2.613905
v -2.617964 3.270926 -2.612822
v -2.625979 3.194558 -2.602495
v -4.073440 3.194558 -2.602495
v -4.116487 3.201371 -2.622100
v -4.162788 3.211880 -2.645154
v -4.081454 3.270926 -2.612822
v -4.121279 3.279416 -2.630667
v -4.164511 3.290108 -2.651831
v -4.089714 3.347511 -2.613905
v -4.126239 3.357841 -2.630307
v -4.166275 3.368839 -2.649866
v -2.444653 3.392791 -2.686252
v -2.399367 3.404125 -2.699549
v -2.356910 3.412886 -2.708945
v -2.441040 3.317543 -2.689801
v -2.393945 3.332918 -2.702861
v -2.350528 3.347757 -2.711750
v -2.437765 3.243011 -2.685514
v -2.388970 3.262575 -2.698849
v -2.344459 3.283723 -2.707691
v -4.354959 3.283723 -2.707691
v -4.348890 3.347757 -2.711750
v -4.342509 3.412886 -2.708945
v -4.310449 3.262575 -2.698849
v -4.305473 3.332918 -2.702861
v -4.300051 3.404125 -2.699549
v -4.261653 3.243011 -2.685514
v -4.258379 3.317543 -2.689801
v -4.254766 3.392791 -2.686252
v -2.271690 3.376711 -2.714706
v -2.291098 3.415862 -2.714809
v -2.270899 3.405326 -2.711971
v -2.258324 3.383565 -2.706628
v -2.263855 3.352863 -2.710722
v -2.279925 3.327882 -2.712957
v -2.286422 3.370806 -2.717050
v -4.427729 3.376711 -2.714706
v -4.419493 3.327882 -2.712957
v -4.435563 3.352863 -2.710722
v -4.441094 3.383565 -2.706628
v -4.428520 3.405326 -2.711971
v -4.408320 3.415862 -2.714809
v -4.412997 3.370806 -2.717050
v -2.683448 3.411451 -2.578326
v -2.670520 3.432171 -2.542629
v -2.661071 3.441244 -2.507139
v -2.666466 3.414251 -2.574587
v -2.655656 3.436078 -2.545062
v -2.647104 3.446105 -2.514918
v -2.646283 3.425960 -2.573581
v -2.637234 3.448665 -2.547881
v -2.629735 3.458868 -2.521070
v -4.069684 3.458868 -2.521070
v -4.052315 3.446105 -2.514918
v -4.038348 3.441244 -2.507139
v -4.062185 3.448665 -2.547881
v -4.043762 3.436078 -2.545062
v -4.028898 3.432171 -2.542629
v -4.053135 3.425960 -2.573581
v -4.032952 3.414251 -2.574587
v -4.015971 3.411451 -2.578326
v -2.720164 3.322482 -2.622492
v -2.696222 3.323223 -2.609137
v -2.670786 3.329028 -2.602477
v -2.740712 3.262164 -2.623676
v -2.713756 3.260028 -2.608929
v -2.685317 3.260962 -2.601072
v -2.760384 3.203131 -2.612766
v -2.730855 3.196856 -2.597569
v -2.699570 3.192691 -2.589349
v -3.999849 3.192691 -2.589349
v -4.014102 3.260962 -2.601072
v -4.028633 3.329028 -2.602477
v -3.968564 3.196856 -2.597569
v -3.985663 3.260028 -2.608929
v -4.003197 3.323223 -2.609137
v -3.939034 3.203131 -2.612766
v -3.958707 3.262164 -2.623676
v -3.979254 3.322482 -2.622492
v -2.802785 3.069901 -2.473186
v -2.799860 3.085342 -2.515789
v -2.791124 3.112288 -2.556476
v -2.767528 3.064618 -2.469007
v -2.765055 3.077358 -2.506128
v -2.757610 3.102495 -2.543427
v -2.729794 3.059295 -2.468685
v -2.727816 3.069869 -2.502483
v -2.721765 3.093770 -2.537245
v -3.977654 3.093770 -2.537245
v -3.941809 3.102495 -2.543427
v -3.908294 3.112288 -2.556476
v -3.971603 3.069869 -2.502483
v -3.934363 3.077358 -2.506128
v -3.899559 3.085342 -2.515789
v -3.969625 3.059295 -2.468685
v -3.931891 3.064618 -2.469007
v -3.896633 3.069901 -2.473186
v -1.663495 2.110552 0.183498
v -1.560450 1.815035 0.424669
v -2.004251 1.910603 0.179360
v -1.620579 2.032829 0.215995
v -1.585480 1.960709 0.255387
v -1.560663 1.899258 0.298907
v -1.735404 2.057555 0.152527
v -1.693329 1.975079 0.185888
v -1.658688 1.906514 0.225077
v -1.635607 1.853783 0.264138
v -1.807417 2.008501 0.132713
v -1.764655 1.928859 0.166636
v -1.726650 1.870581 0.204393
v -1.702113 1.829449 0.238350
v -1.747775 1.820374 0.222926
v -1.635867 1.772100 0.385485
v -1.718182 1.752589 0.341561
v -1.801615 1.757873 0.295981
v -1.547703 1.823833 0.386556
v -1.626446 1.780681 0.344168
v -1.706912 1.763348 0.301909
v -1.780657 1.768444 0.262530
v -1.547776 1.852580 0.343630
v -1.625935 1.811039 0.302586
v -1.699696 1.793008 0.267661
v -1.761438 1.794614 0.237645
v -1.976394 1.916146 0.149600
v -1.932099 1.935340 0.131198
v -1.874479 1.966835 0.125448
v -1.949733 1.839687 0.211998
v -1.917956 1.844055 0.182633
v -1.874757 1.864844 0.165088
v -1.824823 1.894354 0.159668
v -1.880568 1.787557 0.251803
v -1.849790 1.794230 0.222669
v -1.816147 1.818148 0.203250
v -1.779410 1.846075 0.195637
v -2.729743 3.822674 -0.295916
v -2.482001 3.515899 -0.320911
v -2.822757 3.315950 -0.325049
v -2.705052 3.810963 -0.326668
v -2.670057 3.779499 -0.347982
v -2.627213 3.730490 -0.358362
v -2.793216 3.759231 -0.327739
v -2.768824 3.743833 -0.360283
v -2.733096 3.712971 -0.379704
v -2.693862 3.670697 -0.387905
v -2.840462 3.679508 -0.350052
v -2.814421 3.664905 -0.380861
v -2.777323 3.643440 -0.396482
v -2.741457 3.613960 -0.402141
v -2.768808 3.573454 -0.406293
v -2.553909 3.462902 -0.351883
v -2.625923 3.413847 -0.371697
v -2.692984 3.372182 -0.378962
v -2.529844 3.594006 -0.344345
v -2.606426 3.541371 -0.376752
v -2.675394 3.492822 -0.394735
v -2.733316 3.454706 -0.400328
v -2.579408 3.667251 -0.357128
v -2.653652 3.613754 -0.387919
v -2.712352 3.562843 -0.403046
v -2.757635 3.525709 -0.407215
v -2.858997 3.400865 -0.348342
v -2.874496 3.494099 -0.360711
v -2.868165 3.589104 -0.361288
v -2.794899 3.321493 -0.354809
v -2.830622 3.410811 -0.379413
v -2.844585 3.501652 -0.390094
v -2.839037 3.585223 -0.389686
v -2.750605 3.340687 -0.373211
v -2.785422 3.428887 -0.396181
v -2.801803 3.510459 -0.404125
v -2.800795 3.579110 -0.402863
v -2.341877 1.936871 0.800413
v -1.898076 1.841303 1.045721
v -2.145818 2.148078 1.070716
v -2.287359 1.865956 0.833050
v -2.218194 1.813825 0.872856
v -2.139241 1.784141 0.917033
v -2.351457 1.945327 0.839517
v -2.293971 1.872678 0.875247
v -2.225730 1.823409 0.913677
v -2.155774 1.797668 0.951870
v -2.342085 1.967238 0.885355
v -2.284547 1.896440 0.919941
v -2.222673 1.849710 0.951143
v -2.164987 1.826015 0.979888
v -2.168941 1.853142 0.997649
v -1.922766 1.853014 1.076473
v -1.957762 1.884478 1.097787
v -2.000605 1.933487 1.108167
v -1.973493 1.798368 1.006538
v -2.002256 1.810418 1.036847
v -2.035645 1.843072 1.057464
v -2.071997 1.887552 1.067138
v -2.055808 1.778858 0.962614
v -2.082817 1.792719 0.992928
v -2.106201 1.824688 1.015560
v -2.130819 1.862784 1.026970
v -2.212799 2.094697 1.030682
v -2.270348 2.044518 0.984259
v -2.314421 2.001063 0.934707
v -2.097975 2.069971 1.094150
v -2.165834 2.011976 1.052713
v -2.221701 1.964913 1.006876
v -2.261154 1.928447 0.962686
v -2.048410 1.996726 1.106933
v -2.115898 1.941668 1.065265
v -2.171297 1.905190 1.022061
v -2.208109 1.879445 0.984259
v -3.160383 3.342218 0.296003
v -2.964324 3.553425 0.566307
v -3.067369 3.848942 0.325136
v -3.169962 3.350674 0.335108
v -3.160591 3.372585 0.380946
v -3.132926 3.406410 0.430298
v -3.196623 3.427133 0.272710
v -3.206637 3.439434 0.313202
v -3.195558 3.460217 0.358495
v -3.169988 3.488536 0.402516
v -3.212122 3.520367 0.260341
v -3.220179 3.531097 0.301091
v -3.208330 3.542022 0.343767
v -3.186371 3.559050 0.381388
v -3.189975 3.606222 0.368430
v -3.007240 3.631148 0.533810
v -3.042339 3.703268 0.494418
v -3.067155 3.764719 0.450898
v -3.031305 3.500044 0.526272
v -3.077751 3.579172 0.490676
v -3.110053 3.649528 0.452683
v -3.130252 3.704466 0.415095
v -3.088853 3.449865 0.479849
v -3.132583 3.528765 0.445431
v -3.156873 3.597548 0.414686
v -3.170162 3.647294 0.386479
v -3.130842 3.785499 0.293314
v -3.178088 3.705776 0.271001
v -3.205791 3.615372 0.259765
v -3.080116 3.840144 0.363249
v -3.145815 3.772666 0.331793
v -3.190182 3.694386 0.310231
v -3.213812 3.614709 0.299829
v -3.080043 3.811397 0.406174
v -3.143615 3.744383 0.374760
v -3.183952 3.675025 0.351354
v -3.204307 3.610540 0.339398
v -0.410925 3.069917 0.823862
v -0.214865 3.281124 1.094165
v -0.307879 2.774400 1.065032
v -0.343943 3.123298 0.863896
v -0.286395 3.173477 0.910319
v -0.242322 3.216932 0.959870
v -0.368009 2.992194 0.856359
v -0.297293 3.045285 0.899556
v -0.242955 3.094972 0.944451
v -0.205385 3.134671 0.987480
v -0.332910 2.920074 0.895750
v -0.264790 2.974047 0.937807
v -0.218353 3.025912 0.975490
v -0.188891 3.064277 1.008761
v -0.185274 3.017120 1.021738
v -0.178625 3.196209 1.117458
v -0.163126 3.102975 1.129827
v -0.169458 3.007970 1.130404
v -0.205286 3.272668 1.055061
v -0.168385 3.183258 1.077497
v -0.155052 3.092467 1.089338
v -0.161377 3.008956 1.090358
v -0.214658 3.250757 1.009223
v -0.179579 3.162537 1.031713
v -0.166895 3.081252 1.046457
v -0.170935 3.012837 1.050772
v -0.295133 2.783198 1.026920
v -0.295206 2.811945 0.983994
v -0.308093 2.858624 0.939270
v -0.244406 2.837843 1.096855
v -0.229865 2.850212 1.057781
v -0.231944 2.878456 1.015307
v -0.244931 2.918688 0.975228
v -0.197160 2.917566 1.119168
v -0.184998 2.929196 1.079703
v -0.191342 2.948268 1.038752
v -0.205079 2.976027 1.003706
v -1.033371 4.686471 0.589756
v -1.229430 4.475264 0.319452
v -1.477173 4.782039 0.344447
v -1.023791 4.678015 0.550651
v -1.033163 4.656105 0.504813
v -1.060827 4.622279 0.455461
v -1.087889 4.757386 0.557118
v -1.080733 4.749990 0.514866
v -1.090283 4.726583 0.470515
v -1.113970 4.695030 0.427654
v -1.157054 4.809516 0.517313
v -1.149629 4.799872 0.476173
v -1.152517 4.773561 0.439020
v -1.167125 4.743912 0.405928
v -1.206307 4.770200 0.392520
v -1.277273 4.553371 0.296018
v -1.326838 4.626616 0.283236
v -1.374643 4.689855 0.282002
v -1.162449 4.528645 0.359487
v -1.210390 4.611577 0.336916
v -1.259662 4.681280 0.324639
v -1.303093 4.735594 0.323014
v -1.104901 4.578824 0.405910
v -1.153787 4.658942 0.383252
v -1.204055 4.718174 0.368051
v -1.244412 4.760537 0.363197
v -1.401756 4.824974 0.383631
v -1.319440 4.844484 0.427555
v -1.236008 4.839201 0.473135
v -1.452482 4.770329 0.313695
v -1.372561 4.813389 0.353916
v -1.292726 4.830770 0.397335
v -1.219757 4.825735 0.438142
v -1.417486 4.738864 0.292381
v -1.339066 4.780385 0.332946
v -1.269002 4.798703 0.374671
v -1.210292 4.797333 0.410263
v -0.552491 3.307393 1.715218
v -0.893247 3.107443 1.711080
v -0.645505 2.800669 1.686085
v -0.580349 3.301849 1.744978
v -0.624644 3.282655 1.763379
v -0.682264 3.251160 1.769130
v -0.516251 3.222478 1.738511
v -0.545171 3.213205 1.769636
v -0.589899 3.195041 1.786239
v -0.641716 3.168763 1.790499
v -0.500752 3.129243 1.750880
v -0.530898 3.121486 1.780404
v -0.573502 3.112954 1.794300
v -0.617590 3.097647 1.797384
v -0.606440 3.049888 1.796461
v -0.845404 3.029336 1.734514
v -0.795840 2.956091 1.747296
v -0.748035 2.892852 1.748530
v -0.821339 3.160440 1.742051
v -0.769027 3.080857 1.766856
v -0.722095 3.009362 1.777938
v -0.681544 2.952841 1.778089
v -0.749326 3.209495 1.761865
v -0.699472 3.130117 1.785017
v -0.662918 3.060381 1.793207
v -0.633809 3.009404 1.792310
v -0.582032 2.864112 1.717907
v -0.534786 2.943835 1.740220
v -0.507084 3.034238 1.751456
v -0.670196 2.812379 1.716837
v -0.605675 2.879949 1.750460
v -0.560677 2.958179 1.770862
v -0.536270 3.037796 1.779836
v -0.705192 2.843843 1.738151
v -0.641880 2.910877 1.770045
v -0.597846 2.979948 1.786651
v -0.574460 3.044197 1.793030
v -1.814799 4.808307 0.965500
v -1.711753 4.512790 1.206670
v -1.370997 4.712739 1.210808
v -1.827545 4.799510 1.003613
v -1.827472 4.770762 1.046538
v -1.814585 4.724084 1.091261
v -1.739382 4.851242 1.004683
v -1.749552 4.842222 1.045991
v -1.749812 4.812186 1.087270
v -1.739707 4.769747 1.125876
v -1.657066 4.870753 1.048607
v -1.668261 4.859863 1.088567
v -1.675631 4.830287 1.122507
v -1.673142 4.793913 1.151802
v -1.627473 4.802969 1.167243
v -1.639845 4.565787 1.237642
v -1.567831 4.614841 1.257456
v -1.500769 4.656507 1.264721
v -1.754669 4.590513 1.174173
v -1.680943 4.648053 1.204820
v -1.610447 4.693977 1.223745
v -1.550642 4.728860 1.230498
v -1.789768 4.662633 1.134782
v -1.716156 4.717215 1.165184
v -1.648495 4.752739 1.185833
v -1.595861 4.777253 1.194532
v -1.425515 4.783655 1.178171
v -1.494680 4.835785 1.138365
v -1.573634 4.865469 1.094188
v -1.398854 4.707196 1.240568
v -1.457519 4.779937 1.207006
v -1.525129 4.829156 1.167416
v -1.594308 4.854837 1.127795
v -1.443149 4.688003 1.258970
v -1.500948 4.758821 1.224864
v -1.559125 4.805263 1.186862
v -1.613780 4.828722 1.152539
v 3.096119 3.735045 -0.057649
v 3.155915 3.353400 0.025313
v 3.340613 3.648362 -0.355677
v 3.125816 3.657049 -0.013226
v 3.149200 3.577993 0.021244
v 3.164628 3.503429 0.043340
v 3.173603 3.733364 -0.111799
v 3.206669 3.651823 -0.067719
v 3.227555 3.575185 -0.034143
v 3.239329 3.509688 -0.013880
v 3.241564 3.725498 -0.169282
v 3.271943 3.645216 -0.125077
v 3.284881 3.575756 -0.089381
v 3.290335 3.521297 -0.068136
v 3.318152 3.532252 -0.107013
v 3.231362 3.364714 -0.031661
v 3.293346 3.395001 -0.097438
v 3.337511 3.442134 -0.167397
v 3.168104 3.387141 0.045447
v 3.246452 3.401144 -0.013923
v 3.305308 3.431308 -0.078631
v 3.343488 3.472530 -0.140745
v 3.171078 3.438350 0.051600
v 3.247251 3.452254 -0.007760
v 3.300625 3.475614 -0.067686
v 3.332911 3.506177 -0.120022
v 3.346514 3.672060 -0.322571
v 3.331023 3.693781 -0.278329
v 3.295229 3.711999 -0.226061
v 3.361984 3.573317 -0.301106
v 3.367544 3.595577 -0.264163
v 3.350610 3.617739 -0.221406
v 3.318140 3.635246 -0.176319
v 3.360926 3.502927 -0.236842
v 3.364837 3.526546 -0.201240
v 3.349064 3.553083 -0.167655
v 3.322512 3.572649 -0.134493
v 2.335159 5.282117 -1.208993
v 2.521590 5.085148 -0.921664
v 2.766083 4.998464 -1.219692
v 2.355733 5.296157 -1.176251
v 2.383323 5.289520 -1.133080
v 2.415991 5.262674 -1.082510
v 2.418990 5.273729 -1.253359
v 2.443525 5.286892 -1.219954
v 2.469356 5.279088 -1.176618
v 2.496505 5.255116 -1.130990
v 2.505589 5.246171 -1.282118
v 2.528072 5.258316 -1.247656
v 2.544100 5.253281 -1.205243
v 2.560795 5.235650 -1.165269
v 2.601464 5.216417 -1.184816
v 2.599074 5.083467 -0.975814
v 2.667035 5.075600 -1.033297
v 2.720701 5.062101 -1.090075
v 2.487581 5.156856 -0.973045
v 2.566835 5.156989 -1.031392
v 2.632549 5.147707 -1.086460
v 2.680139 5.134193 -1.135363
v 2.451537 5.217449 -1.027946
v 2.529905 5.215556 -1.084312
v 2.593108 5.201541 -1.129868
v 2.635839 5.186248 -1.167112
v 2.723750 5.073123 -1.260926
v 2.663264 5.142384 -1.286032
v 2.588874 5.201379 -1.293248
v 2.771985 5.022162 -1.186585
v 2.726895 5.100529 -1.227630
v 2.666867 5.166832 -1.251329
v 2.600901 5.218019 -1.257916
v 2.756494 5.043882 -1.142344
v 2.711076 5.120193 -1.182754
v 2.657206 5.178846 -1.208119
v 2.603395 5.220538 -1.217162
v 3.045129 3.217450 -0.832534
v 2.860431 2.922488 -0.451543
v 2.674000 3.119457 -0.738873
v 3.066501 3.142406 -0.777963
v 3.065443 3.072015 -0.713698
v 3.042028 3.011223 -0.644254
v 3.018266 3.193367 -0.852303
v 3.038398 3.114542 -0.795378
v 3.036180 3.047095 -0.732076
v 3.015558 2.994317 -0.670398
v 2.972212 3.170516 -0.857386
v 2.991575 3.093726 -0.800399
v 2.993274 3.034115 -0.741840
v 2.979772 2.991187 -0.689970
v 2.949556 2.994717 -0.701862
v 2.839857 2.908448 -0.484285
v 2.812268 2.915085 -0.527457
v 2.779600 2.941931 -0.578026
v 2.935879 2.933802 -0.508518
v 2.916357 2.920732 -0.545114
v 2.887844 2.928486 -0.586743
v 2.857391 2.952398 -0.630268
v 2.997862 2.964089 -0.574295
v 2.976489 2.951965 -0.609463
v 2.944734 2.956712 -0.641868
v 2.915140 2.974105 -0.673636
v 2.755796 3.124065 -0.786064
v 2.836417 3.134660 -0.823116
v 2.910201 3.150501 -0.847427
v 2.708009 3.047750 -0.687491
v 2.794402 3.050659 -0.734537
v 2.871847 3.062571 -0.770554
v 2.935928 3.078136 -0.792701
v 2.744053 2.987155 -0.632590
v 2.828224 2.992035 -0.679639
v 2.895869 3.008453 -0.717335
v 2.947286 3.025476 -0.739993
v 2.470600 4.567552 -1.696548
v 2.099471 4.469560 -1.602888
v 2.039676 4.851205 -1.685850
v 2.443738 4.543469 -1.716318
v 2.397683 4.520618 -1.721401
v 2.335672 4.500603 -1.711442
v 2.428267 4.642212 -1.737782
v 2.397748 4.619493 -1.758845
v 2.352437 4.596188 -1.761998
v 2.298319 4.577090 -1.751994
v 2.367780 4.711472 -1.762889
v 2.337813 4.687374 -1.781912
v 2.301415 4.659878 -1.782304
v 2.260655 4.639076 -1.772638
v 2.232868 4.678883 -1.779665
v 2.069774 4.547556 -1.647311
v 2.046391 4.626612 -1.681781
v 2.030962 4.701176 -1.703877
v 2.181267 4.474167 -1.650079
v 2.153215 4.555800 -1.697348
v 2.129646 4.632389 -1.729218
v 2.114568 4.697825 -1.747379
v 2.261888 4.484763 -1.687131
v 2.232618 4.565065 -1.732041
v 2.203953 4.634236 -1.757731
v 2.185598 4.688458 -1.770769
v 2.123507 4.842817 -1.730216
v 2.210106 4.815259 -1.758974
v 2.293390 4.770467 -1.770105
v 2.027486 4.817464 -1.705984
v 2.114784 4.806504 -1.752005
v 2.199088 4.778970 -1.778383
v 2.272579 4.739799 -1.787318
v 2.024512 4.766255 -1.712137
v 2.110878 4.755337 -1.756192
v 2.188352 4.734381 -1.779517
v 2.250214 4.705547 -1.787083
v 1.659666 3.708658 0.856291
v 1.288537 3.610665 0.949952
v 1.719461 3.327012 0.939253
v 1.577870 3.704051 0.903482
v 1.497249 3.693455 0.940534
v 1.423465 3.677614 0.964845
v 1.689363 3.630661 0.900714
v 1.604975 3.623040 0.950775
v 1.526457 3.613650 0.985179
v 1.461055 3.601190 1.005338
v 1.712746 3.551605 0.935184
v 1.629019 3.545683 0.982900
v 1.555084 3.544047 1.011137
v 1.498508 3.539148 1.026035
v 1.526269 3.499335 1.033068
v 1.330871 3.536005 0.991186
v 1.391357 3.466745 1.016292
v 1.465747 3.407750 1.023508
v 1.315399 3.634748 0.969721
v 1.361521 3.557885 1.012431
v 1.420997 3.490777 1.035238
v 1.486284 3.438598 1.040729
v 1.361454 3.657599 0.974804
v 1.407101 3.581621 1.015582
v 1.457736 3.518250 1.035727
v 1.508893 3.472690 1.040487
v 1.731652 3.360754 0.959387
v 1.734626 3.411962 0.965540
v 1.728175 3.477041 0.957280
v 1.635630 3.335400 0.983619
v 1.645169 3.371928 1.005203
v 1.648786 3.422678 1.009392
v 1.644608 3.480149 1.000835
v 1.549031 3.362958 1.012378
v 1.559983 3.399572 1.031873
v 1.570871 3.443859 1.032899
v 1.573543 3.489732 1.024178
v 0.714008 4.960767 0.085937
v 1.085137 5.058760 -0.007724
v 0.898706 5.255729 -0.295053
v 0.740871 4.984850 0.105706
v 0.786925 5.007701 0.110790
v 0.848936 5.027716 0.100831
v 0.692636 5.035811 0.031366
v 0.721150 5.063242 0.049413
v 0.767533 5.084026 0.054180
v 0.822973 5.100018 0.046164
v 0.693694 5.106202 -0.032898
v 0.723218 5.131342 -0.014542
v 0.765907 5.144056 -0.004690
v 0.811826 5.152734 -0.006597
v 0.809581 5.183500 -0.044735
v 1.051128 5.130467 -0.059105
v 1.015085 5.191062 -0.114007
v 0.979537 5.236286 -0.168570
v 1.003341 5.054152 0.039468
v 0.965142 5.128207 -0.012898
v 0.931452 5.186172 -0.067138
v 0.901866 5.225694 -0.116145
v 0.922721 5.043557 0.076519
v 0.886981 5.116022 0.023665
v 0.863312 5.169832 -0.029350
v 0.844011 5.204099 -0.072941
v 0.823258 5.244415 -0.238078
v 0.761275 5.214128 -0.172302
v 0.717109 5.166995 -0.102342
v 0.919280 5.269769 -0.262311
v 0.841964 5.257270 -0.201277
v 0.782556 5.226301 -0.137460
v 0.743697 5.184088 -0.076442
v 0.946870 5.263132 -0.219140
v 0.870925 5.249561 -0.159412
v 0.814317 5.221483 -0.104706
v 0.779377 5.187050 -0.056653
v 0.993054 3.179753 0.473095
v 1.237547 3.093070 0.175067
v 1.423978 2.896100 0.462397
v 0.987152 3.156055 0.439989
v 1.002643 3.134334 0.395747
v 1.038437 3.116117 0.343479
v 1.035387 3.105094 0.514329
v 1.031832 3.078121 0.480402
v 1.047694 3.058481 0.436031
v 1.078842 3.044080 0.388957
v 1.095874 3.035834 0.539436
v 1.092406 3.011172 0.504501
v 1.101888 2.999417 0.461456
v 1.123282 2.991975 0.420536
v 1.157673 2.961800 0.438220
v 1.271556 3.021362 0.226449
v 1.307600 2.960768 0.281350
v 1.343147 2.915544 0.335914
v 1.160064 3.094751 0.229217
v 1.193250 3.020604 0.284772
v 1.229623 2.962688 0.337305
v 1.262512 2.923227 0.384210
v 1.092102 3.102617 0.286700
v 1.126733 3.030131 0.340261
v 1.166129 2.976610 0.383269
v 1.198330 2.942580 0.418652
v 1.340147 2.904488 0.506763
v 1.253547 2.932046 0.535521
v 1.170264 2.976838 0.546651
v 1.403404 2.882061 0.429655
v 1.315074 2.891516 0.474012
v 1.231322 2.919856 0.501280
v 1.158511 2.960017 0.511312
v 1.375814 2.888697 0.386483
v 1.289220 2.899283 0.430170
v 1.214981 2.924957 0.458716
v 1.155772 2.957660 0.470564
v 0.603223 4.824818 -0.771910
v 0.663018 4.443172 -0.688947
v 0.418525 4.529855 -0.390920
v 0.591033 4.791076 -0.792043
v 0.588059 4.739867 -0.798196
v 0.594509 4.674788 -0.789937
v 0.527775 4.813503 -0.714935
v 0.513223 4.776883 -0.733329
v 0.512288 4.726183 -0.739224
v 0.519771 4.668772 -0.732770
v 0.465792 4.783216 -0.649158
v 0.453731 4.746582 -0.667948
v 0.458570 4.702583 -0.678980
v 0.468797 4.656947 -0.678466
v 0.440985 4.645966 -0.639583
v 0.585534 4.444853 -0.634798
v 0.517573 4.452719 -0.577315
v 0.463908 4.466218 -0.520536
v 0.633321 4.521168 -0.733371
v 0.552063 4.525746 -0.678040
v 0.487421 4.532506 -0.621359
v 0.441153 4.542915 -0.570468
v 0.609938 4.600224 -0.767841
v 0.531126 4.603161 -0.712142
v 0.474214 4.602393 -0.657127
v 0.436642 4.605563 -0.612124
v 0.397153 4.604900 -0.445490
v 0.398211 4.675291 -0.509755
v 0.421626 4.736083 -0.579199
v 0.412623 4.506157 -0.424026
v 0.391461 4.583479 -0.482615
v 0.394230 4.651730 -0.545027
v 0.415532 4.705500 -0.605608
v 0.428114 4.484437 -0.468267
v 0.408523 4.560893 -0.525623
v 0.410059 4.625222 -0.578961
v 0.426214 4.672020 -0.626548
v 1.542032 2.875897 -5.125717
v 1.567683 2.565141 -4.883056
v 1.197044 2.704650 -5.213863
v 1.570986 2.793900 -5.088611
v 1.591220 2.717894 -5.046201
v 1.601313 2.653217 -5.001467
v 1.475091 2.829995 -5.174200
v 1.502692 2.743304 -5.136672
v 1.522782 2.670883 -5.094381
v 1.532800 2.615181 -5.053934
v 1.405870 2.787659 -5.211632
v 1.434221 2.703717 -5.173265
v 1.458643 2.641316 -5.131122
v 1.472043 2.597219 -5.094751
v 1.430376 2.592413 -5.120169
v 1.499868 2.529820 -4.939801
v 1.428084 2.518552 -5.001493
v 1.357370 2.532127 -5.063796
v 1.589126 2.574126 -4.916995
v 1.518769 2.538966 -4.977598
v 1.448572 2.529662 -5.037155
v 1.385900 2.542056 -5.091317
v 1.600605 2.604189 -4.957412
v 1.530635 2.570541 -5.016498
v 1.465292 2.559752 -5.067482
v 1.411976 2.567380 -5.110083
v 1.231108 2.708885 -5.236539
v 1.279640 2.725001 -5.243884
v 1.339232 2.751865 -5.235384
v 1.237745 2.628484 -5.173756
v 1.275448 2.631215 -5.195253
v 1.322840 2.648981 -5.201921
v 1.374739 2.674484 -5.194868
v 1.292468 2.569597 -5.122534
v 1.329315 2.574698 -5.143908
v 1.368052 2.596423 -5.154324
v 1.407484 2.621498 -5.152357
v 0.734491 4.684197 -5.738914
v 0.958797 4.359236 -5.724819
v 0.613810 4.187989 -5.812965
v 0.764445 4.671536 -5.764112
v 0.800912 4.638045 -5.778860
v 0.841331 4.586076 -5.782124
v 0.675187 4.627230 -5.786918
v 0.704979 4.610980 -5.814112
v 0.741784 4.577967 -5.826825
v 0.778699 4.532928 -5.828412
v 0.628390 4.552408 -5.822940
v 0.659462 4.536757 -5.848044
v 0.697441 4.512868 -5.856284
v 0.731444 4.480764 -5.855483
v 0.702828 4.442783 -5.867509
v 0.891855 4.313334 -5.773301
v 0.822635 4.270998 -5.810733
v 0.755997 4.235204 -5.834485
v 0.923079 4.441717 -5.754143
v 0.851935 4.396605 -5.805023
v 0.785309 4.354464 -5.839982
v 0.727449 4.321405 -5.859938
v 0.882985 4.519143 -5.773703
v 0.813696 4.472928 -5.822542
v 0.756258 4.427502 -5.852603
v 0.710447 4.394343 -5.868376
v 0.589839 4.276301 -5.839288
v 0.584234 4.370847 -5.850035
v 0.597388 4.464986 -5.844453
v 0.647873 4.192224 -5.835640
v 0.625013 4.284924 -5.862907
v 0.620356 4.376904 -5.871796
v 0.631705 4.459684 -5.865997
v 0.696405 4.208340 -5.842985
v 0.673984 4.299798 -5.868519
v 0.665701 4.382652 -5.875731
v 0.671367 4.450912 -5.870835
v 0.733515 2.737795 -4.680544
v 1.104154 2.598286 -4.349737
v 0.879847 2.923247 -4.363833
v 0.774215 2.661629 -4.640436
v 0.828938 2.602743 -4.589215
v 0.893840 2.565273 -4.530477
v 0.716181 2.745706 -4.644083
v 0.758960 2.667468 -4.600403
v 0.813294 2.611553 -4.550580
v 0.871050 2.578943 -4.499434
v 0.716767 2.765250 -4.596264
v 0.759982 2.688889 -4.553596
v 0.809902 2.636263 -4.512074
v 0.857957 2.607004 -4.472702
v 0.852153 2.633759 -4.454887
v 1.074199 2.610947 -4.324540
v 1.037731 2.644438 -4.309792
v 0.997313 2.696407 -4.306528
v 1.036339 2.562965 -4.406482
v 1.002545 2.576311 -4.382586
v 0.967881 2.610878 -4.368108
v 0.933604 2.657831 -4.364347
v 0.964554 2.551697 -4.468173
v 0.932597 2.566704 -4.443798
v 0.907170 2.599707 -4.425216
v 0.883462 2.639285 -4.417534
v 0.819670 2.876861 -4.420098
v 0.770309 2.833106 -4.480380
v 0.735232 2.795055 -4.540444
v 0.915564 2.840766 -4.334509
v 0.854510 2.789901 -4.392565
v 0.806881 2.749094 -4.451753
v 0.775620 2.717450 -4.505235
v 0.955659 2.763340 -4.314950
v 0.895228 2.715379 -4.373001
v 0.848239 2.684990 -4.428991
v 0.818911 2.663598 -4.475134
v 0.150280 4.221134 -5.279646
v 0.296612 4.406586 -4.962934
v 0.270961 4.717342 -5.205596
v 0.132946 4.229045 -5.243185
v 0.133532 4.248589 -5.195365
v 0.151997 4.278394 -5.139545
v 0.126309 4.309446 -5.305968
v 0.108525 4.321176 -5.268057
v 0.110810 4.339476 -5.220454
v 0.128015 4.364143 -5.170563
v 0.120704 4.403992 -5.316716
v 0.104652 4.413989 -5.278206
v 0.107551 4.422492 -5.233481
v 0.121840 4.436419 -5.191180
v 0.124604 4.484130 -5.202228
v 0.267658 4.488584 -5.000041
v 0.247425 4.564590 -5.042451
v 0.237331 4.629266 -5.087185
v 0.236435 4.360200 -5.019200
v 0.204833 4.443986 -5.060024
v 0.186883 4.517962 -5.100552
v 0.179502 4.575578 -5.138826
v 0.187074 4.316445 -5.079481
v 0.157839 4.399745 -5.118578
v 0.145968 4.471259 -5.150378
v 0.142863 4.522830 -5.178265
v 0.211657 4.660375 -5.253598
v 0.164861 4.585553 -5.289621
v 0.133858 4.498131 -5.311133
v 0.249517 4.708357 -5.171657
v 0.187676 4.647539 -5.219989
v 0.143618 4.573895 -5.254580
v 0.117168 4.496799 -5.273856
v 0.238039 4.678294 -5.131240
v 0.178290 4.617765 -5.179046
v 0.139205 4.552740 -5.214111
v 0.117382 4.490561 -5.233427
v 2.688445 3.708195 -4.181049
v 2.834777 3.893647 -3.864338
v 2.714096 3.397439 -3.938388
v 2.748622 3.754581 -4.124784
v 2.797982 3.798336 -4.064502
v 2.833061 3.836387 -4.004438
v 2.717398 3.626198 -4.143943
v 2.780489 3.671886 -4.083797
v 2.827029 3.715463 -4.025727
v 2.856949 3.750520 -3.973622
v 2.737633 3.550192 -4.101533
v 2.798514 3.597008 -4.043019
v 2.839117 3.643638 -3.993588
v 2.863207 3.678350 -3.952825
v 2.860453 3.630651 -3.941756
v 2.858748 3.805335 -3.838015
v 2.864353 3.710789 -3.827268
v 2.851199 3.616650 -3.832850
v 2.852111 3.885736 -3.900799
v 2.876589 3.792922 -3.875393
v 2.880381 3.701003 -3.865509
v 2.867965 3.618299 -3.870080
v 2.851525 3.866192 -3.948618
v 2.874304 3.774709 -3.923497
v 2.877512 3.692217 -3.910446
v 2.867683 3.624254 -3.910552
v 2.735540 3.406425 -3.972327
v 2.747018 3.436487 -4.012744
v 2.747726 3.485515 -4.056799
v 2.773400 3.454406 -3.890385
v 2.797060 3.466834 -3.924691
v 2.806451 3.496544 -3.965130
v 2.805571 3.539005 -4.005003
v 2.820196 3.529228 -3.854362
v 2.841574 3.541128 -3.889605
v 2.845818 3.561998 -3.929946
v 2.842196 3.591930 -3.965702
v 2.251542 5.376986 -4.463439
v 2.105210 5.191534 -4.780150
v 1.880903 5.516495 -4.794247
v 2.268876 5.369076 -4.499900
v 2.268290 5.349531 -4.547720
v 2.249825 5.319726 -4.603539
v 2.210842 5.453152 -4.503547
v 2.226591 5.446599 -4.543550
v 2.225395 5.425529 -4.590034
v 2.209531 5.397449 -4.638546
v 2.156119 5.512038 -4.554769
v 2.171721 5.503187 -4.593741
v 2.175207 5.478443 -4.631907
v 2.166156 5.451196 -4.668828
v 2.132904 5.481021 -4.689096
v 2.069493 5.274014 -4.809475
v 2.029398 5.351440 -4.829034
v 1.987745 5.418374 -4.837456
v 2.165387 5.237920 -4.723886
v 2.129732 5.325187 -4.752147
v 2.089556 5.399044 -4.771327
v 2.051596 5.456743 -4.779627
v 2.214748 5.281675 -4.663604
v 2.177989 5.366219 -4.692297
v 2.136732 5.429824 -4.715070
v 2.101611 5.475474 -4.726449
v 1.948718 5.551816 -4.737501
v 2.020503 5.563085 -4.675810
v 2.091217 5.549509 -4.613507
v 1.910858 5.503834 -4.819444
v 1.982834 5.538878 -4.760702
v 2.052164 5.548245 -4.700150
v 2.113771 5.535927 -4.644760
v 1.947325 5.470343 -4.834192
v 2.017654 5.503965 -4.775518
v 2.077922 5.515118 -4.718694
v 2.127074 5.507787 -4.671305
v 2.371248 3.926792 -3.331019
v 2.026260 3.755545 -3.419165
v 2.250566 3.430584 -3.405069
v 2.337184 3.922557 -3.308343
v 2.288652 3.906441 -3.300998
v 2.229060 3.879577 -3.309499
v 2.395219 3.838480 -3.304696
v 2.359550 3.830572 -3.281107
v 2.311069 3.815576 -3.275558
v 2.257828 3.793486 -3.283989
v 2.400823 3.743934 -3.293949
v 2.364426 3.737688 -3.272112
v 2.319304 3.732204 -3.268256
v 2.274634 3.720450 -3.275602
v 2.282229 3.671998 -3.276474
v 2.061978 3.673064 -3.389841
v 2.102072 3.595638 -3.370281
v 2.143726 3.528705 -3.361860
v 2.093201 3.801447 -3.370682
v 2.132857 3.717085 -3.339124
v 2.170892 3.641674 -3.321707
v 2.206215 3.582060 -3.315581
v 2.162422 3.843782 -3.333250
v 2.200066 3.759881 -3.303828
v 2.228771 3.687164 -3.291398
v 2.253597 3.634040 -3.288502
v 2.309870 3.487551 -3.357066
v 2.356667 3.562373 -3.321043
v 2.387669 3.649795 -3.299531
v 2.220612 3.443245 -3.379872
v 2.280836 3.504178 -3.329678
v 2.325760 3.577760 -3.296083
v 2.353276 3.654780 -3.278033
v 2.184145 3.476736 -3.365124
v 2.243536 3.537291 -3.316905
v 2.287696 3.601953 -3.287679
v 2.313681 3.663834 -3.273153
v 1.417374 5.549640 -4.260928
v 1.443025 5.238884 -4.018267
v 1.788013 5.410131 -3.930120
v 1.395931 5.540655 -4.226988
v 1.384452 5.510592 -4.186572
v 1.383744 5.461564 -4.142517
v 1.485189 5.584961 -4.204183
v 1.465530 5.575438 -4.166579
v 1.453998 5.544174 -4.127905
v 1.452240 5.499798 -4.090205
v 1.556974 5.596230 -4.142491
v 1.536482 5.584973 -4.106520
v 1.519685 5.554989 -4.076522
v 1.513012 5.517584 -4.049249
v 1.554681 5.522368 -4.023815
v 1.509966 5.284786 -3.969784
v 1.579187 5.327122 -3.932352
v 1.645826 5.362916 -3.908600
v 1.414072 5.320881 -4.055373
v 1.483181 5.371171 -4.006584
v 1.550895 5.410542 -3.970506
v 1.610098 5.440188 -3.949172
v 1.393838 5.396887 -4.097782
v 1.462676 5.444248 -4.049405
v 1.526500 5.473433 -4.012785
v 1.577549 5.493271 -3.991633
v 1.747312 5.486298 -3.970228
v 1.692589 5.545183 -4.021450
v 1.627687 5.582654 -4.080188
v 1.753949 5.405896 -3.907444
v 1.709553 5.484250 -3.949264
v 1.656083 5.540102 -4.000083
v 1.599394 5.572637 -4.052456
v 1.705417 5.389781 -3.900099
v 1.661843 5.466166 -3.942356
v 1.616999 5.518430 -3.989717
v 1.573107 5.547391 -4.033878
v 0.168922 2.629714 -3.468641
v 0.168922 2.868809 -3.369313
v 0.408018 2.629714 -3.369313
v 0.168922 2.691575 -3.465259
v 0.168922 2.749281 -3.455329
v 0.168922 2.798780 -3.439549
v 0.230783 2.629714 -3.465259
v 0.232730 2.694047 -3.461232
v 0.231688 2.749648 -3.451189
v 0.230405 2.793018 -3.437219
v 0.288490 2.629714 -3.455329
v 0.288920 2.692840 -3.451125
v 0.282812 2.743659 -3.442708
v 0.277802 2.780224 -3.431847
v 0.306964 2.767756 -3.426661
v 0.230783 2.860668 -3.369313
v 0.288490 2.836765 -3.369313
v 0.337988 2.798780 -3.369313
v 0.168922 2.860668 -3.395012
v 0.233256 2.850975 -3.395821
v 0.288856 2.826800 -3.395388
v 0.332227 2.793171 -3.394855
v 0.168922 2.836765 -3.418985
v 0.232049 2.826645 -3.419164
v 0.282867 2.806384 -3.416627
v 0.319433 2.780241 -3.414546
v 0.399877 2.629714 -3.395012
v 0.375974 2.629714 -3.418985
v 0.337988 2.629714 -3.439549
v 0.399877 2.691575 -3.369313
v 0.390183 2.693521 -3.396039
v 0.366008 2.692480 -3.419138
v 0.332379 2.691196 -3.437155
v 0.375974 2.749281 -3.369313
v 0.365854 2.749712 -3.395538
v 0.345592 2.743603 -3.416650
v 0.319449 2.738594 -3.431840
v 0.168922 1.274839 -3.369313
v 0.168922 1.513935 -3.468641
v 0.408018 1.513935 -3.369313
v 0.168922 1.282980 -3.395012
v 0.168922 1.306883 -3.418985
v 0.168922 1.344869 -3.439549
v 0.230783 1.282980 -3.369313
v 0.232730 1.292674 -3.396039
v 0.231688 1.316849 -3.419138
v 0.230405 1.350478 -3.437155
v 0.288490 1.306883 -3.369313
v 0.288920 1.317003 -3.395538
v 0.282812 1.337265 -3.416650
v 0.277802 1.363408 -3.431840
v 0.306964 1.375893 -3.426661
v 0.230783 1.513935 -3.465259
v 0.288490 1.513935 -3.455329
v 0.337988 1.513935 -3.439549
v 0.168922 1.452074 -3.465259
v 0.233256 1.450127 -3.461232
v 0.288856 1.451169 -3.451189
v 0.332227 1.452452 -3.437219
v 0.168922 1.394368 -3.455329
v 0.232049 1.393937 -3.451125
v 0.282867 1.400045 -3.442708
v 0.319433 1.405055 -3.431847
v 0.399877 1.452074 -3.369313
v 0.375974 1.394368 -3.369313
v 0.337988 1.344869 -3.369313
v 0.399877 1.513935 -3.395012
v 0.390183 1.449601 -3.395821
v 0.366008 1.394001 -3.395388
v 0.332379 1.350630 -3.394855
v 0.375974 1.513935 -3.418985
v 0.365854 1.450808 -3.419164
v 0.345592 1.399989 -3.416627
v 0.319449 1.363424 -3.414546
v 0.408018 2.629714 -2.905782
v 0.168922 2.868809 -2.905782
v 0.168922 2.629714 -2.806454
v 0.399877 2.691575 -2.905782
v 0.375974 2.749281 -2.905782
v 0.337988 2.798780 -2.905782
v 0.399877 2.629714 -2.880083
v 0.390183 2.694047 -2.879274
v 0.366008 2.749648 -2.879707
v 0.332379 2.793018 -2.880240
v 0.375974 2.629714 -2.856110
v 0.365854 2.692840 -2.855931
v 0.345592 2.743659 -2.858469
v 0.319449 2.780224 -2.860550
v 0.306964 2.767756 -2.848435
v 0.168922 2.860668 -2.880083
v 0.168922 2.836765 -2.856110
v 0.168922 2.798780 -2.835547
v 0.230783 2.860668 -2.905782
v 0.232730 2.850975 -2.879056
v 0.231688 2.826800 -2.855958
v 0.230405 2.793171 -2.837940
v 0.288490 2.836765 -2.905782
v 0.288920 2.826645 -2.879557
v 0.282812 2.806384 -2.858446
v 0.277802 2.780241 -2.843255
v 0.230783 2.629714 -2.809836
v 0.288490 2.629714 -2.819767
v 0.337988 2.629714 -2.835547
v 0.168922 2.691575 -2.809836
v 0.233256 2.693521 -2.813863
v 0.288856 2.692480 -2.823906
v 0.332227 2.691196 -2.837877
v 0.168922 2.749281 -2.819767
v 0.232049 2.749712 -2.823970
v 0.282867 2.743603 -2.832388
v 0.319433 2.738594 -2.843248
v 0.408018 1.513935 -2.905782
v 0.168922 1.513935 -2.806454
v 0.168922 1.274839 -2.905782
v 0.399877 1.513935 -2.880083
v 0.375974 1.513935 -2.856110
v 0.337988 1.513935 -2.835547
v 0.399877 1.452074 -2.905782
v 0.390183 1.450127 -2.879056
v 0.366008 1.451169 -2.855958
v 0.332379 1.452452 -2.837940
v 0.375974 1.394368 -2.905782
v 0.365854 1.393937 -2.879557
v 0.345592 1.400045 -2.858446
v 0.319449 1.405055 -2.843255
v 0.306964 1.375893 -2.848435
v 0.168922 1.452074 -2.809836
v 0.168922 1.394368 -2.819767
v 0.168922 1.344869 -2.835547
v 0.230783 1.513935 -2.809836
v 0.232730 1.449601 -2.813863
v 0.231688 1.394001 -2.823906
v 0.230405 1.350630 -2.837877
v 0.288490 1.513935 -2.819767
v 0.288920 1.450808 -2.823970
v 0.282812 1.399989 -2.832388
v 0.277802 1.363424 -2.843248
v 0.230783 1.282980 -2.905782
v 0.288490 1.306883 -2.905782
v 0.337988 1.344869 -2.905782
v 0.168922 1.282980 -2.880083
v 0.233256 1.292674 -2.879274
v 0.288856 1.316849 -2.879707
v 0.332227 1.350478 -2.880240
v 0.168922 1.306883 -2.856110
v 0.232049 1.317003 -2.855931
v 0.282867 1.337265 -2.858469
v 0.319433 1.363408 -2.860550
v -0.946857 2.629714 -3.468641
v -1.185952 2.629714 -3.369313
v -0.946857 2.868809 -3.369313
v -1.008717 2.629714 -3.465259
v -1.066424 2.629714 -3.455329
v -1.115923 2.629714 -3.439549
v -0.946857 2.691575 -3.465259
v -1.011190 2.693521 -3.461232
v -1.066791 2.692480 -3.451189
v -1.110161 2.691196 -3.437219
v -0.946857 2.749281 -3.455329
v -1.009983 2.749712 -3.451125
v -1.060802 2.743603 -3.442708
v -1.097367 2.738594 -3.431847
v -1.084898 2.767756 -3.426661
v -1.177811 2.691575 -3.369313
v -1.153908 2.749281 -3.369313
v -1.115923 2.798780 -3.369313
v -1.177811 2.629714 -3.395012
v -1.168118 2.694047 -3.395821
v -1.143943 2.749648 -3.395388
v -1.110313 2.793018 -3.394855
v -1.153908 2.629714 -3.418985
v -1.143788 2.692840 -3.419164
v -1.123526 2.743659 -3.416627
v -1.097384 2.780224 -3.414546
v -0.946857 2.860668 -3.395012
v -0.946857 2.836765 -3.418985
v -0.946857 2.798780 -3.439549
v -1.008717 2.860668 -3.369313
v -1.010664 2.850975 -3.396039
v -1.009623 2.826800 -3.419138
v -1.008339 2.793171 -3.437155
v -1.066424 2.836765 -3.369313
v -1.066854 2.826645 -3.395538
v -1.060746 2.806384 -3.416650
v -1.055736 2.780241 -3.431840
v -1.185952 1.513935 -3.369313
v -0.946857 1.513935 -3.468641
v -0.946857 1.274839 -3.369313
v -1.177811 1.513935 -3.395012
v -1.153908 1.513935 -3.418985
v -1.115923 1.513935 -3.439549
v -1.177811 1.452074 -3.369313
v -1.168118 1.450127 -3.396039
v -1.143943 1.451169 -3.419138
v -1.110313 1.452452 -3.437155
v -1.153908 1.394368 -3.369313
v -1.143788 1.393937 -3.395538
v -1.123526 1.400045 -3.416650
v -1.097384 1.405055 -3.431840
v -1.084898 1.375893 -3.426661
v -0.946857 1.452074 -3.465259
v -0.946857 1.394368 -3.455329
v -0.946857 1.344869 -3.439549
v -1.008717 1.513935 -3.465259
v -1.010664 1.449601 -3.461232
v -1.009623 1.394001 -3.451189
v -1.008339 1.350630 -3.437219
v -1.066424 1.513935 -3.455329
v -1.066854 1.450808 -3.451125
v -1.060746 1.399989 -3.442708
v -1.055736 1.363424 -3.431847
v -1.008717 1.282980 -3.369313
v -1.066424 1.306883 -3.369313
v -1.115923 1.344869 -3.369313
v -0.946857 1.282980 -3.395012
v -1.011190 1.292674 -3.395821
v -1.066791 1.316849 -3.395388
v -1.110161 1.350478 -3.394855
v -0.946857 1.306883 -3.418985
v -1.009983 1.317003 -3.419164
v -1.060802 1.337265 -3.416627
v -1.097367 1.363408 -3.414546
v -1.185952 2.629714 -2.905782
v -0.946857 2.629714 -2.806454
v -0.946857 2.868809 -2.905782
v -1.177811 2.629714 -2.880083
v -1.153908 2.629714 -2.856110
v -1.115923 2.629714 -2.835547
v -1.177811 2.691575 -2.905782
v -1.168118 2.693521 -2.879056
v -1.143943 2.692480 -2.855958
v -1.110313 2.691196 -2.837940
v -1.153908 2.749281 -2.905782
v -1.143788 2.749712 -2.879557
v -1.123526 2.743603 -2.858446
v -1.097384 2.738594 -2.843255
v -1.084898 2.767756 -2.848435
v -0.946857 2.691575 -2.809836
v -0.946857 2.749281 -2.819767
v -0.946857 2.798780 -2.835547
v -1.008717 2.629714 -2.809836
v -1.010664 2.694047 -2.813863
v -1.009623 2.749648 -2.823906
v -1.008339 2.793018 -2.837877
v -1.066424 2.629714 -2.819767
v -1.066854 2.692840 -2.823970
v -1.060746 2.743659 -2.832388
v -1.055736 2.780224 -2.843248
v -1.008717 2.860668 -2.905782
v -1.066424 2.836765 -2.905782
v -1.115923 2.798780 -2.905782
v -0.946857 2.860668 -2.880083
v -1.011190 2.850975 -2.879274
v -1.066791 2.826800 -2.879707
v -1.110161 2.793171 -2.880240
v -0.946857 2.836765 -2.856110
v -1.009983 2.826645 -2.855931
v -1.060802 2.806384 -2.858469
v -1.097367 2.780241 -2.860550
v -0.946857 1.274839 -2.905782
v -0.946857 1.513935 -2.806454
v -1.185952 1.513935 -2.905782
v -0.946857 1.282980 -2.880083
v -0.946857 1.306883 -2.856110
v -0.946857 1.344869 -2.835547
v -1.008717 1.282980 -2.905782
v -1.010664 1.292674 -2.879056
v -1.009623 1.316849 -2.855958
v -1.008339 1.350478 -2.837940
v -1.066424 1.306883 -2.905782
v -1.066854 1.317003 -2.879557
v -1.060746 1.337265 -2.858446
v -1.055736 1.363408 -2.843255
v -1.084898 1.375893 -2.848435
v -1.008717 1.513935 -2.809836
v -1.066424 1.513935 -2.819767
v -1.115923 1.513935 -2.835547
v -0.946857 1.452074 -2.809836
v -1.011190 1.450127 -2.813863
v -1.066791 1.451169 -2.823906
v -1.110161 1.452452 -2.837877
v -0.946857 1.394368 -2.819767
v -1.009983 1.393937 -2.823970
v -1.060802 1.400045 -2.832388
v -1.097367 1.405055 -2.843248
v -1.177811 1.452074 -2.905782
v -1.153908 1.394368 -2.905782
v -1.115923 1.344869 -2.905782
v -1.177811 1.513935 -2.880083
v -1.168118 1.449601 -2.879274
v -1.143943 1.394001 -2.879707
v -1.110313 1.350630 -2.880240
v -1.153908 1.513935 -2.856110
v -1.143788 1.450808 -2.855931
v -1.123526 1.399989 -2.858469
v -1.097384 1.363424 -2.860550
v -2.526447 4.459756 -5.790400
v -2.372514 4.097424 -5.824044
v -2.832689 4.253216 -5.650154
v -2.493215 4.380263 -5.829325
v -2.460212 4.301781 -5.856462
v -2.429757 4.229824 -5.869904
v -2.612275 4.420570 -5.784335
v -2.580296 4.336409 -5.824079
v -2.546896 4.261111 -5.849607
v -2.518368 4.198739 -5.861220
v -2.690337 4.379690 -5.769503
v -2.656807 4.297832 -5.808194
v -2.619267 4.232582 -5.832682
v -2.589973 4.182934 -5.843811
v -2.635869 4.177754 -5.827318
v -2.463583 4.070576 -5.816833
v -2.557034 4.065918 -5.798637
v -2.646303 4.083778 -5.770735
v -2.384350 4.124014 -5.853119
v -2.479938 4.098143 -5.845852
v -2.570447 4.094809 -5.826930
v -2.648686 4.110550 -5.801517
v -2.403888 4.169205 -5.868772
v -2.497818 4.144187 -5.860382
v -2.578955 4.137480 -5.841475
v -2.643285 4.146947 -5.819394
v -2.828856 4.274501 -5.685150
v -2.802390 4.304118 -5.718187
v -2.755150 4.339985 -5.746945
v -2.789029 4.180756 -5.693855
v -2.782306 4.201191 -5.731648
v -2.755743 4.231715 -5.762774
v -2.714534 4.264954 -5.787078
v -2.725411 4.122922 -5.735012
v -2.718732 4.145189 -5.771070
v -2.699713 4.178434 -5.795849
v -2.670119 4.210046 -5.813524
v -3.203060 6.090077 -4.703050
v -3.107829 5.854613 -5.005704
v -3.414071 5.648073 -4.865458
v -3.206412 6.096312 -4.743575
v -3.201041 6.081740 -4.792849
v -3.187325 6.047387 -4.847409
v -3.285646 6.042874 -4.707290
v -3.291225 6.046659 -4.750252
v -3.283992 6.031813 -4.798557
v -3.269992 6.002047 -4.846636
v -3.354187 5.978454 -4.722714
v -3.357268 5.982293 -4.765334
v -3.344376 5.974102 -4.808318
v -3.328211 5.954120 -4.847394
v -3.361106 5.917749 -4.848460
v -3.193657 5.815428 -4.999639
v -3.271719 5.774547 -4.984807
v -3.336533 5.734843 -4.962249
v -3.139063 5.929787 -4.957619
v -3.229186 5.891143 -4.949252
v -3.303715 5.850149 -4.935050
v -3.359793 5.813663 -4.915993
v -3.166197 5.995585 -4.903589
v -3.253783 5.955656 -4.896077
v -3.319442 5.912228 -4.887754
v -3.364945 5.877143 -4.875693
v -3.434877 5.730280 -4.822149
v -3.431396 5.816726 -4.782140
v -3.403871 5.901341 -4.748240
v -3.410238 5.669358 -4.900454
v -3.430393 5.756102 -4.856538
v -3.425304 5.839802 -4.817430
v -3.400544 5.913807 -4.787014
v -3.383772 5.698975 -4.933491
v -3.402514 5.784062 -4.889581
v -3.399804 5.858098 -4.850892
v -3.381547 5.918127 -4.822986
v -2.695718 3.957190 -5.022464
v -2.235544 3.801398 -5.196354
v -2.330775 4.036862 -4.893700
v -2.652059 3.884729 -5.066164
v -2.588441 3.826896 -5.107322
v -2.509333 3.787752 -5.143044
v -2.676697 3.945651 -4.987859
v -2.629332 3.870511 -5.032241
v -2.566557 3.815750 -5.072509
v -2.496915 3.782000 -5.104540
v -2.636064 3.944647 -4.955970
v -2.588915 3.871674 -5.000366
v -2.534746 3.821892 -5.040028
v -2.479614 3.793158 -5.069189
v -2.465007 3.808481 -5.044314
v -2.232192 3.795163 -5.155828
v -2.237563 3.809735 -5.106555
v -2.251279 3.844089 -5.051994
v -2.326613 3.774550 -5.189143
v -2.326499 3.768434 -5.146088
v -2.330808 3.784528 -5.097833
v -2.341205 3.815830 -5.049815
v -2.420064 3.769892 -5.170947
v -2.418192 3.765537 -5.128307
v -2.413938 3.781040 -5.085616
v -2.416039 3.807019 -5.046781
v -2.418602 4.001996 -4.896794
v -2.502532 3.973799 -4.908855
v -2.576671 3.954250 -4.929036
v -2.299541 3.961688 -4.941784
v -2.390015 3.923320 -4.947062
v -2.471566 3.897758 -4.958594
v -2.537237 3.882326 -4.975569
v -2.272408 3.895890 -4.995814
v -2.362029 3.860253 -5.000295
v -2.439028 3.842848 -5.006177
v -2.496171 3.834162 -5.016483
v -3.277101 5.352047 -4.237768
v -2.912157 5.431719 -4.109003
v -3.066090 5.794051 -4.075359
v -3.258080 5.340508 -4.203163
v -3.217446 5.339504 -4.171274
v -3.158054 5.349107 -4.144340
v -3.297907 5.434254 -4.194458
v -3.277418 5.425421 -4.157130
v -3.236118 5.423837 -4.127165
v -3.182924 5.430854 -4.104476
v -3.294425 5.520700 -4.154449
v -3.272696 5.510547 -4.118876
v -3.234836 5.501556 -4.095070
v -3.191043 5.501239 -4.078651
v -3.190244 5.548476 -4.065457
v -2.945390 5.511212 -4.070078
v -2.978392 5.589694 -4.042942
v -3.008847 5.661651 -4.029500
v -2.999984 5.396853 -4.112098
v -3.037428 5.478684 -4.072260
v -3.067904 5.555229 -4.046783
v -3.092830 5.619138 -4.035231
v -3.083915 5.368656 -4.124159
v -3.118654 5.449999 -4.085446
v -3.139047 5.522560 -4.061253
v -3.154277 5.578205 -4.050364
v -3.148675 5.746848 -4.079599
v -3.217217 5.682428 -4.095024
v -3.266901 5.605315 -4.120550
v -3.054254 5.767461 -4.046285
v -3.139263 5.716321 -4.050462
v -3.204834 5.653098 -4.066714
v -3.248344 5.585439 -4.090045
v -3.034716 5.722270 -4.030631
v -3.117994 5.671722 -4.035991
v -3.179515 5.617596 -4.052456
v -3.217831 5.564358 -4.072782
v -0.960347 5.127584 -5.817189
v -0.595403 5.207255 -5.688424
v -0.806414 4.765252 -5.850833
v -0.872520 5.162449 -5.814094
v -0.788589 5.190647 -5.802032
v -0.714450 5.210196 -5.781852
v -0.927114 5.048090 -5.856113
v -0.834612 5.081590 -5.853575
v -0.754147 5.109757 -5.840577
v -0.689813 5.128398 -5.821797
v -0.894112 4.969609 -5.883250
v -0.804041 5.004169 -5.879376
v -0.733408 5.036845 -5.864902
v -0.681486 5.058058 -5.847549
v -0.682260 5.010827 -5.860735
v -0.574597 5.125049 -5.731733
v -0.578079 5.038603 -5.771743
v -0.605603 4.953988 -5.805642
v -0.614424 5.218795 -5.723029
v -0.594747 5.133085 -5.769135
v -0.599580 5.048832 -5.807071
v -0.624026 4.974145 -5.836043
v -0.655058 5.219798 -5.754918
v -0.636422 5.134940 -5.799313
v -0.637632 5.057662 -5.831129
v -0.654659 4.994975 -5.853398
v -0.818250 4.791841 -5.879908
v -0.837789 4.837032 -5.895560
v -0.863657 4.897652 -5.896692
v -0.723829 4.812455 -5.846592
v -0.734044 4.842806 -5.876013
v -0.754928 4.887155 -5.890265
v -0.779576 4.939934 -5.890983
v -0.655287 4.876875 -5.831168
v -0.667705 4.906531 -5.859573
v -0.693074 4.941688 -5.873765
v -0.718216 4.981072 -5.875830
v -1.176786 6.602113 -4.903728
v -1.541729 6.522441 -5.032493
v -1.636960 6.757905 -4.729838
v -1.195807 6.613652 -4.938333
v -1.236440 6.614655 -4.970222
v -1.295833 6.605052 -4.997156
v -1.220446 6.674573 -4.860027
v -1.242963 6.688273 -4.894617
v -1.283177 6.687253 -4.926047
v -1.335034 6.677027 -4.950541
v -1.284063 6.732407 -4.818871
v -1.306241 6.743636 -4.853837
v -1.337736 6.737355 -4.886234
v -1.376308 6.725146 -4.909700
v -1.407497 6.750822 -4.881877
v -1.572963 6.597614 -4.984407
v -1.600097 6.663412 -4.930378
v -1.621225 6.715214 -4.874197
v -1.453902 6.557306 -5.029398
v -1.483501 6.636325 -4.978747
v -1.510967 6.698795 -4.926021
v -1.531238 6.743322 -4.876570
v -1.369972 6.585504 -5.017337
v -1.401018 6.661993 -4.967259
v -1.433583 6.716490 -4.919974
v -1.456458 6.752267 -4.879432
v -1.545891 6.784752 -4.737049
v -1.452440 6.789411 -4.755245
v -1.363171 6.771551 -4.783147
v -1.640312 6.764139 -4.770364
v -1.545202 6.791044 -4.779821
v -1.454437 6.793824 -4.797571
v -1.375883 6.777402 -4.821541
v -1.634941 6.749568 -4.819637
v -1.541117 6.774815 -4.828512
v -1.458481 6.778281 -4.840546
v -1.392922 6.766155 -4.856991
v -0.458433 4.911229 -5.060734
v -0.764675 4.704689 -4.920488
v -0.669444 4.469225 -5.223143
v -0.462266 4.889944 -5.025738
v -0.488732 4.860328 -4.992701
v -0.535972 4.824460 -4.963943
v -0.437627 4.829023 -5.104043
v -0.442321 4.803719 -5.068988
v -0.469970 4.775801 -5.036397
v -0.512516 4.745770 -5.010288
v -0.441108 4.742577 -5.144053
v -0.447339 4.719233 -5.108600
v -0.472723 4.701259 -5.075230
v -0.507538 4.682174 -5.050508
v -0.511398 4.641553 -5.077732
v -0.733441 4.629516 -4.968573
v -0.706308 4.563717 -5.022603
v -0.685179 4.511916 -5.078783
v -0.678847 4.743875 -4.926553
v -0.643783 4.667187 -4.977297
v -0.619242 4.603470 -5.029974
v -0.602573 4.557406 -5.079363
v -0.600785 4.784755 -4.941385
v -0.568530 4.708782 -4.991484
v -0.553112 4.646973 -5.038475
v -0.544300 4.605199 -5.078777
v -0.586859 4.516428 -5.218902
v -0.518317 4.580849 -5.203477
v -0.468633 4.657962 -5.177952
v -0.666092 4.462991 -5.182616
v -0.580606 4.513098 -5.176249
v -0.515289 4.576874 -5.161168
v -0.472095 4.645214 -5.139281
v -0.671463 4.477562 -5.133343
v -0.588078 4.527882 -5.127500
v -0.528057 4.585249 -5.117906
v -0.490971 4.641145 -5.103217
v -1.499990 6.461879 -4.102148
v -1.346057 6.099546 -4.135792
v -1.039815 6.306087 -4.276038
v -1.488154 6.435289 -4.073073
v -1.468616 6.390098 -4.057420
v -1.442747 6.329479 -4.056288
v -1.408921 6.488727 -4.109359
v -1.393240 6.460706 -4.080031
v -1.375280 6.415110 -4.065729
v -1.354235 6.360794 -4.064950
v -1.315470 6.493384 -4.127554
v -1.301843 6.464243 -4.099169
v -1.293620 6.421775 -4.084684
v -1.282542 6.376393 -4.082379
v -1.236635 6.381548 -4.098874
v -1.260229 6.138732 -4.141857
v -1.182167 6.179613 -4.156689
v -1.117354 6.219317 -4.179247
v -1.379290 6.179040 -4.096867
v -1.291196 6.222551 -4.102495
v -1.215580 6.260942 -4.118163
v -1.158165 6.294218 -4.139025
v -1.412292 6.257521 -4.069730
v -1.325155 6.298528 -4.076636
v -1.253130 6.326684 -4.093550
v -1.202407 6.349242 -4.112659
v -1.083475 6.378547 -4.232337
v -1.147093 6.436380 -4.191180
v -1.226201 6.475524 -4.155457
v -1.043648 6.284801 -4.241042
v -1.090536 6.358908 -4.194470
v -1.153567 6.414222 -4.155373
v -1.223524 6.448653 -4.124786
v -1.070114 6.255185 -4.208005
v -1.117158 6.327929 -4.163124
v -1.172827 6.380952 -4.130335
v -1.229188 6.412345 -4.106810
vn 0.6107 -0.4952 0.6179
vn -0.6107 -0.4952 0.6179
vn 0.6230 -0.5032 0.5989
vn -0.6230 -0.5032 0.5989
vn 0.6732 -0.5841 0.4536
vn -0.6732 -0.5841 0.4536
vn 0.0883 -0.8929 0.4415
vn -0.0883 -0.8929 0.4415
vn 0.1159 -0.7601 0.6394
vn -0.1159 -0.7601 0.6394
vn 0.1265 -0.7425 0.6578
vn -0.1265 -0.7425 0.6578
vn -0.4595 -0.5510 0.6966
vn 0.4595 -0.5510 0.6966
vn -0.4662 -0.5542 0.6896
vn 0.4662 -0.5542 0.6896
vn -0.5649 -0.6549 0.5020
vn 0.5649 -0.6549 0.5020
vn -0.8373 0.0003 0.5467
vn 0.8373 0.0003 0.5467
vn -0.6982 -0.0003 0.7159
vn 0.6982 -0.0003 0.7159
vn -0.7149 -0.0005 0.6993
vn 0.7149 -0.0005 0.6993
vn -0.4889 0.5521 0.6754
vn 0.4889 0.5521 0.6754
vn -0.4699 0.5501 0.6904
vn 0.4699 0.5501 0.6904
vn -0.5553 0.6373 0.5343
vn 0.5553 0.6373 0.5343
vn 0.0970 0.8647 0.4929
vn -0.0970 0.8647 0.4929
vn 0.1162 0.7593 0.6403
vn -0.1162 0.7593 0.6403
vn 0.1192 0.7751 0.6205
vn -0.1192 0.7751 0.6205
vn 0.6299 0.4968 0.5970
vn -0.6299 0.4968 0.5970
vn 0.6261 0.4990 0.5991
vn -0.6261 0.4990 0.5991
vn 0.6710 0.5655 0.4796
vn -0.6710 0.5655 0.4796
vn 0.8845 0.0002 0.4666
vn -0.8845 0.0002 0.4666
vn 0.8096 -0.0003 0.5869
vn -0.8096 -0.0003 0.5869
vn 0.7988 -0.0004 0.6015
vn -0.7988 -0.0004 0.6015
vn 0.5826 -0.0003 0.8127
vn -0.5826 -0.0003 0.8127
vn 0.4883 0.2782 0.8271
vn -0.4883 0.2782 0.8271
vn 0.1803 0.4734 0.8622
vn -0.1803 0.4734 0.8622
vn -0.2337 0.3298 0.9147
vn 0.2337 0.3298 0.9147
vn -0.4047 -0.0004 0.9144
vn 0.4047 -0.0004 0.9144
vn -0.2356 -0.3518 0.9060
vn 0.2356 -0.3518 0.9060
vn 0.1958 -0.0008 0.9806
vn -0.1958 -0.0008 0.9806
vn 0.1770 -0.5008 0.8473
vn -0.1770 -0.5008 0.8473
vn 0.4881 -0.2973 0.8206
vn -0.4880 -0.2973 0.8206
vn -0.0000 0.9760 0.2176
vn -0.0000 -0.0779 0.9970
vn -0.0000 -0.0509 0.9987
vn -0.0000 -0.8369 0.5474
vn -0.0000 0.9864 0.1641
vn -0.0000 -0.9561 0.2930
vn -0.0000 0.8862 0.4633
vn -0.0000 0.6563 0.7545
vn -0.0000 0.8490 -0.5284
vn -0.0000 0.3241 -0.9460
vn -0.0000 -0.2440 -0.9698
vn -0.0000 -0.9513 -0.3084
vn 0.5429 -0.7936 0.2747
vn -0.5429 -0.7936 0.2747
vn 0.9665 0.2128 0.1437
vn -0.9665 0.2128 0.1437
vn 0.9878 0.1183 0.1010
vn -0.9878 0.1183 0.1010
vn 0.9933 -0.0422 0.1075
vn -0.9933 -0.0422 0.1075
vn 0.5827 -0.8064 0.1009
vn -0.5827 -0.8064 0.1009
vn 0.1472 -0.9853 0.0864
vn -0.1472 -0.9853 0.0864
vn -0.0000 -0.9910 0.1340
vn 0.3610 -0.8958 0.2593
vn -0.3610 -0.8958 0.2593
vn 0.6155 -0.7625 0.1994
vn -0.6155 -0.7625 0.1994
vn 0.8798 -0.4340 0.1941
vn -0.8798 -0.4340 0.1941
vn 0.9520 0.2182 0.2147
vn -0.9520 0.2182 0.2147
vn 0.4757 0.8656 0.1562
vn -0.4757 0.8656 0.1562
vn 0.5822 0.7999 0.1454
vn -0.5822 0.7999 0.1454
vn 0.3413 0.9217 0.1844
vn -0.3413 0.9217 0.1844
vn -0.6913 0.7094 0.1376
vn 0.6913 0.7094 0.1376
vn -0.8459 0.5274 0.0795
vn 0.8459 0.5274 0.0794
vn 0.3119 -0.2335 0.9210
vn -0.3119 -0.2335 0.9210
vn 0.1493 -0.1548 0.9766
vn -0.1493 -0.1548 0.9766
vn 0.1383 -0.0912 0.9862
vn -0.1383 -0.0912 0.9862
vn 0.2614 -0.3828 0.8861
vn -0.2614 -0.3828 0.8861
vn 0.4417 -0.3654 0.8194
vn -0.4417 -0.3654 0.8194
vn 0.4450 -0.2000 0.8729
vn -0.4450 -0.2000 0.8729
vn 0.2575 -0.1499 0.9546
vn -0.2575 -0.1499 0.9546
vn 0.1298 -0.3576 0.9248
vn -0.1298 -0.3576 0.9248
vn 0.1683 -0.2399 0.9561
vn -0.1683 -0.2399 0.9561
vn 0.2871 -0.2711 0.9187
vn -0.2871 -0.2711 0.9187
vn -0.0000 -0.1760 0.9844
vn 0.2262 -0.1294 0.9655
vn -0.2262 -0.1294 0.9655
vn 0.2506 -0.3315 0.9096
vn -0.2506 -0.3315 0.9096
vn 0.0917 -0.5422 0.8352
vn -0.0917 -0.5422 0.8352
vn -0.0000 -0.5805 0.8142
vn -0.0000 0.7554 0.6552
vn -0.0000 0.2270 0.9739
vn 0.1205 0.1804 0.9762
vn -0.1205 0.1804 0.9762
vn 0.8397 -0.0905 0.5355
vn -0.8397 -0.0905 0.5355
vn 0.3281 -0.2358 0.9147
vn -0.3281 -0.2358 0.9147
vn 0.3830 -0.5685 0.7281
vn -0.3830 -0.5685 0.7281
vn 0.4972 -0.4488 0.7425
vn -0.4972 -0.4488 0.7425
vn 0.5930 -0.3225 0.7378
vn -0.5930 -0.3225 0.7378
vn 0.4866 -0.2994 0.8207
vn -0.4866 -0.2994 0.8207
vn 0.3586 -0.0308 0.9330
vn -0.3586 -0.0308 0.9330
vn 0.3102 0.0563 0.9490
vn -0.3102 0.0563 0.9490
vn 0.2411 0.0696 0.9680
vn -0.2411 0.0696 0.9680
vn 0.0061 0.0511 0.9987
vn -0.0061 0.0511 0.9987
vn -0.1544 0.0283 0.9876
vn 0.1544 0.0283 0.9876
vn 0.3514 -0.2185 0.9103
vn -0.3514 -0.2185 0.9103
vn 0.6233 0.0813 0.7777
vn -0.6233 0.0813 0.7777
vn 0.5910 -0.0078 0.8066
vn -0.5910 -0.0078 0.8066
vn 0.5328 -0.2227 0.8164
vn -0.5328 -0.2227 0.8164
vn 0.3883 -0.5281 0.7552
vn -0.3883 -0.5281 0.7552
vn 0.1538 -0.7753 0.6126
vn -0.1538 -0.7753 0.6126
vn -0.0000 -0.7998 0.6003
vn -0.0000 0.0378 0.9993
vn -0.0000 -0.2463 0.9692
vn 0.1210 -0.2990 0.9466
vn -0.1210 -0.2990 0.9466
vn -0.1164 -0.0765 0.9903
vn 0.1164 -0.0765 0.9903
vn -0.0536 -0.1569 0.9862
vn 0.0536 -0.1569 0.9862
vn 0.1952 -0.0495 0.9795
vn -0.1952 -0.0495 0.9795
vn 0.1838 -0.0115 0.9829
vn -0.1838 -0.0115 0.9829
vn -0.0000 -0.0216 0.9998
vn -0.0000 -0.2275 0.9738
vn 0.4846 -0.7536 0.4442
vn -0.4846 -0.7536 0.4442
vn 0.9711 -0.1231 0.2047
vn -0.9711 -0.1231 0.2047
vn 0.6966 0.7130 0.0796
vn -0.6966 0.7130 0.0796
vn -0.3764 0.8875 0.2657
vn 0.3764 0.8875 0.2657
vn -0.0000 0.1480 0.9890
vn -0.1257 0.5221 0.8436
vn 0.1257 0.5221 0.8436
vn 0.3088 0.4114 0.8576
vn -0.3088 0.4114 0.8576
vn 0.2609 -0.1077 0.9593
vn -0.2609 -0.1077 0.9593
vn 0.2093 -0.5663 0.7972
vn -0.2093 -0.5663 0.7972
vn -0.0000 -0.4565 0.8897
vn 0.9314 0.3205 0.1727
vn -0.9314 0.3205 0.1727
vn 0.8464 0.0007 0.5325
vn -0.8464 0.0007 0.5325
vn 0.7339 0.1360 0.6655
vn -0.7339 0.1360 0.6655
vn 0.9456 0.2608 0.1943
vn -0.9456 0.2608 0.1943
vn -0.0000 0.8582 0.5133
vn -0.4910 0.7131 0.5004
vn 0.4910 0.7131 0.5004
vn -0.9002 0.2173 0.3774
vn 0.9002 0.2173 0.3774
vn -0.3937 -0.8486 0.3534
vn 0.3937 -0.8486 0.3534
vn -0.0000 -0.6851 0.7284
vn -0.1211 -0.7118 0.6919
vn 0.1211 -0.7118 0.6919
vn -0.9040 0.2952 0.3092
vn 0.9040 0.2952 0.3092
vn -0.2438 0.3738 0.8949
vn 0.2438 0.3738 0.8949
vn -0.0000 0.2881 0.9576
vn 0.1296 -0.0533 0.9901
vn -0.1296 -0.0533 0.9901
vn -0.0061 -0.0217 0.9997
vn 0.0061 -0.0217 0.9997
vn 0.0958 0.1659 0.9815
vn -0.0958 0.1659 0.9815
vn 0.1282 0.0959 0.9871
vn -0.1282 0.0959 0.9871
vn 0.3429 0.2257 0.9118
vn -0.3429 0.2257 0.9118
vn 0.3495 -0.1273 0.9282
vn -0.3495 -0.1273 0.9282
vn 0.2582 -0.0613 0.9642
vn -0.2582 -0.0613 0.9642
vn 0.3142 -0.0436 0.9484
vn -0.3142 -0.0436 0.9484
vn 0.3940 -0.2055 0.8958
vn -0.3940 -0.2055 0.8958
vn 0.2111 -0.3376 0.9173
vn -0.2111 -0.3376 0.9173
vn 0.0060 -0.2979 0.9546
vn -0.0060 -0.2979 0.9546
vn 0.1395 -0.0602 0.9884
vn -0.1395 -0.0602 0.9884
vn 0.1286 -0.0587 0.9900
vn -0.1286 -0.0587 0.9900
vn 0.4729 -0.4351 0.7662
vn -0.4729 -0.4351 0.7662
vn 0.7581 -0.2506 0.6021
vn -0.7581 -0.2506 0.6021
vn 0.3927 0.5882 0.7070
vn -0.3927 0.5882 0.7070
vn 0.2064 0.6037 0.7700
vn -0.2064 0.6037 0.7700
vn -0.1233 0.5429 0.8307
vn 0.1233 0.5429 0.8307
vn -0.2108 0.2935 0.9324
vn 0.2108 0.2935 0.9324
vn -0.3795 -0.1107 0.9185
vn 0.3795 -0.1107 0.9185
vn -0.1182 -0.6766 0.7268
vn 0.1182 -0.6767 0.7268
vn -0.0883 -0.8066 0.5845
vn 0.0883 -0.8066 0.5845
vn 0.2363 -0.3276 0.9148
vn -0.2363 -0.3276 0.9148
vn 0.0596 -0.4436 0.8942
vn -0.0596 -0.4436 0.8942
vn 0.6607 0.3437 0.6674
vn -0.6607 0.3437 0.6674
vn 0.7996 0.0113 0.6005
vn -0.7996 0.0113 0.6005
vn -0.4821 0.8295 -0.2820
vn 0.4821 0.8295 -0.2820
vn -0.4975 0.4605 -0.7351
vn 0.4975 0.4605 -0.7351
vn 0.0652 0.6340 -0.7706
vn -0.0652 0.6340 -0.7706
vn 0.0824 0.8132 -0.5761
vn -0.0824 0.8132 -0.5761
vn 0.3712 0.9079 -0.1946
vn -0.3712 0.9079 -0.1946
vn 0.8296 0.4904 -0.2670
vn -0.8296 0.4904 -0.2670
vn 0.9348 -0.3543 -0.0252
vn -0.9348 -0.3543 -0.0252
vn 0.6323 -0.7706 0.0800
vn -0.6323 -0.7706 0.0800
vn 0.4227 -0.8955 0.1392
vn -0.4227 -0.8955 0.1392
vn -0.0000 0.8256 0.5642
vn -0.0000 1.0000 0.0076
vn -0.0000 -0.7261 -0.6876
vn -0.0000 -0.9852 -0.1716
vn -0.0000 -0.7568 -0.6537
vn -0.0000 -0.2842 -0.9588
vn -0.0000 -0.2414 -0.9704
vn -0.0000 -0.7848 -0.6197
vn 0.9791 -0.1523 0.1346
vn -0.9791 -0.1523 0.1346
vn 0.9930 -0.1150 0.0269
vn -0.9930 -0.1150 0.0269
vn 0.7116 0.0797 -0.6981
vn -0.7116 0.0797 -0.6981
vn 0.4233 0.2232 -0.8781
vn -0.4233 0.2232 -0.8781
vn 0.6842 -0.7084 0.1732
vn -0.6842 -0.7084 0.1732
vn 0.1733 -0.9845 0.0261
vn -0.1733 -0.9845 0.0261
vn 0.3173 -0.6041 -0.7310
vn -0.3173 -0.6041 -0.7310
vn 0.4068 -0.2909 -0.8660
vn -0.4068 -0.2909 -0.8660
vn 0.9200 0.0566 -0.3878
vn -0.9200 0.0566 -0.3878
vn 0.6215 -0.6350 -0.4589
vn -0.6215 -0.6350 -0.4589
vn 0.6146 0.0562 -0.7869
vn -0.6146 0.0562 -0.7869
vn 0.7458 0.0776 -0.6616
vn -0.7458 0.0776 -0.6616
vn 0.3926 -0.4720 -0.7893
vn -0.3926 -0.4720 -0.7893
vn 0.1425 -0.1743 -0.9743
vn -0.1425 -0.1743 -0.9743
vn 0.3430 -0.2273 -0.9114
vn -0.3430 -0.2273 -0.9114
vn 0.0377 -0.6693 -0.7420
vn -0.0377 -0.6693 -0.7420
vn 0.9181 -0.3836 0.0995
vn -0.9181 -0.3836 0.0995
vn 0.7544 -0.3374 0.5631
vn -0.7544 -0.3374 0.5631
vn 0.4896 -0.8606 0.1399
vn -0.4896 -0.8606 0.1399
vn 0.6072 -0.7945 -0.0114
vn -0.6072 -0.7945 -0.0114
vn 0.4670 -0.8570 -0.2179
vn -0.4670 -0.8570 -0.2179
vn 0.4303 -0.6951 -0.5759
vn -0.4303 -0.6951 -0.5759
vn 0.3456 0.7515 -0.5619
vn -0.3456 0.7515 -0.5619
vn 0.3357 0.9419 0.0094
vn -0.3357 0.9419 0.0094
vn 0.4058 0.7389 0.5379
vn -0.4058 0.7389 0.5379
vn 0.3635 0.7226 0.5879
vn -0.3635 0.7226 0.5879
vn 0.8474 0.4767 0.2339
vn -0.8474 0.4767 0.2339
vn 0.5311 0.7449 0.4038
vn -0.5311 0.7449 0.4038
vn 0.6366 0.6477 0.4187
vn -0.6366 0.6477 0.4187
vn 0.8583 0.4240 0.2889
vn -0.8583 0.4240 0.2889
vn 0.9118 0.4072 -0.0530
vn -0.9118 0.4072 -0.0530
vn 0.6682 0.7435 -0.0277
vn -0.6682 0.7435 -0.0277
vn 0.5884 0.5584 -0.5847
vn -0.5884 0.5584 -0.5847
vn 0.8680 0.3039 -0.3927
vn -0.8680 0.3039 -0.3927
vn 0.5767 0.0253 -0.8165
vn -0.5767 0.0253 -0.8165
vn 0.5741 -0.5509 -0.6058
vn -0.5741 -0.5509 -0.6058
vn 0.9022 0.4291 0.0436
vn -0.9022 0.4291 0.0436
vn 0.5755 -0.8033 0.1535
vn -0.5755 -0.8033 0.1535
vn 0.5396 -0.8242 -0.1719
vn -0.5396 -0.8242 -0.1719
vn -0.4906 0.8421 0.2240
vn 0.4906 0.8421 0.2240
vn 0.0636 -0.9783 0.1973
vn -0.0636 -0.9783 0.1973
vn 0.4603 -0.8533 0.2448
vn -0.4603 -0.8533 0.2448
vn 0.7196 -0.4449 0.5332
vn -0.7196 -0.4449 0.5332
vn 0.7591 0.0799 0.6461
vn -0.7591 0.0799 0.6461
vn 0.4671 0.8257 0.3163
vn -0.4671 0.8257 0.3163
vn -0.1945 0.9717 0.1342
vn 0.1945 0.9717 0.1342
vn 0.5622 -0.2448 0.7900
vn -0.5622 -0.2448 0.7900
vn 0.2697 -0.2629 0.9264
vn -0.2697 -0.2629 0.9264
vn -0.1605 -0.0511 0.9857
vn 0.1605 -0.0511 0.9857
vn -0.0965 0.3439 0.9340
vn 0.0965 0.3439 0.9340
vn 0.4368 0.3528 0.8275
vn -0.4368 0.3528 0.8275
vn 0.3675 0.2854 0.8851
vn -0.3675 0.2854 0.8851
vn 0.5365 -0.1625 0.8281
vn -0.5365 -0.1625 0.8281
vn 0.6940 -0.5234 0.4945
vn -0.6940 -0.5234 0.4945
vn 0.1191 0.9230 0.3659
vn -0.1191 0.9230 0.3659
vn -0.1380 0.9453 0.2955
vn 0.1380 0.9453 0.2955
vn -0.7798 0.6246 0.0421
vn 0.7798 0.6246 0.0421
vn -0.9894 -0.0698 0.1271
vn 0.9894 -0.0698 0.1271
vn -0.0728 -0.7490 0.6585
vn 0.0728 -0.7490 0.6585
vn 0.5204 -0.6482 0.5560
vn -0.5204 -0.6482 0.5560
vn 0.6648 -0.2860 0.6901
vn -0.6648 -0.2860 0.6901
vn 0.7216 -0.5669 0.3974
vn -0.7216 -0.5669 0.3974
vn 0.9501 -0.0471 0.3082
vn -0.9502 -0.0471 0.3082
vn 0.5747 0.6137 0.5414
vn -0.5747 0.6137 0.5414
vn 0.7335 0.0244 0.6793
vn -0.7335 0.0244 0.6793
vn 0.4448 0.8145 0.3725
vn -0.4448 0.8145 0.3725
vn 0.9154 -0.3881 -0.1064
vn -0.9154 -0.3881 -0.1064
vn 0.6985 0.1839 0.6916
vn -0.6985 0.1839 0.6916
vn 0.9363 -0.1357 0.3240
vn -0.9363 -0.1357 0.3240
vn 0.8891 -0.4044 0.2143
vn -0.8891 -0.4044 0.2143
vn 0.6852 -0.5127 0.5174
vn -0.6852 -0.5127 0.5174
vn 0.5570 -0.3505 0.7529
vn -0.5570 -0.3505 0.7529
vn 0.0229 0.8227 0.5681
vn -0.0229 0.8227 0.5681
vn 0.4667 0.0690 0.8817
vn -0.4667 0.0690 0.8817
vn 0.4058 0.3787 0.8318
vn -0.4058 0.3788 0.8318
vn 0.5895 -0.0976 0.8018
vn -0.5895 -0.0976 0.8018
vn 0.4454 -0.3908 0.8056
vn -0.4454 -0.3908 0.8056
vn 0.5353 -0.1240 0.8355
vn -0.5353 -0.1240 0.8355
vn 0.3248 -0.0112 0.9457
vn -0.3248 -0.0112 0.9457
vn 0.3567 0.0180 0.9341
vn -0.3567 0.0180 0.9341
vn 0.3405 -0.0178 0.9401
vn -0.3405 -0.0178 0.9401
vn 0.4527 0.2754 0.8481
vn -0.4527 0.2754 0.8481
vn 0.1809 0.6969 0.6940
vn -0.1809 0.6969 0.6940
vn 0.6088 -0.2411 0.7558
vn -0.6088 -0.2411 0.7558
vn 0.2038 0.0111 0.9790
vn -0.2038 0.0111 0.9790
vn 0.2107 0.2150 0.9536
vn -0.2107 0.2150 0.9536
vn 0.4625 -0.0363 0.8859
vn -0.4625 -0.0363 0.8859
vn 0.3460 -0.0152 0.9381
vn -0.3460 -0.0152 0.9381
vn 0.3258 0.0308 0.9449
vn -0.3258 0.0308 0.9449
vn 0.3958 -0.1675 0.9029
vn -0.3958 -0.1675 0.9029
vn 0.4961 -0.0160 0.8681
vn -0.4961 -0.0160 0.8681
vn 0.3820 0.2946 0.8760
vn -0.3820 0.2946 0.8760
vn -0.4341 0.2551 -0.8640
vn 0.4341 0.2551 -0.8640
vn -0.0227 0.3117 -0.9499
vn 0.0227 0.3117 -0.9499
vn 0.9223 0.1085 -0.3710
vn -0.9223 0.1085 -0.3710
vn 0.2487 -0.3241 -0.9127
vn -0.2487 -0.3241 -0.9127
vn -0.2773 -0.3174 -0.9068
vn 0.2773 -0.3174 -0.9068
vn -0.1917 -0.4245 -0.8849
vn 0.1917 -0.4245 -0.8849
vn -0.3532 0.3217 -0.8785
vn 0.3532 0.3217 -0.8785
vn 0.7751 -0.0002 0.6318
vn 0.7553 -0.0002 0.6553
vn 0.7591 -0.0003 0.6510
vn 0.7881 -0.1261 0.6024
vn 0.7555 -0.2531 0.6042
vn 0.6968 -0.3784 0.6093
vn 0.5825 -0.4522 0.6754
vn 0.5816 -0.4468 0.6798
vn 0.5978 -0.4665 0.6520
vn 0.7058 -0.3878 0.5928
vn 0.7636 -0.2643 0.5891
vn 0.7980 -0.1349 0.5873
vn -0.7980 -0.1349 0.5873
vn -0.7636 -0.2643 0.5891
vn -0.7058 -0.3878 0.5928
vn -0.5978 -0.4665 0.6520
vn -0.5816 -0.4468 0.6798
vn -0.5825 -0.4522 0.6754
vn -0.6968 -0.3784 0.6093
vn -0.7555 -0.2531 0.6042
vn -0.7881 -0.1261 0.6024
vn -0.7591 -0.0003 0.6510
vn -0.7553 -0.0002 0.6553
vn -0.7751 -0.0002 0.6318
vn 0.8804 -0.0004 0.4742
vn 0.8675 -0.0003 0.4975
vn 0.8439 -0.0003 0.5364
vn 0.6459 -0.5414 0.5382
vn 0.6597 -0.5691 0.4909
vn 0.6656 -0.5858 0.4624
vn 0.7670 -0.4484 0.4590
vn 0.8325 -0.3046 0.4627
vn 0.8717 -0.1548 0.4650
vn -0.8717 -0.1548 0.4650
vn -0.8325 -0.3046 0.4627
vn -0.7670 -0.4484 0.4590
vn -0.6656 -0.5858 0.4624
vn -0.6597 -0.5691 0.4909
vn -0.6459 -0.5414 0.5382
vn -0.8439 -0.0003 0.5364
vn -0.8675 -0.0003 0.4975
vn -0.8804 -0.0004 0.4742
vn 0.5190 -0.6020 0.6069
vn 0.3999 -0.6783 0.6165
vn 0.2658 -0.7319 0.6275
vn 0.1007 -0.8232 0.5587
vn 0.0887 -0.8649 0.4941
vn 0.0814 -0.8869 0.4548
vn 0.2608 -0.8599 0.4387
vn 0.4162 -0.7951 0.4411
vn 0.5540 -0.7025 0.4468
vn -0.5540 -0.7025 0.4468
vn -0.4162 -0.7951 0.4411
vn -0.2608 -0.8599 0.4387
vn -0.0814 -0.8869 0.4548
vn -0.0887 -0.8649 0.4941
vn -0.1007 -0.8232 0.5587
vn -0.2658 -0.7319 0.6275
vn -0.3999 -0.6783 0.6165
vn -0.5190 -0.6020 0.6069
vn 0.5054 -0.5921 0.6277
vn 0.3906 -0.6640 0.6376
vn 0.2656 -0.7142 0.6476
vn 0.1377 -0.6663 0.7329
vn 0.1370 -0.6585 0.7400
vn 0.1294 -0.6953 0.7070
vn -0.1294 -0.6953 0.7070
vn -0.1370 -0.6585 0.7400
vn -0.1377 -0.6663 0.7329
vn -0.2656 -0.7142 0.6476
vn -0.3906 -0.6640 0.6376
vn -0.5054 -0.5921 0.6277
vn -0.0232 -0.7439 0.6678
vn -0.1743 -0.7141 0.6780
vn -0.3218 -0.6501 0.6884
vn -0.3964 -0.4949 0.7733
vn -0.3889 -0.4861 0.7826
vn -0.4166 -0.5098 0.7527
vn -0.3357 -0.6555 0.6765
vn -0.1923 -0.7230 0.6635
vn -0.0407 -0.7576 0.6514
vn 0.0407 -0.7576 0.6514
vn 0.1923 -0.7230 0.6635
vn 0.3357 -0.6555 0.6765
vn 0.4166 -0.5098 0.7527
vn 0.3889 -0.4861 0.7826
vn 0.3964 -0.4949 0.7733
vn 0.3218 -0.6501 0.6884
vn 0.1743 -0.7141 0.6780
vn 0.0232 -0.7439 0.6678
vn -0.5150 -0.5988 0.6134
vn -0.5468 -0.6295 0.5521
vn -0.5624 -0.6472 0.5147
vn -0.4193 -0.7694 0.4818
vn -0.2601 -0.8470 0.4636
vn -0.0901 -0.8886 0.4498
vn 0.0901 -0.8886 0.4498
vn 0.2601 -0.8470 0.4636
vn 0.4193 -0.7694 0.4818
vn 0.5624 -0.6472 0.5147
vn 0.5468 -0.6295 0.5521
vn 0.5150 -0.5988 0.6134
vn -0.5712 -0.4276 0.7006
vn -0.6432 -0.2897 0.7088
vn -0.6846 -0.1466 0.7140
vn -0.7620 -0.0003 0.6476
vn -0.8059 -0.0004 0.5921
vn -0.8299 -0.0004 0.5580
vn -0.8210 -0.1778 0.5426
vn -0.7701 -0.3492 0.5338
vn -0.6848 -0.5103 0.5201
vn 0.6848 -0.5103 0.5201
vn 0.7701 -0.3492 0.5338
vn 0.8210 -0.1778 0.5426
vn 0.8299 -0.0004 0.5580
vn 0.8059 -0.0004 0.5921
vn 0.7620 -0.0003 0.6476
vn 0.6846 -0.1466 0.7140
vn 0.6432 -0.2897 0.7088
vn 0.5712 -0.4276 0.7006
vn -0.5732 -0.4254 0.7003
vn -0.6530 -0.2875 0.7007
vn -0.6992 -0.1444 0.7002
vn -0.6228 -0.0003 0.7824
vn -0.6053 -0.0002 0.7960
vn -0.6362 -0.0002 0.7715
vn 0.6362 -0.0002 0.7715
vn 0.6053 -0.0002 0.7960
vn 0.6228 -0.0003 0.7824
vn 0.6992 -0.1444 0.7002
vn 0.6530 -0.2875 0.7007
vn 0.5732 -0.4255 0.7003
vn -0.7031 0.1408 0.6970
vn -0.6646 0.2795 0.6930
vn -0.5952 0.4178 0.6864
vn -0.4209 0.4999 0.7569
vn -0.4072 0.4910 0.7701
vn -0.4280 0.5116 0.7451
vn -0.5741 0.4229 0.7011
vn -0.6445 0.2862 0.7090
vn -0.6849 0.1450 0.7141
vn 0.6849 0.1450 0.7141
vn 0.6445 0.2862 0.7090
vn 0.5741 0.4229 0.7011
vn 0.4280 0.5116 0.7451
vn 0.4072 0.4910 0.7701
vn 0.4209 0.4999 0.7569
vn 0.5952 0.4178 0.6864
vn 0.6646 0.2795 0.6930
vn 0.7031 0.1408 0.6970
vn -0.5121 0.5884 0.6257
vn -0.5403 0.6144 0.5750
vn -0.5549 0.6289 0.5445
vn -0.6783 0.4970 0.5413
vn -0.7655 0.3417 0.5452
vn -0.8184 0.1759 0.5471
vn 0.8184 0.1759 0.5471
vn 0.7655 0.3417 0.5452
vn 0.6783 0.4970 0.5413
vn 0.5549 0.6289 0.5445
vn 0.5403 0.6144 0.5750
vn 0.5121 0.5884 0.6257
vn -0.3387 0.6530 0.6774
vn -0.1940 0.7217 0.6644
vn -0.0410 0.7568 0.6523
vn 0.1044 0.8089 0.5786
vn 0.0954 0.8421 0.5309
vn 0.0900 0.8599 0.5025
vn -0.0770 0.8619 0.5012
vn -0.2457 0.8232 0.5119
vn -0.4064 0.7487 0.5237
vn 0.4064 0.7487 0.5237
vn 0.2457 0.8232 0.5119
vn 0.0770 0.8619 0.5012
vn -0.0900 0.8599 0.5025
vn -0.0954 0.8421 0.5309
vn -0.1044 0.8089 0.5786
vn 0.0410 0.7568 0.6523
vn 0.1940 0.7217 0.6644
vn 0.3387 0.6530 0.6774
vn -0.3512 0.6643 0.6599
vn -0.1977 0.7390 0.6440
vn -0.0384 0.7749 0.6309
vn 0.1322 0.6980 0.7038
vn 0.1329 0.6833 0.7180
vn 0.1269 0.7092 0.6935
vn -0.1269 0.7092 0.6935
vn -0.1329 0.6833 0.7180
vn -0.1322 0.6980 0.7038
vn 0.0384 0.7749 0.6309
vn 0.1977 0.7390 0.6440
vn 0.3512 0.6643 0.6599
vn 0.2665 0.7448 0.6117
vn 0.4001 0.6885 0.6049
vn 0.5222 0.6061 0.6000
vn 0.5986 0.4567 0.6582
vn 0.5935 0.4510 0.6666
vn 0.6053 0.4678 0.6441
vn 0.5217 0.5991 0.6073
vn 0.4017 0.6766 0.6171
vn 0.2667 0.7309 0.6283
vn -0.2667 0.7309 0.6283
vn -0.4017 0.6766 0.6171
vn -0.5217 0.5991 0.6073
vn -0.6053 0.4678 0.6441
vn -0.5935 0.4510 0.6666
vn -0.5986 0.4567 0.6582
vn -0.5222 0.6061 0.6000
vn -0.4001 0.6885 0.6049
vn -0.2665 0.7448 0.6117
vn 0.6459 0.5309 0.5485
vn 0.6585 0.5535 0.5099
vn 0.6647 0.5664 0.4871
vn 0.5525 0.6798 0.4823
vn 0.4165 0.7694 0.4843
vn 0.2646 0.8322 0.4873
vn -0.2646 0.8322 0.4873
vn -0.4165 0.7694 0.4843
vn -0.5525 0.6798 0.4823
vn -0.6647 0.5664 0.4871
vn -0.6585 0.5535 0.5099
vn -0.6459 0.5309 0.5485
vn 0.7082 0.3833 0.5929
vn 0.7647 0.2610 0.5891
vn 0.7982 0.1335 0.5874
vn 0.8701 0.1529 0.4685
vn 0.8302 0.2975 0.4715
vn 0.7646 0.4351 0.4755
vn -0.7646 0.4351 0.4755
vn -0.8302 0.2975 0.4715
vn -0.8701 0.1529 0.4685
vn -0.7982 0.1335 0.5874
vn -0.7647 0.2610 0.5891
vn -0.7082 0.3833 0.5929
vn 0.7120 0.3719 0.5957
vn 0.7636 0.2462 0.5970
vn 0.7908 0.1230 0.5995
vn -0.7908 0.1230 0.5995
vn -0.7636 0.2462 0.5970
vn -0.7120 0.3719 0.5957
vn 0.7429 -0.0004 0.6694
vn 0.8482 -0.0004 0.5297
vn 0.8515 -0.0005 0.5244
vn 0.6685 0.5487 0.5019
vn 0.6705 0.5429 0.5056
vn 0.6040 0.4347 0.6681
vn 0.5333 0.2152 0.8181
vn 0.5715 0.1399 0.8086
vn 0.5838 0.0614 0.8095
vn -0.5838 0.0614 0.8095
vn -0.5715 0.1398 0.8086
vn -0.5333 0.2152 0.8181
vn -0.6040 0.4347 0.6681
vn -0.6705 0.5429 0.5056
vn -0.6685 0.5487 0.5019
vn -0.8515 -0.0005 0.5244
vn -0.8482 -0.0004 0.5296
vn -0.7429 -0.0004 0.6694
vn 0.0952 0.8692 0.4852
vn 0.0930 0.8791 0.4675
vn 0.1348 0.7345 0.6651
vn 0.2695 0.4590 0.8466
vn 0.3638 0.4204 0.8312
vn 0.4395 0.3488 0.8278
vn -0.4395 0.3488 0.8277
vn -0.3638 0.4204 0.8312
vn -0.2695 0.4590 0.8466
vn -0.1348 0.7345 0.6651
vn -0.0930 0.8791 0.4675
vn -0.0952 0.8692 0.4852
vn -0.5754 0.6141 0.5402
vn -0.5879 0.6201 0.5195
vn -0.4597 0.5203 0.7197
vn -0.1560 0.4026 0.9020
vn -0.0471 0.4676 0.8827
vn 0.0786 0.4855 0.8707
vn -0.0786 0.4855 0.8707
vn 0.0471 0.4676 0.8827
vn 0.1560 0.4026 0.9020
vn 0.4597 0.5203 0.7197
vn 0.5879 0.6201 0.5195
vn 0.5754 0.6141 0.5402
vn -0.8351 -0.0006 0.5501
vn -0.8638 -0.0005 0.5038
vn -0.7118 -0.0006 0.7024
vn -0.4058 0.0771 0.9107
vn -0.3812 0.1754 0.9077
vn -0.3118 0.2632 0.9130
vn 0.3118 0.2632 0.9130
vn 0.3812 0.1754 0.9077
vn 0.4058 0.0771 0.9107
vn 0.7118 -0.0006 0.7024
vn 0.8638 -0.0005 0.5038
vn 0.8351 -0.0006 0.5501
vn -0.5473 -0.6219 0.5600
vn -0.5681 -0.6365 0.5217
vn -0.4528 -0.5436 0.7067
vn -0.3128 -0.2820 0.9070
vn -0.3831 -0.1870 0.9046
vn -0.4073 -0.0810 0.9097
vn 0.4073 -0.0810 0.9097
vn 0.3831 -0.1870 0.9046
vn 0.3128 -0.2820 0.9070
vn 0.4528 -0.5436 0.7067
vn 0.5681 -0.6365 0.5217
vn 0.5473 -0.6219 0.5600
vn 0.1023 -0.8478 0.5204
vn 0.0944 -0.8759 0.4732
vn 0.1307 -0.7531 0.6448
vn 0.0720 -0.5129 0.8554
vn -0.0542 -0.4935 0.8680
vn -0.1608 -0.4265 0.8901
vn 0.1608 -0.4265 0.8901
vn 0.0542 -0.4935 0.8680
vn -0.0720 -0.5129 0.8554
vn -0.1307 -0.7531 0.6448
vn -0.0944 -0.8759 0.4732
vn -0.1023 -0.8478 0.5204
vn 0.6494 -0.5542 0.5208
vn 0.6554 -0.5575 0.5095
vn 0.5972 -0.4563 0.6596
vn 0.4402 -0.3704 0.8180
vn 0.3650 -0.4444 0.8181
vn 0.2694 -0.4852 0.8319
vn -0.2694 -0.4852 0.8319
vn -0.3650 -0.4444 0.8181
vn -0.4402 -0.3704 0.8180
vn -0.5972 -0.4563 0.6596
vn -0.6554 -0.5575 0.5095
vn -0.6494 -0.5542 0.5208
vn 0.5847 -0.0644 0.8087
vn 0.5724 -0.1492 0.8063
vn 0.5331 -0.2310 0.8139
vn -0.5331 -0.2310 0.8139
vn -0.5724 -0.1492 0.8063
vn -0.5847 -0.0644 0.8087
vn 0.4672 -0.0002 0.8842
vn 0.3917 -0.0001 0.9201
vn 0.3185 -0.0003 0.9479
vn 0.2911 -0.0626 0.9546
vn 0.3464 -0.1185 0.9306
vn 0.4027 -0.1856 0.8963
vn -0.3185 -0.0003 0.9479
vn -0.3917 -0.0001 0.9201
vn -0.4672 -0.0002 0.8842
vn -0.4027 -0.1856 0.8963
vn -0.3464 -0.1185 0.9306
vn -0.2911 -0.0626 0.9546
vn 0.2035 -0.0929 0.9747
vn 0.2052 -0.1834 0.9614
vn 0.1987 -0.3009 0.9327
vn -0.1987 -0.3009 0.9327
vn -0.2052 -0.1834 0.9614
vn -0.2035 -0.0929 0.9747
vn 0.0949 -0.0544 0.9940
vn 0.0190 -0.1138 0.9933
vn -0.0737 -0.1997 0.9771
vn 0.0737 -0.1997 0.9771
vn -0.0190 -0.1138 0.9933
vn -0.0949 -0.0544 0.9940
vn 0.0509 -0.0001 0.9987
vn -0.0522 -0.0001 0.9986
vn -0.1760 -0.0002 0.9844
vn 0.1760 -0.0002 0.9844
vn 0.0522 -0.0001 0.9986
vn -0.0509 -0.0001 0.9987
vn 0.0949 0.0519 0.9941
vn 0.0197 0.1071 0.9941
vn -0.0721 0.1866 0.9798
vn 0.0721 0.1866 0.9798
vn -0.0197 0.1071 0.9941
vn -0.0949 0.0519 0.9941
vn 0.2035 0.0884 0.9751
vn 0.2056 0.1731 0.9632
vn 0.1999 0.2827 0.9381
vn -0.1999 0.2827 0.9381
vn -0.2056 0.1731 0.9632
vn -0.2035 0.0884 0.9751
vn 0.2912 0.0597 0.9548
vn 0.3462 0.1116 0.9315
vn 0.4022 0.1735 0.8990
vn -0.4022 0.1735 0.8990
vn -0.3462 0.1116 0.9315
vn -0.2912 0.0597 0.9548
vn 0.0519 -0.9903 0.1291
vn 0.0935 -0.9888 0.1164
vn 0.1238 -0.9872 0.1007
vn 0.1590 -0.9539 0.2545
vn 0.1633 -0.9005 0.4031
vn 0.1605 -0.8368 0.5234
vn 0.1220 -0.7878 0.6037
vn 0.0878 -0.7947 0.6006
vn 0.0473 -0.7985 0.6002
vn -0.0000 -0.8491 0.5282
vn -0.0000 -0.9060 0.4232
vn -0.0000 -0.9575 0.2885
vn -0.0473 -0.7985 0.6002
vn -0.0878 -0.7947 0.6006
vn -0.1220 -0.7878 0.6037
vn -0.1605 -0.8368 0.5234
vn -0.1633 -0.9005 0.4031
vn -0.1590 -0.9539 0.2545
vn -0.1238 -0.9872 0.1007
vn -0.0935 -0.9888 0.1164
vn -0.0519 -0.9903 0.1291
vn 0.1827 -0.9801 0.0772
vn 0.2554 -0.9638 0.0760
vn 0.3855 -0.9189 0.0843
vn 0.5312 -0.7752 0.3420
vn 0.4781 -0.6998 0.5308
vn 0.4303 -0.6112 0.6643
vn 0.3237 -0.6208 0.7140
vn 0.2541 -0.6978 0.6697
vn 0.1951 -0.7487 0.6336
vn -0.1951 -0.7487 0.6336
vn -0.2541 -0.6978 0.6697
vn -0.3237 -0.6208 0.7140
vn -0.4303 -0.6112 0.6643
vn -0.4781 -0.6998 0.5308
vn -0.5312 -0.7752 0.3420
vn -0.3855 -0.9189 0.0843
vn -0.2554 -0.9639 0.0760
vn -0.1827 -0.9801 0.0772
vn 0.7915 -0.5999 0.1172
vn 0.9255 -0.3578 0.1239
vn 0.9792 -0.1644 0.1188
vn 0.9213 -0.1232 0.3687
vn 0.7924 -0.1815 0.5824
vn 0.6537 -0.2124 0.7263
vn 0.5032 -0.2899 0.8141
vn 0.4724 -0.3598 0.8046
vn 0.4368 -0.4380 0.7858
vn -0.4368 -0.4380 0.7858
vn -0.4724 -0.3598 0.8046
vn -0.5032 -0.2899 0.8141
vn -0.6537 -0.2124 0.7263
vn -0.7924 -0.1815 0.5824
vn -0.9213 -0.1232 0.3687
vn -0.9792 -0.1644 0.1188
vn -0.9255 -0.3578 0.1239
vn -0.7915 -0.5999 0.1172
vn 0.9947 0.0291 0.0982
vn 0.9928 0.0729 0.0950
vn 0.9902 0.1006 0.0967
vn 0.9322 0.0857 0.3518
vn 0.8284 0.0504 0.5579
vn 0.7088 0.0185 0.7051
vn 0.5882 -0.0428 0.8076
vn 0.5791 -0.0925 0.8100
vn 0.5598 -0.1553 0.8139
vn -0.5598 -0.1553 0.8139
vn -0.5791 -0.0925 0.8100
vn -0.5882 -0.0428 0.8076
vn -0.7088 0.0185 0.7051
vn -0.8284 0.0504 0.5579
vn -0.9322 0.0857 0.3518
vn -0.9902 0.1006 0.0967
vn -0.9928 0.0729 0.0950
vn -0.9947 0.0291 0.0982
vn 0.9853 0.1328 0.1074
vn 0.9816 0.1506 0.1172
vn 0.9758 0.1759 0.1297
vn 0.9136 0.1965 0.3559
vn 0.8333 0.1655 0.5275
vn 0.7370 0.1249 0.6642
vn 0.6084 0.0565 0.7916
vn 0.5986 0.0360 0.8003
vn 0.5932 0.0163 0.8049
vn -0.5932 0.0163 0.8049
vn -0.5986 0.0360 0.8003
vn -0.6084 0.0565 0.7916
vn -0.7370 0.1249 0.6642
vn -0.8333 0.1655 0.5275
vn -0.9136 0.1965 0.3559
vn -0.9758 0.1759 0.1297
vn -0.9816 0.1506 0.1172
vn -0.9853 0.1328 0.1074
vn 0.5708 -0.5155 0.6392
vn 0.5747 -0.6530 0.4932
vn 0.5586 -0.7332 0.3879
vn 0.3909 -0.8796 0.2710
vn 0.3364 -0.9024 0.2694
vn 0.3319 -0.9050 0.2660
vn 0.3641 -0.8248 0.4326
vn 0.3728 -0.7513 0.5446
vn 0.3823 -0.6717 0.6345
vn 0.3827 -0.5518 0.7410
vn 0.3916 -0.5111 0.7651
vn 0.3981 -0.4311 0.8098
vn -0.3981 -0.4311 0.8098
vn -0.3916 -0.5111 0.7651
vn -0.3827 -0.5518 0.7410
vn -0.3823 -0.6717 0.6345
vn -0.3728 -0.7513 0.5446
vn -0.3641 -0.8248 0.4326
vn -0.3319 -0.9050 0.2660
vn -0.3364 -0.9024 0.2694
vn -0.3909 -0.8796 0.2710
vn -0.5586 -0.7332 0.3879
vn -0.5747 -0.6530 0.4932
vn -0.5708 -0.5155 0.6392
vn 0.4131 -0.8760 0.2489
vn 0.4768 -0.8473 0.2339
vn 0.5460 -0.8095 0.2158
vn 0.6019 -0.6800 0.4187
vn 0.5706 -0.5948 0.5662
vn 0.5357 -0.5197 0.6655
vn 0.4539 -0.4990 0.7382
vn 0.4192 -0.5392 0.7304
vn 0.3952 -0.5635 0.7254
vn -0.3952 -0.5635 0.7254
vn -0.4192 -0.5392 0.7304
vn -0.4539 -0.4990 0.7382
vn -0.5357 -0.5197 0.6655
vn -0.5706 -0.5948 0.5662
vn -0.6019 -0.6800 0.4187
vn -0.5460 -0.8095 0.2158
vn -0.4768 -0.8473 0.2339
vn -0.4131 -0.8760 0.2489
vn 0.6834 -0.7053 0.1885
vn 0.7510 -0.6335 0.1860
vn 0.8181 -0.5432 0.1889
vn 0.8048 -0.4177 0.4216
vn 0.7284 -0.3886 0.5642
vn 0.6611 -0.3571 0.6599
vn 0.5914 -0.3392 0.7316
vn 0.5724 -0.3654 0.7341
vn 0.5398 -0.4015 0.7399
vn -0.5398 -0.4015 0.7399
vn -0.5724 -0.3654 0.7341
vn -0.5914 -0.3392 0.7316
vn -0.6611 -0.3571 0.6599
vn -0.7284 -0.3886 0.5642
vn -0.8048 -0.4177 0.4216
vn -0.8181 -0.5432 0.1889
vn -0.7510 -0.6335 0.1860
vn -0.6834 -0.7053 0.1885
vn 0.9270 -0.3161 0.2017
vn 0.9598 -0.1893 0.2073
vn 0.9772 -0.0258 0.2108
vn 0.8699 0.0320 0.4921
vn 0.7401 -0.1259 0.6606
vn 0.6124 -0.2346 0.7549
vn 0.5135 -0.3064 0.8015
vn 0.5469 -0.3078 0.7785
vn 0.5764 -0.3129 0.7549
vn -0.5764 -0.3129 0.7549
vn -0.5469 -0.3078 0.7786
vn -0.5135 -0.3064 0.8015
vn -0.6124 -0.2346 0.7549
vn -0.7401 -0.1259 0.6606
vn -0.8699 0.0320 0.4921
vn -0.9772 -0.0258 0.2108
vn -0.9598 -0.1893 0.2073
vn -0.9270 -0.3161 0.2017
vn 0.8313 0.5128 0.2145
vn 0.6464 0.7365 0.1994
vn 0.5140 0.8394 0.1766
vn 0.5152 0.7566 0.4026
vn 0.5249 0.5747 0.6278
vn 0.4834 0.3097 0.8188
vn 0.3959 -0.1032 0.9125
vn 0.4354 -0.1895 0.8801
vn 0.4651 -0.2631 0.8452
vn -0.4651 -0.2631 0.8452
vn -0.4354 -0.1895 0.8801
vn -0.3959 -0.1032 0.9125
vn -0.4834 0.3097 0.8188
vn -0.5249 0.5747 0.6278
vn -0.5152 0.7566 0.4026
vn -0.5140 0.8394 0.1766
vn -0.6464 0.7365 0.1994
vn -0.8313 0.5128 0.2145
vn 0.4882 0.8611 0.1418
vn 0.5126 0.8479 0.1351
vn 0.5446 0.8275 0.1364
vn 0.5846 0.7142 0.3849
vn 0.5483 0.5804 0.6021
vn 0.4630 0.3688 0.8060
vn 0.3123 0.0544 0.9484
vn 0.3192 0.0434 0.9467
vn 0.3331 0.0175 0.9427
vn -0.3331 0.0175 0.9427
vn -0.3192 0.0434 0.9467
vn -0.3123 0.0544 0.9484
vn -0.4630 0.3688 0.8060
vn -0.5483 0.5804 0.6021
vn -0.5846 0.7142 0.3849
vn -0.5446 0.8275 0.1364
vn -0.5127 0.8479 0.1351
vn -0.4882 0.8611 0.1418
vn 0.6043 0.7810 0.1578
vn 0.5861 0.7924 0.1691
vn 0.5076 0.8430 0.1781
vn 0.3575 0.8103 0.4644
vn 0.3465 0.6294 0.6956
vn 0.3082 0.3789 0.8726
vn 0.2782 0.0630 0.9585
vn 0.2993 0.0581 0.9524
vn 0.3083 0.0562 0.9496
vn -0.3083 0.0562 0.9496
vn -0.2993 0.0581 0.9524
vn -0.2782 0.0630 0.9585
vn -0.3082 0.3789 0.8726
vn -0.3465 0.6294 0.6956
vn -0.3575 0.8103 0.4644
vn -0.5076 0.8430 0.1781
vn -0.5861 0.7924 0.1691
vn -0.6043 0.7810 0.1578
vn 0.0888 0.9785 0.1860
vn -0.2050 0.9621 0.1799
vn -0.4820 0.8608 0.1636
vn -0.6154 0.6488 0.4476
vn -0.4700 0.5166 0.7157
vn -0.2553 0.3125 0.9149
vn 0.0655 0.0630 0.9959
vn 0.1285 0.0713 0.9892
vn 0.1890 0.0732 0.9792
vn -0.1890 0.0732 0.9792
vn -0.1285 0.0713 0.9892
vn -0.0655 0.0630 0.9959
vn 0.2553 0.3125 0.9149
vn 0.4700 0.5166 0.7157
vn 0.6154 0.6488 0.4476
vn 0.4820 0.8608 0.1636
vn 0.2050 0.9621 0.1799
vn -0.0888 0.9785 0.1860
vn -0.8106 0.5754 0.1089
vn -0.8611 0.5011 0.0862
vn -0.8715 0.4847 0.0744
vn -0.8068 0.4915 0.3279
vn -0.6976 0.4174 0.5823
vn -0.4880 0.2698 0.8301
vn -0.1258 0.0318 0.9915
vn -0.0876 0.0351 0.9955
vn -0.0438 0.0407 0.9982
vn 0.0438 0.0407 0.9982
vn 0.0876 0.0351 0.9955
vn 0.1258 0.0318 0.9915
vn 0.4880 0.2698 0.8301
vn 0.6976 0.4174 0.5823
vn 0.8068 0.4915 0.3279
vn 0.8715 0.4847 0.0744
vn 0.8611 0.5011 0.0862
vn 0.8106 0.5754 0.1089
vn -0.7747 0.6236 0.1044
vn -0.6343 0.7591 0.1465
vn -0.3777 0.9053 0.1943
vn -0.0000 0.8901 0.4558
vn -0.0000 0.7047 0.7095
vn -0.0000 0.3686 0.9296
vn -0.0859 0.0162 0.9962
vn -0.1451 0.0310 0.9889
vn -0.1653 0.0279 0.9859
vn 0.1653 0.0279 0.9859
vn 0.1451 0.0310 0.9889
vn 0.0859 0.0162 0.9962
vn 0.3777 0.9053 0.1943
vn 0.6343 0.7591 0.1465
vn 0.7747 0.6236 0.1044
vn 0.1624 -0.1937 0.9675
vn 0.3280 -0.2961 0.8970
vn 0.3700 -0.3033 0.8781
vn 0.3262 -0.2453 0.9129
vn 0.3248 -0.2538 0.9111
vn 0.3111 -0.2614 0.9137
vn 0.3199 -0.3282 0.8888
vn 0.3055 -0.2940 0.9057
vn 0.2141 -0.1736 0.9613
vn -0.2141 -0.1736 0.9613
vn -0.3055 -0.2940 0.9057
vn -0.3199 -0.3282 0.8888
vn -0.3111 -0.2614 0.9137
vn -0.3248 -0.2538 0.9111
vn -0.3262 -0.2453 0.9129
vn -0.3700 -0.3033 0.8781
vn -0.3280 -0.2961 0.8970
vn -0.1624 -0.1937 0.9675
vn 0.2532 -0.2837 0.9249
vn 0.2109 -0.2959 0.9317
vn 0.1639 -0.3027 0.9389
vn 0.1123 -0.3740 0.9206
vn 0.1252 -0.3395 0.9322
vn 0.1680 -0.1976 0.9658
vn -0.1680 -0.1976 0.9658
vn -0.1252 -0.3395 0.9322
vn -0.1123 -0.3740 0.9206
vn -0.1639 -0.3027 0.9389
vn -0.2109 -0.2959 0.9317
vn -0.2532 -0.2837 0.9249
vn 0.0993 -0.2823 0.9542
vn 0.1087 -0.2578 0.9601
vn 0.1382 -0.2384 0.9613
vn 0.0805 -0.3917 0.9166
vn 0.0719 -0.3829 0.9210
vn 0.1500 -0.2355 0.9602
vn -0.1500 -0.2355 0.9602
vn -0.0719 -0.3829 0.9210
vn -0.0805 -0.3917 0.9166
vn -0.1382 -0.2384 0.9613
vn -0.1087 -0.2578 0.9601
vn -0.0993 -0.2823 0.9542
vn 0.1799 -0.2705 0.9458
vn 0.1693 -0.3181 0.9328
vn 0.1476 -0.3563 0.9226
vn 0.0538 -0.4684 0.8819
vn 0.0806 -0.4581 0.8852
vn 0.1923 -0.3208 0.9274
vn -0.1923 -0.3208 0.9274
vn -0.0806 -0.4581 0.8852
vn -0.0538 -0.4684 0.8819
vn -0.1476 -0.3563 0.9226
vn -0.1693 -0.3181 0.9328
vn -0.1799 -0.2705 0.9458
vn 0.1304 -0.3152 0.9400
vn 0.1551 -0.2497 0.9558
vn 0.2005 -0.1893 0.9612
vn 0.2185 -0.2244 0.9497
vn 0.2642 -0.2868 0.9208
vn 0.3636 -0.3167 0.8761
vn -0.3636 -0.3167 0.8761
vn -0.2642 -0.2868 0.9208
vn -0.2185 -0.2244 0.9497
vn -0.2005 -0.1893 0.9612
vn -0.1551 -0.2497 0.9558
vn -0.1304 -0.3152 0.9400
vn 0.3160 -0.1341 0.9392
vn 0.3703 -0.1390 0.9185
vn 0.4150 -0.1627 0.8952
vn 0.4314 -0.2101 0.8773
vn 0.4619 -0.2424 0.8532
vn 0.5221 -0.2832 0.8045
vn -0.5221 -0.2832 0.8045
vn -0.4619 -0.2424 0.8532
vn -0.4314 -0.2101 0.8773
vn -0.4150 -0.1627 0.8952
vn -0.3703 -0.1390 0.9185
vn -0.3160 -0.1341 0.9392
vn 0.4595 -0.2424 0.8545
vn 0.4619 -0.2832 0.8405
vn 0.4560 -0.3231 0.8293
vn 0.4204 -0.3274 0.8462
vn 0.4270 -0.3369 0.8392
vn 0.4570 -0.3836 0.8025
vn -0.4570 -0.3836 0.8025
vn -0.4270 -0.3369 0.8392
vn -0.4204 -0.3274 0.8462
vn -0.4560 -0.3231 0.8293
vn -0.4619 -0.2832 0.8405
vn -0.4595 -0.2424 0.8545
vn 0.4140 -0.4089 0.8133
vn 0.3681 -0.4403 0.8189
vn 0.3108 -0.4360 0.8446
vn 0.3040 -0.3111 0.9004
vn 0.3388 -0.3403 0.8772
vn 0.3675 -0.4434 0.8175
vn -0.3675 -0.4434 0.8175
vn -0.3388 -0.3403 0.8772
vn -0.3040 -0.3111 0.9004
vn -0.3108 -0.4360 0.8446
vn -0.3681 -0.4403 0.8189
vn -0.4140 -0.4089 0.8133
vn 0.2325 -0.2955 0.9266
vn 0.2166 -0.2064 0.9542
vn 0.1924 -0.1382 0.9715
vn 0.1782 0.0027 0.9840
vn 0.1896 0.0070 0.9818
vn 0.2142 -0.0797 0.9735
vn -0.2142 -0.0797 0.9735
vn -0.1896 0.0070 0.9818
vn -0.1781 0.0027 0.9840
vn -0.1924 -0.1382 0.9715
vn -0.2166 -0.2064 0.9542
vn -0.2325 -0.2955 0.9266
vn 0.0545 -0.0593 0.9968
vn -0.0322 -0.0410 0.9986
vn -0.0935 -0.0435 0.9947
vn -0.0785 -0.0150 0.9968
vn -0.0721 0.0214 0.9972
vn -0.0641 0.0343 0.9974
vn -0.1267 0.0684 0.9896
vn -0.1397 0.0714 0.9876
vn 0.0058 0.0099 0.9999
vn -0.0058 0.0099 0.9999
vn 0.1397 0.0714 0.9876
vn 0.1267 0.0684 0.9896
vn 0.0641 0.0343 0.9974
vn 0.0721 0.0214 0.9972
vn 0.0785 -0.0150 0.9968
vn 0.0935 -0.0435 0.9947
vn 0.0322 -0.0410 0.9986
vn -0.0545 -0.0593 0.9968
vn 0.1974 -0.1732 0.9649
vn 0.2424 -0.1949 0.9504
vn 0.2823 -0.2165 0.9346
vn 0.0845 -0.2276 0.9701
vn 0.1745 -0.2510 0.9521
vn 0.2016 -0.2148 0.9556
vn -0.2016 -0.2148 0.9556
vn -0.1745 -0.2510 0.9521
vn -0.0845 -0.2276 0.9701
vn -0.2823 -0.2165 0.9346
vn -0.2424 -0.1949 0.9504
vn -0.1974 -0.1732 0.9649
vn -0.0091 -0.1483 0.9889
vn 0.0433 -0.1424 0.9889
vn 0.0976 -0.1439 0.9848
vn -0.0000 -0.2515 0.9679
vn -0.0000 -0.2729 0.9620
vn -0.0000 -0.2655 0.9641
vn 0.0288 -0.2381 0.9708
vn 0.0366 -0.2158 0.9758
vn 0.0131 -0.1855 0.9826
vn -0.0131 -0.1855 0.9826
vn -0.0366 -0.2158 0.9758
vn -0.0288 -0.2381 0.9708
vn -0.0976 -0.1439 0.9848
vn -0.0433 -0.1424 0.9889
vn 0.0091 -0.1483 0.9889
vn -0.0000 -0.2078 0.9782
vn -0.0000 -0.1438 0.9896
vn -0.0000 -0.0521 0.9986
vn -0.1150 -0.1207 0.9860
vn -0.1051 -0.1493 0.9832
vn -0.0857 -0.1599 0.9834
vn 0.0857 -0.1599 0.9834
vn 0.1051 -0.1494 0.9832
vn 0.1150 -0.1207 0.9860
vn 0.1462 -0.7208 0.6776
vn 0.1375 -0.6699 0.7296
vn 0.1233 -0.6161 0.7780
vn 0.0639 -0.5644 0.8230
vn 0.0389 -0.5764 0.8162
vn 0.0175 -0.5803 0.8142
vn -0.0000 -0.6678 0.7444
vn -0.0000 -0.7184 0.6956
vn -0.0000 -0.7591 0.6510
vn -0.0175 -0.5803 0.8142
vn -0.0389 -0.5764 0.8162
vn -0.0639 -0.5644 0.8230
vn -0.1233 -0.6161 0.7780
vn -0.1375 -0.6699 0.7296
vn -0.1462 -0.7208 0.6776
vn 0.3530 -0.4587 0.8155
vn 0.3239 -0.4043 0.8554
vn 0.2947 -0.3628 0.8840
vn 0.2093 -0.3985 0.8930
vn 0.1649 -0.4590 0.8730
vn 0.1247 -0.5076 0.8525
vn -0.1247 -0.5076 0.8525
vn -0.1649 -0.4590 0.8730
vn -0.2093 -0.3985 0.8930
vn -0.2947 -0.3628 0.8840
vn -0.3239 -0.4043 0.8554
vn -0.3530 -0.4587 0.8155
vn 0.4361 -0.2179 0.8731
vn 0.3625 -0.1998 0.9103
vn 0.3045 -0.1659 0.9379
vn 0.2744 -0.1683 0.9468
vn 0.2869 -0.2160 0.9333
vn 0.2783 -0.2687 0.9221
vn -0.2783 -0.2687 0.9221
vn -0.2869 -0.2160 0.9333
vn -0.2744 -0.1683 0.9468
vn -0.3045 -0.1659 0.9379
vn -0.3625 -0.1998 0.9103
vn -0.4361 -0.2179 0.8731
vn 0.4971 0.0424 0.8667
vn 0.3748 0.0145 0.9270
vn 0.2690 -0.0024 0.9631
vn 0.1844 -0.0262 0.9825
vn 0.1857 -0.0368 0.9819
vn 0.1890 -0.0438 0.9810
vn 0.2808 -0.0467 0.9586
vn 0.3752 -0.0403 0.9261
vn 0.4792 -0.0276 0.8773
vn -0.4792 -0.0276 0.8773
vn -0.3752 -0.0403 0.9261
vn -0.2808 -0.0467 0.9586
vn -0.1890 -0.0438 0.9810
vn -0.1857 -0.0368 0.9819
vn -0.1844 -0.0262 0.9825
vn -0.2690 -0.0024 0.9631
vn -0.3748 0.0145 0.9270
vn -0.4971 0.0424 0.8667
vn 0.2040 -0.0578 0.9773
vn 0.2133 -0.0747 0.9741
vn 0.2196 -0.1031 0.9701
vn -0.2196 -0.1031 0.9701
vn -0.2133 -0.0747 0.9741
vn -0.2040 -0.0578 0.9773
vn 0.1845 -0.0011 0.9828
vn 0.1915 -0.0105 0.9814
vn 0.2199 -0.0634 0.9735
vn 0.1911 -0.2375 0.9524
vn 0.1127 -0.2309 0.9664
vn 0.0514 -0.2282 0.9723
vn -0.0000 -0.0725 0.9974
vn -0.0000 -0.0143 0.9999
vn -0.0000 -0.0060 1.0000
vn 0.0185 -0.0212 0.9996
vn 0.0569 -0.0197 0.9982
vn 0.1140 -0.0166 0.9933
vn -0.1140 -0.0166 0.9933
vn -0.0569 -0.0197 0.9982
vn -0.0185 -0.0212 0.9996
vn -0.0514 -0.2282 0.9723
vn -0.1127 -0.2309 0.9664
vn -0.1911 -0.2375 0.9524
vn -0.2199 -0.0634 0.9735
vn -0.1915 -0.0105 0.9814
vn -0.1845 -0.0011 0.9828
vn 0.0187 -0.0511 0.9985
vn 0.0583 -0.0513 0.9970
vn 0.1193 -0.0508 0.9916
vn -0.0000 -0.0406 0.9992
vn -0.0000 -0.0517 0.9987
vn -0.0000 -0.0551 0.9985
vn -0.1193 -0.0508 0.9916
vn -0.0583 -0.0513 0.9970
vn -0.0187 -0.0511 0.9985
vn -0.0000 -0.0443 0.9990
vn -0.0000 -0.0479 0.9989
vn -0.0000 -0.0805 0.9968
vn 0.0276 -0.1700 0.9851
vn 0.0629 -0.1497 0.9867
vn 0.1272 -0.1147 0.9852
vn -0.1272 -0.1147 0.9852
vn -0.0629 -0.1497 0.9867
vn -0.0276 -0.1700 0.9851
vn 0.5069 -0.3158 0.8020
vn 0.6562 -0.3194 0.6837
vn 0.7735 -0.2327 0.5895
vn 0.9611 -0.0862 0.2623
vn 0.9897 -0.1025 0.0997
vn 0.9897 -0.1155 0.0843
vn 0.8945 -0.3752 0.2432
vn 0.7509 -0.5862 0.3043
vn 0.5977 -0.7070 0.3780
vn 0.5185 -0.7497 0.4113
vn 0.5029 -0.6785 0.5354
vn 0.4319 -0.4995 0.7510
vn -0.4319 -0.4995 0.7510
vn -0.5029 -0.6785 0.5354
vn -0.5185 -0.7497 0.4113
vn -0.5977 -0.7070 0.3780
vn -0.7509 -0.5862 0.3043
vn -0.8945 -0.3752 0.2432
vn -0.9897 -0.1155 0.0843
vn -0.9897 -0.1025 0.0997
vn -0.9611 -0.0862 0.2623
vn -0.7735 -0.2327 0.5895
vn -0.6562 -0.3194 0.6837
vn -0.5069 -0.3158 0.8020
vn 0.8304 0.0569 0.5542
vn 0.7178 0.1726 0.6746
vn 0.4563 0.2288 0.8599
vn 0.6118 0.6788 0.4061
vn 0.6752 0.7351 -0.0614
vn 0.6874 0.7208 -0.0890
vn 0.8600 0.4958 0.1210
vn 0.9420 0.2967 0.1571
vn 0.9781 0.1024 0.1811
vn -0.9781 0.1024 0.1811
vn -0.9420 0.2967 0.1571
vn -0.8600 0.4958 0.1210
vn -0.6874 0.7208 -0.0890
vn -0.6751 0.7351 -0.0614
vn -0.6118 0.6788 0.4061
vn -0.4563 0.2288 0.8599
vn -0.7178 0.1726 0.6746
vn -0.8304 0.0569 0.5542
vn -0.0272 0.1499 0.9883
vn -0.0638 0.1729 0.9829
vn -0.0676 0.2008 0.9773
vn -0.2322 0.5085 0.8291
vn -0.3614 0.8072 0.4668
vn -0.3885 0.8880 0.2460
vn -0.1228 0.9772 0.1734
vn 0.1594 0.9828 0.0932
vn 0.4454 0.8932 0.0617
vn -0.4454 0.8932 0.0617
vn -0.1594 0.9828 0.0932
vn 0.1228 0.9772 0.1734
vn 0.3885 0.8880 0.2460
vn 0.3614 0.8072 0.4668
vn 0.2322 0.5085 0.8291
vn 0.0676 0.2008 0.9773
vn 0.0638 0.1729 0.9829
vn 0.0272 0.1499 0.9883
vn -0.0000 0.3531 0.9356
vn -0.0000 0.4820 0.8762
vn -0.0000 0.6420 0.7667
vn -0.0000 0.8715 0.4904
vn -0.0000 0.9691 0.2468
vn -0.0000 0.9950 0.0998
vn -0.4843 0.8520 0.1986
vn -0.6068 0.7466 0.2727
vn -0.5487 0.7776 0.3070
vn 0.5487 0.7776 0.3070
vn 0.6068 0.7466 0.2727
vn 0.4843 0.8520 0.1986
vn -0.0000 -0.8426 0.5386
vn -0.0000 -0.7254 0.6884
vn -0.0000 -0.4834 0.8754
vn 0.3989 -0.7742 0.4914
vn 0.3014 -0.7980 0.5219
vn 0.1704 -0.8240 0.5404
vn -0.1704 -0.8240 0.5404
vn -0.3014 -0.7980 0.5219
vn -0.3989 -0.7742 0.4914
vn -0.0000 -0.5420 0.8404
vn -0.0000 -0.6441 0.7649
vn -0.0000 -0.7528 0.6582
vn 0.4145 -0.7175 0.5598
vn 0.3384 -0.6694 0.6614
vn 0.2697 -0.6186 0.7380
vn 0.1686 -0.5385 0.8256
vn 0.1197 -0.5000 0.8577
vn 0.0645 -0.4684 0.8812
vn -0.0645 -0.4684 0.8812
vn -0.1197 -0.5000 0.8577
vn -0.1686 -0.5385 0.8256
vn -0.2697 -0.6186 0.7380
vn -0.3384 -0.6694 0.6614
vn -0.4145 -0.7175 0.5598
vn -0.0000 0.9270 0.3750
vn -0.0000 0.7819 0.6234
vn -0.0000 0.5330 0.8461
vn -0.0945 0.3070 0.9470
vn -0.1393 0.3920 0.9093
vn -0.1487 0.4580 0.8764
vn -0.1969 0.6392 0.7434
vn -0.2746 0.7574 0.5925
vn -0.3373 0.8439 0.4173
vn 0.3373 0.8439 0.4173
vn 0.2746 0.7574 0.5925
vn 0.1969 0.6392 0.7434
vn 0.1487 0.4580 0.8764
vn 0.1393 0.3920 0.9093
vn 0.0945 0.3070 0.9470
vn -0.0230 0.5004 0.8655
vn 0.0880 0.4712 0.8776
vn 0.2010 0.4436 0.8734
vn 0.4240 0.4978 0.7566
vn 0.5547 0.5950 0.5816
vn 0.6558 0.6743 0.3394
vn -0.6558 0.6743 0.3394
vn -0.5547 0.5950 0.5816
vn -0.4240 0.4978 0.7566
vn -0.2010 0.4436 0.8734
vn -0.0880 0.4712 0.8776
vn 0.0230 0.5004 0.8655
vn 0.3205 0.3117 0.8945
vn 0.3134 0.1956 0.9293
vn 0.2919 0.0614 0.9545
vn 0.4798 -0.1223 0.8688
vn 0.7183 -0.1294 0.6836
vn 0.8929 -0.1285 0.4315
vn -0.8929 -0.1285 0.4315
vn -0.7183 -0.1294 0.6836
vn -0.4798 -0.1223 0.8688
vn -0.2919 0.0614 0.9545
vn -0.3134 0.1956 0.9293
vn -0.3205 0.3117 0.8945
vn 0.2284 -0.2889 0.9297
vn 0.2094 -0.4317 0.8774
vn 0.2070 -0.5226 0.8271
vn -0.2070 -0.5226 0.8271
vn -0.2094 -0.4317 0.8774
vn -0.2284 -0.2889 0.9297
vn -0.0118 0.0047 0.9999
vn 0.0325 -0.0568 0.9979
vn 0.1139 -0.0873 0.9896
vn -0.1139 -0.0873 0.9896
vn -0.0325 -0.0568 0.9979
vn 0.0118 0.0047 0.9999
vn -0.0000 -0.1407 0.9900
vn -0.0000 -0.2772 0.9608
vn -0.0000 -0.3748 0.9271
vn -0.0000 0.0251 0.9997
vn -0.0000 0.0058 1.0000
vn -0.0000 0.0367 0.9993
vn -0.1401 -0.1405 0.9801
vn -0.0671 -0.1371 0.9883
vn 0.1506 -0.1059 0.9829
vn -0.1506 -0.1059 0.9829
vn 0.0671 -0.1371 0.9883
vn 0.1401 -0.1405 0.9801
vn 0.6966 -0.1141 0.7083
vn 0.6869 -0.1185 0.7170
vn 0.7650 -0.0769 0.6395
vn 0.8456 -0.0479 0.5317
vn 0.7991 -0.1382 0.5851
vn 0.6504 -0.2366 0.7218
vn -0.6504 -0.2366 0.7218
vn -0.7991 -0.1382 0.5851
vn -0.8456 -0.0479 0.5317
vn -0.7650 -0.0769 0.6395
vn -0.6869 -0.1185 0.7170
vn -0.6966 -0.1141 0.7083
vn 0.3862 -0.0990 0.9171
vn 0.4885 -0.0188 0.8724
vn 0.6175 0.0561 0.7846
vn 0.7697 0.1095 0.6290
vn 0.8026 0.0704 0.5924
vn 0.8290 0.0321 0.5583
vn -0.8290 0.0321 0.5583
vn -0.8026 0.0704 0.5924
vn -0.7697 0.1095 0.6290
vn -0.6175 0.0561 0.7846
vn -0.4885 -0.0188 0.8723
vn -0.3862 -0.0990 0.9171
vn 0.6436 0.1083 0.7577
vn 0.6692 0.1309 0.7315
vn 0.6997 0.1425 0.7001
vn -0.6997 0.1425 0.7001
vn -0.6692 0.1309 0.7315
vn -0.6436 0.1083 0.7577
vn 0.9538 0.2567 0.1559
vn 0.9411 0.2955 0.1641
vn 0.9325 0.3193 0.1690
vn 0.8994 0.3058 0.3123
vn 0.8617 0.2684 0.4307
vn 0.8128 0.2104 0.5433
vn -0.8128 0.2104 0.5433
vn -0.8617 0.2684 0.4307
vn -0.8994 0.3058 0.3123
vn -0.9325 0.3193 0.1690
vn -0.9411 0.2955 0.1641
vn -0.9538 0.2567 0.1559
vn 0.9355 0.3055 0.1775
vn 0.9393 0.2896 0.1838
vn 0.9413 0.2793 0.1898
vn 0.9337 0.2236 0.2798
vn 0.9197 0.1624 0.3575
vn 0.8958 0.0861 0.4360
vn -0.8958 0.0861 0.4360
vn -0.9197 0.1624 0.3575
vn -0.9337 0.2236 0.2798
vn -0.9413 0.2793 0.1898
vn -0.9393 0.2896 0.1838
vn -0.9355 0.3055 0.1775
vn 0.9679 0.1445 0.2057
vn 0.9570 -0.1650 0.2384
vn 0.7890 -0.5518 0.2702
vn -0.7890 -0.5518 0.2702
vn -0.9570 -0.1650 0.2384
vn -0.9679 0.1445 0.2057
vn -0.2873 -0.7258 0.6251
vn -0.0884 -0.4391 0.8941
vn 0.1139 -0.1809 0.9769
vn -0.0000 -0.3848 0.9230
vn -0.0000 -0.6757 0.7372
vn -0.0000 -0.8819 0.4714
vn 0.0911 -0.9511 0.2950
vn 0.0970 -0.9479 0.3034
vn -0.0404 -0.9453 0.3238
vn 0.0404 -0.9453 0.3238
vn -0.0970 -0.9479 0.3034
vn -0.0911 -0.9511 0.2950
vn -0.1139 -0.1809 0.9769
vn 0.0884 -0.4391 0.8941
vn 0.2873 -0.7258 0.6251
vn -0.6627 0.0177 0.7487
vn -0.1812 -0.1967 0.9636
vn 0.1363 -0.2947 0.9458
vn -0.7685 -0.5414 0.3410
vn -0.9255 -0.2024 0.3202
vn -0.9410 0.0369 0.3364
vn 0.9410 0.0369 0.3364
vn 0.9255 -0.2024 0.3202
vn 0.7685 -0.5414 0.3410
vn -0.1363 -0.2947 0.9458
vn 0.1812 -0.1967 0.9636
vn 0.6627 0.0177 0.7487
vn -0.4106 0.4557 0.7898
vn -0.1934 -0.0274 0.9807
vn 0.0055 -0.3882 0.9216
vn -0.8261 0.3726 0.4227
vn -0.7298 0.5061 0.4597
vn -0.6181 0.6187 0.4849
vn 0.6181 0.6187 0.4849
vn 0.7298 0.5061 0.4597
vn 0.8261 0.3726 0.4227
vn -0.0055 -0.3882 0.9216
vn 0.1934 -0.0274 0.9807
vn 0.4106 0.4557 0.7898
vn -0.0000 0.6419 0.7668
vn -0.0000 0.1250 0.9922
vn -0.0000 -0.3636 0.9315
vn -0.3517 0.7857 0.5089
vn -0.2146 0.8315 0.5124
vn -0.0959 0.8529 0.5132
vn 0.0959 0.8529 0.5132
vn 0.2146 0.8315 0.5124
vn 0.3517 0.7857 0.5089
vn -0.0000 0.6322 0.7748
vn -0.0000 0.8268 0.5625
vn -0.0000 0.8904 0.4551
vn -0.4924 0.7779 0.3904
vn -0.4654 0.7663 0.4430
vn -0.3933 0.6597 0.6404
vn -0.1536 0.3224 0.9341
vn -0.0925 0.2965 0.9505
vn -0.0438 0.2887 0.9564
vn 0.0438 0.2887 0.9564
vn 0.0925 0.2965 0.9505
vn 0.1536 0.3224 0.9341
vn 0.3933 0.6597 0.6404
vn 0.4654 0.7663 0.4430
vn 0.4924 0.7779 0.3904
vn -0.9324 0.2985 0.2040
vn -0.9304 0.3246 0.1704
vn -0.9236 0.3234 0.2059
vn -0.8175 0.3848 0.4286
vn -0.6308 0.4494 0.6325
vn -0.4023 0.4345 0.8058
vn 0.4023 0.4345 0.8058
vn 0.6308 0.4494 0.6325
vn 0.8175 0.3848 0.4286
vn 0.9236 0.3234 0.2059
vn 0.9304 0.3246 0.1704
vn 0.9324 0.2985 0.2040
vn -0.4005 -0.8798 0.2563
vn -0.3541 -0.8799 0.3168
vn -0.2596 -0.8366 0.4823
vn -0.4657 -0.5941 0.6559
vn -0.7893 -0.2729 0.5500
vn -0.9161 0.0895 0.3908
vn 0.9161 0.0895 0.3907
vn 0.7893 -0.2728 0.5500
vn 0.4657 -0.5941 0.6559
vn 0.2596 -0.8366 0.4823
vn 0.3541 -0.8799 0.3168
vn 0.4005 -0.8798 0.2563
vn -0.0000 -0.9652 0.2614
vn -0.0000 -0.9364 0.3508
vn -0.0000 -0.8507 0.5257
vn 0.0542 -0.6878 0.7239
vn 0.0757 -0.6950 0.7150
vn 0.0407 -0.7085 0.7045
vn -0.0407 -0.7085 0.7045
vn -0.0757 -0.6950 0.7150
vn -0.0542 -0.6878 0.7239
vn -0.0000 -0.4827 0.8758
vn -0.0000 -0.2857 0.9583
vn -0.0000 -0.0507 0.9987
vn -0.0603 -0.0093 0.9981
vn 0.0302 -0.3031 0.9525
vn 0.0003 -0.5202 0.8541
vn -0.0003 -0.5202 0.8541
vn -0.0302 -0.3031 0.9525
vn 0.0603 -0.0093 0.9981
vn -0.1303 -0.0891 0.9875
vn -0.1954 -0.1152 0.9739
vn -0.1429 -0.1352 0.9805
vn -0.1894 -0.1463 0.9709
vn -0.2575 -0.1905 0.9473
vn -0.2343 -0.1648 0.9581
vn 0.0527 -0.0316 0.9981
vn 0.0947 -0.0457 0.9945
vn 0.1186 -0.0536 0.9915
vn -0.1186 -0.0536 0.9915
vn -0.0947 -0.0457 0.9945
vn -0.0527 -0.0316 0.9981
vn 0.2343 -0.1648 0.9581
vn 0.2575 -0.1905 0.9473
vn 0.1894 -0.1463 0.9709
vn 0.1429 -0.1352 0.9805
vn 0.1954 -0.1152 0.9739
vn 0.1303 -0.0891 0.9875
vn -0.0287 -0.0304 0.9991
vn -0.0386 -0.0470 0.9981
vn 0.0441 -0.0929 0.9947
vn 0.1339 -0.0500 0.9897
vn 0.1358 -0.0497 0.9895
vn 0.1373 -0.0533 0.9891
vn -0.1373 -0.0533 0.9891
vn -0.1358 -0.0497 0.9895
vn -0.1339 -0.0500 0.9897
vn -0.0441 -0.0929 0.9947
vn 0.0386 -0.0470 0.9981
vn 0.0287 -0.0304 0.9991
vn 0.0555 0.0047 0.9984
vn 0.0879 -0.0241 0.9958
vn 0.1918 -0.1186 0.9742
vn 0.1421 -0.0677 0.9875
vn 0.1427 -0.0721 0.9871
vn 0.1386 -0.0705 0.9878
vn -0.1386 -0.0706 0.9878
vn -0.1427 -0.0721 0.9871
vn -0.1421 -0.0677 0.9875
vn -0.1918 -0.1186 0.9742
vn -0.0879 -0.0241 0.9958
vn -0.0555 0.0047 0.9984
vn 0.0504 -0.2567 0.9652
vn -0.0523 -0.4179 0.9070
vn -0.0966 -0.4761 0.8741
vn -0.0436 -0.2160 0.9754
vn -0.0702 -0.1199 0.9903
vn -0.0575 -0.0464 0.9973
vn 0.0575 -0.0464 0.9973
vn 0.0702 -0.1199 0.9903
vn 0.0436 -0.2160 0.9754
vn 0.0966 -0.4761 0.8741
vn 0.0523 -0.4179 0.9070
vn -0.0504 -0.2567 0.9652
vn 0.2128 -0.4928 0.8437
vn 0.1808 -0.5513 0.8145
vn 0.1806 -0.5207 0.8344
vn 0.1586 -0.3500 0.9232
vn 0.1094 -0.3557 0.9282
vn 0.0595 -0.3436 0.9372
vn -0.0595 -0.3436 0.9372
vn -0.1094 -0.3557 0.9282
vn -0.1586 -0.3500 0.9232
vn -0.1806 -0.5207 0.8344
vn -0.1808 -0.5513 0.8145
vn -0.2128 -0.4928 0.8437
vn 0.4696 -0.4147 0.7794
vn 0.4819 -0.4272 0.7650
vn 0.4673 -0.3748 0.8007
vn 0.3693 -0.2549 0.8937
vn 0.3247 -0.2930 0.8993
vn 0.2687 -0.3196 0.9087
vn -0.2687 -0.3196 0.9087
vn -0.3247 -0.2930 0.8993
vn -0.3693 -0.2549 0.8937
vn -0.4673 -0.3748 0.8007
vn -0.4819 -0.4272 0.7650
vn -0.4696 -0.4147 0.7794
vn 0.4773 -0.2030 0.8550
vn 0.4851 -0.1908 0.8534
vn 0.4411 -0.1434 0.8859
vn 0.3473 -0.0596 0.9359
vn 0.3776 -0.0984 0.9207
vn 0.3958 -0.1506 0.9059
vn -0.3958 -0.1506 0.9059
vn -0.3776 -0.0984 0.9207
vn -0.3473 -0.0596 0.9359
vn -0.4411 -0.1434 0.8859
vn -0.4851 -0.1908 0.8534
vn -0.4773 -0.2030 0.8550
vn 0.3467 -0.0874 0.9339
vn 0.4082 -0.0523 0.9114
vn 0.3931 -0.0448 0.9184
vn 0.2627 -0.0621 0.9629
vn 0.2710 -0.0563 0.9609
vn 0.2872 -0.0466 0.9567
vn -0.2872 -0.0466 0.9567
vn -0.2710 -0.0563 0.9609
vn -0.2627 -0.0621 0.9629
vn -0.3931 -0.0448 0.9184
vn -0.4082 -0.0523 0.9114
vn -0.3467 -0.0874 0.9339
vn 0.2727 -0.1598 0.9487
vn 0.3880 0.0035 0.9217
vn 0.4238 0.0315 0.9052
vn 0.3047 -0.1219 0.9446
vn 0.2742 -0.0918 0.9573
vn 0.2603 -0.0674 0.9632
vn -0.2603 -0.0674 0.9632
vn -0.2742 -0.0918 0.9573
vn -0.3047 -0.1219 0.9446
vn -0.4238 0.0315 0.9052
vn -0.3880 0.0035 0.9217
vn -0.2727 -0.1598 0.9487
vn 0.2855 0.0419 0.9575
vn 0.3574 0.2902 0.8877
vn 0.3768 0.3840 0.8430
vn 0.4009 0.1334 0.9064
vn 0.4137 0.0199 0.9102
vn 0.3923 -0.0789 0.9164
vn -0.3923 -0.0789 0.9164
vn -0.4137 0.0199 0.9102
vn -0.4009 0.1334 0.9064
vn -0.3768 0.3840 0.8429
vn -0.3574 0.2902 0.8877
vn -0.2855 0.0419 0.9575
vn 0.1365 -0.1244 0.9828
vn 0.1396 0.0780 0.9871
vn 0.1255 0.2084 0.9700
vn 0.0958 0.2092 0.9732
vn 0.1559 0.2541 0.9545
vn 0.2501 0.2679 0.9304
vn -0.2501 0.2678 0.9304
vn -0.1559 0.2541 0.9545
vn -0.0958 0.2092 0.9732
vn -0.1255 0.2084 0.9700
vn -0.1396 0.0780 0.9871
vn -0.1365 -0.1244 0.9828
vn 0.2277 -0.1318 0.9648
vn 0.1656 0.0264 0.9858
vn 0.1233 0.1252 0.9844
vn 0.1494 0.1229 0.9811
vn 0.1525 0.1339 0.9792
vn 0.1301 0.1427 0.9812
vn -0.1301 0.1427 0.9812
vn -0.1525 0.1339 0.9792
vn -0.1494 0.1229 0.9811
vn -0.1233 0.1252 0.9844
vn -0.1656 0.0264 0.9858
vn -0.2277 -0.1318 0.9648
vn 0.1158 -0.0329 0.9927
vn 0.1066 0.0064 0.9943
vn 0.1095 0.0531 0.9926
vn -0.1095 0.0531 0.9926
vn -0.1066 0.0064 0.9943
vn -0.1158 -0.0329 0.9927
vn 0.2325 -0.2873 0.9292
vn 0.2119 -0.1822 0.9602
vn 0.1709 -0.0374 0.9846
vn 0.2696 -0.1869 0.9447
vn 0.3910 -0.3121 0.8659
vn 0.4561 -0.4009 0.7945
vn 0.3869 -0.4442 0.8081
vn 0.3091 -0.4267 0.8500
vn 0.2548 -0.3826 0.8881
vn -0.2548 -0.3826 0.8881
vn -0.3091 -0.4267 0.8500
vn -0.3869 -0.4442 0.8081
vn -0.4561 -0.4009 0.7945
vn -0.3910 -0.3121 0.8659
vn -0.2696 -0.1869 0.9447
vn -0.1709 -0.0374 0.9846
vn -0.2120 -0.1822 0.9601
vn -0.2325 -0.2873 0.9292
vn 0.0518 -0.3902 0.9193
vn 0.0433 -0.2448 0.9686
vn 0.0608 -0.0304 0.9977
vn 0.2336 -0.2933 0.9270
vn 0.2103 -0.3021 0.9298
vn 0.1498 -0.3547 0.9229
vn -0.1498 -0.3547 0.9229
vn -0.2103 -0.3021 0.9298
vn -0.2336 -0.2933 0.9270
vn -0.0608 -0.0304 0.9977
vn -0.0433 -0.2448 0.9686
vn -0.0518 -0.3902 0.9193
vn -0.0585 -0.7613 0.6457
vn 0.0455 -0.5799 0.8134
vn 0.2157 -0.1896 0.9579
vn -0.0199 -0.5554 0.8314
vn -0.0656 -0.6690 0.7404
vn -0.0867 -0.7577 0.6469
vn 0.0867 -0.7577 0.6469
vn 0.0656 -0.6690 0.7404
vn 0.0199 -0.5554 0.8314
vn -0.2157 -0.1896 0.9579
vn -0.0455 -0.5799 0.8134
vn 0.0586 -0.7613 0.6457
vn -0.0871 -0.6509 0.7542
vn 0.0142 -0.5700 0.8215
vn 0.1789 -0.3872 0.9045
vn -0.0797 -0.8169 0.5713
vn -0.0728 -0.7974 0.5990
vn -0.0791 -0.7537 0.6525
vn 0.0791 -0.7537 0.6525
vn 0.0728 -0.7974 0.5990
vn 0.0797 -0.8169 0.5713
vn -0.1789 -0.3872 0.9045
vn -0.0142 -0.5700 0.8215
vn 0.0871 -0.6509 0.7542
vn -0.3320 -0.1120 0.9366
vn -0.1921 -0.1056 0.9757
vn 0.0272 -0.0875 0.9958
vn -0.1961 -0.5531 0.8097
vn -0.2870 -0.3920 0.8741
vn -0.3542 -0.2314 0.9061
vn 0.3542 -0.2314 0.9061
vn 0.2870 -0.3920 0.8741
vn 0.1961 -0.5531 0.8097
vn -0.0272 -0.0875 0.9958
vn 0.1921 -0.1056 0.9757
vn 0.3320 -0.1120 0.9366
vn -0.1734 0.2696 0.9472
vn -0.0593 0.2025 0.9775
vn 0.1206 0.0899 0.9886
vn -0.3694 -0.0110 0.9292
vn -0.3305 0.0958 0.9389
vn -0.2709 0.2013 0.9413
vn 0.2709 0.2013 0.9413
vn 0.3305 0.0958 0.9389
vn 0.3694 -0.0110 0.9292
vn -0.1206 0.0899 0.9886
vn 0.0593 0.2025 0.9775
vn 0.1734 0.2696 0.9472
vn -0.0790 0.4991 0.8629
vn 0.0495 0.3478 0.9363
vn 0.2355 0.0792 0.9686
vn -0.1712 0.3679 0.9140
vn -0.1542 0.4308 0.8892
vn -0.1448 0.4897 0.8598
vn 0.1448 0.4897 0.8598
vn 0.1542 0.4308 0.8892
vn 0.1712 0.3679 0.9140
vn -0.2355 0.0792 0.9686
vn -0.0495 0.3478 0.9363
vn 0.0790 0.4991 0.8629
vn 0.2186 0.5442 0.8100
vn 0.2376 0.3488 0.9066
vn 0.2412 0.0089 0.9704
vn -0.0714 0.5853 0.8077
vn 0.0137 0.6099 0.7923
vn 0.1141 0.6134 0.7815
vn -0.1141 0.6134 0.7815
vn -0.0137 0.6099 0.7923
vn 0.0714 0.5853 0.8077
vn -0.2412 0.0089 0.9704
vn -0.2376 0.3488 0.9066
vn -0.2186 0.5442 0.8100
vn 0.3842 0.5471 0.7436
vn 0.3361 0.4028 0.8513
vn 0.2052 0.0898 0.9746
vn 0.2750 0.5946 0.7555
vn 0.3217 0.5924 0.7386
vn 0.3581 0.5930 0.7212
vn -0.3581 0.5930 0.7212
vn -0.3217 0.5924 0.7386
vn -0.2750 0.5946 0.7555
vn -0.2052 0.0898 0.9746
vn -0.3361 0.4028 0.8513
vn -0.3842 0.5471 0.7436
vn 0.6304 0.3371 0.6993
vn 0.5386 0.2872 0.7921
vn 0.3264 0.1702 0.9298
vn 0.4365 0.5668 0.6987
vn 0.4993 0.5190 0.6938
vn 0.5791 0.4424 0.6848
vn -0.5791 0.4424 0.6848
vn -0.4993 0.5190 0.6938
vn -0.4365 0.5668 0.6987
vn -0.3264 0.1702 0.9298
vn -0.5386 0.2872 0.7921
vn -0.6304 0.3371 0.6993
vn 0.4073 -0.1262 0.9045
vn 0.6195 -0.1894 0.7618
vn 0.7282 -0.2320 0.6449
vn 0.7032 -0.3205 0.6347
vn 0.6339 -0.3721 0.6780
vn 0.5566 -0.4090 0.7231
vn -0.5566 -0.4090 0.7231
vn -0.6339 -0.3721 0.6780
vn -0.7032 -0.3205 0.6347
vn -0.7282 -0.2320 0.6449
vn -0.6195 -0.1894 0.7618
vn -0.4073 -0.1262 0.9045
vn 0.4636 -0.0189 0.8858
vn 0.6778 0.0011 0.7352
vn 0.7731 0.0104 0.6341
vn 0.8047 -0.0402 0.5923
vn 0.8042 -0.1002 0.5859
vn 0.7913 -0.1720 0.5867
vn -0.7913 -0.1720 0.5867
vn -0.8042 -0.1002 0.5859
vn -0.8047 -0.0402 0.5923
vn -0.7731 0.0104 0.6341
vn -0.6778 0.0011 0.7352
vn -0.4636 -0.0189 0.8858
vn 0.7256 0.2395 0.6451
vn 0.7671 0.1446 0.6250
vn 0.7891 0.0684 0.6104
vn -0.7891 0.0684 0.6104
vn -0.7671 0.1446 0.6250
vn -0.7256 0.2395 0.6451
vn -0.0000 0.9847 0.1743
vn -0.0000 0.9989 0.0461
vn -0.0000 0.9978 0.0659
vn -0.8252 0.5481 -0.1364
vn -0.7594 0.5799 -0.2949
vn -0.6503 0.6594 -0.3773
vn -0.4595 0.8815 0.1085
vn -0.3549 0.8772 0.3234
vn -0.1902 0.8842 0.4267
vn 0.1902 0.8842 0.4267
vn 0.3549 0.8772 0.3234
vn 0.4595 0.8815 0.1085
vn 0.6503 0.6594 -0.3773
vn 0.7594 0.5799 -0.2949
vn 0.8252 0.5481 -0.1364
vn -0.6985 0.6979 -0.1584
vn -0.6561 0.6385 -0.4024
vn -0.5826 0.5516 -0.5969
vn -0.5088 0.3863 -0.7694
vn -0.5014 0.3738 -0.7803
vn -0.4961 0.4762 -0.7260
vn 0.4961 0.4762 -0.7260
vn 0.5014 0.3738 -0.7803
vn 0.5088 0.3863 -0.7694
vn 0.5826 0.5516 -0.5969
vn 0.6561 0.6385 -0.4024
vn 0.6985 0.6979 -0.1584
vn 0.2992 0.9481 -0.1078
vn 0.2348 0.8963 -0.3763
vn 0.1508 0.7807 -0.6065
vn -0.0838 0.5897 -0.8033
vn -0.2395 0.5367 -0.8091
vn -0.3826 0.4933 -0.7812
vn 0.3826 0.4933 -0.7812
vn 0.2395 0.5367 -0.8091
vn 0.0838 0.5897 -0.8033
vn -0.1508 0.7807 -0.6065
vn -0.2348 0.8963 -0.3763
vn -0.2992 0.9481 -0.1078
vn 0.5345 0.8382 -0.1084
vn 0.4375 0.8329 -0.3390
vn 0.2841 0.8097 -0.5136
vn 0.0702 0.5972 -0.7990
vn 0.0975 0.5351 -0.8392
vn 0.1013 0.5659 -0.8182
vn -0.1013 0.5659 -0.8182
vn -0.0975 0.5351 -0.8392
vn -0.0702 0.5972 -0.7990
vn -0.2841 0.8097 -0.5136
vn -0.4375 0.8328 -0.3390
vn -0.5345 0.8382 -0.1084
vn 0.4244 0.9039 -0.0538
vn 0.3863 0.9058 -0.1742
vn 0.3691 0.9041 -0.2151
vn 0.3514 0.9123 -0.2102
vn 0.3043 0.9166 -0.2594
vn 0.2132 0.9018 -0.3759
vn -0.2132 0.9018 -0.3759
vn -0.3043 0.9166 -0.2594
vn -0.3514 0.9123 -0.2102
vn -0.3691 0.9041 -0.2151
vn -0.3863 0.9058 -0.1742
vn -0.4244 0.9039 -0.0538
vn 0.9303 0.3590 -0.0745
vn 0.8697 0.4282 -0.2456
vn 0.8357 0.4616 -0.2975
vn 0.6721 0.6919 -0.2637
vn 0.5123 0.8274 -0.2302
vn 0.4089 0.8900 -0.2016
vn -0.4089 0.8900 -0.2016
vn -0.5123 0.8274 -0.2302
vn -0.6721 0.6919 -0.2637
vn -0.8357 0.4616 -0.2975
vn -0.8697 0.4282 -0.2456
vn -0.9303 0.3590 -0.0745
vn 0.9053 -0.4224 -0.0444
vn 0.9030 -0.4000 -0.1571
vn 0.9156 -0.3812 -0.1277
vn 0.9834 -0.1631 -0.0793
vn 0.9876 0.0463 -0.1499
vn 0.9377 0.2669 -0.2223
vn -0.9377 0.2669 -0.2223
vn -0.9876 0.0463 -0.1499
vn -0.9834 -0.1631 -0.0793
vn -0.9156 -0.3812 -0.1277
vn -0.9030 -0.4000 -0.1571
vn -0.9053 -0.4224 -0.0444
vn 0.5995 -0.8003 -0.0079
vn 0.5902 -0.8032 -0.0809
vn 0.6071 -0.7941 -0.0270
vn 0.7055 -0.7054 0.0687
vn 0.7808 -0.6231 0.0454
vn 0.8599 -0.5103 0.0140
vn -0.8599 -0.5103 0.0140
vn -0.7808 -0.6231 0.0454
vn -0.7055 -0.7054 0.0687
vn -0.6071 -0.7941 -0.0270
vn -0.5902 -0.8032 -0.0809
vn -0.5995 -0.8003 -0.0079
vn 0.3555 -0.9331 0.0538
vn 0.3482 -0.9353 -0.0626
vn 0.3613 -0.9323 -0.0182
vn 0.4510 -0.8878 0.0915
vn 0.4982 -0.8634 0.0796
vn 0.5614 -0.8236 0.0808
vn -0.5614 -0.8236 0.0808
vn -0.4982 -0.8634 0.0796
vn -0.4510 -0.8878 0.0915
vn -0.3613 -0.9323 -0.0182
vn -0.3482 -0.9353 -0.0626
vn -0.3555 -0.9331 0.0538
vn 0.2841 -0.2511 -0.9253
vn 0.2077 -0.2533 -0.9448
vn 0.1117 -0.2458 -0.9628
vn -0.0000 -0.3535 -0.9354
vn -0.0000 -0.4926 -0.8703
vn -0.0000 -0.6422 -0.7665
vn 0.1299 -0.7853 -0.6053
vn 0.2757 -0.7753 -0.5682
vn 0.4418 -0.7333 -0.5168
vn 0.5675 -0.5621 -0.6016
vn 0.4975 -0.4661 -0.7316
vn 0.4196 -0.3484 -0.8382
vn -0.4196 -0.3484 -0.8382
vn -0.4975 -0.4661 -0.7316
vn -0.5675 -0.5621 -0.6016
vn -0.4418 -0.7333 -0.5168
vn -0.2757 -0.7753 -0.5682
vn -0.1299 -0.7853 -0.6053
vn -0.1117 -0.2458 -0.9628
vn -0.2077 -0.2533 -0.9448
vn -0.2841 -0.2511 -0.9253
vn 0.1482 -0.2135 -0.9656
vn 0.1305 -0.2484 -0.9598
vn 0.0796 -0.2742 -0.9584
vn -0.0000 -0.2055 -0.9787
vn -0.0000 -0.1680 -0.9858
vn -0.0000 -0.1772 -0.9842
vn 0.2772 -0.1389 -0.9507
vn 0.2255 -0.1048 -0.9686
vn 0.1825 -0.1187 -0.9760
vn -0.1825 -0.1187 -0.9760
vn -0.2255 -0.1048 -0.9686
vn -0.2772 -0.1389 -0.9507
vn -0.0796 -0.2742 -0.9584
vn -0.1305 -0.2484 -0.9598
vn -0.1482 -0.2135 -0.9656
vn 0.0492 -0.7012 -0.7112
vn 0.0497 -0.7291 -0.6826
vn 0.0323 -0.7492 -0.6616
vn -0.0000 -0.6169 -0.7870
vn -0.0000 -0.4947 -0.8691
vn -0.0000 -0.3855 -0.9227
vn 0.1013 -0.2594 -0.9604
vn 0.0620 -0.3654 -0.9288
vn 0.0366 -0.5002 -0.8651
vn -0.0366 -0.5002 -0.8651
vn -0.0620 -0.3654 -0.9288
vn -0.1013 -0.2594 -0.9604
vn -0.0323 -0.7491 -0.6616
vn -0.0497 -0.7291 -0.6826
vn -0.0492 -0.7012 -0.7112
vn 0.0637 -0.8336 -0.5486
vn 0.0981 -0.9419 -0.3213
vn 0.1273 -0.9865 -0.1035
vn -0.0000 -0.9991 -0.0427
vn -0.0000 -0.9688 -0.2477
vn -0.0000 -0.8861 -0.4635
vn -0.1273 -0.9865 -0.1035
vn -0.0981 -0.9419 -0.3213
vn -0.0637 -0.8336 -0.5486
vn 0.5053 -0.5778 -0.6409
vn 0.5916 -0.6889 -0.4188
vn 0.6123 -0.7740 -0.1611
vn 0.0441 -0.6347 -0.7715
vn 0.1035 -0.5948 -0.7972
vn 0.2237 -0.5442 -0.8085
vn -0.2237 -0.5442 -0.8085
vn -0.1035 -0.5948 -0.7972
vn -0.0441 -0.6347 -0.7715
vn -0.6123 -0.7740 -0.1611
vn -0.5916 -0.6889 -0.4188
vn -0.5053 -0.5778 -0.6409
vn 0.8171 0.0936 -0.5688
vn 0.9340 0.0845 -0.3471
vn 0.9902 0.0357 -0.1353
vn 0.4585 -0.3023 -0.8357
vn 0.5232 -0.1330 -0.8418
vn 0.5744 -0.0112 -0.8185
vn -0.5744 -0.0112 -0.8185
vn -0.5232 -0.1330 -0.8418
vn -0.4585 -0.3023 -0.8357
vn -0.9902 0.0357 -0.1353
vn -0.9340 0.0845 -0.3471
vn -0.8171 0.0936 -0.5688
vn 0.8584 0.1260 -0.4973
vn 0.9344 0.1429 -0.3264
vn 0.9810 0.1387 -0.1353
vn 0.6483 0.0895 -0.7561
vn 0.6790 0.1022 -0.7270
vn 0.7102 0.0976 -0.6972
vn -0.7102 0.0976 -0.6972
vn -0.6790 0.1022 -0.7270
vn -0.6483 0.0895 -0.7561
vn -0.9810 0.1387 -0.1353
vn -0.9344 0.1429 -0.3264
vn -0.8584 0.1260 -0.4973
vn 0.3828 -0.0108 -0.9238
vn 0.2226 -0.0766 -0.9719
vn 0.1518 -0.1301 -0.9798
vn 0.4034 -0.1749 -0.8982
vn 0.4892 -0.0954 -0.8669
vn 0.6101 -0.0030 -0.7923
vn -0.6101 -0.0030 -0.7923
vn -0.4892 -0.0954 -0.8669
vn -0.4034 -0.1749 -0.8982
vn -0.1518 -0.1301 -0.9798
vn -0.2226 -0.0766 -0.9719
vn -0.3828 -0.0108 -0.9238
vn 0.7729 -0.4764 -0.4191
vn 0.8670 -0.2843 -0.4092
vn 0.9093 -0.0930 -0.4056
vn 0.8828 0.0410 -0.4680
vn 0.8370 0.0395 -0.5458
vn 0.7889 0.0537 -0.6122
vn -0.7889 0.0537 -0.6122
vn -0.8370 0.0395 -0.5458
vn -0.8828 0.0410 -0.4680
vn -0.9093 -0.0930 -0.4056
vn -0.8670 -0.2843 -0.4092
vn -0.7729 -0.4764 -0.4191
vn 0.9310 0.1471 -0.3342
vn 0.9544 0.1922 -0.2283
vn 0.9751 0.2115 -0.0673
vn -0.9751 0.2115 -0.0673
vn -0.9544 0.1922 -0.2283
vn -0.9310 0.1471 -0.3342
vn 0.9530 0.2994 0.0462
vn 0.9790 0.2034 -0.0121
vn 0.9990 -0.0422 0.0121
vn 0.9004 -0.3733 0.2235
vn 0.8618 -0.3806 0.3353
vn 0.8134 -0.3714 0.4477
vn 0.8946 -0.0347 0.4456
vn 0.9519 0.1749 0.2515
vn 0.9539 0.2558 0.1571
vn -0.9539 0.2558 0.1571
vn -0.9519 0.1749 0.2515
vn -0.8946 -0.0347 0.4456
vn -0.8134 -0.3714 0.4477
vn -0.8618 -0.3806 0.3353
vn -0.9004 -0.3733 0.2235
vn -0.9990 -0.0422 0.0121
vn -0.9790 0.2034 -0.0121
vn -0.9530 0.2994 0.0462
vn 0.9497 0.0494 -0.3091
vn 0.9756 -0.0266 -0.2180
vn 0.9796 -0.1815 -0.0857
vn -0.9796 -0.1815 -0.0857
vn -0.9756 -0.0266 -0.2180
vn -0.9497 0.0494 -0.3091
vn 0.5150 -0.8555 0.0543
vn 0.5221 -0.8506 0.0623
vn 0.5309 -0.8337 0.1522
vn 0.7112 -0.3466 0.6116
vn 0.6845 -0.5156 0.5154
vn 0.5959 -0.7384 0.3159
vn -0.5959 -0.7384 0.3159
vn -0.6845 -0.5156 0.5154
vn -0.7112 -0.3466 0.6116
vn -0.5309 -0.8337 0.1522
vn -0.5221 -0.8506 0.0623
vn -0.5150 -0.8555 0.0543
vn 0.4195 -0.8992 0.1240
vn 0.3724 -0.9180 0.1361
vn 0.3742 -0.9143 0.1547
vn -0.3742 -0.9143 0.1547
vn -0.3724 -0.9180 0.1361
vn -0.4195 -0.8992 0.1240
vn -0.0000 -0.6231 -0.7822
vn -0.0000 -0.4979 -0.8673
vn -0.0000 -0.3661 -0.9306
vn 0.1624 -0.2481 -0.9550
vn 0.2814 -0.2594 -0.9239
vn 0.3581 -0.2748 -0.8923
vn 0.4015 -0.3795 -0.8335
vn 0.3980 -0.4950 -0.7724
vn 0.4089 -0.6104 -0.6783
vn 0.3532 -0.7029 -0.6174
vn 0.2643 -0.7113 -0.6512
vn 0.1479 -0.7211 -0.6768
vn -0.1479 -0.7211 -0.6768
vn -0.2643 -0.7113 -0.6512
vn -0.3532 -0.7029 -0.6174
vn -0.4089 -0.6104 -0.6783
vn -0.3980 -0.4950 -0.7724
vn -0.4015 -0.3795 -0.8335
vn -0.3581 -0.2748 -0.8923
vn -0.2814 -0.2594 -0.9239
vn -0.1624 -0.2481 -0.9550
vn -0.0000 -0.9177 -0.3972
vn -0.0000 -0.8697 -0.4936
vn -0.0000 -0.8064 -0.5913
vn 0.4489 -0.7530 -0.4811
vn 0.4593 -0.7972 -0.3919
vn 0.4632 -0.8324 -0.3042
vn 0.3627 -0.8964 -0.2546
vn 0.2540 -0.9249 -0.2830
vn 0.1343 -0.9439 -0.3016
vn -0.1343 -0.9439 -0.3016
vn -0.2540 -0.9249 -0.2830
vn -0.3627 -0.8964 -0.2546
vn -0.4632 -0.8324 -0.3042
vn -0.4593 -0.7972 -0.3919
vn -0.4489 -0.7530 -0.4811
vn -0.0000 -0.9850 -0.1728
vn -0.0000 -0.9807 -0.1957
vn -0.0000 -0.9709 -0.2393
vn 0.4792 -0.8660 -0.1428
vn 0.5044 -0.8591 -0.0867
vn 0.5441 -0.8379 -0.0437
vn 0.4514 -0.8871 -0.0967
vn 0.3026 -0.9427 -0.1408
vn 0.1533 -0.9745 -0.1640
vn -0.1533 -0.9745 -0.1640
vn -0.3026 -0.9427 -0.1408
vn -0.4514 -0.8871 -0.0967
vn -0.5441 -0.8379 -0.0437
vn -0.5044 -0.8591 -0.0867
vn -0.4792 -0.8660 -0.1428
vn -0.0000 -0.8981 -0.4397
vn -0.0000 -0.9587 -0.2844
vn -0.0000 -0.9795 -0.2012
vn 0.6261 -0.7773 -0.0615
vn 0.6411 -0.7519 -0.1541
vn 0.6472 -0.7007 -0.3003
vn -0.6472 -0.7007 -0.3003
vn -0.6411 -0.7519 -0.1541
vn -0.6261 -0.7773 -0.0615
vn 0.7248 -0.6857 0.0675
vn 0.7916 -0.6025 0.1015
vn 0.8439 -0.5279 0.0957
vn -0.8439 -0.5279 0.0957
vn -0.7916 -0.6025 0.1015
vn -0.7248 -0.6857 0.0675
vn 0.9706 -0.1967 0.1390
vn 0.9605 -0.2520 0.1177
vn 0.9487 -0.3090 0.0668
vn 0.6506 -0.7413 0.1652
vn 0.6630 -0.7205 0.2030
vn 0.6739 -0.7106 0.2025
vn 0.8166 -0.5536 0.1637
vn 0.8926 -0.4293 0.1375
vn 0.9449 -0.3026 0.1251
vn -0.9449 -0.3026 0.1251
vn -0.8926 -0.4293 0.1375
vn -0.8166 -0.5536 0.1637
vn -0.6739 -0.7106 0.2025
vn -0.6630 -0.7205 0.2030
vn -0.6506 -0.7413 0.1652
vn -0.9487 -0.3090 0.0668
vn -0.9605 -0.2520 0.1177
vn -0.9706 -0.1967 0.1390
vn -0.0000 -0.1274 -0.9918
vn -0.0000 0.0009 -1.0000
vn -0.0000 0.1519 -0.9884
vn 0.1628 0.3143 -0.9353
vn 0.2854 0.2904 -0.9134
vn 0.3688 0.2591 -0.8926
vn 0.4185 0.0524 -0.9067
vn 0.4120 -0.0938 -0.9063
vn 0.4087 -0.2060 -0.8891
vn -0.4087 -0.2060 -0.8891
vn -0.4120 -0.0938 -0.9063
vn -0.4185 0.0524 -0.9067
vn -0.3688 0.2591 -0.8926
vn -0.2854 0.2904 -0.9134
vn -0.1628 0.3143 -0.9353
vn -0.0000 0.9917 0.1290
vn -0.0000 0.9634 0.2680
vn -0.0000 0.9077 0.4195
vn 0.0823 0.8205 0.5658
vn 0.1715 0.8053 0.5675
vn 0.2772 0.7795 0.5617
vn 0.3886 0.8276 0.4050
vn 0.3685 0.8918 0.2624
vn 0.3500 0.9278 0.1293
vn 0.2174 0.9760 0.0115
vn 0.1283 0.9917 0.0104
vn 0.0592 0.9982 0.0086
vn -0.0592 0.9982 0.0086
vn -0.1283 0.9917 0.0104
vn -0.2174 0.9760 0.0115
vn -0.3500 0.9278 0.1293
vn -0.3685 0.8918 0.2624
vn -0.3886 0.8276 0.4050
vn -0.2772 0.7795 0.5617
vn -0.1715 0.8053 0.5675
vn -0.0823 0.8205 0.5658
vn -0.0000 0.9246 -0.3809
vn -0.0000 0.9712 -0.2384
vn -0.0000 0.9940 -0.1095
vn 0.3261 0.9383 -0.1149
vn 0.3226 0.9100 -0.2604
vn 0.3287 0.8473 -0.4171
vn 0.2802 0.7874 -0.5491
vn 0.2029 0.8183 -0.5378
vn 0.1098 0.8406 -0.5305
vn -0.1098 0.8406 -0.5305
vn -0.2029 0.8183 -0.5378
vn -0.2802 0.7874 -0.5491
vn -0.3287 0.8473 -0.4171
vn -0.3226 0.9100 -0.2604
vn -0.3261 0.9383 -0.1149
vn -0.0000 0.4905 -0.8714
vn -0.0000 0.6308 -0.7760
vn -0.0000 0.7488 -0.6627
vn 0.3705 0.6387 -0.6744
vn 0.3968 0.5197 -0.7566
vn 0.4166 0.3851 -0.8235
vn -0.4166 0.3851 -0.8235
vn -0.3968 0.5197 -0.7566
vn -0.3705 0.6387 -0.6744
vn 0.4896 0.8425 0.2247
vn 0.4378 0.8984 0.0358
vn 0.3943 0.9122 -0.1114
vn 0.8341 0.5213 -0.1806
vn 0.8394 0.5405 -0.0582
vn 0.8456 0.5266 0.0878
vn 0.7238 0.6268 0.2886
vn 0.5902 0.7280 0.3489
vn 0.5194 0.7609 0.3888
vn -0.5194 0.7609 0.3888
vn -0.5902 0.7280 0.3489
vn -0.7238 0.6268 0.2886
vn -0.8456 0.5266 0.0878
vn -0.8394 0.5405 -0.0582
vn -0.8341 0.5213 -0.1806
vn -0.3943 0.9122 -0.1114
vn -0.4378 0.8984 0.0358
vn -0.4896 0.8425 0.2247
vn 0.6084 0.6128 0.5042
vn 0.5816 0.6114 0.5366
vn 0.5578 0.6545 0.5104
vn 0.8404 0.4237 0.3379
vn 0.8352 0.3999 0.3775
vn 0.8411 0.4041 0.3596
vn 0.7436 0.5640 0.3591
vn 0.6429 0.6510 0.4035
vn 0.6087 0.6725 0.4211
vn -0.6087 0.6725 0.4211
vn -0.6429 0.6510 0.4035
vn -0.7436 0.5640 0.3591
vn -0.8411 0.4041 0.3596
vn -0.8352 0.3999 0.3775
vn -0.8404 0.4237 0.3379
vn -0.5578 0.6545 0.5104
vn -0.5816 0.6114 0.5366
vn -0.6084 0.6128 0.5042
vn 0.6694 0.7394 0.0725
vn 0.6669 0.7226 0.1820
vn 0.6571 0.6910 0.3013
vn 0.8781 0.4399 0.1884
vn 0.8932 0.4402 0.0918
vn 0.9039 0.4275 0.0112
vn 0.8326 0.5524 -0.0400
vn 0.7496 0.6609 -0.0352
vn 0.6933 0.7199 -0.0326
vn -0.6933 0.7199 -0.0326
vn -0.7496 0.6609 -0.0352
vn -0.8326 0.5524 -0.0400
vn -0.9039 0.4275 0.0112
vn -0.8932 0.4402 0.0918
vn -0.8781 0.4399 0.1884
vn -0.6571 0.6910 0.3013
vn -0.6669 0.7226 0.1820
vn -0.6694 0.7394 0.0725
vn 0.6206 0.6541 -0.4324
vn 0.6477 0.7109 -0.2741
vn 0.6626 0.7363 -0.1372
vn 0.9164 0.3833 -0.1155
vn 0.9129 0.3579 -0.1965
vn 0.8958 0.3321 -0.2953
vn 0.8041 0.3755 -0.4609
vn 0.7269 0.4451 -0.5230
vn 0.6524 0.5056 -0.5645
vn -0.6524 0.5056 -0.5645
vn -0.7269 0.4451 -0.5230
vn -0.8041 0.3755 -0.4609
vn -0.8958 0.3321 -0.2953
vn -0.9129 0.3579 -0.1965
vn -0.9164 0.3833 -0.1155
vn -0.6626 0.7363 -0.1372
vn -0.6477 0.7109 -0.2741
vn -0.6206 0.6541 -0.4324
vn 0.8750 0.2267 -0.4278
vn 0.8665 0.1589 -0.4732
vn 0.8280 0.1140 -0.5491
vn 0.6924 -0.0289 -0.7209
vn 0.6449 -0.0363 -0.7634
vn 0.6072 -0.0136 -0.7945
vn 0.5770 0.1747 -0.7978
vn 0.5689 0.3101 -0.7617
vn 0.5688 0.4379 -0.6963
vn -0.5688 0.4379 -0.6963
vn -0.5689 0.3101 -0.7617
vn -0.5770 0.1747 -0.7978
vn -0.6072 -0.0136 -0.7945
vn -0.6449 -0.0363 -0.7634
vn -0.6924 -0.0289 -0.7209
vn -0.8280 0.1140 -0.5491
vn -0.8665 0.1589 -0.4732
vn -0.8750 0.2267 -0.4278
vn 0.5449 0.0751 -0.8351
vn 0.5064 0.1294 -0.8525
vn 0.4652 0.1804 -0.8667
vn 0.4065 0.7100 -0.5749
vn 0.4680 0.6627 -0.5847
vn 0.5290 0.6110 -0.5889
vn -0.5290 0.6110 -0.5889
vn -0.4680 0.6627 -0.5847
vn -0.4065 0.7100 -0.5749
vn -0.4652 0.1804 -0.8667
vn -0.5064 0.1294 -0.8525
vn -0.5449 0.0751 -0.8351
vn 0.4653 0.8851 0.0021
vn 0.5723 0.8200 -0.0081
vn 0.6393 0.7687 -0.0185
vn -0.6393 0.7687 -0.0185
vn -0.5723 0.8200 -0.0081
vn -0.4653 0.8851 0.0021
vn 0.5327 0.6868 0.4945
vn 0.6214 0.6418 0.4494
vn 0.6567 0.6253 0.4216
vn -0.6567 0.6253 0.4216
vn -0.6214 0.6418 0.4494
vn -0.5327 0.6868 0.4945
vn 0.4156 0.6575 0.6285
vn 0.4159 0.6178 0.6674
vn 0.4027 0.6334 0.6607
vn 0.4539 0.7246 0.5186
vn 0.5218 0.7198 0.4579
vn 0.5502 0.7229 0.4180
vn -0.5502 0.7229 0.4180
vn -0.5218 0.7198 0.4579
vn -0.4539 0.7246 0.5186
vn -0.4027 0.6334 0.6607
vn -0.4159 0.6178 0.6674
vn -0.4156 0.6575 0.6285
vn 0.2804 0.8688 0.4081
vn 0.1574 0.9825 0.0993
vn 0.0568 0.9600 -0.2741
vn -0.0568 0.9600 -0.2741
vn -0.1574 0.9825 0.0993
vn -0.2804 0.8688 0.4081
vn -0.0000 0.7431 0.6692
vn -0.0000 0.6905 0.7233
vn -0.0000 0.6711 0.7414
vn 0.1141 0.6802 0.7241
vn 0.1979 0.6910 0.6953
vn 0.2747 0.7083 0.6502
vn -0.2747 0.7083 0.6502
vn -0.1979 0.6910 0.6953
vn -0.1141 0.6802 0.7241
vn -0.1248 0.7209 -0.6817
vn -0.2299 0.7158 -0.6594
vn -0.3257 0.7707 -0.5477
vn 0.3257 0.7707 -0.5477
vn 0.2299 0.7158 -0.6594
vn 0.1248 0.7209 -0.6817
vn 0.0377 0.6604 0.7500
vn -0.0218 0.7297 0.6834
vn -0.2098 0.9099 0.3580
vn 0.2098 0.9099 0.3580
vn 0.0218 0.7297 0.6834
vn -0.0377 0.6604 0.7500
vn -0.0000 0.5729 0.8197
vn -0.0000 0.5362 0.8441
vn -0.0000 0.6749 0.7379
vn 0.9877 0.0082 0.1562
vn 0.9703 0.1641 0.1776
vn 0.9269 0.3176 0.2000
vn -0.9269 0.3176 0.2000
vn -0.9703 0.1641 0.1776
vn -0.9877 0.0082 0.1562
vn 0.9864 -0.1221 0.1101
vn 0.9913 -0.1069 0.0765
vn 0.9938 -0.1035 0.0415
vn 0.9950 0.0534 0.0843
vn 0.9752 0.1709 0.1408
vn 0.9356 0.2840 0.2099
vn -0.9356 0.2840 0.2099
vn -0.9752 0.1709 0.1408
vn -0.9950 0.0534 0.0843
vn -0.9938 -0.1035 0.0415
vn -0.9913 -0.1069 0.0765
vn -0.9864 -0.1221 0.1101
vn 0.9995 -0.0147 0.0292
vn 0.9974 0.0716 0.0022
vn 0.9861 0.1662 -0.0007
vn 0.9693 0.2241 -0.1011
vn 0.9706 0.2196 -0.0987
vn 0.9564 0.2821 -0.0753
vn -0.9564 0.2821 -0.0753
vn -0.9706 0.2196 -0.0987
vn -0.9693 0.2241 -0.1011
vn -0.9861 0.1662 -0.0007
vn -0.9974 0.0716 0.0022
vn -0.9995 -0.0147 0.0292
vn 0.7961 0.5749 -0.1890
vn 0.7755 0.5066 -0.3767
vn 0.7677 0.3284 -0.5502
vn -0.7677 0.3284 -0.5502
vn -0.7755 0.5066 -0.3767
vn -0.7961 0.5749 -0.1890
vn 0.6506 -0.7482 0.1303
vn 0.6790 -0.7273 0.1002
vn 0.6655 -0.7441 0.0583
vn 0.5536 -0.8127 -0.1816
vn 0.6006 -0.7835 -0.1593
vn 0.5967 -0.7868 -0.1578
vn 0.5402 -0.8386 -0.0708
vn 0.5467 -0.8372 0.0167
vn 0.5592 -0.8244 0.0874
vn -0.5592 -0.8244 0.0874
vn -0.5467 -0.8372 0.0167
vn -0.5402 -0.8386 -0.0708
vn -0.5967 -0.7868 -0.1578
vn -0.6006 -0.7835 -0.1593
vn -0.5536 -0.8127 -0.1816
vn -0.6655 -0.7441 0.0583
vn -0.6790 -0.7273 0.1002
vn -0.6506 -0.7482 0.1303
vn 0.3929 -0.9151 0.0902
vn 0.5055 -0.8562 0.1067
vn 0.5895 -0.7956 0.1394
vn 0.5449 -0.8206 0.1725
vn 0.4904 -0.8574 0.1562
vn 0.5004 -0.8531 0.1476
vn 0.4527 -0.8728 -0.1827
vn 0.3648 -0.9151 -0.1720
vn 0.2775 -0.9528 -0.1228
vn -0.2775 -0.9528 -0.1228
vn -0.3648 -0.9151 -0.1720
vn -0.4527 -0.8728 -0.1827
vn -0.5004 -0.8531 0.1476
vn -0.4904 -0.8574 0.1562
vn -0.5449 -0.8206 0.1725
vn -0.5895 -0.7956 0.1394
vn -0.5055 -0.8562 0.1067
vn -0.3929 -0.9151 0.0902
vn 0.4873 -0.8509 0.1963
vn 0.5185 -0.8315 0.1993
vn 0.5430 -0.8183 0.1885
vn -0.5430 -0.8183 0.1885
vn -0.5185 -0.8315 0.1993
vn -0.4873 -0.8509 0.1963
vn 0.4774 -0.8253 0.3017
vn 0.5378 -0.7333 0.4159
vn 0.6192 -0.5873 0.5212
vn 0.7743 -0.6003 0.2001
vn 0.6983 -0.6839 0.2113
vn 0.6387 -0.7453 0.1914
vn -0.6387 -0.7453 0.1914
vn -0.6983 -0.6839 0.2113
vn -0.7743 -0.6003 0.2001
vn -0.6192 -0.5873 0.5212
vn -0.5378 -0.7333 0.4159
vn -0.4774 -0.8253 0.3017
vn 0.6187 -0.1253 -0.7756
vn 0.5431 -0.2773 -0.7925
vn 0.4468 -0.4299 -0.7846
vn 0.3671 -0.6179 -0.6953
vn 0.4220 -0.6175 -0.6638
vn 0.4860 -0.5989 -0.6365
vn 0.5487 -0.4166 -0.7249
vn 0.5475 -0.2775 -0.7895
vn 0.5630 -0.1301 -0.8161
vn -0.5630 -0.1301 -0.8161
vn -0.5475 -0.2775 -0.7895
vn -0.5487 -0.4166 -0.7249
vn -0.4860 -0.5989 -0.6365
vn -0.4220 -0.6175 -0.6638
vn -0.3671 -0.6179 -0.6953
vn -0.4468 -0.4299 -0.7846
vn -0.5431 -0.2773 -0.7925
vn -0.6187 -0.1253 -0.7756
vn 0.5844 -0.4337 -0.6858
vn 0.5295 -0.3544 -0.7707
vn 0.4585 -0.3114 -0.8323
vn -0.4585 -0.3114 -0.8323
vn -0.5295 -0.3544 -0.7707
vn -0.5844 -0.4337 -0.6858
vn 0.1835 -0.7687 -0.6127
vn 0.0938 -0.8886 -0.4490
vn 0.0702 -0.9653 -0.2515
vn 0.5424 -0.7939 -0.2747
vn 0.5488 -0.7490 -0.3712
vn 0.5636 -0.6795 -0.4697
vn -0.5636 -0.6795 -0.4697
vn -0.5488 -0.7490 -0.3712
vn -0.5424 -0.7939 -0.2747
vn -0.0702 -0.9653 -0.2515
vn -0.0938 -0.8886 -0.4490
vn -0.1835 -0.7687 -0.6127
vn 0.5139 -0.6760 -0.5281
vn 0.5956 -0.6344 -0.4929
vn 0.6293 -0.5873 -0.5090
vn -0.6293 -0.5873 -0.5090
vn -0.5956 -0.6344 -0.4929
vn -0.5139 -0.6760 -0.5281
vn 0.5069 0.0399 0.8611
vn 0.3307 0.4785 0.8134
vn 0.0441 0.8553 0.5162
vn -0.2669 0.9525 0.1465
vn -0.3372 0.9258 0.1707
vn -0.4132 0.8885 0.1996
vn -0.2967 0.7848 0.5441
vn 0.0450 0.5203 0.8528
vn 0.3674 0.1238 0.9218
vn 0.5759 -0.1581 0.8021
vn 0.5939 -0.1784 0.7845
vn 0.5878 -0.2119 0.7808
vn -0.5878 -0.2119 0.7808
vn -0.5939 -0.1784 0.7845
vn -0.5759 -0.1581 0.8021
vn -0.3674 0.1238 0.9218
vn -0.0450 0.5203 0.8528
vn 0.2967 0.7848 0.5441
vn 0.4132 0.8885 0.1996
vn 0.3372 0.9258 0.1707
vn 0.2669 0.9525 0.1465
vn -0.0441 0.8553 0.5162
vn -0.3307 0.4785 0.8134
vn -0.5069 0.0399 0.8611
vn 0.2424 0.9427 0.2294
vn 0.0441 0.9844 0.1704
vn -0.0990 0.9852 0.1402
vn 0.5225 -0.2682 0.8093
vn 0.4683 -0.2811 0.8376
vn 0.3884 -0.2820 0.8773
vn 0.3545 -0.0528 0.9336
vn 0.4325 0.2303 0.8717
vn 0.4807 0.5674 0.6686
vn -0.4807 0.5674 0.6686
vn -0.4325 0.2303 0.8717
vn -0.3545 -0.0528 0.9336
vn -0.3884 -0.2820 0.8773
vn -0.4683 -0.2811 0.8376
vn -0.5225 -0.2682 0.8093
vn 0.0990 0.9852 0.1402
vn -0.0441 0.9844 0.1704
vn -0.2424 0.9427 0.2294
vn 0.7616 0.2527 0.5968
vn 0.7335 0.4387 0.5192
vn 0.6446 0.6380 0.4212
vn 0.1262 -0.2223 0.9668
vn -0.0043 -0.1675 0.9859
vn -0.1008 -0.1082 0.9890
vn 0.1011 -0.0258 0.9945
vn 0.3281 0.0041 0.9446
vn 0.5500 0.0404 0.8342
vn -0.5500 0.0404 0.8342
vn -0.3281 0.0041 0.9446
vn -0.1011 -0.0258 0.9945
vn 0.1008 -0.1082 0.9890
vn 0.0043 -0.1675 0.9859
vn -0.1262 -0.2223 0.9668
vn -0.6446 0.6380 0.4212
vn -0.7335 0.4387 0.5192
vn -0.7616 0.2527 0.5968
vn 0.7334 -0.3129 0.6034
vn 0.7375 -0.1940 0.6469
vn 0.7463 -0.0700 0.6619
vn -0.1941 0.0161 0.9809
vn -0.2037 0.1090 0.9729
vn -0.1755 0.2246 0.9585
vn 0.1865 0.1288 0.9740
vn 0.4194 -0.0843 0.9039
vn 0.5991 -0.2807 0.7498
vn -0.5991 -0.2807 0.7498
vn -0.4194 -0.0843 0.9039
vn -0.1865 0.1288 0.9740
vn 0.1755 0.2246 0.9585
vn 0.2037 0.1090 0.9729
vn 0.1941 0.0161 0.9809
vn -0.7463 -0.0700 0.6619
vn -0.7375 -0.1940 0.6469
vn -0.7334 -0.3129 0.6034
vn 0.5410 -0.7893 0.2905
vn 0.6182 -0.6988 0.3600
vn 0.6811 -0.5805 0.4462
vn 0.0252 0.4288 0.9030
vn 0.1657 0.4550 0.8750
vn 0.3078 0.4263 0.8506
vn 0.5530 0.0086 0.8331
vn 0.5953 -0.3527 0.7220
vn 0.5564 -0.6581 0.5072
vn -0.5564 -0.6581 0.5072
vn -0.5953 -0.3527 0.7220
vn -0.5530 0.0086 0.8331
vn -0.3078 0.4263 0.8506
vn -0.1657 0.4550 0.8750
vn -0.0252 0.4288 0.9030
vn -0.6811 -0.5805 0.4462
vn -0.6182 -0.6988 0.3600
vn -0.5410 -0.7893 0.2905
vn 0.1856 -0.9616 0.2022
vn 0.2895 -0.9341 0.2089
vn 0.3787 -0.8988 0.2208
vn 0.5222 0.2602 0.8122
vn 0.5437 0.1896 0.8176
vn 0.4949 0.1863 0.8487
vn 0.3663 -0.0565 0.9288
vn 0.3081 -0.4608 0.8323
vn 0.1920 -0.8141 0.5480
vn -0.1920 -0.8141 0.5480
vn -0.3081 -0.4608 0.8323
vn -0.3663 -0.0565 0.9288
vn -0.4949 0.1863 0.8487
vn -0.5437 0.1896 0.8176
vn -0.5222 0.2602 0.8122
vn -0.3787 -0.8988 0.2208
vn -0.2895 -0.9341 0.2089
vn -0.1856 -0.9616 0.2022
vn 0.2748 0.6280 0.7281
vn 0.1118 0.8048 0.5829
vn -0.0288 0.9017 0.4313
vn 0.0189 0.9388 0.3440
vn 0.1249 0.9172 0.3784
vn 0.1583 0.9072 0.3897
vn 0.1898 0.8540 0.4845
vn 0.2647 0.7350 0.6243
vn 0.3294 0.5489 0.7683
vn -0.3294 0.5489 0.7683
vn -0.2647 0.7350 0.6243
vn -0.1898 0.8540 0.4845
vn -0.1583 0.9072 0.3897
vn -0.1249 0.9172 0.3783
vn -0.0189 0.9388 0.3440
vn 0.0288 0.9017 0.4313
vn -0.1118 0.8048 0.5829
vn -0.2748 0.6280 0.7281
vn -0.3831 0.5176 0.7651
vn -0.5975 0.6105 0.5200
vn -0.7241 0.6369 0.2646
vn -0.6383 0.7624 0.1070
vn -0.4782 0.8604 0.1762
vn -0.3104 0.9200 0.2392
vn 0.3104 0.9200 0.2392
vn 0.4782 0.8604 0.1762
vn 0.6383 0.7624 0.1070
vn 0.7241 0.6369 0.2646
vn 0.5975 0.6105 0.5200
vn 0.3831 0.5176 0.7651
vn -0.4571 -0.0689 0.8867
vn -0.7275 -0.0755 0.6819
vn -0.9116 -0.0738 0.4044
vn -0.9910 0.1289 0.0360
vn -0.9531 0.3027 -0.0034
vn -0.8851 0.4654 0.0010
vn 0.8851 0.4654 0.0010
vn 0.9531 0.3027 -0.0034
vn 0.9910 0.1289 0.0360
vn 0.9116 -0.0738 0.4044
vn 0.7275 -0.0755 0.6819
vn 0.4571 -0.0689 0.8867
vn 0.1832 -0.4221 0.8878
vn 0.0991 -0.5459 0.8320
vn 0.0151 -0.6520 0.7581
vn -0.4196 -0.6855 0.5950
vn -0.7301 -0.5180 0.4457
vn -0.9169 -0.2936 0.2703
vn 0.9169 -0.2936 0.2703
vn 0.7301 -0.5180 0.4457
vn 0.4196 -0.6855 0.5950
vn -0.0151 -0.6520 0.7581
vn -0.0991 -0.5459 0.8320
vn -0.1832 -0.4221 0.8878
vn 0.5687 -0.4083 0.7141
vn 0.5589 -0.5099 0.6539
vn 0.5420 -0.5848 0.6035
vn 0.4425 -0.6796 0.5851
vn 0.3421 -0.7087 0.6170
vn 0.1868 -0.7379 0.6485
vn -0.1868 -0.7379 0.6485
vn -0.3421 -0.7087 0.6170
vn -0.4425 -0.6796 0.5851
vn -0.5420 -0.5848 0.6035
vn -0.5589 -0.5099 0.6539
vn -0.5687 -0.4083 0.7141
vn 0.6135 -0.3184 0.7226
vn 0.6557 -0.4070 0.6359
vn 0.6815 -0.4687 0.5620
vn 0.6779 -0.5419 0.4968
vn 0.6417 -0.5733 0.5095
vn 0.5874 -0.6114 0.5302
vn -0.5874 -0.6114 0.5302
vn -0.6417 -0.5733 0.5095
vn -0.6779 -0.5419 0.4968
vn -0.6815 -0.4687 0.5620
vn -0.6557 -0.4070 0.6359
vn -0.6135 -0.3184 0.7226
vn 0.8964 -0.4396 -0.0565
vn 0.8557 -0.5167 0.0267
vn 0.7839 -0.6102 0.1144
vn 0.3052 -0.8784 0.3677
vn 0.4977 -0.6143 0.6123
vn 0.6445 -0.2545 0.7210
vn 0.9044 -0.2664 0.3332
vn 0.9211 -0.3811 0.0796
vn 0.9165 -0.3974 -0.0463
vn -0.9165 -0.3974 -0.0463
vn -0.9211 -0.3811 0.0796
vn -0.9044 -0.2664 0.3332
vn -0.6445 -0.2545 0.7210
vn -0.4977 -0.6143 0.6123
vn -0.3052 -0.8784 0.3677
vn -0.7839 -0.6102 0.1144
vn -0.8557 -0.5167 0.0267
vn -0.8964 -0.4396 -0.0565
vn -0.0458 -0.9916 0.1211
vn -0.1009 -0.9819 0.1600
vn -0.0487 -0.9819 0.1831
vn 0.2236 0.4282 0.8756
vn 0.1800 0.5155 0.8378
vn 0.3199 0.4749 0.8198
vn -0.3199 0.4749 0.8198
vn -0.1800 0.5155 0.8378
vn -0.2236 0.4282 0.8756
vn 0.0487 -0.9819 0.1831
vn 0.1009 -0.9819 0.1600
vn 0.0458 -0.9916 0.1211
vn 0.9225 -0.3657 -0.1237
vn 0.9388 -0.3287 -0.1034
vn 0.9647 -0.2599 -0.0429
vn -0.9647 -0.2599 -0.0429
vn -0.9388 -0.3287 -0.1034
vn -0.9225 -0.3657 -0.1237
vn -0.5256 0.8180 0.2336
vn -0.4136 0.8801 0.2333
vn 0.2139 0.9563 0.1995
vn 0.8606 0.3358 0.3830
vn 0.7978 0.0809 0.5974
vn 0.7304 -0.1508 0.6662
vn 0.5576 -0.2550 0.7900
vn 0.5014 -0.2199 0.8368
vn 0.5007 -0.1870 0.8452
vn -0.5007 -0.1870 0.8452
vn -0.5014 -0.2199 0.8368
vn -0.5576 -0.2549 0.7900
vn -0.7304 -0.1508 0.6662
vn -0.7978 0.0809 0.5974
vn -0.8606 0.3358 0.3830
vn -0.2139 0.9563 0.1995
vn 0.4136 0.8801 0.2333
vn 0.5256 0.8180 0.2336
vn 0.0687 0.9478 0.3114
vn 0.0856 0.9602 0.2658
vn 0.1974 0.9429 0.2681
vn 0.4309 0.7833 0.4480
vn 0.4455 0.7144 0.5396
vn 0.5181 0.5575 0.6487
vn -0.5181 0.5575 0.6487
vn -0.4455 0.7144 0.5396
vn -0.4309 0.7833 0.4480
vn -0.1974 0.9429 0.2681
vn -0.0856 0.9602 0.2658
vn -0.0687 0.9478 0.3114
vn 0.7183 0.4393 0.5395
vn 0.7829 0.0433 0.6207
vn 0.7529 -0.0651 0.6549
vn 0.6786 0.1138 0.7256
vn 0.6966 0.1702 0.6969
vn 0.8026 0.1102 0.5863
vn 0.8970 -0.0833 0.4342
vn 0.8674 0.0199 0.4972
vn 0.8218 0.1487 0.5501
vn -0.8218 0.1487 0.5501
vn -0.8674 0.0199 0.4972
vn -0.8970 -0.0833 0.4342
vn -0.8026 0.1102 0.5863
vn -0.6966 0.1702 0.6969
vn -0.6786 0.1138 0.7256
vn -0.7529 -0.0651 0.6549
vn -0.7829 0.0433 0.6207
vn -0.7183 0.4393 0.5395
vn 0.5341 0.6498 0.5409
vn 0.5923 0.6249 0.5085
vn 0.8003 0.4108 0.4368
vn 0.9362 -0.0146 0.3510
vn 0.9278 -0.0075 0.3729
vn 0.9327 -0.0385 0.3586
vn 0.7101 0.1775 0.6813
vn 0.6760 0.3305 0.6587
vn 0.6301 0.4833 0.6078
vn -0.6301 0.4833 0.6078
vn -0.6760 0.3305 0.6587
vn -0.7101 0.1775 0.6813
vn -0.9327 -0.0385 0.3586
vn -0.9278 -0.0075 0.3729
vn -0.9362 -0.0146 0.3510
vn -0.8003 0.4108 0.4368
vn -0.5923 0.6249 0.5085
vn -0.5341 0.6498 0.5409
vn 0.8826 -0.4102 0.2296
vn 0.8009 -0.5395 0.2597
vn 0.7513 -0.5727 0.3281
vn 0.7337 -0.5134 0.4451
vn 0.7735 -0.4669 0.4286
vn 0.8333 -0.4323 0.3444
vn 0.8992 -0.4127 0.1454
vn 0.9157 -0.3887 0.1019
vn 0.9418 -0.3099 0.1300
vn -0.9418 -0.3099 0.1300
vn -0.9157 -0.3887 0.1019
vn -0.8992 -0.4127 0.1454
vn -0.8333 -0.4323 0.3444
vn -0.7735 -0.4669 0.4286
vn -0.7337 -0.5134 0.4451
vn -0.7513 -0.5727 0.3281
vn -0.8009 -0.5395 0.2597
vn -0.8826 -0.4102 0.2296
vn 0.6423 -0.4604 0.6128
vn 0.6155 -0.4119 0.6719
vn 0.6207 -0.3591 0.6970
vn 0.7731 -0.3153 0.5503
vn 0.8427 -0.3467 0.4120
vn 0.8759 -0.3778 0.3002
vn 0.7031 -0.5490 0.4520
vn 0.6906 -0.5333 0.4885
vn 0.6847 -0.5213 0.5093
vn -0.6847 -0.5213 0.5093
vn -0.6906 -0.5333 0.4885
vn -0.7031 -0.5490 0.4520
vn -0.8759 -0.3778 0.3002
vn -0.8427 -0.3467 0.4120
vn -0.7731 -0.3153 0.5503
vn -0.6207 -0.3591 0.6970
vn -0.6155 -0.4119 0.6719
vn -0.6423 -0.4604 0.6128
vn 0.6895 -0.5085 0.5158
vn 0.6941 -0.5094 0.5086
vn 0.6966 -0.5145 0.5001
vn -0.6966 -0.5145 0.5001
vn -0.6941 -0.5094 0.5086
vn -0.6895 -0.5085 0.5158
vn 0.9712 -0.2379 0.0136
vn 0.9472 -0.3191 0.0333
vn 0.9238 -0.3704 0.0974
vn -0.9238 -0.3704 0.0974
vn -0.9472 -0.3191 0.0333
vn -0.9712 -0.2379 0.0136
vn 0.9252 -0.3659 -0.1007
vn 0.9357 -0.3512 -0.0335
vn 0.9491 -0.2976 0.1032
vn -0.9491 -0.2976 0.1032
vn -0.9357 -0.3512 -0.0335
vn -0.9252 -0.3659 -0.1007
vn 0.6694 -0.4239 0.6101
vn 0.6884 -0.5333 0.4916
vn 0.6939 -0.5568 0.4566
vn 0.7128 -0.5508 0.4342
vn 0.7065 -0.5483 0.4475
vn 0.6571 -0.4837 0.5782
vn 0.5772 -0.3349 0.7448
vn 0.5923 -0.3140 0.7420
vn 0.6030 -0.2840 0.7455
vn -0.6029 -0.2840 0.7455
vn -0.5923 -0.3140 0.7420
vn -0.5772 -0.3349 0.7448
vn -0.6571 -0.4837 0.5782
vn -0.7065 -0.5483 0.4475
vn -0.7128 -0.5508 0.4342
vn -0.6939 -0.5568 0.4566
vn -0.6884 -0.5333 0.4916
vn -0.6694 -0.4239 0.6101
vn 0.7140 -0.6041 0.3539
vn 0.6832 -0.6041 0.4102
vn 0.5990 -0.5402 0.5911
vn 0.4704 -0.3833 0.7949
vn 0.5014 -0.3739 0.7803
vn 0.5314 -0.3631 0.7654
vn -0.5314 -0.3631 0.7654
vn -0.5014 -0.3739 0.7803
vn -0.4704 -0.3833 0.7949
vn -0.5990 -0.5402 0.5911
vn -0.6832 -0.6041 0.4102
vn -0.7140 -0.6041 0.3539
vn 0.9464 -0.0804 0.3128
vn 0.8946 -0.0995 0.4356
vn 0.7649 -0.1016 0.6361
vn 0.5171 -0.2579 0.8161
vn 0.4651 -0.3490 0.8135
vn 0.4404 -0.3861 0.8106
vn -0.4404 -0.3861 0.8106
vn -0.4651 -0.3490 0.8135
vn -0.5171 -0.2579 0.8161
vn -0.7649 -0.1016 0.6361
vn -0.8946 -0.0995 0.4356
vn -0.9464 -0.0804 0.3128
vn 0.6046 0.6440 0.4687
vn 0.6043 0.6401 0.4744
vn 0.5470 0.5600 0.6222
vn 0.3638 0.4031 0.8398
vn 0.3847 0.3282 0.8627
vn 0.4774 0.1507 0.8656
vn -0.4774 0.1507 0.8656
vn -0.3847 0.3282 0.8627
vn -0.3638 0.4031 0.8398
vn -0.5470 0.5600 0.6222
vn -0.6043 0.6401 0.4744
vn -0.6046 0.6440 0.4687
vn 0.8068 -0.0455 0.5891
vn 0.8266 -0.0737 0.5580
vn 0.7314 -0.0435 0.6805
vn 0.4944 0.1321 0.8591
vn 0.4898 0.2166 0.8445
vn 0.4594 0.3021 0.8353
vn -0.4594 0.3021 0.8353
vn -0.4898 0.2166 0.8445
vn -0.4944 0.1321 0.8591
vn -0.7314 -0.0435 0.6805
vn -0.8266 -0.0737 0.5580
vn -0.8068 -0.0455 0.5891
vn 0.4599 0.8239 0.3313
vn 0.4121 0.8337 0.3677
vn 0.2450 0.8440 0.4770
vn 0.1475 0.6140 0.7754
vn 0.2846 0.3200 0.9036
vn 0.3934 0.1126 0.9124
vn -0.3934 0.1126 0.9124
vn -0.2846 0.3200 0.9037
vn -0.1475 0.6140 0.7754
vn -0.2450 0.8440 0.4770
vn -0.4121 0.8337 0.3677
vn -0.4599 0.8239 0.3313
vn 0.0721 0.9503 0.3030
vn 0.0715 0.9358 0.3453
vn 0.1162 0.8594 0.4980
vn -0.0192 0.7971 0.6036
vn -0.1245 0.8398 0.5284
vn -0.1283 0.8530 0.5059
vn 0.1283 0.8530 0.5059
vn 0.1245 0.8398 0.5284
vn 0.0192 0.7971 0.6036
vn -0.1162 0.8594 0.4980
vn -0.0715 0.9358 0.3453
vn -0.0721 0.9503 0.3030
vn 0.5450 -0.4636 0.6986
vn 0.5130 -0.6434 0.5682
vn 0.5039 -0.6826 0.5293
vn 0.6053 -0.1905 0.7728
vn 0.5901 -0.1454 0.7941
vn 0.5660 -0.1188 0.8158
vn -0.5660 -0.1188 0.8158
vn -0.5901 -0.1454 0.7941
vn -0.6053 -0.1905 0.7728
vn -0.5039 -0.6826 0.5293
vn -0.5130 -0.6434 0.5682
vn -0.5450 -0.4636 0.6986
vn 0.0925 -0.4542 0.8861
vn -0.1043 -0.7519 0.6510
vn -0.1361 -0.8039 0.5790
vn 0.4918 -0.1582 0.8562
vn 0.4248 -0.1637 0.8904
vn 0.3624 -0.0989 0.9268
vn -0.3624 -0.0989 0.9268
vn -0.4248 -0.1637 0.8904
vn -0.4918 -0.1582 0.8562
vn 0.1361 -0.8039 0.5790
vn 0.1043 -0.7519 0.6510
vn -0.0925 -0.4542 0.8861
vn -0.3188 -0.0136 0.9477
vn -0.9260 -0.0716 0.3706
vn -0.9972 -0.0726 0.0156
vn 0.3137 0.0542 0.9480
vn 0.3226 0.0757 0.9435
vn 0.3402 0.0599 0.9384
vn -0.3402 0.0599 0.9384
vn -0.3226 0.0757 0.9435
vn -0.3137 0.0542 0.9480
vn 0.9972 -0.0726 0.0156
vn 0.9260 -0.0716 0.3706
vn 0.3188 -0.0136 0.9477
vn -0.0899 0.3419 0.9354
vn -0.6393 0.6445 0.4194
vn -0.7794 0.6265 -0.0063
vn 0.3621 -0.0250 0.9318
vn 0.3559 -0.0473 0.9333
vn 0.3460 -0.0447 0.9372
vn -0.3460 -0.0447 0.9372
vn -0.3559 -0.0473 0.9333
vn -0.3621 -0.0250 0.9318
vn 0.7794 0.6265 -0.0063
vn 0.6393 0.6445 0.4194
vn 0.0899 0.3419 0.9354
vn 0.2584 0.6360 0.7271
vn -0.0126 0.8970 0.4418
vn -0.1567 0.9519 0.2632
vn 0.3463 0.0322 0.9376
vn 0.3672 0.1030 0.9244
vn 0.4044 0.1877 0.8951
vn -0.4044 0.1877 0.8951
vn -0.3672 0.1030 0.9244
vn -0.3463 0.0322 0.9376
vn 0.1567 0.9519 0.2632
vn 0.0126 0.8970 0.4418
vn -0.2584 0.6360 0.7271
vn 0.4848 0.3564 0.7987
vn 0.4672 0.4409 0.7663
vn 0.3734 0.5545 0.7437
vn -0.3734 0.5545 0.7437
vn -0.4672 0.4409 0.7663
vn -0.4848 0.3564 0.7987
vn 0.1761 0.0317 0.9839
vn 0.1876 0.0850 0.9786
vn 0.2590 0.1936 0.9463
vn 0.2019 0.1831 0.9621
vn 0.0892 0.2470 0.9649
vn 0.1047 0.2556 0.9611
vn 0.2105 0.1462 0.9666
vn 0.2151 0.0872 0.9727
vn 0.2142 0.0436 0.9758
vn -0.2142 0.0436 0.9758
vn -0.2151 0.0872 0.9727
vn -0.2105 0.1462 0.9666
vn -0.1047 0.2556 0.9611
vn -0.0892 0.2470 0.9649
vn -0.2019 0.1831 0.9621
vn -0.2590 0.1936 0.9463
vn -0.1876 0.0850 0.9786
vn -0.1761 0.0317 0.9839
vn 0.3226 -0.0108 0.9465
vn 0.2892 -0.0039 0.9572
vn 0.2478 0.0034 0.9688
vn 0.3323 0.1482 0.9315
vn 0.4164 0.0787 0.9058
vn 0.4575 0.0172 0.8890
vn 0.4164 -0.0196 0.9090
vn 0.3760 -0.0053 0.9266
vn 0.3521 -0.0021 0.9359
vn -0.3521 -0.0021 0.9359
vn -0.3760 -0.0053 0.9266
vn -0.4164 -0.0196 0.9090
vn -0.4575 0.0172 0.8890
vn -0.4164 0.0787 0.9058
vn -0.3323 0.1482 0.9315
vn -0.2478 0.0034 0.9688
vn -0.2892 -0.0039 0.9572
vn -0.3226 -0.0108 0.9465
vn 0.3471 0.0035 0.9378
vn 0.3588 -0.0098 0.9334
vn 0.3583 -0.0153 0.9335
vn 0.4471 -0.0799 0.8909
vn 0.4272 -0.1132 0.8970
vn 0.4085 -0.1415 0.9017
vn 0.3536 -0.1184 0.9279
vn 0.3184 -0.0538 0.9464
vn 0.3064 0.0012 0.9519
vn -0.3064 0.0012 0.9519
vn -0.3184 -0.0538 0.9464
vn -0.3536 -0.1184 0.9279
vn -0.4085 -0.1415 0.9017
vn -0.4272 -0.1132 0.8970
vn -0.4471 -0.0799 0.8909
vn -0.3583 -0.0153 0.9335
vn -0.3588 -0.0098 0.9334
vn -0.3471 0.0035 0.9378
vn 0.3425 0.2354 0.9095
vn 0.3149 0.1583 0.9358
vn 0.3098 0.0832 0.9472
vn 0.4003 -0.1768 0.8992
vn 0.4275 -0.1492 0.8916
vn 0.4639 -0.0865 0.8817
vn 0.4717 0.0618 0.8796
vn 0.4420 0.1513 0.8842
vn 0.4101 0.2310 0.8823
vn -0.4101 0.2310 0.8823
vn -0.4420 0.1513 0.8842
vn -0.4717 0.0618 0.8796
vn -0.4639 -0.0865 0.8817
vn -0.4275 -0.1492 0.8916
vn -0.4003 -0.1768 0.8992
vn -0.3098 0.0832 0.9472
vn -0.3149 0.1583 0.9358
vn -0.3425 0.2354 0.9095
vn 0.3706 0.3303 0.8681
vn 0.3943 0.3117 0.8645
vn 0.4595 0.1831 0.8691
vn 0.5174 -0.0787 0.8521
vn 0.4356 0.0044 0.9001
vn 0.3715 0.0334 0.9278
vn -0.3715 0.0334 0.9278
vn -0.4356 0.0044 0.9001
vn -0.5174 -0.0787 0.8521
vn -0.4595 0.1831 0.8691
vn -0.3943 0.3117 0.8645
vn -0.3706 0.3303 0.8681
vn 0.4518 -0.2083 0.8674
vn 0.3880 -0.1104 0.9150
vn 0.3566 -0.0493 0.9329
vn -0.3566 -0.0493 0.9329
vn -0.3880 -0.1104 0.9150
vn -0.4518 -0.2083 0.8674
vn 0.2976 -0.2227 0.9283
vn 0.2214 -0.1049 0.9695
vn 0.1982 -0.0312 0.9797
vn -0.1982 -0.0312 0.9797
vn -0.2214 -0.1049 0.9695
vn -0.2976 -0.2227 0.9283
vn 0.2212 0.5126 0.8297
vn 0.2250 0.3840 0.8955
vn 0.2167 0.2922 0.9315
vn -0.2167 0.2922 0.9315
vn -0.2250 0.3840 0.8955
vn -0.2212 0.5126 0.8297
vn 0.5112 0.0722 0.8564
vn 0.5149 -0.0083 0.8572
vn 0.4977 -0.0376 0.8666
vn -0.4977 -0.0376 0.8666
vn -0.5149 -0.0083 0.8572
vn -0.5112 0.0722 0.8564
vn 0.4293 -0.1298 0.8938
vn 0.4410 -0.1697 0.8813
vn 0.4276 -0.1836 0.8851
vn -0.4276 -0.1836 0.8851
vn -0.4410 -0.1697 0.8813
vn -0.4293 -0.1298 0.8938
vn 0.5004 0.0212 0.8656
vn 0.5263 0.0097 0.8502
vn 0.5196 -0.0048 0.8544
vn -0.5196 -0.0048 0.8544
vn -0.5263 0.0097 0.8502
vn -0.5004 0.0212 0.8656
vn 0.4091 0.2484 0.8780
vn 0.4245 0.3196 0.8471
vn 0.4134 0.3238 0.8510
vn -0.4134 0.3238 0.8510
vn -0.4245 0.3196 0.8471
vn -0.4091 0.2484 0.8780
vn -0.1379 -0.6066 -0.7829
vn 0.0882 -0.8762 -0.4738
vn 0.3104 -0.9475 -0.0771
vn -0.0522 -0.9918 -0.1168
vn -0.1478 -0.8927 -0.4257
vn -0.1973 -0.6825 -0.7037
vn -0.3217 -0.3687 -0.8721
vn -0.3700 -0.3375 -0.8656
vn -0.3511 -0.3235 -0.8787
vn 0.3511 -0.3235 -0.8787
vn 0.3700 -0.3375 -0.8656
vn 0.3217 -0.3687 -0.8721
vn 0.1973 -0.6825 -0.7037
vn 0.1478 -0.8927 -0.4257
vn 0.0522 -0.9918 -0.1168
vn -0.3104 -0.9475 -0.0771
vn -0.0882 -0.8762 -0.4738
vn 0.1379 -0.6066 -0.7829
vn 0.5401 -0.5392 -0.6462
vn 0.7421 -0.6430 -0.1891
vn 0.7796 -0.5785 0.2398
vn -0.1756 -0.3133 -0.9333
vn -0.0674 -0.3122 -0.9476
vn 0.0623 -0.3175 -0.9462
vn -0.0623 -0.3175 -0.9462
vn 0.0674 -0.3122 -0.9476
vn 0.1756 -0.3133 -0.9333
vn -0.7796 -0.5785 0.2398
vn -0.7421 -0.6430 -0.1891
vn -0.5401 -0.5392 -0.6462
vn 0.9854 0.1271 -0.1129
vn 0.9811 0.1258 0.1472
vn 0.9074 0.1101 0.4055
vn 0.4999 -0.2978 -0.8133
vn 0.7415 -0.1896 -0.6436
vn 0.8852 -0.0255 -0.4644
vn -0.8852 -0.0255 -0.4644
vn -0.7415 -0.1896 -0.6436
vn -0.4999 -0.2978 -0.8133
vn -0.9074 0.1101 0.4055
vn -0.9811 0.1258 0.1472
vn -0.9854 0.1271 -0.1129
vn 0.1006 0.5842 -0.8054
vn 0.2531 0.8245 -0.5061
vn 0.3849 0.9172 -0.1027
vn 0.8147 0.2280 -0.5332
vn 0.5677 0.3305 -0.7540
vn 0.2457 0.3529 -0.9028
vn -0.2457 0.3529 -0.9028
vn -0.5677 0.3305 -0.7540
vn -0.8147 0.2280 -0.5332
vn -0.3849 0.9172 -0.1027
vn -0.2531 0.8245 -0.5061
vn -0.1006 0.5842 -0.8054
vn -0.4556 0.4931 -0.7411
vn -0.4301 0.7454 -0.5093
vn -0.3413 0.9185 -0.1996
vn -0.1924 0.2740 -0.9423
vn -0.2957 0.2582 -0.9197
vn -0.3711 0.2547 -0.8930
vn 0.3711 0.2547 -0.8930
vn 0.2957 0.2582 -0.9197
vn 0.1924 0.2740 -0.9423
vn 0.3413 0.9185 -0.1996
vn 0.4301 0.7454 -0.5093
vn 0.4556 0.4931 -0.7411
vn -0.5168 0.5725 -0.6366
vn -0.5912 0.7395 -0.3218
vn -0.5745 0.8178 -0.0359
vn -0.4782 0.2589 -0.8393
vn -0.4890 0.2696 -0.8296
vn -0.4557 0.2907 -0.8414
vn 0.4557 0.2907 -0.8414
vn 0.4890 0.2696 -0.8296
vn 0.4782 0.2589 -0.8393
vn 0.5745 0.8178 -0.0359
vn 0.5912 0.7395 -0.3218
vn 0.5168 0.5725 -0.6366
vn -0.4004 0.0912 -0.9118
vn -0.3710 -0.0190 -0.9284
vn -0.3392 -0.1328 -0.9313
vn -0.1648 -0.2151 -0.9626
vn -0.1603 -0.0653 -0.9849
vn -0.2119 0.0920 -0.9729
vn 0.2119 0.0920 -0.9729
vn 0.1603 -0.0653 -0.9849
vn 0.1648 -0.2151 -0.9626
vn 0.3392 -0.1328 -0.9313
vn 0.3710 -0.0190 -0.9284
vn 0.4004 0.0912 -0.9118
vn -0.0775 0.1113 -0.9908
vn -0.0580 -0.0232 -0.9981
vn 0.0404 -0.1482 -0.9881
vn -0.0404 -0.1482 -0.9881
vn 0.0580 -0.0232 -0.9981
vn 0.0775 0.1113 -0.9908
vn -0.1336 0.3427 -0.9299
vn 0.2187 0.3023 -0.9278
vn 0.5378 0.1821 -0.8232
vn -0.5378 0.1821 -0.8232
vn -0.2187 0.3023 -0.9278
vn 0.1336 0.3427 -0.9299
vn -0.0135 -0.4874 -0.8730
vn 0.1444 -0.5395 -0.8295
vn 0.2522 -0.5782 -0.7759
vn -0.2522 -0.5782 -0.7759
vn -0.1444 -0.5395 -0.8295
vn 0.0135 -0.4874 -0.8730
vn 0.7485 -0.1180 0.6525
vn 0.7173 -0.2347 0.6561
vn 0.6623 -0.3479 0.6636
vn 0.7447 -0.1185 0.6568
vn 0.7134 -0.2340 0.6605
vn 0.6594 -0.3448 0.6680
vn 0.7641 -0.1248 0.6329
vn 0.7318 -0.2451 0.6360
vn 0.6768 -0.3600 0.6422
vn -0.6768 -0.3600 0.6422
vn -0.6594 -0.3448 0.6680
vn -0.6623 -0.3479 0.6636
vn -0.7318 -0.2451 0.6360
vn -0.7134 -0.2340 0.6605
vn -0.7173 -0.2347 0.6561
vn -0.7641 -0.1248 0.6329
vn -0.7447 -0.1185 0.6568
vn -0.7485 -0.1180 0.6525
vn 0.8317 -0.1449 0.5360
vn 0.7950 -0.2839 0.5361
vn 0.7337 -0.4166 0.5368
vn 0.8547 -0.1520 0.4964
vn 0.8161 -0.2980 0.4951
vn 0.7517 -0.4376 0.4933
vn 0.8673 -0.1562 0.4726
vn 0.8274 -0.3065 0.4706
vn 0.7608 -0.4505 0.4673
vn -0.7608 -0.4505 0.4673
vn -0.7517 -0.4376 0.4933
vn -0.7337 -0.4166 0.5368
vn -0.8274 -0.3065 0.4706
vn -0.8161 -0.2980 0.4951
vn -0.7950 -0.2839 0.5361
vn -0.8673 -0.1562 0.4726
vn -0.8547 -0.1520 0.4964
vn -0.8317 -0.1449 0.5360
vn 0.5351 -0.6493 0.5404
vn 0.4073 -0.7335 0.5441
vn 0.2625 -0.7928 0.5501
vn 0.5434 -0.6829 0.4882
vn 0.4092 -0.7717 0.4868
vn 0.2575 -0.8337 0.4885
vn 0.5456 -0.7026 0.4567
vn 0.4079 -0.7932 0.4522
vn 0.2529 -0.8559 0.4510
vn -0.2529 -0.8559 0.4510
vn -0.2575 -0.8337 0.4885
vn -0.2625 -0.7928 0.5501
vn -0.4079 -0.7932 0.4522
vn -0.4092 -0.7717 0.4868
vn -0.4073 -0.7335 0.5441
vn -0.5456 -0.7026 0.4567
vn -0.5434 -0.6829 0.4882
vn -0.5351 -0.6493 0.5404
vn 0.4851 -0.5376 0.6897
vn 0.3791 -0.5998 0.7046
vn 0.2644 -0.6425 0.7192
vn 0.4859 -0.5309 0.6942
vn 0.3802 -0.5929 0.7098
vn 0.2647 -0.6354 0.7254
vn 0.4995 -0.5559 0.6644
vn 0.3890 -0.6234 0.6783
vn 0.2661 -0.6702 0.6928
vn -0.2661 -0.6702 0.6928
vn -0.2647 -0.6354 0.7254
vn -0.2644 -0.6425 0.7192
vn -0.3890 -0.6234 0.6783
vn -0.3802 -0.5929 0.7098
vn -0.3791 -0.5998 0.7046
vn -0.4995 -0.5559 0.6644
vn -0.4859 -0.5309 0.6942
vn -0.4851 -0.5376 0.6897
vn 0.0022 -0.6673 0.7448
vn -0.1349 -0.6414 0.7552
vn -0.2699 -0.5848 0.7650
vn 0.0014 -0.6584 0.7526
vn -0.1341 -0.6318 0.7635
vn -0.2662 -0.5751 0.7736
vn -0.0145 -0.6942 0.7197
vn -0.1561 -0.6642 0.7310
vn -0.2919 -0.6034 0.7421
vn 0.2919 -0.6034 0.7421
vn 0.2662 -0.5751 0.7736
vn 0.2699 -0.5848 0.7650
vn 0.1561 -0.6642 0.7310
vn 0.1341 -0.6318 0.7635
vn 0.1349 -0.6414 0.7552
vn 0.0145 -0.6942 0.7197
vn -0.0014 -0.6584 0.7526
vn -0.0022 -0.6673 0.7448
vn -0.0670 -0.8194 0.5694
vn -0.2278 -0.7805 0.5822
vn -0.3784 -0.7071 0.5973
vn -0.0852 -0.8598 0.5036
vn -0.2509 -0.8184 0.5170
vn -0.4059 -0.7418 0.5338
vn -0.0946 -0.8810 0.4635
vn -0.2622 -0.8388 0.4772
vn -0.4190 -0.7612 0.4950
vn 0.4190 -0.7612 0.4950
vn 0.4059 -0.7418 0.5338
vn 0.3784 -0.7071 0.5973
vn 0.2622 -0.8388 0.4772
vn 0.2509 -0.8184 0.5170
vn 0.2278 -0.7805 0.5822
vn 0.0946 -0.8810 0.4635
vn 0.0852 -0.8598 0.5036
vn 0.0670 -0.8194 0.5694
vn -0.6256 -0.4638 0.6274
vn -0.7024 -0.3157 0.6379
vn -0.7473 -0.1604 0.6448
vn -0.6617 -0.4890 0.5683
vn -0.7425 -0.3340 0.5806
vn -0.7904 -0.1702 0.5885
vn -0.6802 -0.5040 0.5322
vn -0.7639 -0.3449 0.5454
vn -0.8137 -0.1759 0.5540
vn 0.8137 -0.1759 0.5540
vn 0.7904 -0.1702 0.5885
vn 0.7473 -0.1604 0.6448
vn 0.7639 -0.3449 0.5454
vn 0.7425 -0.3340 0.5806
vn 0.7024 -0.3157 0.6379
vn 0.6802 -0.5040 0.5322
vn 0.6617 -0.4890 0.5683
vn 0.6256 -0.4638 0.6274
vn -0.4995 -0.3800 0.7785
vn -0.5698 -0.2550 0.7812
vn -0.6095 -0.1274 0.7825
vn -0.4881 -0.3730 0.7890
vn -0.5552 -0.2503 0.7932
vn -0.5928 -0.1252 0.7956
vn -0.5170 -0.3920 0.7610
vn -0.5850 -0.2641 0.7668
vn -0.6235 -0.1328 0.7705
vn 0.6235 -0.1328 0.7705
vn 0.5928 -0.1252 0.7956
vn 0.6095 -0.1274 0.7825
vn 0.5850 -0.2641 0.7668
vn 0.5552 -0.2503 0.7932
vn 0.5698 -0.2550 0.7812
vn 0.5170 -0.3920 0.7610
vn 0.4881 -0.3730 0.7890
vn 0.4995 -0.3800 0.7785
vn -0.6129 0.1252 0.7802
vn -0.5795 0.2504 0.7755
vn -0.5178 0.3770 0.7680
vn -0.5954 0.1237 0.7939
vn -0.5625 0.2474 0.7889
vn -0.5017 0.3716 0.7811
vn -0.6250 0.1315 0.7694
vn -0.5895 0.2616 0.7642
vn -0.5255 0.3900 0.7561
vn 0.5255 0.3900 0.7561
vn 0.5017 0.3716 0.7811
vn 0.5178 0.3770 0.7680
vn 0.5895 0.2616 0.7642
vn 0.5625 0.2474 0.7889
vn 0.5795 0.2504 0.7755
vn 0.6250 0.1315 0.7694
vn 0.5954 0.1237 0.7939
vn 0.6129 0.1252 0.7802
vn -0.7463 0.1584 0.6465
vn -0.7008 0.3105 0.6422
vn -0.6237 0.4554 0.6354
vn -0.7886 0.1675 0.5917
vn -0.7393 0.3270 0.5886
vn -0.6572 0.4773 0.5832
vn -0.8116 0.1727 0.5582
vn -0.7602 0.3362 0.5559
vn -0.6752 0.4896 0.5517
vn 0.6752 0.4896 0.5517
vn 0.6572 0.4773 0.5832
vn 0.6237 0.4554 0.6354
vn 0.7602 0.3362 0.5559
vn 0.7393 0.3270 0.5886
vn 0.7008 0.3105 0.6422
vn 0.8116 0.1727 0.5582
vn 0.7886 0.1675 0.5917
vn 0.7463 0.1584 0.6465
vn -0.3739 0.6956 0.6135
vn -0.2222 0.7679 0.6008
vn -0.0617 0.8056 0.5892
vn -0.3969 0.7244 0.5636
vn -0.2406 0.7987 0.5515
vn -0.0756 0.8381 0.5403
vn -0.4084 0.7404 0.5338
vn -0.2496 0.8156 0.5220
vn -0.0827 0.8555 0.5112
vn 0.0827 0.8555 0.5112
vn 0.0756 0.8381 0.5403
vn 0.0617 0.8056 0.5892
vn 0.2496 0.8156 0.5220
vn 0.2406 0.7987 0.5515
vn 0.2222 0.7679 0.6008
vn 0.4084 0.7404 0.5338
vn 0.3969 0.7244 0.5636
vn 0.3739 0.6956 0.6135
vn -0.2948 0.6012 0.7428
vn -0.1549 0.6670 0.7287
vn -0.0106 0.6980 0.7161
vn -0.2848 0.5885 0.7567
vn -0.1491 0.6520 0.7434
vn -0.0082 0.6824 0.7309
vn -0.3033 0.6103 0.7318
vn -0.1652 0.6754 0.7187
vn -0.0203 0.7076 0.7063
vn 0.0203 0.7076 0.7063
vn 0.0082 0.6824 0.7309
vn 0.0106 0.6980 0.7161
vn 0.1652 0.6754 0.7187
vn 0.1491 0.6520 0.7434
vn 0.1549 0.6670 0.7287
vn 0.3033 0.6103 0.7318
vn 0.2848 0.5885 0.7567
vn 0.2948 0.6012 0.7428
vn 0.2661 0.6721 0.6910
vn 0.3879 0.6238 0.6785
vn 0.4995 0.5526 0.6672
vn 0.2661 0.6585 0.7040
vn 0.3869 0.6117 0.6900
vn 0.4967 0.5430 0.6771
vn 0.2670 0.6831 0.6798
vn 0.3931 0.6337 0.6663
vn 0.5063 0.5620 0.6541
vn -0.5062 0.5620 0.6541
vn -0.4967 0.5430 0.6771
vn -0.4995 0.5526 0.6672
vn -0.3931 0.6337 0.6663
vn -0.3869 0.6117 0.6900
vn -0.3879 0.6238 0.6785
vn -0.2670 0.6831 0.6798
vn -0.2661 0.6584 0.7040
vn -0.2661 0.6721 0.6910
vn 0.2642 0.7787 0.5690
vn 0.4078 0.7204 0.5610
vn 0.5352 0.6373 0.5544
vn 0.2607 0.8112 0.5234
vn 0.4099 0.7507 0.5181
vn 0.5427 0.6643 0.5140
vn 0.2574 0.8291 0.4963
vn 0.4094 0.7679 0.4926
vn 0.5455 0.6798 0.4901
vn -0.5455 0.6798 0.4901
vn -0.5427 0.6643 0.5140
vn -0.5352 0.6373 0.5544
vn -0.4094 0.7679 0.4926
vn -0.4099 0.7507 0.5181
vn -0.4078 0.7204 0.5610
vn -0.2574 0.8291 0.4963
vn -0.2607 0.8112 0.5234
vn -0.2642 0.7787 0.5690
vn 0.7334 0.4085 0.5434
vn 0.7943 0.2790 0.5396
vn 0.8311 0.1431 0.5374
vn 0.7503 0.4261 0.5054
vn 0.8146 0.2914 0.5016
vn 0.8536 0.1496 0.4990
vn 0.7594 0.4360 0.4829
vn 0.8257 0.2981 0.4789
vn 0.8660 0.1532 0.4760
vn -0.8660 0.1532 0.4760
vn -0.8536 0.1496 0.4990
vn -0.8311 0.1431 0.5374
vn -0.8257 0.2981 0.4789
vn -0.8146 0.2914 0.5016
vn -0.7943 0.2790 0.5396
vn -0.7594 0.4360 0.4829
vn -0.7503 0.4261 0.5054
vn -0.7334 0.4085 0.5434
vn 0.6749 0.3450 0.6523
vn 0.7241 0.2304 0.6501
vn 0.7509 0.1159 0.6501
vn 0.6688 0.3434 0.6594
vn 0.7186 0.2312 0.6559
vn 0.7465 0.1171 0.6550
vn 0.6827 0.3581 0.6370
vn 0.7350 0.2427 0.6332
vn 0.7652 0.1236 0.6318
vn -0.7652 0.1236 0.6318
vn -0.7465 0.1171 0.6550
vn -0.7509 0.1159 0.6501
vn -0.7350 0.2427 0.6332
vn -0.7186 0.2312 0.6559
vn -0.7241 0.2304 0.6501
vn -0.6827 0.3581 0.6370
vn -0.6688 0.3434 0.6594
vn -0.6749 0.3450 0.6523
vn 0.8436 0.1330 0.5203
vn 0.8151 0.2687 0.5132
vn 0.7586 0.4087 0.5074
vn 0.8424 0.1284 0.5233
vn 0.8162 0.2649 0.5135
vn 0.7585 0.4050 0.5105
vn 0.7413 0.0994 0.6637
vn 0.7223 0.2131 0.6579
vn 0.6725 0.3272 0.6638
vn -0.6725 0.3272 0.6638
vn -0.7585 0.4050 0.5105
vn -0.7586 0.4087 0.5074
vn -0.7223 0.2131 0.6579
vn -0.8162 0.2649 0.5135
vn -0.8151 0.2687 0.5132
vn -0.7413 0.0994 0.6637
vn -0.8424 0.1284 0.5233
vn -0.8436 0.1330 0.5203
vn 0.5499 0.6741 0.4931
vn 0.4128 0.7712 0.4847
vn 0.2610 0.8363 0.4822
vn 0.5566 0.6723 0.4880
vn 0.4178 0.7784 0.4685
vn 0.2604 0.8469 0.4637
vn 0.5203 0.5452 0.6573
vn 0.4073 0.6453 0.6462
vn 0.2729 0.7065 0.6530
vn -0.2729 0.7065 0.6530
vn -0.2604 0.8469 0.4637
vn -0.2610 0.8363 0.4822
vn -0.4073 0.6453 0.6462
vn -0.4178 0.7784 0.4685
vn -0.4128 0.7712 0.4847
vn -0.5203 0.5452 0.6573
vn -0.5566 0.6723 0.4880
vn -0.5499 0.6741 0.4931
vn -0.0814 0.8670 0.4915
vn -0.2594 0.8239 0.5040
vn -0.4272 0.7374 0.5232
vn -0.0866 0.8790 0.4690
vn -0.2724 0.8352 0.4778
vn -0.4429 0.7432 0.5014
vn -0.0183 0.7436 0.6684
vn -0.1879 0.7112 0.6774
vn -0.3391 0.6260 0.7022
vn 0.3391 0.6260 0.7022
vn 0.4429 0.7432 0.5014
vn 0.4272 0.7374 0.5232
vn 0.1879 0.7112 0.6774
vn 0.2724 0.8352 0.4778
vn 0.2593 0.8239 0.5040
vn 0.0183 0.7436 0.6684
vn 0.0866 0.8790 0.4690
vn 0.0814 0.8670 0.4915
vn -0.6931 0.4699 0.5466
vn -0.7744 0.3185 0.5468
vn -0.8207 0.1618 0.5479
vn -0.7094 0.4816 0.5146
vn -0.8002 0.3291 0.5014
vn -0.8499 0.1657 0.5002
vn -0.5705 0.4106 0.7113
vn -0.6611 0.2803 0.6960
vn -0.7039 0.1357 0.6972
vn 0.7039 0.1357 0.6972
vn 0.8499 0.1657 0.5002
vn 0.8207 0.1618 0.5479
vn 0.6611 0.2803 0.6960
vn 0.8002 0.3291 0.5014
vn 0.7744 0.3185 0.5468
vn 0.5705 0.4106 0.7113
vn 0.7094 0.4816 0.5146
vn 0.6931 0.4699 0.5466
vn -0.8175 -0.1669 0.5512
vn -0.7636 -0.3309 0.5545
vn -0.6719 -0.4848 0.5599
vn -0.8483 -0.1714 0.5011
vn -0.7928 -0.3443 0.5029
vn -0.6939 -0.5019 0.5163
vn -0.7044 -0.1413 0.6956
vn -0.6592 -0.2955 0.6914
vn -0.5645 -0.4333 0.7025
vn 0.5645 -0.4333 0.7025
vn 0.6939 -0.5019 0.5163
vn 0.6719 -0.4848 0.5599
vn 0.6592 -0.2955 0.6914
vn 0.7928 -0.3443 0.5029
vn 0.7636 -0.3309 0.5545
vn 0.7044 -0.1413 0.6956
vn 0.8483 -0.1714 0.5011
vn 0.8175 -0.1669 0.5512
vn -0.4000 -0.7333 0.5498
vn -0.2384 -0.8098 0.5360
vn -0.0681 -0.8475 0.5263
vn -0.4257 -0.7509 0.5049
vn -0.2617 -0.8358 0.4827
vn -0.0821 -0.8764 0.4745
vn -0.3359 -0.6462 0.6853
vn -0.1898 -0.7291 0.6576
vn -0.0232 -0.7615 0.6477
vn 0.0232 -0.7615 0.6477
vn 0.0821 -0.8764 0.4745
vn 0.0681 -0.8475 0.5263
vn 0.1898 -0.7291 0.6576
vn 0.2617 -0.8358 0.4827
vn 0.2384 -0.8098 0.5360
vn 0.3359 -0.6462 0.6853
vn 0.4257 -0.7509 0.5049
vn 0.4000 -0.7333 0.5498
vn 0.2614 -0.8158 0.5159
vn 0.4047 -0.7555 0.5152
vn 0.5339 -0.6680 0.5184
vn 0.2588 -0.8441 0.4696
vn 0.4106 -0.7787 0.4745
vn 0.5437 -0.6791 0.4932
vn 0.2703 -0.7246 0.6339
vn 0.4036 -0.6635 0.6300
vn 0.5144 -0.5651 0.6450
vn -0.5144 -0.5651 0.6450
vn -0.5437 -0.6791 0.4932
vn -0.5339 -0.6680 0.5184
vn -0.4036 -0.6635 0.6300
vn -0.4106 -0.7787 0.4745
vn -0.4047 -0.7555 0.5152
vn -0.2703 -0.7246 0.6339
vn -0.2588 -0.8441 0.4696
vn -0.2614 -0.8158 0.5159
vn 0.7435 -0.4208 0.5197
vn 0.8075 -0.2789 0.5198
vn 0.8413 -0.1371 0.5229
vn 0.7470 -0.4225 0.5132
vn 0.8110 -0.2773 0.5152
vn 0.8413 -0.1329 0.5240
vn 0.6678 -0.3469 0.6586
vn 0.7210 -0.2255 0.6552
vn 0.7417 -0.1036 0.6627
vn -0.7417 -0.1036 0.6627
vn -0.8413 -0.1329 0.5240
vn -0.8413 -0.1371 0.5229
vn -0.7210 -0.2255 0.6552
vn -0.8110 -0.2773 0.5152
vn -0.8075 -0.2789 0.5198
vn -0.6678 -0.3469 0.6586
vn -0.7470 -0.4225 0.5132
vn -0.7435 -0.4208 0.5197
vn 0.4069 -0.0715 0.9107
vn 0.3375 -0.0423 0.9404
vn 0.3733 -0.0950 0.9229
vn 0.4329 -0.1514 0.8886
vn 0.4648 -0.0977 0.8800
vn 0.4714 -0.0380 0.8811
vn 0.3967 -0.0308 0.9174
vn -0.4070 -0.0715 0.9107
vn -0.4714 -0.0380 0.8811
vn -0.4648 -0.0977 0.8800
vn -0.4329 -0.1514 0.8886
vn -0.3733 -0.0950 0.9229
vn -0.3375 -0.0423 0.9404
vn -0.3967 -0.0308 0.9174
vn 0.2997 -0.1967 0.9335
vn 0.2556 -0.2993 0.9193
vn 0.3244 -0.2797 0.9036
vn 0.3760 -0.2290 0.8979
vn 0.3251 -0.1514 0.9335
vn 0.2681 -0.1116 0.9569
vn 0.2531 -0.1877 0.9491
vn -0.2997 -0.1967 0.9335
vn -0.2681 -0.1116 0.9569
vn -0.3251 -0.1514 0.9335
vn -0.3760 -0.2290 0.8979
vn -0.3244 -0.2797 0.9036
vn -0.2556 -0.2994 0.9193
vn -0.2531 -0.1877 0.9491
vn 0.0882 -0.2039 0.9750
vn 0.1318 -0.1090 0.9853
vn 0.0541 -0.1536 0.9866
vn -0.0309 -0.2492 0.9680
vn 0.0427 -0.3014 0.9525
vn 0.1336 -0.3111 0.9409
vn 0.1512 -0.1905 0.9700
vn -0.0882 -0.2039 0.9750
vn -0.1336 -0.3112 0.9409
vn -0.0427 -0.3014 0.9525
vn 0.0309 -0.2492 0.9680
vn -0.0541 -0.1536 0.9866
vn -0.1318 -0.1090 0.9853
vn -0.1512 -0.1905 0.9700
vn -0.0743 -0.0610 0.9954
vn 0.0276 -0.0294 0.9992
vn -0.0595 -0.0198 0.9980
vn -0.1831 -0.0350 0.9825
vn -0.1737 -0.1018 0.9795
vn -0.1235 -0.1619 0.9791
vn -0.0244 -0.0863 0.9960
vn 0.0743 -0.0610 0.9954
vn 0.1235 -0.1619 0.9791
vn 0.1737 -0.1018 0.9795
vn 0.1831 -0.0350 0.9825
vn 0.0595 -0.0198 0.9980
vn -0.0276 -0.0294 0.9992
vn 0.0244 -0.0863 0.9960
vn -0.0738 0.0570 0.9956
vn 0.0276 0.0277 0.9992
vn -0.0242 0.0811 0.9964
vn -0.1226 0.1508 0.9809
vn -0.1725 0.0953 0.9804
vn -0.1825 0.0333 0.9827
vn -0.0595 0.0188 0.9980
vn 0.0738 0.0570 0.9956
vn 0.1824 0.0333 0.9827
vn 0.1725 0.0953 0.9804
vn 0.1225 0.1508 0.9809
vn 0.0242 0.0811 0.9964
vn -0.0276 0.0277 0.9992
vn 0.0595 0.0188 0.9980
vn 0.0903 0.1925 0.9771
vn 0.1320 0.1037 0.9858
vn 0.1527 0.1797 0.9718
vn 0.1371 0.2926 0.9464
vn 0.0472 0.2836 0.9578
vn -0.0277 0.2339 0.9719
vn 0.0558 0.1449 0.9879
vn -0.0903 0.1925 0.9771
vn 0.0277 0.2339 0.9719
vn -0.0472 0.2835 0.9578
vn -0.1371 0.2926 0.9464
vn -0.1527 0.1797 0.9718
vn -0.1320 0.1037 0.9858
vn -0.0558 0.1449 0.9879
vn 0.2988 0.1858 0.9361
vn 0.2681 0.1062 0.9575
vn 0.3242 0.1429 0.9351
vn 0.3747 0.2150 0.9019
vn 0.3227 0.2633 0.9092
vn 0.2548 0.2816 0.9251
vn 0.2525 0.1772 0.9512
vn -0.2988 0.1858 0.9361
vn -0.2548 0.2816 0.9251
vn -0.3227 0.2633 0.9092
vn -0.3747 0.2150 0.9019
vn -0.3242 0.1429 0.9351
vn -0.2681 0.1062 0.9575
vn -0.2525 0.1772 0.9512
vn 0.4066 0.0671 0.9111
vn 0.3375 0.0401 0.9405
vn 0.3967 0.0294 0.9175
vn 0.4710 0.0362 0.8814
vn 0.4641 0.0917 0.8810
vn 0.4327 0.1411 0.8904
vn 0.3733 0.0893 0.9234
vn -0.4066 0.0670 0.9111
vn -0.4327 0.1411 0.8904
vn -0.4641 0.0917 0.8810
vn -0.4710 0.0362 0.8814
vn -0.3967 0.0294 0.9175
vn -0.3375 0.0401 0.9405
vn -0.3733 0.0893 0.9234
vn 0.1313 -0.9555 0.2640
vn 0.1331 -0.9035 0.4075
vn 0.1292 -0.8433 0.5217
vn 0.0975 -0.9564 0.2755
vn 0.0978 -0.9047 0.4146
vn 0.0941 -0.8465 0.5241
vn 0.0536 -0.9571 0.2848
vn 0.0534 -0.9056 0.4207
vn 0.0512 -0.8484 0.5269
vn -0.0512 -0.8484 0.5269
vn -0.0941 -0.8465 0.5241
vn -0.1292 -0.8433 0.5217
vn -0.0534 -0.9056 0.4207
vn -0.0978 -0.9047 0.4146
vn -0.1330 -0.9035 0.4075
vn -0.0536 -0.9571 0.2848
vn -0.0975 -0.9564 0.2755
vn -0.1313 -0.9555 0.2640
vn 0.3774 -0.8767 0.2982
vn 0.3638 -0.7997 0.4776
vn 0.3455 -0.7088 0.6150
vn 0.2661 -0.9264 0.2663
vn 0.2692 -0.8601 0.4333
vn 0.2645 -0.7792 0.5682
vn 0.1972 -0.9472 0.2529
vn 0.2033 -0.8897 0.4088
vn 0.2016 -0.8194 0.5366
vn -0.2016 -0.8194 0.5366
vn -0.2645 -0.7792 0.5682
vn -0.3455 -0.7088 0.6150
vn -0.2033 -0.8897 0.4088
vn -0.2692 -0.8601 0.4333
vn -0.3638 -0.7997 0.4776
vn -0.1972 -0.9472 0.2529
vn -0.2661 -0.9264 0.2663
vn -0.3774 -0.8767 0.2982
vn 0.8887 -0.2472 0.3860
vn 0.7495 -0.2902 0.5950
vn 0.6135 -0.3000 0.7305
vn 0.8192 -0.4169 0.3938
vn 0.6835 -0.4218 0.5958
vn 0.5640 -0.3964 0.7244
vn 0.6955 -0.6102 0.3794
vn 0.5912 -0.5658 0.5747
vn 0.5042 -0.5017 0.7029
vn -0.5042 -0.5017 0.7029
vn -0.5640 -0.3964 0.7244
vn -0.6135 -0.3000 0.7305
vn -0.5912 -0.5658 0.5747
vn -0.6835 -0.4218 0.5958
vn -0.7495 -0.2902 0.5950
vn -0.6955 -0.6102 0.3794
vn -0.8192 -0.4169 0.3938
vn -0.8887 -0.2472 0.3860
vn 0.9356 0.0579 0.3482
vn 0.8298 0.0161 0.5578
vn 0.7070 -0.0178 0.7070
vn 0.9374 0.0184 0.3478
vn 0.8277 -0.0312 0.5604
vn 0.7002 -0.0682 0.7107
vn 0.9343 -0.0390 0.3543
vn 0.8169 -0.0960 0.5688
vn 0.6831 -0.1340 0.7179
vn -0.6831 -0.1340 0.7179
vn -0.7002 -0.0682 0.7107
vn -0.7070 -0.0178 0.7070
vn -0.8169 -0.0960 0.5688
vn -0.8277 -0.0312 0.5604
vn -0.8298 0.0161 0.5578
vn -0.9343 -0.0390 0.3543
vn -0.9374 0.0184 0.3478
vn -0.9356 0.0579 0.3482
vn 0.9199 0.1590 0.3585
vn 0.8301 0.1298 0.5423
vn 0.7249 0.0938 0.6824
vn 0.9245 0.1310 0.3580
vn 0.8277 0.1019 0.5518
vn 0.7161 0.0686 0.6946
vn 0.9284 0.1082 0.3554
vn 0.8272 0.0771 0.5566
vn 0.7109 0.0453 0.7018
vn -0.7109 0.0453 0.7018
vn -0.7161 0.0686 0.6946
vn -0.7249 0.0938 0.6824
vn -0.8272 0.0771 0.5566
vn -0.8277 0.1019 0.5518
vn -0.8301 0.1298 0.5423
vn -0.9284 0.1082 0.3554
vn -0.9245 0.1310 0.3580
vn -0.9199 0.1590 0.3585
vn 0.4088 -0.8235 0.3933
vn 0.3529 -0.8437 0.4045
vn 0.3442 -0.8403 0.4189
vn 0.4286 -0.7521 0.5007
vn 0.3738 -0.7742 0.5107
vn 0.3618 -0.7694 0.5265
vn 0.4324 -0.6428 0.6323
vn 0.3910 -0.6769 0.6236
vn 0.3781 -0.6821 0.6259
vn -0.3781 -0.6821 0.6259
vn -0.3618 -0.7694 0.5265
vn -0.3442 -0.8403 0.4189
vn -0.3910 -0.6770 0.6236
vn -0.3738 -0.7742 0.5107
vn -0.3529 -0.8437 0.4045
vn -0.4324 -0.6428 0.6323
vn -0.4286 -0.7521 0.5007
vn -0.4088 -0.8235 0.3933
vn 0.4048 -0.8008 0.4414
vn 0.4606 -0.7700 0.4415
vn 0.5284 -0.7306 0.4325
vn 0.4008 -0.7241 0.5613
vn 0.4438 -0.6898 0.5720
vn 0.5020 -0.6474 0.5735
vn 0.4005 -0.6490 0.6469
vn 0.4322 -0.6156 0.6590
vn 0.4782 -0.5723 0.6662
vn -0.4782 -0.5723 0.6662
vn -0.5020 -0.6474 0.5735
vn -0.5284 -0.7306 0.4325
vn -0.4322 -0.6156 0.6590
vn -0.4438 -0.6898 0.5720
vn -0.4606 -0.7700 0.4415
vn -0.4005 -0.6490 0.6469
vn -0.4008 -0.7241 0.5613
vn -0.4048 -0.8008 0.4414
vn 0.6701 -0.6208 0.4069
vn 0.7265 -0.5559 0.4040
vn 0.7714 -0.4870 0.4096
vn 0.6344 -0.5373 0.5557
vn 0.6823 -0.4816 0.5501
vn 0.7133 -0.4308 0.5528
vn 0.5907 -0.4663 0.6585
vn 0.6313 -0.4202 0.6518
vn 0.6551 -0.3831 0.6512
vn -0.6551 -0.3831 0.6512
vn -0.7133 -0.4308 0.5528
vn -0.7714 -0.4870 0.4096
vn -0.6313 -0.4202 0.6518
vn -0.6823 -0.4816 0.5501
vn -0.7265 -0.5559 0.4040
vn -0.5907 -0.4663 0.6585
vn -0.6344 -0.5373 0.5557
vn -0.6701 -0.6208 0.4069
vn 0.8279 -0.3495 0.4387
vn 0.8469 -0.2729 0.4563
vn 0.8657 -0.1619 0.4736
vn 0.7318 -0.3523 0.5835
vn 0.7315 -0.3114 0.6066
vn 0.7345 -0.2485 0.6314
vn 0.6522 -0.3384 0.6783
vn 0.6359 -0.3198 0.7024
vn 0.6204 -0.2927 0.7276
vn -0.6204 -0.2927 0.7276
vn -0.7345 -0.2485 0.6314
vn -0.8657 -0.1619 0.4736
vn -0.6359 -0.3198 0.7024
vn -0.7315 -0.3114 0.6066
vn -0.8469 -0.2729 0.4563
vn -0.6522 -0.3384 0.6783
vn -0.7318 -0.3523 0.5835
vn -0.8279 -0.3495 0.4387
vn 0.8082 0.3084 0.5017
vn 0.6752 0.5586 0.4818
vn 0.5588 0.7027 0.4405
vn 0.7192 0.0819 0.6899
vn 0.6479 0.3135 0.6942
vn 0.5672 0.4847 0.6659
vn 0.6021 -0.1157 0.7900
vn 0.5683 0.0498 0.8213
vn 0.5200 0.2039 0.8295
vn -0.5200 0.2039 0.8295
vn -0.5672 0.4847 0.6659
vn -0.5588 0.7027 0.4405
vn -0.5683 0.0498 0.8213
vn -0.6479 0.3135 0.6942
vn -0.6752 0.5586 0.4818
vn -0.6021 -0.1157 0.7900
vn -0.7192 0.0819 0.6899
vn -0.8082 0.3084 0.5017
vn 0.5181 0.7671 0.3782
vn 0.5339 0.7608 0.3690
vn 0.5569 0.7422 0.3727
vn 0.5164 0.6105 0.6005
vn 0.5207 0.6174 0.5896
vn 0.5321 0.6051 0.5922
vn 0.4656 0.3665 0.8056
vn 0.4587 0.3873 0.7997
vn 0.4584 0.3847 0.8012
vn -0.4584 0.3847 0.8012
vn -0.5321 0.6051 0.5922
vn -0.5569 0.7423 0.3727
vn -0.4587 0.3873 0.7997
vn -0.5207 0.6174 0.5896
vn -0.5339 0.7608 0.3690
vn -0.4656 0.3665 0.8056
vn -0.5164 0.6105 0.6005
vn -0.5181 0.7671 0.3782
vn 0.5992 0.6938 0.3995
vn 0.5792 0.7013 0.4156
vn 0.5068 0.7433 0.4366
vn 0.5551 0.5605 0.6146
vn 0.5344 0.5615 0.6317
vn 0.4708 0.5873 0.6584
vn 0.4630 0.3543 0.8125
vn 0.4443 0.3514 0.8241
vn 0.3961 0.3614 0.8441
vn -0.3961 0.3614 0.8441
vn -0.4708 0.5873 0.6584
vn -0.5068 0.7433 0.4366
vn -0.4443 0.3514 0.8241
vn -0.5344 0.5615 0.6317
vn -0.5792 0.7013 0.4156
vn -0.4630 0.3543 0.8125
vn -0.5551 0.5605 0.6146
vn -0.5992 0.6938 0.3995
vn 0.1301 0.8618 0.4902
vn -0.1410 0.8545 0.5000
vn -0.4059 0.7745 0.4852
vn 0.1618 0.6610 0.7327
vn -0.0588 0.6548 0.7535
vn -0.2816 0.6013 0.7478
vn 0.1828 0.3903 0.9023
vn 0.0353 0.3837 0.9228
vn -0.1173 0.3552 0.9274
vn 0.1173 0.3552 0.9274
vn 0.2816 0.6013 0.7478
vn 0.4059 0.7745 0.4852
vn -0.0353 0.3837 0.9228
vn 0.0588 0.6548 0.7535
vn 0.1410 0.8545 0.5000
vn -0.1828 0.3903 0.9023
vn -0.1618 0.6610 0.7327
vn -0.1301 0.8618 0.4902
vn -0.7430 0.5349 0.4023
vn -0.8039 0.4703 0.3641
vn -0.8239 0.4554 0.3374
vn -0.5971 0.4391 0.6713
vn -0.6685 0.3956 0.6298
vn -0.7014 0.3879 0.5979
vn -0.3595 0.2746 0.8918
vn -0.4303 0.2549 0.8660
vn -0.4741 0.2535 0.8432
vn 0.4741 0.2535 0.8432
vn 0.7014 0.3879 0.5979
vn 0.8239 0.4554 0.3374
vn 0.4303 0.2549 0.8660
vn 0.6685 0.3956 0.6298
vn 0.8039 0.4703 0.3641
vn 0.3595 0.2746 0.8918
vn 0.5971 0.4391 0.6713
vn 0.7430 0.5349 0.4023
vn -0.7448 0.5746 0.3393
vn -0.6165 0.6931 0.3736
vn -0.3739 0.8240 0.4257
vn -0.6509 0.4812 0.5871
vn -0.5446 0.5684 0.6167
vn -0.3370 0.6594 0.6721
vn -0.4659 0.3031 0.8313
vn -0.3950 0.3458 0.8511
vn -0.2507 0.3719 0.8938
vn 0.2507 0.3719 0.8938
vn 0.3370 0.6594 0.6721
vn 0.3739 0.8240 0.4257
vn 0.3950 0.3458 0.8511
vn 0.5446 0.5684 0.6167
vn 0.6165 0.6931 0.3736
vn 0.4659 0.3031 0.8313
vn 0.6509 0.4812 0.5871
vn 0.7448 0.5746 0.3393
vn 0.3845 -0.3096 0.8696
vn 0.3787 -0.3136 0.8708
vn 0.3565 -0.3186 0.8783
vn 0.3512 -0.2895 0.8904
vn 0.3534 -0.2854 0.8909
vn 0.3377 -0.2864 0.8966
vn 0.1938 -0.1804 0.9643
vn 0.2128 -0.1729 0.9617
vn 0.2193 -0.1711 0.9605
vn -0.2193 -0.1711 0.9605
vn -0.3377 -0.2864 0.8966
vn -0.3565 -0.3186 0.8783
vn -0.2128 -0.1729 0.9617
vn -0.3534 -0.2854 0.8909
vn -0.3787 -0.3136 0.8708
vn -0.1938 -0.1804 0.9643
vn -0.3512 -0.2895 0.8904
vn -0.3845 -0.3096 0.8696
vn 0.2720 -0.3419 0.8995
vn 0.2184 -0.3562 0.9085
vn 0.1631 -0.3676 0.9156
vn 0.2622 -0.3063 0.9151
vn 0.2153 -0.3191 0.9229
vn 0.1685 -0.3305 0.9286
vn 0.2031 -0.1788 0.9627
vn 0.1912 -0.1847 0.9640
vn 0.1794 -0.1910 0.9650
vn -0.1794 -0.1910 0.9650
vn -0.1685 -0.3305 0.9286
vn -0.1631 -0.3676 0.9156
vn -0.1912 -0.1847 0.9640
vn -0.2153 -0.3191 0.9229
vn -0.2184 -0.3562 0.9085
vn -0.2031 -0.1788 0.9627
vn -0.2622 -0.3063 0.9151
vn -0.2720 -0.3419 0.8995
vn 0.0709 -0.3760 0.9239
vn 0.0710 -0.3638 0.9288
vn 0.1501 -0.2213 0.9636
vn 0.0657 -0.3729 0.9255
vn 0.0755 -0.3530 0.9326
vn 0.1523 -0.2118 0.9654
vn 0.0774 -0.3746 0.9240
vn 0.0925 -0.3464 0.9335
vn 0.1582 -0.2045 0.9660
vn -0.1582 -0.2045 0.9660
vn -0.1523 -0.2118 0.9654
vn -0.1501 -0.2213 0.9636
vn -0.0925 -0.3464 0.9335
vn -0.0755 -0.3530 0.9326
vn -0.0710 -0.3638 0.9288
vn -0.0774 -0.3746 0.9240
vn -0.0657 -0.3729 0.9255
vn -0.0709 -0.3760 0.9239
vn 0.0561 -0.4786 0.8762
vn 0.0652 -0.4588 0.8862
vn 0.1654 -0.3005 0.9393
vn 0.0693 -0.4574 0.8865
vn 0.0652 -0.4397 0.8958
vn 0.1542 -0.2780 0.9481
vn 0.0809 -0.4223 0.9029
vn 0.0703 -0.4105 0.9092
vn 0.1509 -0.2549 0.9551
vn -0.1509 -0.2549 0.9551
vn -0.1542 -0.2780 0.9481
vn -0.1654 -0.3005 0.9393
vn -0.0703 -0.4105 0.9092
vn -0.0652 -0.4397 0.8958
vn -0.0652 -0.4588 0.8862
vn -0.0809 -0.4223 0.9029
vn -0.0693 -0.4574 0.8865
vn -0.0561 -0.4786 0.8762
vn 0.1580 -0.2821 0.9463
vn 0.2104 -0.3394 0.9168
vn 0.3233 -0.3397 0.8832
vn 0.1071 -0.3532 0.9294
vn 0.1599 -0.3916 0.9061
vn 0.2805 -0.3457 0.8955
vn 0.0709 -0.4222 0.9037
vn 0.1144 -0.4342 0.8935
vn 0.2340 -0.3373 0.9119
vn -0.2340 -0.3373 0.9119
vn -0.2805 -0.3457 0.8955
vn -0.3233 -0.3397 0.8832
vn -0.1144 -0.4342 0.8936
vn -0.1599 -0.3916 0.9061
vn -0.2104 -0.3394 0.9168
vn -0.0709 -0.4222 0.9037
vn -0.1071 -0.3532 0.9294
vn -0.1580 -0.2821 0.9463
vn 0.3988 -0.1879 0.8976
vn 0.4330 -0.2308 0.8713
vn 0.4993 -0.2760 0.8213
vn 0.3472 -0.1787 0.9206
vn 0.3840 -0.2303 0.8941
vn 0.4587 -0.2770 0.8443
vn 0.2839 -0.1897 0.9399
vn 0.3239 -0.2480 0.9130
vn 0.4095 -0.2908 0.8647
vn -0.4095 -0.2908 0.8647
vn -0.4587 -0.2770 0.8443
vn -0.4993 -0.2760 0.8213
vn -0.3239 -0.2480 0.9130
vn -0.3840 -0.2303 0.8941
vn -0.4330 -0.2308 0.8713
vn -0.2839 -0.1897 0.9399
vn -0.3472 -0.1787 0.9206
vn -0.3988 -0.1879 0.8976
vn 0.4341 -0.2923 0.8521
vn 0.4462 -0.3022 0.8424
vn 0.4864 -0.3434 0.8034
vn 0.4428 -0.2638 0.8569
vn 0.4615 -0.2779 0.8425
vn 0.5102 -0.3156 0.8001
vn 0.4441 -0.2371 0.8640
vn 0.4692 -0.2589 0.8443
vn 0.5242 -0.2963 0.7984
vn -0.5242 -0.2963 0.7984
vn -0.5102 -0.3156 0.8001
vn -0.4864 -0.3434 0.8034
vn -0.4692 -0.2589 0.8443
vn -0.4615 -0.2779 0.8425
vn -0.4462 -0.3022 0.8424
vn -0.4441 -0.2371 0.8640
vn -0.4428 -0.2638 0.8569
vn -0.4341 -0.2923 0.8521
vn 0.3323 -0.3752 0.8653
vn 0.3553 -0.3921 0.8485
vn 0.3789 -0.4683 0.7982
vn 0.3690 -0.3892 0.8440
vn 0.3804 -0.4003 0.8337
vn 0.4003 -0.4606 0.7922
vn 0.3998 -0.3653 0.8407
vn 0.4053 -0.3754 0.8336
vn 0.4271 -0.4281 0.7964
vn -0.4271 -0.4281 0.7964
vn -0.4003 -0.4606 0.7922
vn -0.3789 -0.4683 0.7982
vn -0.4053 -0.3754 0.8336
vn -0.3804 -0.4003 0.8337
vn -0.3554 -0.3921 0.8485
vn -0.3998 -0.3653 0.8407
vn -0.3690 -0.3892 0.8440
vn -0.3323 -0.3752 0.8653
vn 0.2484 -0.0506 0.9673
vn 0.2843 -0.0738 0.9559
vn 0.3337 -0.1991 0.9214
vn 0.2780 -0.1227 0.9527
vn 0.3211 -0.1619 0.9331
vn 0.3630 -0.3043 0.8807
vn 0.2897 -0.2156 0.9325
vn 0.3314 -0.2559 0.9081
vn 0.3655 -0.3867 0.8467
vn -0.3655 -0.3867 0.8467
vn -0.3630 -0.3043 0.8807
vn -0.3337 -0.1991 0.9214
vn -0.3314 -0.2559 0.9081
vn -0.3211 -0.1619 0.9331
vn -0.2843 -0.0738 0.9559
vn -0.2897 -0.2156 0.9325
vn -0.2780 -0.1227 0.9527
vn -0.2484 -0.0506 0.9673
vn 0.0756 0.0396 0.9964
vn -0.0181 0.0551 0.9983
vn -0.0716 0.0401 0.9966
vn 0.0569 0.0717 0.9958
vn -0.0460 0.1010 0.9938
vn -0.0871 0.0868 0.9924
vn 0.0305 0.0435 0.9986
vn -0.0886 0.1049 0.9905
vn -0.1067 0.0963 0.9896
vn 0.1067 0.0963 0.9896
vn 0.0871 0.0868 0.9924
vn 0.0716 0.0401 0.9966
vn 0.0886 0.1049 0.9905
vn 0.0460 0.1010 0.9938
vn 0.0181 0.0551 0.9983
vn -0.0305 0.0435 0.9986
vn -0.0569 0.0717 0.9958
vn -0.0756 0.0396 0.9964
vn 0.3369 -0.2891 0.8961
vn 0.2886 -0.2964 0.9104
vn 0.1265 -0.2046 0.9706
vn 0.2932 -0.2657 0.9184
vn 0.2451 -0.2845 0.9268
vn 0.1007 -0.2067 0.9732
vn 0.2471 -0.2388 0.9391
vn 0.2065 -0.2665 0.9414
vn 0.0900 -0.2084 0.9739
vn -0.0900 -0.2084 0.9739
vn -0.1007 -0.2067 0.9732
vn -0.1265 -0.2046 0.9706
vn -0.2065 -0.2665 0.9414
vn -0.2451 -0.2845 0.9268
vn -0.2886 -0.2964 0.9104
vn -0.2471 -0.2388 0.9391
vn -0.2932 -0.2657 0.9184
vn -0.3369 -0.2891 0.8961
vn 0.1542 -0.1987 0.9679
vn 0.1426 -0.2415 0.9599
vn 0.0805 -0.2552 0.9635
vn 0.1041 -0.1912 0.9760
vn 0.1061 -0.2350 0.9662
vn 0.0669 -0.2635 0.9623
vn 0.0553 -0.1886 0.9805
vn 0.0691 -0.2277 0.9713
vn 0.0469 -0.2555 0.9657
vn -0.0469 -0.2555 0.9657
vn -0.0669 -0.2635 0.9623
vn -0.0805 -0.2552 0.9635
vn -0.0691 -0.2277 0.9713
vn -0.1061 -0.2350 0.9662
vn -0.1426 -0.2415 0.9599
vn -0.0553 -0.1886 0.9805
vn -0.1041 -0.1912 0.9760
vn -0.1542 -0.1987 0.9679
vn -0.0229 -0.0580 0.9981
vn -0.0382 -0.0677 0.9970
vn -0.0620 -0.0864 0.9943
vn -0.0010 -0.1430 0.9897
vn -0.0123 -0.1406 0.9900
vn -0.0429 -0.1404 0.9892
vn 0.0137 -0.2028 0.9791
vn 0.0103 -0.1894 0.9819
vn -0.0194 -0.1723 0.9849
vn 0.0194 -0.1723 0.9849
vn 0.0429 -0.1405 0.9892
vn 0.0620 -0.0864 0.9943
vn -0.0103 -0.1894 0.9819
vn 0.0123 -0.1406 0.9900
vn 0.0382 -0.0677 0.9970
vn -0.0137 -0.2028 0.9791
vn 0.0010 -0.1430 0.9897
vn 0.0229 -0.0580 0.9981
vn 0.0905 -0.6444 0.7593
vn 0.0590 -0.6604 0.7486
vn 0.0287 -0.6666 0.7448
vn 0.1040 -0.6957 0.7108
vn 0.0709 -0.7103 0.7003
vn 0.0363 -0.7168 0.6963
vn 0.1135 -0.7406 0.6623
vn 0.0800 -0.7518 0.6545
vn 0.0423 -0.7574 0.6516
vn -0.0423 -0.7574 0.6516
vn -0.0363 -0.7168 0.6963
vn -0.0287 -0.6666 0.7448
vn -0.0800 -0.7518 0.6545
vn -0.0709 -0.7103 0.7003
vn -0.0590 -0.6604 0.7486
vn -0.1135 -0.7406 0.6623
vn -0.1040 -0.6957 0.7108
vn -0.0905 -0.6444 0.7593
vn 0.2539 -0.4386 0.8621
vn 0.2064 -0.5114 0.8342
vn 0.1613 -0.5723 0.8041
vn 0.2799 -0.4855 0.8282
vn 0.2273 -0.5640 0.7939
vn 0.1775 -0.6272 0.7583
vn 0.3016 -0.5454 0.7820
vn 0.2416 -0.6253 0.7421
vn 0.1871 -0.6847 0.7044
vn -0.1871 -0.6847 0.7044
vn -0.1775 -0.6272 0.7583
vn -0.1613 -0.5723 0.8041
vn -0.2416 -0.6253 0.7421
vn -0.2273 -0.5640 0.7939
vn -0.2064 -0.5114 0.8342
vn -0.3016 -0.5454 0.7820
vn -0.2799 -0.4855 0.8282
vn -0.2539 -0.4386 0.8621
vn 0.3200 -0.2003 0.9260
vn 0.3271 -0.2431 0.9132
vn 0.3198 -0.2961 0.9001
vn 0.3623 -0.2371 0.9014
vn 0.3610 -0.2800 0.8895
vn 0.3504 -0.3343 0.8749
vn 0.4208 -0.2678 0.8667
vn 0.4066 -0.3201 0.8557
vn 0.3868 -0.3818 0.8394
vn -0.3868 -0.3818 0.8394
vn -0.3504 -0.3343 0.8749
vn -0.3198 -0.2961 0.9001
vn -0.4066 -0.3201 0.8557
vn -0.3610 -0.2800 0.8895
vn -0.3271 -0.2431 0.9132
vn -0.4208 -0.2678 0.8667
vn -0.3623 -0.2371 0.9014
vn -0.3200 -0.2003 0.9260
vn 0.4859 0.0238 0.8737
vn 0.3696 -0.0004 0.9292
vn 0.2684 -0.0162 0.9632
vn 0.4800 0.0081 0.8772
vn 0.3685 -0.0126 0.9295
vn 0.2700 -0.0269 0.9625
vn 0.4784 -0.0073 0.8781
vn 0.3708 -0.0245 0.9284
vn 0.2742 -0.0360 0.9610
vn -0.2742 -0.0360 0.9610
vn -0.2700 -0.0269 0.9625
vn -0.2684 -0.0162 0.9632
vn -0.3708 -0.0245 0.9284
vn -0.3685 -0.0126 0.9295
vn -0.3696 -0.0004 0.9292
vn -0.4784 -0.0073 0.8781
vn -0.4800 0.0081 0.8772
vn -0.4859 0.0238 0.8737
vn 0.2965 -0.1341 0.9456
vn 0.3689 -0.1564 0.9162
vn 0.4549 -0.1628 0.8755
vn 0.2943 -0.0944 0.9510
vn 0.3771 -0.1068 0.9200
vn 0.4710 -0.1058 0.8757
vn 0.2884 -0.0645 0.9553
vn 0.3787 -0.0662 0.9232
vn 0.4785 -0.0591 0.8761
vn -0.4785 -0.0591 0.8761
vn -0.4710 -0.1058 0.8757
vn -0.4549 -0.1628 0.8755
vn -0.3787 -0.0662 0.9232
vn -0.3771 -0.1068 0.9200
vn -0.3689 -0.1564 0.9162
vn -0.2884 -0.0645 0.9553
vn -0.2943 -0.0944 0.9510
vn -0.2965 -0.1341 0.9456
vn 0.1309 -0.0745 0.9886
vn 0.0685 -0.0740 0.9949
vn 0.0259 -0.0729 0.9970
vn 0.1150 -0.0153 0.9932
vn 0.0567 -0.0152 0.9983
vn 0.0187 -0.0145 0.9997
vn 0.1132 -0.0046 0.9936
vn 0.0561 -0.0057 0.9984
vn 0.0181 -0.0059 0.9998
vn -0.0181 -0.0059 0.9998
vn -0.0187 -0.0145 0.9997
vn -0.0259 -0.0729 0.9970
vn -0.0561 -0.0057 0.9984
vn -0.0567 -0.0152 0.9983
vn -0.0685 -0.0740 0.9949
vn -0.1132 -0.0046 0.9936
vn -0.1150 -0.0153 0.9932
vn -0.1309 -0.0745 0.9886
vn 0.1151 -0.0496 0.9921
vn 0.1138 -0.0440 0.9925
vn 0.1140 -0.0331 0.9929
vn 0.0560 -0.0533 0.9970
vn 0.0556 -0.0489 0.9973
vn 0.0565 -0.0378 0.9977
vn 0.0177 -0.0548 0.9983
vn 0.0176 -0.0512 0.9985
vn 0.0182 -0.0401 0.9990
vn -0.0182 -0.0401 0.9990
vn -0.0565 -0.0378 0.9977
vn -0.1140 -0.0331 0.9929
vn -0.0176 -0.0512 0.9985
vn -0.0556 -0.0489 0.9973
vn -0.1138 -0.0440 0.9925
vn -0.0177 -0.0548 0.9983
vn -0.0560 -0.0533 0.9970
vn -0.1151 -0.0496 0.9921
vn 0.0233 -0.0791 0.9966
vn 0.0663 -0.0759 0.9949
vn 0.1361 -0.0804 0.9874
vn 0.0217 -0.0484 0.9986
vn 0.0655 -0.0507 0.9966
vn 0.1328 -0.0584 0.9894
vn 0.0203 -0.0451 0.9988
vn 0.0621 -0.0472 0.9970
vn 0.1260 -0.0513 0.9907
vn -0.1260 -0.0513 0.9907
vn -0.1328 -0.0584 0.9894
vn -0.1361 -0.0804 0.9874
vn -0.0621 -0.0472 0.9970
vn -0.0655 -0.0507 0.9966
vn -0.0663 -0.0759 0.9949
vn -0.0203 -0.0451 0.9988
vn -0.0217 -0.0484 0.9986
vn -0.0233 -0.0791 0.9966
vn 0.8906 -0.2910 0.3496
vn 0.9273 -0.3313 0.1741
vn 0.9244 -0.3560 0.1372
vn 0.7618 -0.4433 0.4724
vn 0.8035 -0.5235 0.2835
vn 0.7955 -0.5644 0.2206
vn 0.5991 -0.5019 0.6238
vn 0.6492 -0.6360 0.4172
vn 0.6452 -0.6929 0.3218
vn -0.6452 -0.6929 0.3218
vn -0.7955 -0.5644 0.2206
vn -0.9244 -0.3560 0.1372
vn -0.6492 -0.6360 0.4172
vn -0.8035 -0.5235 0.2835
vn -0.9273 -0.3313 0.1741
vn -0.5991 -0.5019 0.6238
vn -0.7618 -0.4433 0.4724
vn -0.8906 -0.2910 0.3496
vn 0.8224 0.5081 0.2559
vn 0.8531 0.5197 -0.0462
vn 0.8632 0.5035 -0.0383
vn 0.9278 0.3140 0.2016
vn 0.9501 0.3119 0.0011
vn 0.9541 0.2991 0.0135
vn 0.9701 0.1186 0.2118
vn 0.9925 0.1122 0.0484
vn 0.9934 0.1026 0.0503
vn -0.9934 0.1026 0.0503
vn -0.9541 0.2991 0.0135
vn -0.8632 0.5035 -0.0383
vn -0.9925 0.1122 0.0484
vn -0.9501 0.3119 0.0011
vn -0.8531 0.5197 -0.0462
vn -0.9701 0.1186 0.2118
vn -0.9278 0.3140 0.2016
vn -0.8224 0.5081 0.2559
vn -0.1058 0.6249 0.7735
vn -0.1203 0.9423 0.3124
vn -0.1273 0.9871 0.0975
vn 0.0617 0.7027 0.7088
vn 0.1456 0.9794 0.1397
vn 0.1513 0.9879 -0.0331
vn 0.3063 0.7399 0.5989
vn 0.4230 0.9062 0.0003
vn 0.4317 0.8968 -0.0971
vn -0.4317 0.8968 -0.0971
vn -0.1513 0.9879 -0.0331
vn 0.1273 0.9871 0.0975
vn -0.4229 0.9062 0.0003
vn -0.1456 0.9794 0.1397
vn 0.1203 0.9423 0.3124
vn -0.3063 0.7399 0.5989
vn -0.0617 0.7027 0.7088
vn 0.1058 0.6249 0.7735
vn -0.4746 0.6764 0.5632
vn -0.5523 0.7747 0.3079
vn -0.5439 0.8239 0.1590
vn -0.4606 0.5307 0.7115
vn -0.6410 0.6326 0.4347
vn -0.6546 0.7068 0.2684
vn -0.3637 0.4613 0.8093
vn -0.5491 0.6605 0.5120
vn -0.5771 0.7536 0.3146
vn 0.5771 0.7536 0.3146
vn 0.6546 0.7068 0.2684
vn 0.5439 0.8239 0.1590
vn 0.5491 0.6605 0.5120
vn 0.6410 0.6326 0.4347
vn 0.5524 0.7747 0.3079
vn 0.3637 0.4613 0.8093
vn 0.4606 0.5307 0.7115
vn 0.4746 0.6764 0.5632
vn 0.0995 -0.4829 0.8700
vn 0.1953 -0.4838 0.8531
vn 0.2957 -0.4922 0.8187
vn 0.1483 -0.7188 0.6793
vn 0.2734 -0.7052 0.6541
vn 0.3828 -0.6929 0.6110
vn 0.1724 -0.8301 0.5303
vn 0.3089 -0.8039 0.5083
vn 0.4164 -0.7773 0.4716
vn -0.4164 -0.7773 0.4716
vn -0.3828 -0.6929 0.6110
vn -0.2957 -0.4922 0.8187
vn -0.3089 -0.8039 0.5083
vn -0.2734 -0.7052 0.6541
vn -0.1953 -0.4838 0.8531
vn -0.1724 -0.8301 0.5303
vn -0.1483 -0.7188 0.6793
vn -0.0995 -0.4829 0.8700
vn 0.1503 -0.7445 0.6505
vn 0.2644 -0.7300 0.6302
vn 0.3466 -0.7211 0.6000
vn 0.1227 -0.6437 0.7554
vn 0.2169 -0.6475 0.7306
vn 0.2855 -0.6583 0.6965
vn 0.0931 -0.5491 0.8305
vn 0.1671 -0.5704 0.8042
vn 0.2247 -0.5995 0.7682
vn -0.2247 -0.5995 0.7682
vn -0.2855 -0.6583 0.6965
vn -0.3466 -0.7211 0.6000
vn -0.1671 -0.5704 0.8042
vn -0.2169 -0.6475 0.7306
vn -0.2644 -0.7300 0.6302
vn -0.0931 -0.5491 0.8305
vn -0.1227 -0.6437 0.7554
vn -0.1503 -0.7445 0.6505
vn -0.4006 0.8360 0.3749
vn -0.2997 0.7384 0.6041
vn -0.1945 0.5437 0.8164
vn -0.5275 0.7473 0.4040
vn -0.4161 0.6867 0.5960
vn -0.2780 0.5551 0.7839
vn -0.4888 0.7607 0.4270
vn -0.3982 0.6980 0.5952
vn -0.2822 0.5871 0.7588
vn 0.2822 0.5871 0.7588
vn 0.2780 0.5551 0.7839
vn 0.1945 0.5437 0.8164
vn 0.3981 0.6980 0.5952
vn 0.4161 0.6867 0.5960
vn 0.2997 0.7384 0.6041
vn 0.4888 0.7607 0.4270
vn 0.5275 0.7473 0.4040
vn 0.4006 0.8360 0.3749
vn -0.1050 0.9185 0.3813
vn -0.0773 0.8036 0.5901
vn -0.0437 0.6554 0.7540
vn 0.1582 0.9245 0.3468
vn 0.1400 0.7974 0.5870
vn 0.1135 0.6339 0.7650
vn 0.4253 0.8420 0.3320
vn 0.3600 0.7295 0.5815
vn 0.2730 0.5895 0.7603
vn -0.2730 0.5895 0.7603
vn -0.1135 0.6339 0.7650
vn 0.0437 0.6554 0.7540
vn -0.3600 0.7295 0.5815
vn -0.1400 0.7974 0.5870
vn 0.0773 0.8036 0.5901
vn -0.4253 0.8420 0.3320
vn -0.1582 0.9245 0.3468
vn 0.1050 0.9185 0.3813
vn 0.8027 0.4746 0.3611
vn 0.6774 0.4277 0.5985
vn 0.5064 0.3621 0.7826
vn 0.8757 0.2899 0.3861
vn 0.7304 0.2655 0.6293
vn 0.5232 0.2268 0.8215
vn 0.9068 0.1017 0.4092
vn 0.7441 0.0917 0.6617
vn 0.5136 0.0743 0.8548
vn -0.5136 0.0743 0.8548
vn -0.5232 0.2268 0.8215
vn -0.5064 0.3621 0.7826
vn -0.7441 0.0917 0.6617
vn -0.7304 0.2655 0.6293
vn -0.6774 0.4277 0.5985
vn -0.9068 0.1017 0.4092
vn -0.8757 0.2899 0.3861
vn -0.8027 0.4746 0.3611
vn 0.8050 -0.3846 0.4517
vn 0.6344 -0.3721 0.6776
vn 0.4191 -0.3361 0.8434
vn 0.6552 -0.5861 0.4766
vn 0.5127 -0.5560 0.6542
vn 0.3524 -0.4992 0.7916
vn 0.5100 -0.6893 0.5146
vn 0.4064 -0.6484 0.6437
vn 0.3040 -0.5898 0.7481
vn -0.3040 -0.5898 0.7481
vn -0.3524 -0.4992 0.7916
vn -0.4191 -0.3361 0.8434
vn -0.4064 -0.6484 0.6437
vn -0.5127 -0.5560 0.6542
vn -0.6344 -0.3721 0.6776
vn -0.5100 -0.6893 0.5146
vn -0.6552 -0.5861 0.4766
vn -0.8050 -0.3846 0.4517
vn -0.0202 0.1595 0.9870
vn 0.0437 0.0898 0.9950
vn 0.1363 0.0638 0.9886
vn -0.0314 0.2737 0.9613
vn 0.0552 0.2138 0.9753
vn 0.1573 0.1903 0.9690
vn -0.0288 0.3727 0.9275
vn 0.0686 0.3329 0.9405
vn 0.1718 0.3081 0.9357
vn -0.1718 0.3081 0.9357
vn -0.1573 0.1903 0.9690
vn -0.1363 0.0638 0.9886
vn -0.0686 0.3329 0.9405
vn -0.0552 0.2138 0.9753
vn -0.0437 0.0898 0.9950
vn 0.0288 0.3727 0.9275
vn 0.0314 0.2737 0.9613
vn 0.0202 0.1595 0.9870
vn -0.0040 -0.1621 0.9868
vn 0.0149 -0.2907 0.9567
vn 0.0379 -0.3881 0.9208
vn 0.0310 -0.2040 0.9785
vn 0.0474 -0.3254 0.9444
vn 0.0786 -0.4227 0.9028
vn 0.1012 -0.2442 0.9644
vn 0.1075 -0.3721 0.9220
vn 0.1292 -0.4659 0.8754
vn -0.1292 -0.4659 0.8754
vn -0.0786 -0.4227 0.9028
vn -0.0379 -0.3881 0.9208
vn -0.1075 -0.3721 0.9220
vn -0.0474 -0.3254 0.9444
vn -0.0149 -0.2907 0.9567
vn -0.1012 -0.2442 0.9644
vn -0.0310 -0.2040 0.9785
vn 0.0040 -0.1621 0.9868
vn -0.0909 0.0154 0.9957
vn -0.1551 -0.0390 0.9871
vn -0.1842 -0.1022 0.9776
vn -0.1326 -0.0061 0.9912
vn -0.1977 -0.0397 0.9795
vn -0.1848 -0.0851 0.9791
vn -0.1442 0.0259 0.9892
vn -0.1854 0.0147 0.9825
vn -0.0745 -0.0186 0.9970
vn 0.0745 -0.0186 0.9970
vn 0.1848 -0.0851 0.9791
vn 0.1842 -0.1022 0.9776
vn 0.1854 0.0147 0.9825
vn 0.1977 -0.0397 0.9795
vn 0.1551 -0.0390 0.9871
vn 0.1442 0.0259 0.9892
vn 0.1326 -0.0061 0.9912
vn 0.0909 0.0154 0.9957
vn 0.0649 -0.1115 0.9916
vn 0.4099 -0.0472 0.9109
vn 0.6379 -0.0525 0.7683
vn 0.1645 -0.1636 0.9727
vn 0.4495 -0.1356 0.8829
vn 0.6356 -0.1103 0.7641
vn 0.4123 -0.1769 0.8937
vn 0.6430 -0.1461 0.7518
vn 0.7457 -0.0988 0.6589
vn -0.7457 -0.0988 0.6589
vn -0.6356 -0.1103 0.7641
vn -0.6379 -0.0525 0.7683
vn -0.6430 -0.1461 0.7518
vn -0.4495 -0.1356 0.8829
vn -0.4099 -0.0472 0.9109
vn -0.4123 -0.1769 0.8937
vn -0.1645 -0.1636 0.9727
vn -0.0649 -0.1115 0.9916
vn 0.6628 -0.1780 0.7273
vn 0.5820 -0.2043 0.7871
vn 0.4787 -0.1739 0.8606
vn 0.6686 -0.1291 0.7324
vn 0.6169 -0.1165 0.7784
vn 0.5511 -0.0739 0.8311
vn 0.7472 -0.0591 0.6620
vn 0.7115 -0.0264 0.7022
vn 0.6656 0.0175 0.7461
vn -0.6656 0.0175 0.7461
vn -0.5511 -0.0739 0.8311
vn -0.4787 -0.1739 0.8606
vn -0.7115 -0.0264 0.7022
vn -0.6169 -0.1165 0.7784
vn -0.5820 -0.2043 0.7871
vn -0.7472 -0.0591 0.6620
vn -0.6686 -0.1291 0.7324
vn -0.6628 -0.1780 0.7273
vn 0.3236 -0.0279 0.9458
vn 0.2879 0.0044 0.9577
vn 0.2737 0.0083 0.9618
vn 0.4399 0.0192 0.8979
vn 0.4063 0.0320 0.9132
vn 0.3859 0.0280 0.9221
vn 0.5748 0.0752 0.8149
vn 0.5404 0.0746 0.8381
vn 0.5148 0.0616 0.8551
vn -0.5148 0.0616 0.8551
vn -0.3859 0.0280 0.9221
vn -0.2737 0.0083 0.9618
vn -0.5404 0.0746 0.8381
vn -0.4063 0.0320 0.9132
vn -0.2879 0.0044 0.9577
vn -0.5748 0.0752 0.8149
vn -0.4399 0.0192 0.8979
vn -0.3236 -0.0279 0.9458
vn 0.9058 0.2401 0.3491
vn 0.8990 0.2787 0.3378
vn 0.8960 0.3033 0.3245
vn 0.8370 0.2061 0.5069
vn 0.8422 0.2423 0.4817
vn 0.8499 0.2656 0.4551
vn 0.7520 0.1598 0.6395
vn 0.7697 0.1906 0.6092
vn 0.7900 0.2099 0.5760
vn -0.7900 0.2099 0.5760
vn -0.8499 0.2656 0.4551
vn -0.8960 0.3033 0.3245
vn -0.7697 0.1906 0.6092
vn -0.8422 0.2423 0.4817
vn -0.8990 0.2787 0.3378
vn -0.7520 0.1598 0.6395
vn -0.8370 0.2061 0.5069
vn -0.9058 0.2401 0.3491
vn 0.9076 0.2905 0.3030
vn 0.9165 0.2696 0.2956
vn 0.9243 0.2504 0.2880
vn 0.8766 0.2519 0.4101
vn 0.8919 0.2253 0.3920
vn 0.9062 0.1967 0.3743
vn 0.8369 0.1908 0.5130
vn 0.8600 0.1580 0.4852
vn 0.8800 0.1225 0.4589
vn -0.8800 0.1225 0.4589
vn -0.9062 0.1967 0.3743
vn -0.9243 0.2504 0.2880
vn -0.8600 0.1580 0.4852
vn -0.8919 0.2253 0.3920
vn -0.9165 0.2696 0.2956
vn -0.8369 0.1908 0.5130
vn -0.8766 0.2519 0.4101
vn -0.9076 0.2905 0.3030
vn 0.7853 -0.4973 0.3688
vn 0.7802 -0.4292 0.4550
vn 0.7619 -0.3308 0.5568
vn 0.9340 -0.1558 0.3216
vn 0.9076 -0.1499 0.3921
vn 0.8728 -0.1406 0.4673
vn 0.9518 0.1132 0.2849
vn 0.9321 0.0646 0.3564
vn 0.9024 0.0103 0.4308
vn -0.9024 0.0103 0.4308
vn -0.8728 -0.1406 0.4673
vn -0.7619 -0.3308 0.5568
vn -0.9321 0.0646 0.3564
vn -0.9076 -0.1499 0.3921
vn -0.7802 -0.4292 0.4550
vn -0.9518 0.1132 0.2849
vn -0.9340 -0.1558 0.3216
vn -0.7853 -0.4973 0.3688
vn 0.0708 -0.2637 0.9620
vn 0.0607 -0.3422 0.9377
vn 0.0417 -0.3748 0.9262
vn 0.0063 -0.5799 0.8147
vn 0.0733 -0.6436 0.7619
vn 0.0660 -0.6667 0.7424
vn -0.0273 -0.8427 0.5378
vn 0.0900 -0.8659 0.4921
vn 0.0847 -0.8756 0.4756
vn -0.0847 -0.8756 0.4756
vn -0.0660 -0.6667 0.7424
vn -0.0417 -0.3748 0.9262
vn -0.0900 -0.8659 0.4921
vn -0.0733 -0.6436 0.7619
vn -0.0607 -0.3422 0.9377
vn 0.0273 -0.8426 0.5378
vn -0.0063 -0.5799 0.8147
vn -0.0708 -0.2637 0.9620
vn 0.1644 -0.2494 0.9543
vn 0.1722 -0.2113 0.9621
vn 0.1560 -0.1828 0.9707
vn -0.1726 -0.2120 0.9619
vn -0.1688 -0.2451 0.9547
vn -0.1483 -0.3149 0.9375
vn -0.6874 -0.1013 0.7192
vn -0.6700 -0.2625 0.6944
vn -0.5483 -0.4912 0.6768
vn 0.5483 -0.4912 0.6768
vn 0.1483 -0.3149 0.9375
vn -0.1560 -0.1828 0.9707
vn 0.6700 -0.2625 0.6944
vn 0.1688 -0.2451 0.9547
vn -0.1722 -0.2113 0.9621
vn 0.6874 -0.1013 0.7192
vn 0.1726 -0.2120 0.9619
vn -0.1644 -0.2494 0.9543
vn 0.0259 -0.3860 0.9221
vn 0.0572 -0.3699 0.9273
vn 0.0964 -0.3385 0.9360
vn -0.2112 -0.0942 0.9729
vn -0.2100 -0.1463 0.9667
vn -0.1971 -0.1796 0.9638
vn -0.5004 0.3467 0.7934
vn -0.5688 0.2350 0.7882
vn -0.6219 0.1258 0.7729
vn 0.6219 0.1258 0.7729
vn 0.1971 -0.1796 0.9638
vn -0.0964 -0.3385 0.9360
vn 0.5688 0.2350 0.7882
vn 0.2100 -0.1463 0.9667
vn -0.0572 -0.3699 0.9273
vn 0.5004 0.3467 0.7933
vn 0.2112 -0.0942 0.9729
vn -0.0259 -0.3860 0.9221
vn -0.0054 -0.3662 0.9305
vn -0.0079 -0.3730 0.9278
vn -0.0048 -0.3818 0.9242
vn -0.0484 0.1172 0.9919
vn -0.1026 0.0903 0.9906
vn -0.1547 0.0397 0.9872
vn -0.0840 0.6346 0.7683
vn -0.1863 0.6064 0.7731
vn -0.3009 0.5467 0.7814
vn 0.3008 0.5467 0.7814
vn 0.1547 0.0397 0.9872
vn 0.0048 -0.3818 0.9242
vn 0.1863 0.6064 0.7731
vn 0.1026 0.0903 0.9906
vn 0.0079 -0.3730 0.9278
vn 0.0840 0.6346 0.7683
vn 0.0484 0.1172 0.9919
vn 0.0054 -0.3662 0.9305
vn -0.0963 0.8862 0.4532
vn -0.2147 0.8696 0.4446
vn -0.3517 0.8344 0.4244
vn -0.0905 0.8243 0.5589
vn -0.2002 0.8155 0.5430
vn -0.3285 0.7977 0.5058
vn -0.0741 0.6322 0.7713
vn -0.1617 0.6350 0.7553
vn -0.2676 0.6452 0.7156
vn 0.2676 0.6452 0.7156
vn 0.3285 0.7977 0.5058
vn 0.3517 0.8344 0.4244
vn 0.1617 0.6351 0.7553
vn 0.2002 0.8155 0.5430
vn 0.2147 0.8696 0.4446
vn 0.0741 0.6322 0.7713
vn 0.0905 0.8243 0.5589
vn 0.0963 0.8862 0.4532
vn -0.6244 0.7002 0.3462
vn -0.7443 0.5976 0.2980
vn -0.8500 0.4640 0.2496
vn -0.6018 0.7120 0.3618
vn -0.7316 0.6211 0.2811
vn -0.8444 0.4900 0.2167
vn -0.5429 0.6564 0.5239
vn -0.7043 0.5966 0.3847
vn -0.8339 0.4809 0.2706
vn 0.8339 0.4809 0.2706
vn 0.8444 0.4900 0.2167
vn 0.8500 0.4640 0.2496
vn 0.7043 0.5966 0.3847
vn 0.7316 0.6211 0.2811
vn 0.7443 0.5976 0.2980
vn 0.5429 0.6564 0.5239
vn 0.6018 0.7120 0.3618
vn 0.6244 0.7002 0.3462
vn -0.9805 0.0982 0.1705
vn -0.9699 -0.1751 0.1691
vn -0.8022 -0.5579 0.2127
vn -0.9824 0.1142 0.1476
vn -0.9663 -0.1898 0.1737
vn -0.7666 -0.5901 0.2531
vn -0.9716 0.1018 0.2137
vn -0.9235 -0.2379 0.3010
vn -0.6634 -0.6210 0.4174
vn 0.6634 -0.6210 0.4174
vn 0.7666 -0.5901 0.2531
vn 0.8022 -0.5579 0.2127
vn 0.9235 -0.2379 0.3010
vn 0.9663 -0.1898 0.1737
vn 0.9699 -0.1751 0.1691
vn 0.9716 0.1018 0.2137
vn 0.9824 0.1142 0.1476
vn 0.9805 0.0982 0.1705
vn -0.0354 -0.9643 0.2624
vn 0.0985 -0.9604 0.2605
vn 0.0906 -0.9612 0.2606
vn -0.0169 -0.9417 0.3360
vn 0.0975 -0.9346 0.3420
vn 0.0855 -0.9338 0.3475
vn 0.0115 -0.8648 0.5021
vn 0.0914 -0.8543 0.5117
vn 0.0740 -0.8505 0.5207
vn -0.0740 -0.8505 0.5207
vn -0.0855 -0.9338 0.3475
vn -0.0906 -0.9612 0.2606
vn -0.0914 -0.8543 0.5117
vn -0.0975 -0.9346 0.3420
vn -0.0985 -0.9604 0.2605
vn -0.0115 -0.8648 0.5021
vn 0.0169 -0.9417 0.3360
vn 0.0354 -0.9643 0.2624
vn 0.0319 -0.4860 0.8734
vn 0.0117 -0.2883 0.9575
vn -0.0115 -0.0520 0.9986
vn 0.0520 -0.4937 0.8681
vn 0.0231 -0.2937 0.9556
vn -0.0212 -0.0514 0.9985
vn 0.0524 -0.5063 0.8608
vn 0.0337 -0.3002 0.9533
vn -0.0314 -0.0417 0.9986
vn 0.0314 -0.0417 0.9986
vn 0.0212 -0.0514 0.9985
vn 0.0115 -0.0520 0.9986
vn -0.0337 -0.3002 0.9533
vn -0.0231 -0.2937 0.9556
vn -0.0117 -0.2883 0.9575
vn -0.0524 -0.5063 0.8608
vn -0.0520 -0.4937 0.8681
vn -0.0319 -0.4860 0.8734
vn -0.3807 -0.1375 0.9144
vn -0.2128 -0.4811 0.8504
vn -0.0750 -0.2651 0.9613
vn -0.2016 0.0737 0.9767
vn -0.4977 0.1531 0.8537
vn -0.7762 0.1401 0.6147
vn -0.5717 -0.2288 0.7879
vn 0.3807 -0.1375 0.9144
vn 0.7762 0.1401 0.6147
vn 0.4977 0.1531 0.8537
vn 0.2016 0.0737 0.9767
vn 0.0750 -0.2651 0.9613
vn 0.2128 -0.4811 0.8504
vn 0.5717 -0.2288 0.7879
vn -0.1710 -0.1543 0.9731
vn -0.1865 -0.1642 0.9686
vn -0.1923 -0.1607 0.9681
vn -0.2206 -0.1446 0.9646
vn -0.2376 -0.1677 0.9568
vn -0.2498 -0.1814 0.9511
vn -0.1514 -0.1147 0.9818
vn -0.1740 -0.1347 0.9755
vn -0.2022 -0.1489 0.9680
vn 0.2022 -0.1489 0.9680
vn 0.2498 -0.1814 0.9511
vn 0.1923 -0.1607 0.9681
vn 0.1740 -0.1347 0.9755
vn 0.2376 -0.1677 0.9568
vn 0.1865 -0.1642 0.9686
vn 0.1514 -0.1147 0.9818
vn 0.2206 -0.1446 0.9646
vn 0.1710 -0.1543 0.9731
vn -0.0035 -0.0914 0.9958
vn -0.0539 -0.0987 0.9937
vn -0.1024 -0.1143 0.9882
vn -0.0785 -0.0519 0.9956
vn -0.1205 -0.0647 0.9906
vn -0.1611 -0.0864 0.9832
vn -0.0553 -0.0347 0.9979
vn -0.0820 -0.0457 0.9956
vn -0.1074 -0.0641 0.9921
vn 0.1074 -0.0641 0.9921
vn 0.1611 -0.0864 0.9832
vn 0.1024 -0.1143 0.9882
vn 0.0820 -0.0457 0.9956
vn 0.1205 -0.0647 0.9906
vn 0.0539 -0.0987 0.9937
vn 0.0553 -0.0347 0.9979
vn 0.0785 -0.0519 0.9956
vn 0.0035 -0.0914 0.9958
vn 0.1622 -0.1143 0.9801
vn 0.1267 -0.1074 0.9861
vn 0.0873 -0.0996 0.9912
vn 0.0609 -0.0360 0.9975
vn 0.0309 -0.0428 0.9986
vn -0.0022 -0.0457 0.9990
vn 0.0398 -0.0140 0.9991
vn 0.0203 -0.0240 0.9995
vn -0.0030 -0.0285 0.9996
vn 0.0030 -0.0285 0.9996
vn 0.0022 -0.0457 0.9990
vn -0.0873 -0.0996 0.9912
vn -0.0203 -0.0240 0.9995
vn -0.0309 -0.0428 0.9986
vn -0.1267 -0.1074 0.9861
vn -0.0398 -0.0140 0.9991
vn -0.0609 -0.0360 0.9975
vn -0.1622 -0.1143 0.9801
vn -0.1633 -0.1445 0.9759
vn -0.1031 -0.1705 0.9800
vn -0.0234 -0.2112 0.9772
vn -0.2441 -0.2195 0.9446
vn -0.1959 -0.2812 0.9394
vn -0.1245 -0.3545 0.9267
vn -0.2489 -0.2105 0.9454
vn -0.2247 -0.2978 0.9278
vn -0.1674 -0.3980 0.9020
vn 0.1674 -0.3980 0.9020
vn 0.1245 -0.3545 0.9267
vn 0.0234 -0.2112 0.9772
vn 0.2247 -0.2978 0.9278
vn 0.1959 -0.2812 0.9394
vn 0.1031 -0.1705 0.9800
vn 0.2489 -0.2105 0.9454
vn 0.2441 -0.2195 0.9446
vn 0.1633 -0.1445 0.9759
vn 0.0999 -0.3073 0.9464
vn 0.1297 -0.3679 0.9208
vn 0.1607 -0.4355 0.8857
vn 0.0057 -0.4647 0.8854
vn 0.0536 -0.5012 0.8637
vn 0.1072 -0.5317 0.8401
vn -0.0285 -0.5171 0.8555
vn 0.0349 -0.5299 0.8473
vn 0.1019 -0.5290 0.8425
vn -0.1019 -0.5290 0.8425
vn -0.1072 -0.5317 0.8401
vn -0.1607 -0.4355 0.8857
vn -0.0349 -0.5299 0.8474
vn -0.0536 -0.5012 0.8637
vn -0.1297 -0.3679 0.9208
vn 0.0285 -0.5171 0.8555
vn -0.0057 -0.4647 0.8854
vn -0.0999 -0.3073 0.9464
vn 0.2883 -0.5184 0.8051
vn 0.3680 -0.5047 0.7809
vn 0.4310 -0.4642 0.7738
vn 0.2731 -0.5499 0.7893
vn 0.3645 -0.5236 0.7701
vn 0.4366 -0.4794 0.7612
vn 0.2699 -0.5028 0.8212
vn 0.3559 -0.4717 0.8068
vn 0.4244 -0.4281 0.7979
vn -0.4244 -0.4281 0.7979
vn -0.4366 -0.4794 0.7612
vn -0.4310 -0.4642 0.7738
vn -0.3559 -0.4717 0.8068
vn -0.3645 -0.5236 0.7701
vn -0.3680 -0.5047 0.7809
vn -0.2699 -0.5028 0.8212
vn -0.2731 -0.5499 0.7893
vn -0.2883 -0.5184 0.8051
vn 0.4886 -0.3643 0.7928
vn 0.4947 -0.3124 0.8110
vn 0.4908 -0.2580 0.8322
vn 0.5034 -0.3709 0.7804
vn 0.5079 -0.3105 0.8035
vn 0.5002 -0.2487 0.8295
vn 0.4844 -0.3143 0.8165
vn 0.4807 -0.2502 0.8404
vn 0.4633 -0.1903 0.8655
vn -0.4633 -0.1903 0.8655
vn -0.5002 -0.2487 0.8295
vn -0.4908 -0.2580 0.8322
vn -0.4807 -0.2502 0.8404
vn -0.5079 -0.3105 0.8035
vn -0.4947 -0.3124 0.8110
vn -0.4844 -0.3143 0.8165
vn -0.5034 -0.3709 0.7804
vn -0.4886 -0.3643 0.7928
vn 0.4543 -0.1539 0.8774
vn 0.4233 -0.1176 0.8983
vn 0.3869 -0.0956 0.9171
vn 0.4670 -0.1419 0.8728
vn 0.4483 -0.1043 0.8878
vn 0.4291 -0.0753 0.9001
vn 0.4220 -0.1108 0.8998
vn 0.4094 -0.0877 0.9081
vn 0.4011 -0.0668 0.9136
vn -0.4011 -0.0668 0.9136
vn -0.4291 -0.0753 0.9001
vn -0.3869 -0.0956 0.9171
vn -0.4094 -0.0877 0.9081
vn -0.4483 -0.1043 0.8878
vn -0.4233 -0.1176 0.8983
vn -0.4220 -0.1108 0.8998
vn -0.4670 -0.1419 0.8728
vn -0.4543 -0.1539 0.8774
vn 0.3055 -0.0956 0.9474
vn 0.2733 -0.1212 0.9543
vn 0.2613 -0.1521 0.9532
vn 0.3860 -0.0371 0.9218
vn 0.3701 -0.0319 0.9284
vn 0.3703 -0.0266 0.9285
vn 0.3858 -0.0267 0.9222
vn 0.3849 -0.0169 0.9228
vn 0.3976 -0.0055 0.9175
vn -0.3976 -0.0055 0.9175
vn -0.3703 -0.0266 0.9285
vn -0.2613 -0.1521 0.9532
vn -0.3849 -0.0169 0.9228
vn -0.3701 -0.0319 0.9284
vn -0.2733 -0.1212 0.9543
vn -0.3858 -0.0267 0.9222
vn -0.3860 -0.0371 0.9218
vn -0.3055 -0.0956 0.9474
vn 0.2971 -0.1224 0.9470
vn 0.3155 -0.0535 0.9474
vn 0.3145 0.0108 0.9492
vn 0.4097 0.0754 0.9091
vn 0.4169 0.1703 0.8928
vn 0.4009 0.2503 0.8812
vn 0.4488 0.1129 0.8865
vn 0.4538 0.2233 0.8627
vn 0.4310 0.3230 0.8425
vn -0.4310 0.3230 0.8425
vn -0.4009 0.2503 0.8812
vn -0.3145 0.0108 0.9492
vn -0.4539 0.2233 0.8627
vn -0.4169 0.1703 0.8928
vn -0.3155 -0.0535 0.9474
vn -0.4488 0.1129 0.8865
vn -0.4097 0.0755 0.9091
vn -0.2971 -0.1224 0.9470
vn 0.2317 0.0274 0.9724
vn 0.1729 -0.0214 0.9847
vn 0.1351 -0.0798 0.9876
vn 0.2887 0.2786 0.9160
vn 0.2113 0.2218 0.9519
vn 0.1531 0.1443 0.9776
vn 0.2963 0.3917 0.8711
vn 0.2082 0.3482 0.9140
vn 0.1418 0.2758 0.9507
vn -0.1418 0.2758 0.9507
vn -0.1531 0.1443 0.9776
vn -0.1351 -0.0798 0.9876
vn -0.2082 0.3482 0.9140
vn -0.2113 0.2218 0.9519
vn -0.1729 -0.0214 0.9847
vn -0.2963 0.3917 0.8711
vn -0.2887 0.2786 0.9160
vn -0.2317 0.0274 0.9724
vn 0.1650 -0.1454 0.9755
vn 0.1959 -0.1477 0.9694
vn 0.2177 -0.1404 0.9659
vn 0.1574 0.0412 0.9867
vn 0.1746 0.0290 0.9842
vn 0.1774 0.0281 0.9837
vn 0.1427 0.1683 0.9754
vn 0.1545 0.1514 0.9763
vn 0.1469 0.1418 0.9789
vn -0.1469 0.1418 0.9789
vn -0.1774 0.0281 0.9837
vn -0.2177 -0.1404 0.9659
vn -0.1545 0.1514 0.9763
vn -0.1746 0.0290 0.9842
vn -0.1959 -0.1476 0.9694
vn -0.1427 0.1683 0.9754
vn -0.1574 0.0412 0.9867
vn -0.1650 -0.1454 0.9755
vn 0.2289 -0.1261 0.9652
vn 0.2242 -0.1230 0.9667
vn 0.2126 -0.1208 0.9696
vn 0.1476 0.0186 0.9889
vn 0.1296 0.0059 0.9915
vn 0.1106 -0.0090 0.9938
vn 0.0978 0.0974 0.9904
vn 0.0802 0.0642 0.9947
vn 0.0679 0.0318 0.9972
vn -0.0679 0.0318 0.9972
vn -0.1106 -0.0090 0.9938
vn -0.2126 -0.1208 0.9696
vn -0.0802 0.0642 0.9947
vn -0.1296 0.0059 0.9915
vn -0.2242 -0.1230 0.9667
vn -0.0978 0.0974 0.9904
vn -0.1476 0.0186 0.9889
vn -0.2289 -0.1261 0.9652
vn 0.1675 -0.0869 0.9820
vn 0.1872 -0.1369 0.9727
vn 0.2247 -0.1724 0.9591
vn 0.2225 -0.2341 0.9464
vn 0.2614 -0.2822 0.9231
vn 0.3217 -0.3097 0.8948
vn 0.2496 -0.3409 0.9064
vn 0.2999 -0.3863 0.8723
vn 0.3735 -0.4070 0.8336
vn -0.3735 -0.4070 0.8336
vn -0.3217 -0.3097 0.8948
vn -0.2247 -0.1724 0.9591
vn -0.2999 -0.3863 0.8723
vn -0.2614 -0.2822 0.9231
vn -0.1872 -0.1369 0.9727
vn -0.2496 -0.3409 0.9064
vn -0.2225 -0.2341 0.9464
vn -0.1675 -0.0869 0.9820
vn 0.1246 -0.0159 0.9921
vn 0.1682 -0.0037 0.9857
vn 0.1799 -0.0076 0.9836
vn 0.1286 -0.1896 0.9734
vn 0.1873 -0.1556 0.9699
vn 0.2105 -0.1516 0.9658
vn 0.1426 -0.3098 0.9400
vn 0.2037 -0.2626 0.9432
vn 0.2284 -0.2550 0.9396
vn -0.2284 -0.2550 0.9396
vn -0.2105 -0.1516 0.9658
vn -0.1799 -0.0076 0.9836
vn -0.2037 -0.2626 0.9432
vn -0.1873 -0.1556 0.9699
vn -0.1682 -0.0037 0.9857
vn -0.1426 -0.3098 0.9400
vn -0.1286 -0.1896 0.9734
vn -0.1246 -0.0159 0.9921
vn 0.1347 -0.1068 0.9851
vn 0.0598 -0.0594 0.9964
vn 0.0281 -0.0409 0.9988
vn 0.0015 -0.4948 0.8690
vn -0.0286 -0.4003 0.9159
vn -0.0200 -0.3149 0.9489
vn -0.0702 -0.7002 0.7104
vn -0.0631 -0.6045 0.7941
vn -0.0262 -0.4933 0.8695
vn 0.0262 -0.4933 0.8695
vn 0.0200 -0.3149 0.9489
vn -0.0281 -0.0409 0.9988
vn 0.0631 -0.6045 0.7941
vn 0.0286 -0.4003 0.9159
vn -0.0598 -0.0594 0.9964
vn 0.0702 -0.7002 0.7105
vn -0.0015 -0.4948 0.8690
vn -0.1347 -0.1068 0.9851
vn 0.2318 -0.4035 0.8851
vn 0.2625 -0.3626 0.8942
vn 0.2623 -0.2846 0.9221
vn 0.0614 -0.6324 0.7722
vn 0.0795 -0.6509 0.7550
vn 0.0753 -0.6346 0.7692
vn -0.0444 -0.7277 0.6844
vn -0.0353 -0.7686 0.6387
vn -0.0429 -0.7821 0.6216
vn 0.0429 -0.7821 0.6216
vn -0.0753 -0.6346 0.7692
vn -0.2623 -0.2846 0.9221
vn 0.0353 -0.7686 0.6387
vn -0.0795 -0.6509 0.7550
vn -0.2625 -0.3626 0.8942
vn 0.0444 -0.7277 0.6844
vn -0.0614 -0.6324 0.7722
vn -0.2318 -0.4035 0.8851
vn 0.0353 -0.1361 0.9901
vn 0.0653 -0.2184 0.9737
vn 0.1168 -0.3147 0.9420
vn -0.1764 -0.1920 0.9654
vn -0.1287 -0.3191 0.9389
vn -0.0575 -0.4583 0.8870
vn -0.3092 -0.2230 0.9245
vn -0.2482 -0.3732 0.8939
vn -0.1639 -0.5282 0.8332
vn 0.1639 -0.5282 0.8332
vn 0.0575 -0.4583 0.8869
vn -0.1168 -0.3147 0.9420
vn 0.2482 -0.3732 0.8939
vn 0.1287 -0.3191 0.9389
vn -0.0653 -0.2184 0.9737
vn 0.3092 -0.2230 0.9245
vn 0.1764 -0.1920 0.9654
vn -0.0353 -0.1361 0.9901
vn 0.0815 0.0428 0.9957
vn 0.0524 -0.0090 0.9986
vn 0.0349 -0.0533 0.9980
vn -0.1099 0.1241 0.9862
vn -0.1541 0.0395 0.9873
vn -0.1823 -0.0385 0.9825
vn -0.2313 0.1790 0.9563
vn -0.2866 0.0777 0.9549
vn -0.3223 -0.0216 0.9464
vn 0.3223 -0.0216 0.9464
vn 0.1823 -0.0385 0.9825
vn -0.0349 -0.0533 0.9980
vn 0.2866 0.0777 0.9549
vn 0.1541 0.0395 0.9873
vn -0.0524 -0.0090 0.9986
vn 0.2313 0.1790 0.9563
vn 0.1099 0.1241 0.9862
vn -0.0815 0.0428 0.9957
vn 0.2209 0.1039 0.9698
vn 0.1955 0.1188 0.9735
vn 0.1610 0.1168 0.9800
vn 0.0295 0.3299 0.9435
vn 0.0104 0.3019 0.9533
vn -0.0173 0.2620 0.9649
vn -0.1002 0.4537 0.8855
vn -0.1121 0.4011 0.9092
vn -0.1324 0.3423 0.9302
vn 0.1324 0.3423 0.9302
vn 0.0173 0.2620 0.9649
vn -0.1610 0.1168 0.9800
vn 0.1121 0.4011 0.9092
vn -0.0103 0.3019 0.9533
vn -0.1955 0.1188 0.9735
vn 0.1002 0.4537 0.8855
vn -0.0295 0.3299 0.9435
vn -0.2209 0.1039 0.9698
vn 0.2420 0.0155 0.9702
vn 0.2429 0.0300 0.9696
vn 0.2417 0.0521 0.9690
vn 0.1851 0.3528 0.9172
vn 0.1297 0.3573 0.9250
vn 0.0819 0.3563 0.9308
vn 0.1356 0.5523 0.8226
vn 0.0457 0.5513 0.8330
vn -0.0312 0.5332 0.8454
vn 0.0312 0.5332 0.8454
vn -0.0819 0.3563 0.9308
vn -0.2417 0.0521 0.9690
vn -0.0457 0.5513 0.8330
vn -0.1297 0.3573 0.9250
vn -0.2429 0.0300 0.9696
vn -0.1356 0.5523 0.8225
vn -0.1851 0.3528 0.9172
vn -0.2420 0.0155 0.9702
vn 0.2211 0.0466 0.9741
vn 0.2322 0.0216 0.9724
vn 0.2389 0.0106 0.9710
vn 0.3223 0.3826 0.8659
vn 0.3041 0.3638 0.8804
vn 0.2776 0.3518 0.8940
vn 0.3549 0.5466 0.7585
vn 0.3228 0.5413 0.7764
vn 0.2805 0.5391 0.7942
vn -0.2806 0.5391 0.7942
vn -0.2776 0.3518 0.8940
vn -0.2389 0.0106 0.9710
vn -0.3228 0.5413 0.7764
vn -0.3041 0.3638 0.8804
vn -0.2322 0.0216 0.9724
vn -0.3549 0.5466 0.7585
vn -0.3223 0.3826 0.8659
vn -0.2211 0.0466 0.9741
vn 0.2538 0.2014 0.9460
vn 0.2072 0.1899 0.9597
vn 0.1945 0.1449 0.9702
vn 0.4609 0.3600 0.8112
vn 0.3962 0.4028 0.8251
vn 0.3560 0.4142 0.8377
vn 0.5507 0.4276 0.7169
vn 0.4769 0.4942 0.7269
vn 0.4214 0.5328 0.7338
vn -0.4214 0.5328 0.7338
vn -0.3560 0.4142 0.8377
vn -0.1945 0.1449 0.9702
vn -0.4769 0.4942 0.7269
vn -0.3962 0.4028 0.8251
vn -0.2072 0.1899 0.9597
vn -0.5507 0.4276 0.7169
vn -0.4609 0.3600 0.8112
vn -0.2538 0.2014 0.9460
vn 0.3126 -0.1842 0.9318
vn 0.3494 -0.1712 0.9212
vn 0.3806 -0.1514 0.9123
vn 0.4589 -0.2961 0.8377
vn 0.5204 -0.2700 0.8101
vn 0.5750 -0.2347 0.7838
vn 0.5367 -0.3769 0.7549
vn 0.6107 -0.3423 0.7141
vn 0.6763 -0.2948 0.6750
vn -0.6763 -0.2948 0.6750
vn -0.5750 -0.2347 0.7838
vn -0.3806 -0.1514 0.9123
vn -0.6107 -0.3423 0.7141
vn -0.5204 -0.2700 0.8101
vn -0.3494 -0.1712 0.9212
vn -0.5367 -0.3769 0.7549
vn -0.4589 -0.2961 0.8377
vn -0.3126 -0.1842 0.9318
vn 0.4295 -0.0983 0.8977
vn 0.4465 -0.0706 0.8920
vn 0.4582 -0.0444 0.8877
vn 0.6508 -0.1385 0.7465
vn 0.6687 -0.0886 0.7383
vn 0.6767 -0.0426 0.7350
vn 0.7605 -0.1620 0.6288
vn 0.7745 -0.0966 0.6252
vn 0.7769 -0.0401 0.6284
vn -0.7769 -0.0401 0.6284
vn -0.6767 -0.0425 0.7350
vn -0.4582 -0.0444 0.8877
vn -0.7745 -0.0966 0.6252
vn -0.6687 -0.0886 0.7383
vn -0.4465 -0.0706 0.8920
vn -0.7605 -0.1620 0.6288
vn -0.6508 -0.1385 0.7465
vn -0.4295 -0.0983 0.8977
vn 0.4590 0.0133 0.8883
vn 0.4378 0.0585 0.8972
vn 0.3939 0.1141 0.9121
vn 0.6705 0.0521 0.7401
vn 0.6485 0.1193 0.7518
vn 0.6053 0.2007 0.7703
vn 0.7630 0.0680 0.6429
vn 0.7399 0.1442 0.6571
vn 0.6965 0.2372 0.6772
vn -0.6965 0.2372 0.6772
vn -0.6053 0.2007 0.7703
vn -0.3939 0.1141 0.9121
vn -0.7399 0.1442 0.6571
vn -0.6485 0.1193 0.7518
vn -0.4378 0.0585 0.8971
vn -0.7630 0.0680 0.6429
vn -0.6705 0.0521 0.7401
vn -0.4590 0.0133 0.8883
vn -0.3521 0.9350 0.0428
vn -0.6038 0.7970 -0.0139
vn -0.7489 0.6578 -0.0804
vn -0.3106 0.9504 0.0170
vn -0.5430 0.8373 -0.0636
vn -0.6840 0.7073 -0.1787
vn -0.2602 0.9556 0.1382
vn -0.4649 0.8848 0.0319
vn -0.5900 0.7929 -0.1525
vn 0.5900 0.7929 -0.1525
vn 0.6840 0.7073 -0.1787
vn 0.7489 0.6578 -0.0804
vn 0.4649 0.8848 0.0319
vn 0.5430 0.8373 -0.0636
vn 0.6038 0.7970 -0.0139
vn 0.2602 0.9556 0.1382
vn 0.3106 0.9504 0.0170
vn 0.3521 0.9350 0.0428
vn -0.8547 0.4910 -0.1683
vn -0.8496 0.4971 -0.1762
vn -0.8073 0.5655 -0.1689
vn -0.7868 0.4917 -0.3731
vn -0.7832 0.4723 -0.4044
vn -0.7508 0.5216 -0.4052
vn -0.6695 0.5012 -0.5482
vn -0.6643 0.4323 -0.6098
vn -0.6517 0.4553 -0.6066
vn 0.6517 0.4553 -0.6066
vn 0.7508 0.5216 -0.4052
vn 0.8073 0.5655 -0.1689
vn 0.6643 0.4323 -0.6098
vn 0.7832 0.4723 -0.4044
vn 0.8496 0.4971 -0.1762
vn 0.6695 0.5012 -0.5482
vn 0.7868 0.4917 -0.3731
vn 0.8547 0.4910 -0.1683
vn -0.5029 0.8510 -0.1513
vn -0.2418 0.9598 -0.1425
vn 0.0433 0.9910 -0.1263
vn -0.4820 0.7741 -0.4104
vn -0.2559 0.8736 -0.4140
vn -0.0044 0.9172 -0.3983
vn -0.4343 0.6548 -0.6186
vn -0.2547 0.7265 -0.6382
vn -0.0545 0.7782 -0.6257
vn 0.0545 0.7782 -0.6257
vn 0.0044 0.9172 -0.3983
vn -0.0433 0.9910 -0.1263
vn 0.2547 0.7265 -0.6382
vn 0.2559 0.8736 -0.4140
vn 0.2418 0.9598 -0.1425
vn 0.4343 0.6548 -0.6186
vn 0.4820 0.7741 -0.4104
vn 0.5029 0.8510 -0.1513
vn 0.4716 0.8763 -0.0990
vn 0.5500 0.8288 -0.1030
vn 0.5631 0.8191 -0.1096
vn 0.3967 0.8387 -0.3730
vn 0.4610 0.8003 -0.3835
vn 0.4647 0.8009 -0.3777
vn 0.2768 0.7282 -0.6270
vn 0.3036 0.6980 -0.6486
vn 0.2966 0.7293 -0.6166
vn -0.2966 0.7293 -0.6166
vn -0.4647 0.8009 -0.3777
vn -0.5631 0.8191 -0.1096
vn -0.3036 0.6980 -0.6486
vn -0.4610 0.8003 -0.3835
vn -0.5500 0.8288 -0.1030
vn -0.2768 0.7282 -0.6270
vn -0.3967 0.8387 -0.3730
vn -0.4716 0.8763 -0.0990
vn 0.4941 0.8641 -0.0957
vn 0.4633 0.8828 -0.0781
vn 0.4396 0.8959 -0.0637
vn 0.4120 0.8680 -0.2771
vn 0.4025 0.8885 -0.2206
vn 0.3948 0.8994 -0.1874
vn 0.3039 0.8719 -0.3839
vn 0.3445 0.8959 -0.2807
vn 0.3642 0.9020 -0.2318
vn -0.3642 0.9020 -0.2318
vn -0.3948 0.8994 -0.1874
vn -0.4396 0.8959 -0.0637
vn -0.3445 0.8959 -0.2807
vn -0.4025 0.8885 -0.2206
vn -0.4633 0.8828 -0.0781
vn -0.3040 0.8719 -0.3839
vn -0.4120 0.8680 -0.2771
vn -0.4941 0.8641 -0.0957
vn 0.4557 0.8888 -0.0489
vn 0.5798 0.8130 -0.0530
vn 0.7743 0.6295 -0.0648
vn 0.4155 0.8924 -0.1758
vn 0.5278 0.8267 -0.1950
vn 0.7087 0.6684 -0.2258
vn 0.4013 0.8892 -0.2196
vn 0.5074 0.8261 -0.2453
vn 0.6763 0.6808 -0.2813
vn -0.6763 0.6808 -0.2813
vn -0.7087 0.6684 -0.2258
vn -0.7743 0.6295 -0.0648
vn -0.5074 0.8261 -0.2453
vn -0.5278 0.8267 -0.1950
vn -0.5798 0.8130 -0.0530
vn -0.4013 0.8892 -0.2196
vn -0.4155 0.8924 -0.1758
vn -0.4557 0.8888 -0.0489
vn 0.9915 0.1071 -0.0735
vn 0.9940 -0.0880 -0.0646
vn 0.9646 -0.2579 -0.0541
vn 0.9524 0.1878 -0.2401
vn 0.9761 -0.0186 -0.2165
vn 0.9595 -0.2113 -0.1864
vn 0.9331 0.2308 -0.2756
vn 0.9736 0.0172 -0.2277
vn 0.9669 -0.1866 -0.1740
vn -0.9669 -0.1866 -0.1740
vn -0.9595 -0.2113 -0.1864
vn -0.9646 -0.2579 -0.0541
vn -0.9736 0.0172 -0.2277
vn -0.9761 -0.0186 -0.2165
vn -0.9940 -0.0880 -0.0646
vn -0.9331 0.2308 -0.2756
vn -0.9524 0.1878 -0.2401
vn -0.9915 0.1071 -0.0735
vn 0.8231 -0.5669 -0.0343
vn 0.7389 -0.6733 -0.0258
vn 0.6640 -0.7475 -0.0177
vn 0.8174 -0.5610 -0.1310
vn 0.7298 -0.6749 -0.1091
vn 0.6539 -0.7509 -0.0922
vn 0.8344 -0.5435 -0.0912
vn 0.7501 -0.6584 -0.0617
vn 0.6746 -0.7372 -0.0395
vn -0.6746 -0.7372 -0.0395
vn -0.6539 -0.7509 -0.0922
vn -0.6640 -0.7475 -0.0177
vn -0.7501 -0.6584 -0.0617
vn -0.7298 -0.6749 -0.1091
vn -0.7389 -0.6733 -0.0258
vn -0.8344 -0.5435 -0.0912
vn -0.8174 -0.5610 -0.1310
vn -0.8231 -0.5669 -0.0343
vn 0.5379 -0.8430 0.0038
vn 0.4740 -0.8804 0.0177
vn 0.4108 -0.9111 0.0339
vn 0.5298 -0.8448 -0.0755
vn 0.4665 -0.8814 -0.0735
vn 0.4039 -0.9121 -0.0703
vn 0.5420 -0.8401 -0.0241
vn 0.4767 -0.8787 -0.0263
vn 0.4166 -0.9088 -0.0249
vn -0.4166 -0.9088 -0.0249
vn -0.4039 -0.9121 -0.0703
vn -0.4108 -0.9111 0.0339
vn -0.4767 -0.8787 -0.0263
vn -0.4665 -0.8814 -0.0735
vn -0.4740 -0.8804 0.0177
vn -0.5420 -0.8401 -0.0241
vn -0.5298 -0.8448 -0.0755
vn -0.5379 -0.8430 0.0038
vn 0.1105 -0.3620 -0.9256
vn 0.1107 -0.5020 -0.8578
vn 0.1170 -0.6485 -0.7522
vn 0.2188 -0.3775 -0.8998
vn 0.2316 -0.5171 -0.8240
vn 0.2509 -0.6540 -0.7137
vn 0.3228 -0.3792 -0.8672
vn 0.3628 -0.5128 -0.7781
vn 0.4040 -0.6333 -0.6601
vn -0.4040 -0.6333 -0.6601
vn -0.2509 -0.6540 -0.7137
vn -0.1170 -0.6485 -0.7522
vn -0.3628 -0.5128 -0.7781
vn -0.2316 -0.5171 -0.8240
vn -0.1107 -0.5020 -0.8578
vn -0.3228 -0.3792 -0.8672
vn -0.2188 -0.3775 -0.8998
vn -0.1105 -0.3620 -0.9256
vn 0.0929 -0.1978 -0.9758
vn 0.1036 -0.1633 -0.9811
vn 0.1100 -0.1766 -0.9781
vn 0.1550 -0.1777 -0.9718
vn 0.1766 -0.1506 -0.9727
vn 0.1941 -0.1732 -0.9656
vn 0.1815 -0.1504 -0.9718
vn 0.2142 -0.1311 -0.9680
vn 0.2477 -0.1623 -0.9552
vn -0.2477 -0.1623 -0.9552
vn -0.1941 -0.1732 -0.9656
vn -0.1100 -0.1766 -0.9781
vn -0.2142 -0.1311 -0.9680
vn -0.1766 -0.1506 -0.9727
vn -0.1036 -0.1633 -0.9811
vn -0.1815 -0.1504 -0.9718
vn -0.1550 -0.1777 -0.9718
vn -0.0929 -0.1978 -0.9758
vn 0.0360 -0.6070 -0.7939
vn 0.0480 -0.4835 -0.8740
vn 0.0640 -0.3743 -0.9251
vn 0.0546 -0.5806 -0.8123
vn 0.0750 -0.4541 -0.8878
vn 0.1029 -0.3451 -0.9329
vn 0.0523 -0.5434 -0.8378
vn 0.0769 -0.4129 -0.9075
vn 0.1123 -0.3050 -0.9457
vn -0.1123 -0.3050 -0.9457
vn -0.1029 -0.3451 -0.9329
vn -0.0640 -0.3743 -0.9251
vn -0.0769 -0.4129 -0.9075
vn -0.0750 -0.4541 -0.8878
vn -0.0480 -0.4835 -0.8740
vn -0.0523 -0.5434 -0.8378
vn -0.0546 -0.5806 -0.8123
vn -0.0360 -0.6070 -0.7939
vn 0.1104 -0.9903 -0.0846
vn 0.0858 -0.9942 -0.0647
vn 0.0485 -0.9976 -0.0489
vn 0.0901 -0.9505 -0.2973
vn 0.0736 -0.9591 -0.2734
vn 0.0429 -0.9660 -0.2549
vn 0.0662 -0.8518 -0.5196
vn 0.0592 -0.8686 -0.4920
vn 0.0363 -0.8812 -0.4714
vn -0.0363 -0.8812 -0.4714
vn -0.0429 -0.9660 -0.2549
vn -0.0485 -0.9976 -0.0489
vn -0.0592 -0.8686 -0.4920
vn -0.0736 -0.9591 -0.2734
vn -0.0858 -0.9942 -0.0647
vn -0.0662 -0.8518 -0.5196
vn -0.0901 -0.9505 -0.2973
vn -0.1104 -0.9903 -0.0846
vn 0.3826 -0.9119 -0.1488
vn 0.2350 -0.9628 -0.1337
vn 0.1589 -0.9801 -0.1194
vn 0.3541 -0.8483 -0.3937
vn 0.1990 -0.9089 -0.3664
vn 0.1230 -0.9311 -0.3434
vn 0.2889 -0.7256 -0.6245
vn 0.1479 -0.7832 -0.6040
vn 0.0793 -0.8132 -0.5766
vn -0.0793 -0.8132 -0.5766
vn -0.1230 -0.9311 -0.3434
vn -0.1589 -0.9801 -0.1194
vn -0.1479 -0.7832 -0.6040
vn -0.1990 -0.9089 -0.3664
vn -0.2350 -0.9627 -0.1337
vn -0.2889 -0.7256 -0.6245
vn -0.3541 -0.8483 -0.3937
vn -0.3826 -0.9119 -0.1488
vn 0.9884 -0.0663 -0.1364
vn 0.9560 -0.2539 -0.1471
vn 0.8373 -0.5227 -0.1604
vn 0.9323 0.0038 -0.3615
vn 0.9062 -0.1609 -0.3911
vn 0.8054 -0.4194 -0.4189
vn 0.8015 0.0243 -0.5976
vn 0.7653 -0.1162 -0.6332
vn 0.6855 -0.3299 -0.6490
vn -0.6855 -0.3299 -0.6490
vn -0.8054 -0.4194 -0.4189
vn -0.8373 -0.5227 -0.1604
vn -0.7653 -0.1162 -0.6332
vn -0.9062 -0.1609 -0.3911
vn -0.9560 -0.2539 -0.1471
vn -0.8015 0.0243 -0.5976
vn -0.9323 0.0038 -0.3615
vn -0.9884 -0.0663 -0.1364
vn 0.9817 0.1318 -0.1376
vn 0.9835 0.1162 -0.1388
vn 0.9866 0.0874 -0.1382
vn 0.9323 0.1451 -0.3313
vn 0.9316 0.1389 -0.3360
vn 0.9322 0.1211 -0.3411
vn 0.8468 0.1364 -0.5141
vn 0.8369 0.1366 -0.5301
vn 0.8273 0.1240 -0.5478
vn -0.8273 0.1240 -0.5478
vn -0.9322 0.1210 -0.3411
vn -0.9866 0.0874 -0.1382
vn -0.8369 0.1366 -0.5301
vn -0.9316 0.1389 -0.3360
vn -0.9835 0.1162 -0.1388
vn -0.8468 0.1364 -0.5141
vn -0.9323 0.1451 -0.3313
vn -0.9817 0.1318 -0.1376
vn 0.4348 0.0287 -0.9001
vn 0.2755 -0.0322 -0.9608
vn 0.1982 -0.0809 -0.9768
vn 0.4855 0.0427 -0.8732
vn 0.3315 -0.0191 -0.9433
vn 0.2497 -0.0687 -0.9659
vn 0.5418 0.0319 -0.8399
vn 0.4000 -0.0395 -0.9157
vn 0.3154 -0.0985 -0.9438
vn -0.3154 -0.0985 -0.9438
vn -0.2497 -0.0687 -0.9659
vn -0.1982 -0.0809 -0.9768
vn -0.4000 -0.0395 -0.9157
vn -0.3315 -0.0191 -0.9433
vn -0.2755 -0.0322 -0.9608
vn -0.5418 0.0319 -0.8399
vn -0.4855 0.0427 -0.8732
vn -0.4348 0.0287 -0.9001
vn 0.3267 -0.0812 -0.9416
vn 0.2717 -0.1927 -0.9429
vn 0.2261 -0.3464 -0.9104
vn 0.1688 -0.1506 -0.9741
vn 0.1208 -0.2567 -0.9589
vn 0.0936 -0.4039 -0.9100
vn 0.1052 -0.2089 -0.9723
vn 0.0628 -0.3136 -0.9475
vn 0.0377 -0.4536 -0.8904
vn -0.0377 -0.4536 -0.8904
vn -0.0936 -0.4039 -0.9100
vn -0.2261 -0.3464 -0.9104
vn -0.0628 -0.3136 -0.9475
vn -0.1208 -0.2567 -0.9589
vn -0.2717 -0.1927 -0.9429
vn -0.1052 -0.2089 -0.9723
vn -0.1688 -0.1506 -0.9741
vn -0.3267 -0.0812 -0.9416
vn 0.8521 -0.0950 -0.5148
vn 0.7767 -0.0805 -0.6248
vn 0.6915 -0.0468 -0.7209
vn 0.7988 -0.2669 -0.5391
vn 0.7056 -0.2291 -0.6705
vn 0.5964 -0.1677 -0.7850
vn 0.7068 -0.4335 -0.5591
vn 0.6157 -0.3677 -0.6969
vn 0.5090 -0.2759 -0.8153
vn -0.5090 -0.2759 -0.8153
vn -0.5964 -0.1677 -0.7850
vn -0.6915 -0.0468 -0.7209
vn -0.6157 -0.3677 -0.6969
vn -0.7056 -0.2291 -0.6705
vn -0.7767 -0.0805 -0.6248
vn -0.7068 -0.4335 -0.5591
vn -0.7988 -0.2669 -0.5391
vn -0.8521 -0.0950 -0.5148
vn 0.9797 0.1769 -0.0939
vn 0.9811 0.1556 -0.1150
vn 0.9811 0.1442 -0.1290
vn 0.9505 0.1615 -0.2654
vn 0.9443 0.1449 -0.2954
vn 0.9384 0.1400 -0.3160
vn 0.9136 0.1223 -0.3878
vn 0.8933 0.1116 -0.4355
vn 0.8738 0.1143 -0.4726
vn -0.8738 0.1143 -0.4726
vn -0.9384 0.1400 -0.3160
vn -0.9811 0.1442 -0.1290
vn -0.8933 0.1116 -0.4355
vn -0.9443 0.1449 -0.2954
vn -0.9811 0.1556 -0.1150
vn -0.9136 0.1223 -0.3878
vn -0.9505 0.1615 -0.2654
vn -0.9797 0.1769 -0.0939
vn 0.9563 0.2820 0.0775
vn 0.9823 0.1757 0.0651
vn 0.9883 -0.0692 0.1355
vn 0.9569 0.2692 0.1093
vn 0.9763 0.1646 0.1403
vn 0.9646 -0.0748 0.2527
vn 0.9539 0.2668 0.1373
vn 0.9632 0.1725 0.2063
vn 0.9311 -0.0582 0.3600
vn -0.9311 -0.0582 0.3600
vn -0.9646 -0.0748 0.2527
vn -0.9883 -0.0692 0.1355
vn -0.9632 0.1725 0.2063
vn -0.9763 0.1646 0.1403
vn -0.9823 0.1757 0.0651
vn -0.9539 0.2668 0.1373
vn -0.9569 0.2692 0.1093
vn -0.9563 0.2820 0.0775
vn 0.9667 0.2528 -0.0391
vn 0.9560 0.2251 -0.1881
vn 0.9464 0.1624 -0.2792
vn 0.9580 0.2866 -0.0118
vn 0.9604 0.2393 -0.1428
vn 0.9675 0.1337 -0.2145
vn 0.9526 0.3039 0.0165
vn 0.9696 0.2298 -0.0843
vn 0.9922 0.0470 -0.1151
vn -0.9922 0.0470 -0.1151
vn -0.9675 0.1337 -0.2145
vn -0.9464 0.1624 -0.2792
vn -0.9696 0.2298 -0.0843
vn -0.9604 0.2393 -0.1428
vn -0.9560 0.2251 -0.1881
vn -0.9526 0.3039 0.0165
vn -0.9580 0.2866 -0.0118
vn -0.9667 0.2528 -0.0391
vn 0.7838 -0.5969 0.1714
vn 0.9657 -0.1928 0.1738
vn 0.9763 0.1376 0.1669
vn 0.7610 -0.6347 0.1345
vn 0.9446 -0.2523 0.2101
vn 0.9644 0.0678 0.2555
vn 0.7039 -0.6794 0.2073
vn 0.8549 -0.3654 0.3682
vn 0.8818 -0.1026 0.4604
vn -0.8818 -0.1026 0.4604
vn -0.9644 0.0678 0.2555
vn -0.9763 0.1376 0.1669
vn -0.8549 -0.3654 0.3682
vn -0.9446 -0.2523 0.2101
vn -0.9657 -0.1928 0.1738
vn -0.7039 -0.6794 0.2073
vn -0.7610 -0.6347 0.1345
vn -0.7838 -0.5969 0.1714
vn 0.3806 -0.9158 0.1286
vn 0.3778 -0.9259 0.0078
vn 0.3815 -0.9240 -0.0251
vn 0.3263 -0.9396 0.1038
vn 0.3201 -0.9469 -0.0297
vn 0.3265 -0.9445 -0.0374
vn 0.3227 -0.9433 0.0778
vn 0.3144 -0.9480 -0.0505
vn 0.3222 -0.9464 -0.0223
vn -0.3222 -0.9464 -0.0223
vn -0.3265 -0.9445 -0.0374
vn -0.3815 -0.9240 -0.0251
vn -0.3144 -0.9480 -0.0505
vn -0.3201 -0.9469 -0.0297
vn -0.3778 -0.9259 0.0078
vn -0.3227 -0.9433 0.0778
vn -0.3263 -0.9396 0.1038
vn -0.3806 -0.9158 0.1286
vn 0.1614 -0.3662 -0.9164
vn 0.2793 -0.3682 -0.8868
vn 0.3547 -0.3731 -0.8573
vn 0.1574 -0.4952 -0.8544
vn 0.2731 -0.4911 -0.8272
vn 0.3489 -0.4906 -0.7985
vn 0.1522 -0.6190 -0.7705
vn 0.2673 -0.6118 -0.7445
vn 0.3479 -0.6084 -0.7133
vn -0.3479 -0.6084 -0.7133
vn -0.3489 -0.4906 -0.7985
vn -0.3547 -0.3731 -0.8573
vn -0.2673 -0.6118 -0.7445
vn -0.2731 -0.4911 -0.8272
vn -0.2793 -0.3682 -0.8868
vn -0.1522 -0.6190 -0.7705
vn -0.1574 -0.4952 -0.8544
vn -0.1614 -0.3662 -0.9164
vn 0.1443 -0.8007 -0.5814
vn 0.2625 -0.7880 -0.5570
vn 0.3594 -0.7727 -0.5232
vn 0.1406 -0.8632 -0.4848
vn 0.2598 -0.8477 -0.4626
vn 0.3622 -0.8264 -0.4312
vn 0.1369 -0.9107 -0.3896
vn 0.2560 -0.8931 -0.3698
vn 0.3618 -0.8677 -0.3409
vn -0.3618 -0.8677 -0.3409
vn -0.3622 -0.8264 -0.4312
vn -0.3594 -0.7727 -0.5232
vn -0.2560 -0.8931 -0.3698
vn -0.2598 -0.8477 -0.4626
vn -0.2625 -0.7880 -0.5570
vn -0.1369 -0.9107 -0.3896
vn -0.1406 -0.8632 -0.4848
vn -0.1443 -0.8007 -0.5814
vn 0.1350 -0.9631 -0.2327
vn 0.2581 -0.9422 -0.2136
vn 0.3717 -0.9101 -0.1829
vn 0.1398 -0.9720 -0.1887
vn 0.2705 -0.9481 -0.1674
vn 0.3921 -0.9104 -0.1322
vn 0.1470 -0.9752 -0.1653
vn 0.2876 -0.9472 -0.1419
vn 0.4223 -0.9010 -0.0994
vn -0.4223 -0.9010 -0.0994
vn -0.3921 -0.9104 -0.1322
vn -0.3717 -0.9101 -0.1829
vn -0.2876 -0.9472 -0.1419
vn -0.2705 -0.9481 -0.1674
vn -0.2581 -0.9422 -0.2136
vn -0.1470 -0.9752 -0.1653
vn -0.1398 -0.9720 -0.1887
vn -0.1350 -0.9631 -0.2327
vn 0.1561 -0.9686 -0.1936
vn 0.3097 -0.9353 -0.1715
vn 0.4662 -0.8749 -0.1310
vn 0.1538 -0.9490 -0.2752
vn 0.3082 -0.9176 -0.2510
vn 0.4697 -0.8573 -0.2108
vn 0.1448 -0.8924 -0.4274
vn 0.2978 -0.8683 -0.3966
vn 0.4656 -0.8117 -0.3527
vn -0.4657 -0.8117 -0.3527
vn -0.4697 -0.8573 -0.2108
vn -0.4662 -0.8749 -0.1310
vn -0.2978 -0.8683 -0.3966
vn -0.3082 -0.9176 -0.2510
vn -0.3097 -0.9353 -0.1715
vn -0.1448 -0.8924 -0.4274
vn -0.1538 -0.9490 -0.2752
vn -0.1561 -0.9686 -0.1936
vn 0.9475 -0.1188 -0.2968
vn 0.9051 -0.3247 -0.2747
vn 0.8045 -0.5298 -0.2685
vn 0.9611 -0.2147 -0.1738
vn 0.9016 -0.4133 -0.1276
vn 0.7930 -0.5982 -0.1157
vn 0.9297 -0.3668 -0.0332
vn 0.8545 -0.5194 0.0079
vn 0.7577 -0.6526 -0.0008
vn -0.7577 -0.6526 -0.0008
vn -0.7930 -0.5982 -0.1157
vn -0.8045 -0.5298 -0.2685
vn -0.8545 -0.5194 0.0079
vn -0.9016 -0.4133 -0.1276
vn -0.9051 -0.3247 -0.2747
vn -0.9297 -0.3668 -0.0332
vn -0.9611 -0.2147 -0.1738
vn -0.9475 -0.1188 -0.2968
vn 0.8815 -0.4609 0.1024
vn 0.8080 -0.5739 0.1330
vn 0.7320 -0.6632 0.1561
vn 0.9029 -0.4048 0.1449
vn 0.8349 -0.5227 0.1727
vn 0.7569 -0.6237 0.1954
vn 0.9241 -0.3504 0.1523
vn 0.8628 -0.4745 0.1742
vn 0.7837 -0.5896 0.1953
vn -0.7837 -0.5896 0.1953
vn -0.7569 -0.6237 0.1954
vn -0.7320 -0.6632 0.1561
vn -0.8628 -0.4745 0.1742
vn -0.8349 -0.5227 0.1727
vn -0.8080 -0.5739 0.1330
vn -0.9241 -0.3504 0.1523
vn -0.9029 -0.4048 0.1449
vn -0.8815 -0.4609 0.1024
vn 0.1611 0.1425 -0.9766
vn 0.2820 0.1188 -0.9520
vn 0.3641 0.0877 -0.9272
vn 0.1599 -0.0081 -0.9871
vn 0.2792 -0.0310 -0.9597
vn 0.3592 -0.0610 -0.9313
vn 0.1609 -0.1349 -0.9777
vn 0.2799 -0.1541 -0.9476
vn 0.3580 -0.1794 -0.9163
vn -0.3580 -0.1794 -0.9163
vn -0.3592 -0.0610 -0.9313
vn -0.3641 0.0877 -0.9272
vn -0.2799 -0.1541 -0.9476
vn -0.2792 -0.0310 -0.9597
vn -0.2820 0.1188 -0.9520
vn -0.1609 -0.1349 -0.9777
vn -0.1599 -0.0081 -0.9871
vn -0.1611 0.1425 -0.9766
vn 0.0726 0.9040 0.4213
vn 0.1552 0.8922 0.4241
vn 0.2582 0.8692 0.4216
vn 0.0654 0.9608 0.2696
vn 0.1419 0.9516 0.2725
vn 0.2404 0.9317 0.2723
vn 0.0608 0.9896 0.1303
vn 0.1327 0.9822 0.1330
vn 0.2262 0.9648 0.1341
vn -0.2262 0.9648 0.1341
vn -0.2404 0.9317 0.2723
vn -0.2582 0.8692 0.4216
vn -0.1327 0.9822 0.1330
vn -0.1419 0.9516 0.2725
vn -0.1552 0.8922 0.4241
vn -0.0608 0.9896 0.1303
vn -0.0654 0.9608 0.2696
vn -0.0726 0.9040 0.4213
vn 0.0615 0.9921 -0.1096
vn 0.1304 0.9853 -0.1105
vn 0.2157 0.9700 -0.1123
vn 0.0703 0.9682 -0.2402
vn 0.1430 0.9587 -0.2459
vn 0.2246 0.9409 -0.2535
vn 0.0871 0.9192 -0.3839
vn 0.1683 0.9040 -0.3931
vn 0.2471 0.8801 -0.4055
vn -0.2471 0.8801 -0.4055
vn -0.2246 0.9409 -0.2535
vn -0.2157 0.9700 -0.1123
vn -0.1683 0.9040 -0.3931
vn -0.1430 0.9587 -0.2459
vn -0.1304 0.9853 -0.1105
vn -0.0871 0.9192 -0.3839
vn -0.0703 0.9682 -0.2402
vn -0.0615 0.9921 -0.1096
vn 0.1325 0.7381 -0.6615
vn 0.2378 0.7112 -0.6615
vn 0.3156 0.6764 -0.6655
vn 0.1501 0.6195 -0.7705
vn 0.2651 0.5920 -0.7611
vn 0.3451 0.5572 -0.7552
vn 0.1602 0.4800 -0.8625
vn 0.2812 0.4544 -0.8453
vn 0.3637 0.4217 -0.8306
vn -0.3637 0.4217 -0.8306
vn -0.3451 0.5572 -0.7552
vn -0.3156 0.6764 -0.6655
vn -0.2812 0.4544 -0.8453
vn -0.2651 0.5920 -0.7611
vn -0.2378 0.7112 -0.6615
vn -0.1602 0.4800 -0.8625
vn -0.1501 0.6195 -0.7705
vn -0.1325 0.7381 -0.6615
vn 0.4350 0.8919 -0.1234
vn 0.5354 0.8303 -0.1550
vn 0.6848 0.7046 -0.1862
vn 0.4722 0.8813 0.0170
vn 0.5666 0.8237 -0.0198
vn 0.7049 0.7071 -0.0562
vn 0.5050 0.8389 0.2031
vn 0.5896 0.7913 0.1618
vn 0.7222 0.6824 0.1131
vn -0.7222 0.6824 0.1131
vn -0.7049 0.7071 -0.0562
vn -0.6848 0.7046 -0.1862
vn -0.5896 0.7913 0.1618
vn -0.5666 0.8237 -0.0198
vn -0.5354 0.8303 -0.1550
vn -0.5050 0.8389 0.2031
vn -0.4722 0.8813 0.0170
vn -0.4350 0.8919 -0.1234
vn 0.5239 0.6848 0.5066
vn 0.5781 0.6639 0.4744
vn 0.7106 0.5700 0.4124
vn 0.5383 0.6469 0.5401
vn 0.5793 0.6318 0.5151
vn 0.7036 0.5436 0.4576
vn 0.5680 0.6464 0.5095
vn 0.6021 0.6312 0.4889
vn 0.7147 0.5457 0.4375
vn -0.7147 0.5457 0.4375
vn -0.7036 0.5436 0.4576
vn -0.7106 0.5700 0.4124
vn -0.6021 0.6312 0.4889
vn -0.5793 0.6318 0.5151
vn -0.5781 0.6639 0.4744
vn -0.5680 0.6464 0.5095
vn -0.5383 0.6469 0.5401
vn -0.5239 0.6848 0.5066
vn 0.6456 0.7026 0.2992
vn 0.6849 0.6711 0.2839
vn 0.7768 0.5792 0.2473
vn 0.6701 0.7208 0.1771
vn 0.7157 0.6786 0.1648
vn 0.8025 0.5806 0.1372
vn 0.6847 0.7258 0.0666
vn 0.7362 0.6743 0.0584
vn 0.8204 0.5703 0.0413
vn -0.8204 0.5703 0.0413
vn -0.8025 0.5806 0.1372
vn -0.7768 0.5792 0.2473
vn -0.7362 0.6743 0.0584
vn -0.7157 0.6786 0.1648
vn -0.6849 0.6711 0.2839
vn -0.6847 0.7258 0.0666
vn -0.6701 0.7208 0.1771
vn -0.6456 0.7026 0.2992
vn 0.6973 0.7034 -0.1380
vn 0.7578 0.6392 -0.1311
vn 0.8401 0.5289 -0.1207
vn 0.6931 0.6695 -0.2671
vn 0.7580 0.6034 -0.2476
vn 0.8393 0.4975 -0.2191
vn 0.6771 0.6060 -0.4174
vn 0.7468 0.5421 -0.3852
vn 0.8253 0.4530 -0.3371
vn -0.8253 0.4530 -0.3371
vn -0.8393 0.4975 -0.2191
vn -0.8401 0.5289 -0.1207
vn -0.7468 0.5421 -0.3852
vn -0.7580 0.6034 -0.2476
vn -0.7578 0.6392 -0.1311
vn -0.6771 0.6060 -0.4174
vn -0.6931 0.6695 -0.2671
vn -0.6973 0.7034 -0.1380
vn 0.7452 0.0833 -0.6617
vn 0.6752 0.0909 -0.7320
vn 0.6203 0.1258 -0.7742
vn 0.7792 0.1732 -0.6024
vn 0.6943 0.2079 -0.6890
vn 0.6247 0.2553 -0.7379
vn 0.7924 0.2690 -0.5474
vn 0.7086 0.3258 -0.6259
vn 0.6326 0.3821 -0.6737
vn -0.6326 0.3821 -0.6737
vn -0.6247 0.2553 -0.7379
vn -0.6203 0.1258 -0.7742
vn -0.7086 0.3258 -0.6259
vn -0.6943 0.2079 -0.6890
vn -0.6752 0.0909 -0.7320
vn -0.7924 0.2690 -0.5474
vn -0.7792 0.1732 -0.6024
vn -0.7452 0.0833 -0.6617
vn 0.4560 0.3419 -0.8217
vn 0.4352 0.4772 -0.7634
vn 0.4147 0.5971 -0.6866
vn 0.4959 0.2897 -0.8186
vn 0.4754 0.4266 -0.7694
vn 0.4610 0.5490 -0.6972
vn 0.5371 0.2316 -0.8111
vn 0.5202 0.3692 -0.7701
vn 0.5125 0.4948 -0.7018
vn -0.5125 0.4948 -0.7018
vn -0.4610 0.5490 -0.6972
vn -0.4147 0.5971 -0.6866
vn -0.5202 0.3692 -0.7701
vn -0.4754 0.4266 -0.7694
vn -0.4352 0.4772 -0.7634
vn -0.5371 0.2316 -0.8111
vn -0.4959 0.2897 -0.8186
vn -0.4560 0.3419 -0.8217
vn 0.4137 0.8041 -0.4270
vn 0.4298 0.8627 -0.2664
vn 0.4482 0.8859 -0.1196
vn 0.4947 0.7535 -0.4330
vn 0.5267 0.8060 -0.2702
vn 0.5532 0.8236 -0.1251
vn 0.5644 0.7016 -0.4350
vn 0.5997 0.7524 -0.2726
vn 0.6245 0.7699 -0.1310
vn -0.6245 0.7699 -0.1310
vn -0.5532 0.8236 -0.1251
vn -0.4482 0.8859 -0.1196
vn -0.5997 0.7524 -0.2726
vn -0.5267 0.8060 -0.2702
vn -0.4298 0.8627 -0.2664
vn -0.5644 0.7016 -0.4350
vn -0.4947 0.7535 -0.4330
vn -0.4137 0.8041 -0.4270
vn 0.4830 0.8679 0.1158
vn 0.5026 0.8306 0.2399
vn 0.5209 0.7684 0.3717
vn 0.5885 0.8025 0.0983
vn 0.6045 0.7675 0.2132
vn 0.6172 0.7121 0.3348
vn 0.6498 0.7556 0.0828
vn 0.6585 0.7276 0.1923
vn 0.6622 0.6826 0.3093
vn -0.6622 0.6826 0.3093
vn -0.6172 0.7121 0.3348
vn -0.5209 0.7684 0.3717
vn -0.6585 0.7276 0.1923
vn -0.6045 0.7675 0.2132
vn -0.5026 0.8306 0.2399
vn -0.6498 0.7556 0.0828
vn -0.5885 0.8025 0.0983
vn -0.4830 0.8679 0.1158
vn 0.5338 0.6164 0.5789
vn 0.5241 0.5900 0.6142
vn 0.5014 0.6207 0.6028
vn 0.6146 0.5847 0.5296
vn 0.5981 0.5706 0.5627
vn 0.5706 0.6119 0.5477
vn 0.6414 0.5802 0.5020
vn 0.6203 0.5745 0.5340
vn 0.5926 0.6199 0.5143
vn -0.5926 0.6199 0.5143
vn -0.5706 0.6119 0.5477
vn -0.5014 0.6207 0.6028
vn -0.6203 0.5745 0.5340
vn -0.5981 0.5706 0.5627
vn -0.5241 0.5900 0.6142
vn -0.6414 0.5802 0.5020
vn -0.6146 0.5847 0.5296
vn -0.5338 0.6164 0.5789
vn 0.1979 0.9567 -0.2133
vn 0.3034 0.9413 -0.1484
vn 0.3654 0.9232 -0.1188
vn 0.2640 0.9628 0.0574
vn 0.3558 0.9333 0.0487
vn 0.4137 0.9094 0.0432
vn 0.3685 0.8690 0.3303
vn 0.4426 0.8529 0.2769
vn 0.4848 0.8403 0.2426
vn -0.4848 0.8403 0.2426
vn -0.4137 0.9094 0.0432
vn -0.3654 0.9232 -0.1188
vn -0.4426 0.8529 0.2769
vn -0.3558 0.9333 0.0487
vn -0.3034 0.9413 -0.1484
vn -0.3685 0.8690 0.3303
vn -0.2640 0.9628 0.0574
vn -0.1979 0.9567 -0.2133
vn 0.1148 0.6649 0.7381
vn 0.2100 0.6530 0.7276
vn 0.3012 0.6432 0.7040
vn 0.1051 0.6831 0.7227
vn 0.2027 0.6654 0.7185
vn 0.3030 0.6435 0.7029
vn 0.0933 0.7366 0.6699
vn 0.1881 0.7190 0.6691
vn 0.2932 0.6929 0.6588
vn -0.2932 0.6929 0.6588
vn -0.3030 0.6435 0.7029
vn -0.3012 0.6432 0.7040
vn -0.1881 0.7190 0.6691
vn -0.2027 0.6654 0.7185
vn -0.2100 0.6530 0.7276
vn -0.0933 0.7366 0.6699
vn -0.1051 0.6831 0.7227
vn -0.1148 0.6649 0.7381
vn -0.3402 0.4216 -0.8405
vn -0.3436 0.3244 -0.8813
vn -0.3556 0.3577 -0.8635
vn -0.2246 0.4093 -0.8843
vn -0.2123 0.3245 -0.9218
vn -0.2193 0.3789 -0.8991
vn -0.1076 0.4651 -0.8787
vn -0.0789 0.3917 -0.9167
vn -0.0755 0.4375 -0.8960
vn 0.0755 0.4375 -0.8960
vn 0.2193 0.3789 -0.8991
vn 0.3556 0.3577 -0.8635
vn 0.0789 0.3917 -0.9167
vn 0.2123 0.3245 -0.9218
vn 0.3436 0.3244 -0.8813
vn 0.1076 0.4651 -0.8787
vn 0.2246 0.4093 -0.8843
vn 0.3402 0.4216 -0.8405
vn -0.1614 0.9787 0.1266
vn -0.1276 0.9858 -0.1091
vn -0.0645 0.9662 -0.2498
vn 0.0198 0.8329 0.5531
vn 0.0421 0.9216 0.3858
vn 0.0782 0.9739 0.2132
vn 0.0968 0.7255 0.6814
vn 0.1496 0.7834 0.6033
vn 0.2047 0.8375 0.5067
vn -0.2047 0.8375 0.5067
vn -0.0782 0.9739 0.2132
vn 0.0645 0.9662 -0.2498
vn -0.1496 0.7834 0.6033
vn -0.0421 0.9216 0.3858
vn 0.1276 0.9858 -0.1091
vn -0.0968 0.7255 0.6814
vn -0.0198 0.8329 0.5531
vn 0.1614 0.9787 0.1266
vn -0.1013 0.5909 0.8004
vn -0.1018 0.6944 0.7124
vn -0.2052 0.7320 0.6497
vn -0.2467 0.8032 0.5423
vn -0.0767 0.6330 0.7703
vn -0.0135 0.5762 0.8172
vn -0.0458 0.5524 0.8323
vn 0.1013 0.5909 0.8004
vn 0.0135 0.5762 0.8172
vn 0.0767 0.6330 0.7703
vn 0.2467 0.8032 0.5423
vn 0.2052 0.7320 0.6497
vn 0.1018 0.6944 0.7124
vn 0.0458 0.5524 0.8323
vn 0.9428 0.3088 -0.1259
vn 0.9949 0.0882 -0.0494
vn 0.9924 -0.1217 0.0183
vn 0.9385 0.3448 -0.0182
vn 0.9900 0.1363 0.0370
vn 0.9942 -0.0672 0.0842
vn 0.9321 0.3497 0.0941
vn 0.9798 0.1653 0.1127
vn 0.9915 -0.0198 0.1286
vn -0.9915 -0.0198 0.1286
vn -0.9942 -0.0672 0.0842
vn -0.9924 -0.1217 0.0183
vn -0.9798 0.1653 0.1127
vn -0.9900 0.1363 0.0370
vn -0.9949 0.0882 -0.0494
vn -0.9321 0.3497 0.0941
vn -0.9385 0.3448 -0.0182
vn -0.9428 0.3088 -0.1259
vn 0.9861 0.0205 0.1648
vn 0.9878 0.0260 0.1533
vn 0.9920 0.0342 0.1217
vn 0.9643 0.1492 0.2186
vn 0.9639 0.1410 0.2257
vn 0.9689 0.1481 0.1983
vn 0.9211 0.2774 0.2731
vn 0.9192 0.2579 0.2975
vn 0.9248 0.2627 0.2753
vn -0.9248 0.2627 0.2753
vn -0.9689 0.1481 0.1983
vn -0.9920 0.0342 0.1217
vn -0.9192 0.2579 0.2975
vn -0.9639 0.1410 0.2257
vn -0.9878 0.0260 0.1533
vn -0.9211 0.2774 0.2731
vn -0.9643 0.1492 0.2186
vn -0.9861 0.0205 0.1648
vn 0.9944 0.0983 0.0395
vn 0.9886 0.1495 -0.0157
vn 0.9806 0.1873 -0.0570
vn 0.9776 0.1992 0.0685
vn 0.9757 0.2191 -0.0003
vn 0.9727 0.2251 -0.0558
vn 0.9449 0.3039 0.1219
vn 0.9501 0.3093 0.0396
vn 0.9534 0.3005 -0.0262
vn -0.9534 0.3005 -0.0262
vn -0.9727 0.2251 -0.0558
vn -0.9806 0.1873 -0.0570
vn -0.9501 0.3093 0.0396
vn -0.9757 0.2191 -0.0003
vn -0.9886 0.1495 -0.0157
vn -0.9449 0.3039 0.1219
vn -0.9776 0.1992 0.0685
vn -0.9944 0.0983 0.0395
vn 0.8969 0.1777 -0.4049
vn 0.9272 0.1676 -0.3349
vn 0.9288 0.2214 -0.2971
vn 0.9330 0.2296 -0.2770
vn 0.9560 0.1878 -0.2253
vn 0.9506 0.2392 -0.1977
vn 0.9531 0.2454 -0.1770
vn 0.9672 0.2064 -0.1483
vn 0.9575 0.2599 -0.1248
vn -0.9575 0.2599 -0.1248
vn -0.9506 0.2392 -0.1977
vn -0.9288 0.2214 -0.2971
vn -0.9672 0.2064 -0.1483
vn -0.9560 0.1878 -0.2253
vn -0.9272 0.1676 -0.3349
vn -0.9531 0.2454 -0.1770
vn -0.9330 0.2296 -0.2770
vn -0.8969 0.1777 -0.4049
vn 0.6242 -0.7813 0.0086
vn 0.5886 -0.8074 -0.0413
vn 0.5647 -0.8189 -0.1030
vn 0.6515 -0.7571 0.0486
vn 0.6250 -0.7806 -0.0076
vn 0.6069 -0.7911 -0.0761
vn 0.6291 -0.7737 0.0748
vn 0.6094 -0.7928 0.0105
vn 0.5981 -0.7986 -0.0672
vn -0.5981 -0.7986 -0.0672
vn -0.6069 -0.7911 -0.0761
vn -0.5647 -0.8189 -0.1030
vn -0.6094 -0.7928 0.0105
vn -0.6250 -0.7806 -0.0076
vn -0.5886 -0.8074 -0.0413
vn -0.6291 -0.7737 0.0748
vn -0.6515 -0.7571 0.0486
vn -0.6242 -0.7813 0.0086
vn 0.5011 -0.8552 0.1322
vn 0.4672 -0.8774 0.1087
vn 0.4895 -0.8669 0.0939
vn 0.4421 -0.8937 0.0764
vn 0.4369 -0.8985 0.0424
vn 0.4757 -0.8793 0.0230
vn 0.3636 -0.9316 0.0045
vn 0.4003 -0.9150 -0.0504
vn 0.4627 -0.8837 -0.0706
vn -0.4627 -0.8837 -0.0706
vn -0.4757 -0.8793 0.0230
vn -0.4895 -0.8669 0.0939
vn -0.4003 -0.9150 -0.0504
vn -0.4369 -0.8985 0.0424
vn -0.4672 -0.8774 0.1087
vn -0.3636 -0.9316 0.0045
vn -0.4421 -0.8937 0.0764
vn -0.5011 -0.8552 0.1322
vn 0.5723 -0.8038 0.1622
vn 0.5130 -0.8437 0.1583
vn 0.4824 -0.8599 0.1671
vn 0.5725 -0.7961 0.1960
vn 0.5148 -0.8366 0.1873
vn 0.4974 -0.8470 0.1875
vn 0.5646 -0.8019 0.1952
vn 0.5064 -0.8424 0.1841
vn 0.5029 -0.8451 0.1814
vn -0.5029 -0.8451 0.1814
vn -0.4974 -0.8470 0.1875
vn -0.4824 -0.8599 0.1671
vn -0.5064 -0.8424 0.1841
vn -0.5148 -0.8366 0.1873
vn -0.5130 -0.8437 0.1583
vn -0.5646 -0.8019 0.1952
vn -0.5725 -0.7961 0.1960
vn -0.5723 -0.8038 0.1622
vn 0.5262 -0.8129 0.2496
vn 0.5887 -0.7400 0.3253
vn 0.6790 -0.6097 0.4090
vn 0.5668 -0.7922 0.2263
vn 0.6333 -0.7242 0.2728
vn 0.7282 -0.6026 0.3264
vn 0.6022 -0.7707 0.2081
vn 0.6709 -0.7023 0.2381
vn 0.7658 -0.5878 0.2608
vn -0.7658 -0.5878 0.2608
vn -0.7282 -0.6026 0.3264
vn -0.6790 -0.6097 0.4090
vn -0.6709 -0.7023 0.2381
vn -0.6333 -0.7242 0.2728
vn -0.5887 -0.7400 0.3253
vn -0.6022 -0.7707 0.2081
vn -0.5668 -0.7922 0.2263
vn -0.5262 -0.8129 0.2496
vn 0.7214 -0.6714 0.1696
vn 0.7639 -0.6230 0.1683
vn 0.7455 -0.6494 0.1502
vn 0.7090 -0.6963 0.1119
vn 0.7029 -0.6964 0.1450
vn 0.6781 -0.7144 0.1727
vn 0.7157 -0.6723 0.1893
vn -0.7214 -0.6714 0.1696
vn -0.6781 -0.7144 0.1727
vn -0.7029 -0.6964 0.1450
vn -0.7090 -0.6963 0.1119
vn -0.7455 -0.6494 0.1502
vn -0.7639 -0.6230 0.1683
vn -0.7157 -0.6723 0.1893
vn 0.4739 -0.7091 0.5222
vn 0.4353 -0.8262 0.3578
vn 0.4310 -0.8237 0.3685
vn 0.4861 -0.7945 0.3640
vn 0.5387 -0.6373 0.5510
vn 0.5649 -0.5574 0.6084
vn 0.4879 -0.7091 0.5090
vn -0.4739 -0.7091 0.5222
vn -0.5649 -0.5574 0.6084
vn -0.5387 -0.6373 0.5510
vn -0.4861 -0.7945 0.3640
vn -0.4310 -0.8237 0.3685
vn -0.4353 -0.8262 0.3578
vn -0.4879 -0.7091 0.5090
vn 0.6261 -0.1626 -0.7626
vn 0.5522 -0.3032 -0.7766
vn 0.4678 -0.4543 -0.7582
vn 0.6018 -0.1725 -0.7798
vn 0.5488 -0.3132 -0.7751
vn 0.4883 -0.4627 -0.7399
vn 0.5803 -0.1595 -0.7986
vn 0.5463 -0.3045 -0.7803
vn 0.5153 -0.4510 -0.7287
vn -0.5153 -0.4510 -0.7287
vn -0.4883 -0.4627 -0.7399
vn -0.4678 -0.4543 -0.7582
vn -0.5463 -0.3045 -0.7803
vn -0.5488 -0.3132 -0.7751
vn -0.5522 -0.3032 -0.7766
vn -0.5803 -0.1595 -0.7986
vn -0.6018 -0.1725 -0.7798
vn -0.6261 -0.1626 -0.7626
vn 0.4619 0.0115 -0.8868
vn 0.5047 -0.0367 -0.8625
vn 0.5404 -0.0871 -0.8369
vn 0.4570 -0.1313 -0.8797
vn 0.5037 -0.1788 -0.8452
vn 0.5376 -0.2324 -0.8105
vn 0.4564 -0.2373 -0.8575
vn 0.5124 -0.2845 -0.8103
vn 0.5529 -0.3519 -0.7553
vn -0.5529 -0.3519 -0.7552
vn -0.5376 -0.2324 -0.8105
vn -0.5404 -0.0871 -0.8369
vn -0.5124 -0.2845 -0.8103
vn -0.5037 -0.1788 -0.8452
vn -0.5047 -0.0367 -0.8625
vn -0.4564 -0.2373 -0.8575
vn -0.4570 -0.1313 -0.8797
vn -0.4619 0.0115 -0.8868
vn 0.2230 -0.9315 -0.2872
vn 0.3397 -0.8898 -0.3047
vn 0.4453 -0.8440 -0.2989
vn 0.2204 -0.8684 -0.4442
vn 0.3356 -0.8365 -0.4332
vn 0.4444 -0.7962 -0.4106
vn 0.2731 -0.7643 -0.5842
vn 0.3637 -0.7481 -0.5551
vn 0.4573 -0.7197 -0.5224
vn -0.4573 -0.7197 -0.5224
vn -0.4444 -0.7962 -0.4106
vn -0.4453 -0.8440 -0.2989
vn -0.3637 -0.7481 -0.5551
vn -0.3356 -0.8365 -0.4332
vn -0.3397 -0.8898 -0.3047
vn -0.2731 -0.7643 -0.5842
vn -0.2204 -0.8684 -0.4442
vn -0.2230 -0.9315 -0.2872
vn 0.5506 -0.7906 -0.2679
vn 0.5472 -0.7594 -0.3519
vn 0.5364 -0.7225 -0.4361
vn 0.6023 -0.7593 -0.2463
vn 0.6058 -0.7253 -0.3270
vn 0.6057 -0.6848 -0.4052
vn 0.6019 -0.7585 -0.2497
vn 0.6112 -0.7177 -0.3336
vn 0.6245 -0.6622 -0.4141
vn -0.6245 -0.6622 -0.4141
vn -0.6057 -0.6848 -0.4052
vn -0.5364 -0.7225 -0.4361
vn -0.6112 -0.7177 -0.3336
vn -0.6058 -0.7253 -0.3270
vn -0.5472 -0.7594 -0.3519
vn -0.6019 -0.7585 -0.2497
vn -0.6023 -0.7593 -0.2463
vn -0.5506 -0.7906 -0.2679
vn 0.5234 -0.4901 -0.6970
vn 0.4535 -0.3859 -0.8034
vn 0.5380 -0.4166 -0.7328
vn 0.6060 -0.4952 -0.6225
vn 0.5664 -0.5666 -0.5985
vn 0.4789 -0.6069 -0.6343
vn 0.4511 -0.4978 -0.7407
vn -0.5234 -0.4901 -0.6970
vn -0.4789 -0.6069 -0.6343
vn -0.5664 -0.5666 -0.5985
vn -0.6060 -0.4952 -0.6225
vn -0.5380 -0.4166 -0.7328
vn -0.4535 -0.3859 -0.8034
vn -0.4511 -0.4978 -0.7407
vn -0.0352 0.8610 0.5075
vn -0.1175 0.8508 0.5122
vn -0.2067 0.8245 0.5267
vn 0.2787 0.5192 0.8079
vn 0.2113 0.5439 0.8121
vn 0.1297 0.5455 0.8280
vn 0.5019 0.0833 0.8609
vn 0.4756 0.1210 0.8713
vn 0.4278 0.1384 0.8932
vn -0.4278 0.1384 0.8932
vn -0.1297 0.5455 0.8280
vn 0.2067 0.8245 0.5267
vn -0.4756 0.1210 0.8713
vn -0.2113 0.5439 0.8121
vn 0.1175 0.8508 0.5122
vn -0.5019 0.0833 0.8609
vn -0.2787 0.5192 0.8079
vn 0.0352 0.8610 0.5075
vn 0.1330 0.8318 0.5389
vn 0.3721 0.4272 0.8240
vn 0.4953 0.0018 0.8687
vn 0.2429 0.7822 0.5738
vn 0.4076 0.3659 0.8366
vn 0.4701 -0.0284 0.8821
vn 0.3669 0.6954 0.6178
vn 0.4310 0.2979 0.8518
vn 0.4254 -0.0483 0.9037
vn -0.4254 -0.0483 0.9037
vn -0.4701 -0.0284 0.8821
vn -0.4953 0.0018 0.8687
vn -0.4310 0.2979 0.8518
vn -0.4076 0.3659 0.8366
vn -0.3721 0.4272 0.8240
vn -0.3669 0.6954 0.6178
vn -0.2429 0.7822 0.5738
vn -0.1330 0.8318 0.5389
vn 0.5496 0.4167 0.7241
vn 0.4103 0.1662 0.8967
vn 0.2678 -0.0468 0.9623
vn 0.5679 0.2784 0.7746
vn 0.3760 0.1099 0.9201
vn 0.1891 -0.0367 0.9813
vn 0.5612 0.1551 0.8130
vn 0.3454 0.0574 0.9367
vn 0.1324 -0.0285 0.9908
vn -0.1324 -0.0285 0.9908
vn -0.1891 -0.0367 0.9813
vn -0.2678 -0.0468 0.9623
vn -0.3454 0.0574 0.9367
vn -0.3760 0.1099 0.9201
vn -0.4103 0.1662 0.8967
vn -0.5612 0.1551 0.8130
vn -0.5679 0.2784 0.7746
vn -0.5496 0.4167 0.7241
vn 0.5447 -0.0566 0.8367
vn 0.3247 -0.0381 0.9451
vn 0.0886 -0.0148 0.9960
vn 0.5518 -0.1303 0.8238
vn 0.3365 -0.0585 0.9399
vn 0.0929 0.0196 0.9955
vn 0.5727 -0.1986 0.7953
vn 0.3682 -0.0681 0.9272
vn 0.1230 0.0727 0.9897
vn -0.1230 0.0727 0.9897
vn -0.0929 0.0196 0.9955
vn -0.0886 -0.0148 0.9960
vn -0.3682 -0.0681 0.9272
vn -0.3365 -0.0585 0.9399
vn -0.3247 -0.0381 0.9451
vn -0.5727 -0.1986 0.7953
vn -0.5518 -0.1303 0.8238
vn -0.5447 -0.0566 0.8367
vn 0.6164 -0.3800 0.6897
vn 0.4799 -0.1228 0.8687
vn 0.2775 0.1597 0.9473
vn 0.6145 -0.4855 0.6219
vn 0.5357 -0.1890 0.8230
vn 0.3796 0.1450 0.9137
vn 0.5926 -0.5812 0.5577
vn 0.5758 -0.2706 0.7715
vn 0.4762 0.0897 0.8747
vn -0.4762 0.0897 0.8747
vn -0.3796 0.1450 0.9137
vn -0.2775 0.1597 0.9473
vn -0.5758 -0.2706 0.7715
vn -0.5357 -0.1890 0.8230
vn -0.4799 -0.1228 0.8687
vn -0.5926 -0.5812 0.5577
vn -0.6145 -0.4855 0.6219
vn -0.6164 -0.3800 0.6897
vn 0.5050 -0.7187 0.4780
vn 0.5843 -0.4264 0.6905
vn 0.5889 -0.0767 0.8046
vn 0.4324 -0.7683 0.4720
vn 0.5378 -0.4830 0.6910
vn 0.5742 -0.1393 0.8068
vn 0.3321 -0.8044 0.4926
vn 0.4511 -0.5051 0.7358
vn 0.5048 -0.1458 0.8508
vn -0.5048 -0.1459 0.8508
vn -0.5742 -0.1393 0.8068
vn -0.5889 -0.0767 0.8046
vn -0.4511 -0.5051 0.7358
vn -0.5378 -0.4830 0.6910
vn -0.5843 -0.4264 0.6905
vn -0.3321 -0.8044 0.4926
vn -0.4324 -0.7683 0.4720
vn -0.5050 -0.7187 0.4780
vn 0.4038 0.5440 0.7355
vn 0.2655 0.7458 0.6110
vn 0.1322 0.8712 0.4728
vn 0.4623 0.4728 0.7501
vn 0.3516 0.6872 0.6357
vn 0.2334 0.8315 0.5042
vn 0.4381 0.4652 0.7692
vn 0.3508 0.6765 0.6476
vn 0.2519 0.8199 0.5140
vn -0.2519 0.8199 0.5140
vn -0.2334 0.8315 0.5042
vn -0.1322 0.8712 0.4728
vn -0.3508 0.6765 0.6476
vn -0.3516 0.6872 0.6357
vn -0.2655 0.7458 0.6110
vn -0.4381 0.4652 0.7692
vn -0.4624 0.4728 0.7501
vn -0.4038 0.5440 0.7355
vn -0.2312 0.6299 0.7414
vn -0.4310 0.7346 0.5240
vn -0.5635 0.7688 0.3025
vn -0.0631 0.6822 0.7284
vn -0.2518 0.8049 0.5373
vn -0.3888 0.8541 0.3455
vn 0.1081 0.6801 0.7251
vn -0.0702 0.8275 0.5570
vn -0.2103 0.8973 0.3880
vn 0.2103 0.8973 0.3880
vn 0.3888 0.8541 0.3455
vn 0.5635 0.7688 0.3025
vn 0.0702 0.8275 0.5570
vn 0.2518 0.8049 0.5373
vn 0.4310 0.7346 0.5240
vn -0.1081 0.6801 0.7251
vn 0.0631 0.6822 0.7284
vn 0.2312 0.6299 0.7414
vn -0.5139 0.0560 0.8560
vn -0.7851 0.0949 0.6121
vn -0.9429 0.1205 0.3105
vn -0.5285 0.2024 0.8245
vn -0.7831 0.2709 0.5598
vn -0.9178 0.3017 0.2583
vn -0.4879 0.3629 0.7939
vn -0.7210 0.4466 0.5299
vn -0.8456 0.4739 0.2456
vn 0.8456 0.4739 0.2456
vn 0.9178 0.3017 0.2583
vn 0.9429 0.1205 0.3105
vn 0.7210 0.4466 0.5299
vn 0.7831 0.2709 0.5598
vn 0.7851 0.0949 0.6121
vn 0.4879 0.3629 0.7939
vn 0.5285 0.2024 0.8245
vn 0.5139 0.0560 0.8560
vn -0.0181 -0.3698 0.9289
vn -0.1580 -0.4918 0.8563
vn -0.2929 -0.5971 0.7468
vn -0.2103 -0.2850 0.9352
vn -0.4108 -0.3836 0.8271
vn -0.5910 -0.4632 0.6604
vn -0.3592 -0.1806 0.9156
vn -0.6058 -0.2374 0.7593
vn -0.8020 -0.2754 0.5301
vn 0.8020 -0.2754 0.5301
vn 0.5910 -0.4632 0.6604
vn 0.2929 -0.5971 0.7468
vn 0.6059 -0.2374 0.7593
vn 0.4108 -0.3836 0.8271
vn 0.1580 -0.4918 0.8563
vn 0.3592 -0.1806 0.9156
vn 0.2103 -0.2850 0.9352
vn 0.0181 -0.3698 0.9289
vn 0.5147 -0.4286 0.7426
vn 0.4955 -0.5321 0.6866
vn 0.4711 -0.6108 0.6364
vn 0.4447 -0.4397 0.7803
vn 0.4144 -0.5472 0.7272
vn 0.3804 -0.6320 0.6752
vn 0.3417 -0.4412 0.8298
vn 0.2932 -0.5559 0.7778
vn 0.2425 -0.6505 0.7198
vn -0.2425 -0.6505 0.7198
vn -0.3804 -0.6320 0.6752
vn -0.4711 -0.6108 0.6364
vn -0.2932 -0.5559 0.7778
vn -0.4144 -0.5472 0.7272
vn -0.4955 -0.5321 0.6866
vn -0.3417 -0.4412 0.8298
vn -0.4447 -0.4397 0.7803
vn -0.5147 -0.4286 0.7426
vn 0.6107 -0.3788 0.6954
vn 0.6355 -0.3469 0.6898
vn 0.6369 -0.3237 0.6997
vn 0.6114 -0.4794 0.6296
vn 0.6488 -0.4459 0.6166
vn 0.6645 -0.4192 0.6187
vn 0.6026 -0.5515 0.5768
vn 0.6495 -0.5156 0.5588
vn 0.6768 -0.4857 0.5533
vn -0.6768 -0.4857 0.5533
vn -0.6645 -0.4192 0.6187
vn -0.6369 -0.3237 0.6997
vn -0.6495 -0.5156 0.5589
vn -0.6488 -0.4459 0.6166
vn -0.6355 -0.3469 0.6898
vn -0.6026 -0.5515 0.5768
vn -0.6114 -0.4794 0.6296
vn -0.6107 -0.3788 0.6954
vn 0.6987 -0.7072 0.1084
vn 0.6162 -0.7792 0.1151
vn 0.5149 -0.8369 0.1856
vn 0.7966 -0.6021 0.0542
vn 0.7357 -0.6688 0.1069
vn 0.6690 -0.6974 0.2571
vn 0.8699 -0.4932 -0.0031
vn 0.8411 -0.5327 0.0936
vn 0.8047 -0.5084 0.3066
vn -0.8047 -0.5084 0.3066
vn -0.6690 -0.6974 0.2571
vn -0.5149 -0.8369 0.1856
vn -0.8411 -0.5327 0.0936
vn -0.7357 -0.6688 0.1069
vn -0.6162 -0.7792 0.1151
vn -0.8699 -0.4932 -0.0031
vn -0.7966 -0.6021 0.0542
vn -0.6987 -0.7072 0.1084
vn 0.0683 -0.8155 0.5747
vn -0.0246 -0.7664 0.6419
vn 0.0457 -0.7908 0.6104
vn 0.2053 -0.3685 0.9067
vn 0.0767 -0.2809 0.9567
vn 0.1488 -0.3604 0.9208
vn 0.2918 0.1132 0.9498
vn 0.1462 0.1889 0.9711
vn 0.2084 0.0894 0.9739
vn -0.2084 0.0894 0.9739
vn -0.1488 -0.3604 0.9208
vn -0.0457 -0.7908 0.6104
vn -0.1462 0.1889 0.9711
vn -0.0767 -0.2809 0.9567
vn 0.0246 -0.7664 0.6419
vn -0.2918 0.1132 0.9498
vn -0.2053 -0.3685 0.9067
vn -0.0683 -0.8155 0.5747
vn 0.9619 -0.2635 0.0723
vn 0.9209 -0.3837 0.0688
vn 0.8636 -0.4952 0.0946
vn 0.9709 -0.2390 0.0133
vn 0.9387 -0.3445 -0.0121
vn 0.9026 -0.4304 -0.0003
vn 0.9714 -0.2353 -0.0324
vn 0.9428 -0.3240 -0.0784
vn 0.9190 -0.3852 -0.0839
vn -0.9190 -0.3852 -0.0839
vn -0.9026 -0.4304 -0.0003
vn -0.8636 -0.4952 0.0946
vn -0.9428 -0.3240 -0.0784
vn -0.9387 -0.3445 -0.0121
vn -0.9209 -0.3837 0.0688
vn -0.9714 -0.2353 -0.0324
vn -0.9709 -0.2390 0.0133
vn -0.9619 -0.2635 0.0723
vn 0.3640 0.6788 0.6377
vn 0.4449 0.2698 0.8540
vn 0.5256 -0.0692 0.8479
vn -0.2127 0.7629 0.6105
vn 0.1156 0.4065 0.9063
vn 0.3762 0.0144 0.9264
vn -0.3375 0.7545 0.5629
vn 0.0090 0.4752 0.8798
vn 0.3328 0.0803 0.9396
vn -0.3328 0.0803 0.9396
vn -0.3762 0.0144 0.9264
vn -0.5256 -0.0692 0.8479
vn -0.0090 0.4752 0.8798
vn -0.1156 0.4065 0.9063
vn -0.4449 0.2698 0.8540
vn 0.3375 0.7545 0.5629
vn 0.2127 0.7629 0.6105
vn -0.3640 0.6788 0.6377
vn 0.2073 0.6638 0.7186
vn 0.1674 0.8138 0.5565
vn 0.1173 0.9010 0.4176
vn 0.1813 0.7304 0.6585
vn 0.1570 0.8564 0.4919
vn 0.1218 0.9247 0.3608
vn 0.2928 0.7132 0.6369
vn 0.2516 0.8422 0.4770
vn 0.2220 0.9074 0.3568
vn -0.2220 0.9074 0.3568
vn -0.1218 0.9247 0.3608
vn -0.1173 0.9010 0.4176
vn -0.2516 0.8422 0.4770
vn -0.1570 0.8564 0.4919
vn -0.1674 0.8138 0.5565
vn -0.2928 0.7132 0.6369
vn -0.1813 0.7304 0.6585
vn -0.2073 0.6638 0.7186
vn 0.7051 0.0461 0.7076
vn 0.7119 0.1047 0.6944
vn 0.7846 0.0593 0.6171
vn 0.7234 0.1545 0.6729
vn 0.7124 0.1903 0.6754
vn 0.7628 0.1416 0.6309
vn 0.6519 0.4742 0.5917
vn 0.6384 0.4437 0.6289
vn 0.6925 0.3323 0.6403
vn -0.6925 0.3323 0.6403
vn -0.7628 0.1416 0.6309
vn -0.7846 0.0593 0.6171
vn -0.6384 0.4437 0.6289
vn -0.7124 0.1903 0.6754
vn -0.7119 0.1047 0.6944
vn -0.6519 0.4742 0.5917
vn -0.7234 0.1545 0.6729
vn -0.7051 0.0461 0.7076
vn 0.7835 0.3609 0.5058
vn 0.7831 0.2971 0.5464
vn 0.7977 0.2170 0.5626
vn 0.6074 0.5178 0.6024
vn 0.6360 0.4062 0.6562
vn 0.6700 0.2916 0.6827
vn 0.5630 0.5166 0.6452
vn 0.6050 0.3803 0.6995
vn 0.6455 0.2459 0.7231
vn -0.6455 0.2459 0.7231
vn -0.6700 0.2916 0.6827
vn -0.7977 0.2170 0.5626
vn -0.6050 0.3803 0.6995
vn -0.6360 0.4062 0.6562
vn -0.7831 0.2971 0.5464
vn -0.5630 0.5166 0.6452
vn -0.6074 0.5178 0.6024
vn -0.7835 0.3609 0.5058
vn 0.7752 -0.5184 0.3611
vn 0.8150 -0.4697 0.3394
vn 0.8618 -0.4355 0.2601
vn 0.8293 -0.4826 0.2817
vn 0.8627 -0.4314 0.2639
vn 0.8947 -0.4002 0.1984
vn 0.9024 -0.3490 0.2527
vn 0.9198 -0.3014 0.2511
vn 0.9351 -0.2872 0.2075
vn -0.9351 -0.2872 0.2075
vn -0.8947 -0.4002 0.1984
vn -0.8618 -0.4355 0.2601
vn -0.9198 -0.3014 0.2511
vn -0.8627 -0.4314 0.2639
vn -0.8150 -0.4697 0.3394
vn -0.9024 -0.3490 0.2527
vn -0.8293 -0.4826 0.2817
vn -0.7752 -0.5184 0.3611
vn 0.6877 -0.3731 0.6228
vn 0.7516 -0.3919 0.5306
vn 0.8000 -0.4128 0.4354
vn 0.6458 -0.4208 0.6371
vn 0.6877 -0.4340 0.5820
vn 0.7321 -0.4501 0.5113
vn 0.6500 -0.4688 0.5981
vn 0.6699 -0.4808 0.5657
vn 0.6991 -0.4961 0.5148
vn -0.6991 -0.4961 0.5148
vn -0.7321 -0.4501 0.5113
vn -0.8000 -0.4128 0.4354
vn -0.6699 -0.4808 0.5657
vn -0.6877 -0.4340 0.5820
vn -0.7516 -0.3919 0.5306
vn -0.6500 -0.4688 0.5981
vn -0.6458 -0.4208 0.6371
vn -0.6877 -0.3731 0.6228
vn 0.5813 -0.3262 0.7454
vn 0.5636 -0.3370 0.7542
vn 0.5747 -0.3482 0.7406
vn 0.6331 -0.4051 0.6596
vn 0.6128 -0.4053 0.6784
vn 0.6045 -0.4073 0.6846
vn 0.6714 -0.4615 0.5799
vn 0.6578 -0.4572 0.5985
vn 0.6463 -0.4565 0.6115
vn -0.6463 -0.4565 0.6115
vn -0.6045 -0.4073 0.6846
vn -0.5747 -0.3482 0.7406
vn -0.6578 -0.4572 0.5985
vn -0.6128 -0.4053 0.6784
vn -0.5636 -0.3370 0.7542
vn -0.6714 -0.4615 0.5799
vn -0.6331 -0.4051 0.6596
vn -0.5813 -0.3262 0.7454
vn 0.9897 -0.1387 0.0364
vn 0.9650 -0.2499 0.0799
vn 0.9299 -0.3284 0.1656
vn 0.9976 -0.0355 0.0600
vn 0.9743 -0.1643 0.1539
vn 0.9219 -0.2759 0.2719
vn 0.9853 0.0963 0.1409
vn 0.9478 -0.0620 0.3127
vn 0.8697 -0.2172 0.4432
vn -0.8697 -0.2172 0.4432
vn -0.9219 -0.2759 0.2719
vn -0.9299 -0.3284 0.1656
vn -0.9478 -0.0620 0.3127
vn -0.9743 -0.1643 0.1539
vn -0.9650 -0.2499 0.0799
vn -0.9853 0.0963 0.1409
vn -0.9976 -0.0355 0.0600
vn -0.9897 -0.1387 0.0364
vn 0.9493 -0.3121 -0.0372
vn 0.9324 -0.3502 -0.0898
vn 0.9237 -0.3663 -0.1122
vn 0.9333 -0.3590 -0.0136
vn 0.9269 -0.3718 -0.0523
vn 0.9275 -0.3688 -0.0614
vn 0.9196 -0.3904 0.0444
vn 0.9233 -0.3839 0.0107
vn 0.9363 -0.3501 0.0283
vn -0.9363 -0.3501 0.0283
vn -0.9275 -0.3688 -0.0614
vn -0.9237 -0.3663 -0.1122
vn -0.9233 -0.3839 0.0107
vn -0.9269 -0.3718 -0.0523
vn -0.9324 -0.3502 -0.0898
vn -0.9196 -0.3904 0.0444
vn -0.9333 -0.3590 -0.0136
vn -0.9493 -0.3121 -0.0372
vn 0.9686 -0.2254 0.1045
vn 0.9397 -0.3383 -0.0504
vn 0.9627 -0.2592 0.0773
vn 0.9446 -0.0779 0.3189
vn 0.9501 -0.1230 0.2865
vn 0.9519 -0.2290 0.2037
vn 0.9514 -0.3070 0.0251
vn -0.9686 -0.2254 0.1045
vn -0.9519 -0.2290 0.2037
vn -0.9501 -0.1230 0.2865
vn -0.9446 -0.0779 0.3189
vn -0.9627 -0.2592 0.0773
vn -0.9397 -0.3383 -0.0504
vn -0.9514 -0.3070 0.0251
vn 0.7040 -0.5505 0.4487
vn 0.7098 -0.5474 0.4433
vn 0.7127 -0.5471 0.4390
vn 0.6970 -0.5360 0.4763
vn 0.7028 -0.5393 0.4638
vn 0.7063 -0.5430 0.4542
vn 0.6700 -0.4445 0.5945
vn 0.6684 -0.4605 0.5841
vn 0.6645 -0.4728 0.5787
vn -0.6645 -0.4728 0.5787
vn -0.7063 -0.5430 0.4542
vn -0.7127 -0.5471 0.4390
vn -0.6684 -0.4605 0.5841
vn -0.7028 -0.5393 0.4638
vn -0.7098 -0.5474 0.4433
vn -0.6700 -0.4445 0.5945
vn -0.6970 -0.5360 0.4763
vn -0.7040 -0.5505 0.4487
vn 0.7114 -0.5584 0.4268
vn 0.7101 -0.5699 0.4135
vn 0.7102 -0.5858 0.3904
vn 0.7028 -0.5565 0.4430
vn 0.6962 -0.5687 0.4381
vn 0.6883 -0.5853 0.4286
vn 0.6451 -0.4950 0.5820
vn 0.6292 -0.5082 0.5880
vn 0.6119 -0.5239 0.5925
vn -0.6119 -0.5239 0.5926
vn -0.6883 -0.5853 0.4286
vn -0.7102 -0.5858 0.3904
vn -0.6292 -0.5082 0.5880
vn -0.6962 -0.5687 0.4381
vn -0.7101 -0.5699 0.4135
vn -0.6451 -0.4950 0.5820
vn -0.7028 -0.5565 0.4430
vn -0.7114 -0.5584 0.4268
vn 0.7310 -0.6100 0.3057
vn 0.7735 -0.5784 0.2591
vn 0.8568 -0.4542 0.2442
vn 0.6931 -0.6106 0.3832
vn 0.7311 -0.5801 0.3593
vn 0.8094 -0.4600 0.3650
vn 0.6035 -0.5443 0.5828
vn 0.6365 -0.5131 0.5759
vn 0.7028 -0.4120 0.5799
vn -0.7028 -0.4120 0.5799
vn -0.8094 -0.4600 0.3650
vn -0.8568 -0.4542 0.2442
vn -0.6365 -0.5131 0.5759
vn -0.7311 -0.5801 0.3593
vn -0.7735 -0.5784 0.2591
vn -0.6035 -0.5443 0.5828
vn -0.6931 -0.6106 0.3832
vn -0.7310 -0.6101 0.3057
vn 0.8085 0.4317 0.4001
vn 0.5830 0.6901 0.4287
vn 0.5258 0.7272 0.4413
vn 0.7730 0.4075 0.4862
vn 0.5660 0.6794 0.4669
vn 0.5198 0.7241 0.4533
vn 0.6586 0.3296 0.6765
vn 0.5083 0.5629 0.6518
vn 0.4773 0.6241 0.6186
vn -0.4773 0.6241 0.6186
vn -0.5198 0.7241 0.4533
vn -0.5258 0.7272 0.4413
vn -0.5083 0.5629 0.6518
vn -0.5660 0.6794 0.4669
vn -0.5830 0.6902 0.4287
vn -0.6586 0.3296 0.6765
vn -0.7730 0.4075 0.4862
vn -0.8085 0.4317 0.4001
vn 0.7059 0.4808 0.5201
vn 0.7641 0.3098 0.5659
vn 0.7952 0.1371 0.5906
vn 0.7131 0.4797 0.5112
vn 0.7812 0.3065 0.5438
vn 0.8166 0.1261 0.5632
vn 0.6353 0.4264 0.6439
vn 0.6921 0.2811 0.6649
vn 0.7231 0.1261 0.6792
vn -0.7231 0.1261 0.6792
vn -0.8166 0.1261 0.5632
vn -0.7952 0.1371 0.5907
vn -0.6921 0.2811 0.6649
vn -0.7812 0.3065 0.5438
vn -0.7641 0.3098 0.5659
vn -0.6353 0.4264 0.6439
vn -0.7131 0.4797 0.5112
vn -0.7059 0.4808 0.5201
vn 0.8093 -0.1677 0.5630
vn 0.8380 -0.0810 0.5397
vn 0.7880 0.3709 0.4914
vn 0.8179 -0.2099 0.5357
vn 0.8317 -0.1186 0.5424
vn 0.7657 0.3609 0.5323
vn 0.7115 -0.1287 0.6908
vn 0.6703 0.0404 0.7410
vn 0.5723 0.4417 0.6909
vn -0.5722 0.4417 0.6909
vn -0.7657 0.3609 0.5323
vn -0.7880 0.3709 0.4914
vn -0.6703 0.0404 0.7410
vn -0.8317 -0.1186 0.5424
vn -0.8380 -0.0810 0.5397
vn -0.7115 -0.1287 0.6908
vn -0.8179 -0.2099 0.5356
vn -0.8093 -0.1677 0.5630
vn 0.1658 0.9604 0.2240
vn 0.0478 0.9740 0.2214
vn 0.0296 0.9654 0.2592
vn 0.0990 0.9624 0.2528
vn -0.0023 0.9672 0.2539
vn 0.0028 0.9556 0.2947
vn -0.0168 0.9349 0.3546
vn -0.0679 0.9269 0.3691
vn -0.0142 0.9053 0.4246
vn 0.0142 0.9053 0.4246
vn -0.0028 0.9556 0.2947
vn -0.0296 0.9654 0.2592
vn 0.0679 0.9269 0.3691
vn 0.0023 0.9672 0.2539
vn -0.0478 0.9740 0.2214
vn 0.0168 0.9349 0.3546
vn -0.0990 0.9624 0.2528
vn -0.1658 0.9604 0.2240
vn 0.5751 -0.6410 0.5083
vn 0.6325 -0.6020 0.4874
vn 0.6724 -0.5724 0.4693
vn 0.5822 -0.5962 0.5528
vn 0.6351 -0.5597 0.5323
vn 0.6702 -0.5386 0.5106
vn 0.5990 -0.4214 0.6809
vn 0.6373 -0.4032 0.6567
vn 0.6605 -0.4061 0.6315
vn -0.6605 -0.4061 0.6315
vn -0.6702 -0.5386 0.5106
vn -0.6724 -0.5724 0.4693
vn -0.6373 -0.4032 0.6567
vn -0.6351 -0.5597 0.5323
vn -0.6325 -0.6020 0.4874
vn -0.5990 -0.4214 0.6809
vn -0.5822 -0.5962 0.5528
vn -0.5751 -0.6410 0.5083
vn 0.1401 -0.7953 0.5898
vn 0.3096 -0.7601 0.5713
vn 0.4198 -0.7221 0.5499
vn 0.1441 -0.7678 0.6242
vn 0.3111 -0.7413 0.5947
vn 0.4264 -0.6950 0.5790
vn 0.2373 -0.5393 0.8080
vn 0.3658 -0.5648 0.7397
vn 0.4702 -0.5232 0.7107
vn -0.4702 -0.5232 0.7107
vn -0.4264 -0.6950 0.5790
vn -0.4198 -0.7221 0.5499
vn -0.3658 -0.5648 0.7397
vn -0.3111 -0.7413 0.5947
vn -0.3096 -0.7601 0.5713
vn -0.2373 -0.5393 0.8080
vn -0.1441 -0.7678 0.6242
vn -0.1401 -0.7953 0.5898
vn -0.9409 -0.3022 0.1527
vn -0.7765 -0.5378 0.3284
vn -0.4849 -0.7239 0.4908
vn -0.8398 -0.2872 0.4607
vn -0.6632 -0.4947 0.5617
vn -0.4019 -0.6607 0.6340
vn -0.2757 -0.1183 0.9540
vn -0.1828 -0.2304 0.9558
vn -0.0550 -0.3447 0.9371
vn 0.0550 -0.3447 0.9371
vn 0.4019 -0.6607 0.6340
vn 0.4849 -0.7239 0.4908
vn 0.1828 -0.2304 0.9558
vn 0.6632 -0.4947 0.5617
vn 0.7765 -0.5378 0.3284
vn 0.2757 -0.1183 0.9540
vn 0.8398 -0.2872 0.4607
vn 0.9409 -0.3022 0.1527
vn -0.8829 0.4647 -0.0665
vn -0.9495 0.3010 -0.0887
vn -0.9898 0.1275 -0.0641
vn -0.7853 0.4917 0.3764
vn -0.8863 0.3189 0.3357
vn -0.9358 0.1317 0.3271
vn -0.1810 0.2572 0.9493
vn -0.2573 0.1712 0.9510
vn -0.3078 0.0817 0.9479
vn 0.3078 0.0817 0.9479
vn 0.9358 0.1317 0.3271
vn 0.9898 0.1275 -0.0640
vn 0.2574 0.1712 0.9510
vn 0.8863 0.3189 0.3357
vn 0.9495 0.3009 -0.0887
vn 0.1810 0.2571 0.9493
vn 0.7853 0.4916 0.3764
vn 0.8829 0.4647 -0.0665
vn -0.3190 0.9233 0.2138
vn -0.4816 0.8634 0.1505
vn -0.6392 0.7655 0.0734
vn -0.1533 0.8775 0.4544
vn -0.3058 0.8345 0.4583
vn -0.4702 0.7606 0.4478
vn 0.1744 0.5758 0.7988
vn 0.0901 0.5023 0.8600
vn 0.0039 0.4235 0.9059
vn -0.0039 0.4235 0.9059
vn 0.4702 0.7606 0.4478
vn 0.6392 0.7655 0.0734
vn -0.0901 0.5023 0.8600
vn 0.3058 0.8345 0.4583
vn 0.4816 0.8634 0.1505
vn -0.1744 0.5758 0.7988
vn 0.1533 0.8775 0.4544
vn 0.3190 0.9233 0.2138
vn 0.1062 0.9395 0.3255
vn 0.0774 0.9436 0.3218
vn -0.0154 0.9540 0.2995
vn 0.1395 0.9121 0.3854
vn 0.1490 0.9002 0.4091
vn 0.0955 0.8997 0.4259
vn 0.2526 0.7880 0.5615
vn 0.3193 0.7264 0.6086
vn 0.3168 0.6811 0.6601
vn -0.3168 0.6811 0.6601
vn -0.0955 0.8997 0.4259
vn 0.0154 0.9540 0.2995
vn -0.3193 0.7264 0.6086
vn -0.1490 0.9002 0.4091
vn -0.0774 0.9436 0.3218
vn -0.2526 0.7880 0.5615
vn -0.1395 0.9121 0.3854
vn -0.1062 0.9395 0.3255
vn 0.2868 0.1730 0.9422
vn 0.2942 0.1501 0.9439
vn 0.2705 0.1425 0.9521
vn 0.2027 0.0959 0.9745
vn 0.1982 0.1139 0.9735
vn 0.1630 0.1565 0.9741
vn 0.1865 0.0579 0.9808
vn 0.1800 0.0967 0.9789
vn 0.1516 0.1603 0.9754
vn -0.1516 0.1603 0.9754
vn -0.1630 0.1565 0.9741
vn -0.2705 0.1425 0.9521
vn -0.1800 0.0967 0.9789
vn -0.1982 0.1139 0.9735
vn -0.2942 0.1501 0.9439
vn -0.1865 0.0579 0.9808
vn -0.2027 0.0959 0.9745
vn -0.2868 0.1730 0.9422
vn 0.2598 0.0360 0.9650
vn 0.2720 0.0729 0.9595
vn 0.2935 0.1131 0.9493
vn 0.3017 0.0243 0.9531
vn 0.3231 0.0487 0.9451
vn 0.3612 0.0682 0.9300
vn 0.3334 0.0103 0.9427
vn 0.3590 0.0207 0.9331
vn 0.4026 0.0220 0.9151
vn -0.4026 0.0220 0.9151
vn -0.3612 0.0682 0.9300
vn -0.2935 0.1131 0.9493
vn -0.3590 0.0207 0.9331
vn -0.3231 0.0487 0.9451
vn -0.2720 0.0729 0.9595
vn -0.3334 0.0103 0.9427
vn -0.3017 0.0243 0.9531
vn -0.2598 0.0360 0.9650
vn 0.3573 -0.0102 0.9339
vn 0.3762 -0.0253 0.9262
vn 0.4105 -0.0527 0.9104
vn 0.3502 -0.0129 0.9366
vn 0.3643 -0.0386 0.9305
vn 0.3948 -0.0772 0.9155
vn 0.3317 -0.0104 0.9433
vn 0.3433 -0.0485 0.9380
vn 0.3740 -0.0985 0.9222
vn -0.3740 -0.0985 0.9222
vn -0.3948 -0.0772 0.9155
vn -0.4105 -0.0527 0.9104
vn -0.3433 -0.0485 0.9380
vn -0.3643 -0.0386 0.9305
vn -0.3762 -0.0253 0.9262
vn -0.3317 -0.0104 0.9433
vn -0.3502 -0.0129 0.9366
vn -0.3573 -0.0102 0.9339
vn 0.2932 0.0361 0.9554
vn 0.3090 -0.0382 0.9503
vn 0.3500 -0.1199 0.9290
vn 0.3105 0.0987 0.9454
vn 0.3328 0.0119 0.9429
vn 0.3759 -0.0831 0.9229
vn 0.3553 0.1712 0.9189
vn 0.3834 0.0840 0.9197
vn 0.4210 -0.0132 0.9070
vn -0.4210 -0.0132 0.9070
vn -0.3759 -0.0831 0.9229
vn -0.3500 -0.1199 0.9290
vn -0.3834 0.0840 0.9197
vn -0.3328 0.0119 0.9429
vn -0.3090 -0.0382 0.9503
vn -0.3553 0.1712 0.9189
vn -0.3105 0.0987 0.9454
vn -0.2932 0.0361 0.9554
vn 0.4757 0.1419 0.8681
vn 0.4947 0.0730 0.8660
vn 0.5106 -0.0060 0.8598
vn 0.3972 0.2521 0.8824
vn 0.4082 0.1685 0.8972
vn 0.4232 0.0795 0.9025
vn 0.3534 0.2685 0.8961
vn 0.3476 0.1852 0.9191
vn 0.3554 0.0999 0.9294
vn -0.3554 0.0999 0.9294
vn -0.4232 0.0795 0.9025
vn -0.5106 -0.0060 0.8598
vn -0.3476 0.1852 0.9191
vn -0.4082 0.1685 0.8972
vn -0.4947 0.0730 0.8660
vn -0.3534 0.2685 0.8961
vn -0.3972 0.2521 0.8824
vn -0.4757 0.1419 0.8681
vn 0.4798 -0.1929 0.8559
vn 0.4148 -0.0991 0.9045
vn 0.3771 -0.0436 0.9251
vn 0.5005 -0.1696 0.8490
vn 0.4322 -0.0798 0.8982
vn 0.3869 -0.0311 0.9216
vn 0.5133 -0.1336 0.8478
vn 0.4393 -0.0477 0.8971
vn 0.3847 -0.0078 0.9230
vn -0.3847 -0.0078 0.9230
vn -0.3869 -0.0311 0.9216
vn -0.3771 -0.0436 0.9251
vn -0.4393 -0.0477 0.8971
vn -0.4322 -0.0798 0.8982
vn -0.4148 -0.0991 0.9045
vn -0.5133 -0.1336 0.8478
vn -0.5005 -0.1696 0.8490
vn -0.4798 -0.1929 0.8559
vn 0.4171 -0.2183 0.8823
vn 0.3769 -0.2238 0.8988
vn 0.3347 -0.2253 0.9150
vn 0.3531 -0.1159 0.9284
vn 0.3114 -0.1164 0.9431
vn 0.2653 -0.1128 0.9576
vn 0.3266 -0.0500 0.9438
vn 0.2883 -0.0465 0.9564
vn 0.2436 -0.0403 0.9690
vn -0.2436 -0.0403 0.9690
vn -0.2653 -0.1128 0.9576
vn -0.3347 -0.2253 0.9150
vn -0.2883 -0.0465 0.9564
vn -0.3114 -0.1164 0.9431
vn -0.3769 -0.2238 0.8988
vn -0.3266 -0.0500 0.9438
vn -0.3531 -0.1159 0.9284
vn -0.4171 -0.2183 0.8823
vn 0.2387 0.1798 0.9543
vn 0.1778 0.0532 0.9826
vn 0.1699 -0.0070 0.9854
vn 0.2627 0.1000 0.9597
vn 0.2052 -0.0244 0.9784
vn 0.1960 -0.0821 0.9772
vn 0.3480 -0.0505 0.9361
vn 0.2959 -0.1587 0.9419
vn 0.2805 -0.2068 0.9373
vn -0.2805 -0.2068 0.9373
vn -0.1960 -0.0821 0.9772
vn -0.1699 -0.0070 0.9854
vn -0.2959 -0.1587 0.9419
vn -0.2052 -0.0244 0.9784
vn -0.1778 0.0532 0.9826
vn -0.3480 -0.0505 0.9361
vn -0.2627 0.1000 0.9597
vn -0.2387 0.1798 0.9543
vn -0.1373 0.7154 0.6851
vn -0.1414 0.7164 0.6832
vn -0.0110 0.6534 0.7569
vn -0.0464 0.5156 0.8555
vn -0.1026 0.5625 0.8204
vn 0.0095 0.5129 0.8584
vn 0.0879 0.3092 0.9469
vn -0.0113 0.3905 0.9205
vn 0.0510 0.3775 0.9246
vn -0.0510 0.3775 0.9246
vn -0.0095 0.5129 0.8584
vn 0.0110 0.6534 0.7569
vn 0.0113 0.3905 0.9205
vn 0.1026 0.5625 0.8204
vn 0.1414 0.7164 0.6832
vn -0.0879 0.3092 0.9469
vn 0.0464 0.5156 0.8555
vn 0.1373 0.7154 0.6851
vn 0.5367 0.1463 0.8310
vn 0.5331 0.0571 0.8441
vn 0.5051 0.0223 0.8628
vn 0.5171 0.2281 0.8250
vn 0.5080 0.1317 0.8512
vn 0.4711 0.0924 0.8773
vn 0.4235 0.3459 0.8373
vn 0.4142 0.2377 0.8786
vn 0.3779 0.1834 0.9075
vn -0.3779 0.1834 0.9075
vn -0.4711 0.0924 0.8773
vn -0.5051 0.0223 0.8628
vn -0.4142 0.2377 0.8786
vn -0.5080 0.1317 0.8512
vn -0.5331 0.0571 0.8441
vn -0.4235 0.3459 0.8373
vn -0.5171 0.2281 0.8250
vn -0.5367 0.1463 0.8310
vn 0.4262 -0.1055 0.8985
vn 0.4395 -0.1499 0.8857
vn 0.4320 -0.1601 0.8875
vn 0.4399 -0.0616 0.8959
vn 0.4532 -0.1160 0.8838
vn 0.4479 -0.1291 0.8847
vn 0.4703 -0.0004 0.8825
vn 0.4803 -0.0683 0.8744
vn 0.4718 -0.0892 0.8772
vn -0.4718 -0.0892 0.8772
vn -0.4479 -0.1291 0.8847
vn -0.4320 -0.1601 0.8875
vn -0.4803 -0.0683 0.8744
vn -0.4532 -0.1160 0.8838
vn -0.4395 -0.1499 0.8857
vn -0.4703 -0.0004 0.8825
vn -0.4399 -0.0616 0.8959
vn -0.4262 -0.1055 0.8985
vn 0.4928 -0.0594 0.8681
vn 0.5129 -0.0833 0.8544
vn 0.5008 -0.1027 0.8595
vn 0.4709 -0.1110 0.8752
vn 0.4856 -0.1437 0.8623
vn 0.4683 -0.1634 0.8683
vn 0.4466 -0.1327 0.8849
vn 0.4580 -0.1705 0.8724
vn 0.4400 -0.1898 0.8777
vn -0.4400 -0.1898 0.8777
vn -0.4683 -0.1634 0.8683
vn -0.5008 -0.1027 0.8595
vn -0.4580 -0.1705 0.8724
vn -0.4856 -0.1437 0.8623
vn -0.5129 -0.0833 0.8544
vn -0.4466 -0.1327 0.8849
vn -0.4709 -0.1110 0.8752
vn -0.4928 -0.0594 0.8681
vn 0.4359 0.2282 0.8706
vn 0.4605 0.2669 0.8466
vn 0.4494 0.2632 0.8537
vn 0.4647 0.1797 0.8670
vn 0.4931 0.1983 0.8471
vn 0.4831 0.1891 0.8549
vn 0.4888 0.1089 0.8656
vn 0.5177 0.1119 0.8482
vn 0.5103 0.1013 0.8540
vn -0.5103 0.1013 0.8540
vn -0.4831 0.1891 0.8549
vn -0.4494 0.2632 0.8537
vn -0.5177 0.1119 0.8482
vn -0.4931 0.1983 0.8471
vn -0.4605 0.2669 0.8466
vn -0.4888 0.1089 0.8656
vn -0.4647 0.1797 0.8670
vn -0.4359 0.2282 0.8706
vn 0.3956 0.3407 0.8529
vn 0.4447 0.1906 0.8752
vn 0.3964 0.3377 0.8537
vn 0.3881 0.3596 0.8485
vn 0.3973 0.3457 0.8501
vn 0.3999 0.2302 0.8872
vn 0.4188 0.1992 0.8860
vn -0.3956 0.3407 0.8529
vn -0.3999 0.2302 0.8872
vn -0.3973 0.3457 0.8501
vn -0.3881 0.3596 0.8485
vn -0.3964 0.3377 0.8537
vn -0.4447 0.1906 0.8752
vn -0.4188 0.1992 0.8860
vn 0.2087 -0.9740 -0.0878
vn 0.1174 -0.9889 -0.0915
vn 0.0305 -0.9946 -0.0990
vn -0.0182 -0.8874 -0.4606
vn -0.0903 -0.8919 -0.4432
vn -0.1325 -0.8930 -0.4301
vn -0.2305 -0.6143 -0.7546
vn -0.2725 -0.6261 -0.7306
vn -0.2615 -0.6481 -0.7152
vn 0.2615 -0.6481 -0.7152
vn 0.1325 -0.8930 -0.4301
vn -0.0305 -0.9946 -0.0990
vn 0.2725 -0.6261 -0.7306
vn 0.0903 -0.8919 -0.4432
vn -0.1174 -0.9889 -0.0915
vn 0.2305 -0.6143 -0.7546
vn 0.0182 -0.8874 -0.4606
vn -0.2087 -0.9740 -0.0878
vn 0.6761 -0.7272 0.1184
vn 0.5516 -0.8339 0.0198
vn 0.4265 -0.9034 -0.0443
vn 0.5600 -0.7568 -0.3373
vn 0.3815 -0.8199 -0.4268
vn 0.2247 -0.8553 -0.4669
vn 0.3124 -0.5772 -0.7545
vn 0.1321 -0.5893 -0.7971
vn -0.0122 -0.5983 -0.8012
vn 0.0122 -0.5983 -0.8012
vn -0.2247 -0.8553 -0.4669
vn -0.4265 -0.9034 -0.0443
vn -0.1321 -0.5893 -0.7971
vn -0.3815 -0.8199 -0.4268
vn -0.5516 -0.8339 0.0198
vn -0.3124 -0.5772 -0.7545
vn -0.5600 -0.7568 -0.3373
vn -0.6761 -0.7272 0.1184
vn 0.8944 -0.0789 0.4402
vn 0.8724 -0.2457 0.4226
vn 0.8418 -0.4091 0.3522
vn 0.9791 -0.0828 0.1859
vn 0.9498 -0.2825 0.1348
vn 0.8797 -0.4754 -0.0075
vn 0.9890 -0.0798 -0.1245
vn 0.9242 -0.2776 -0.2623
vn 0.7663 -0.4424 -0.4658
vn -0.7663 -0.4424 -0.4658
vn -0.8797 -0.4754 -0.0075
vn -0.8418 -0.4091 0.3522
vn -0.9242 -0.2776 -0.2623
vn -0.9498 -0.2825 0.1348
vn -0.8724 -0.2457 0.4226
vn -0.9890 -0.0798 -0.1245
vn -0.9791 -0.0828 0.1859
vn -0.8944 -0.0789 0.4402
vn 0.6550 0.7544 0.0434
vn 0.8188 0.5387 0.1984
vn 0.8909 0.3193 0.3230
vn 0.5781 0.7375 -0.3493
vn 0.8159 0.5606 -0.1414
vn 0.9384 0.3437 0.0359
vn 0.4260 0.5829 -0.6919
vn 0.7244 0.4889 -0.4860
vn 0.9099 0.3203 -0.2637
vn -0.9099 0.3203 -0.2637
vn -0.9384 0.3437 0.0359
vn -0.8909 0.3193 0.3230
vn -0.7244 0.4889 -0.4860
vn -0.8159 0.5606 -0.1414
vn -0.8188 0.5387 0.1984
vn -0.4260 0.5829 -0.6919
vn -0.5781 0.7374 -0.3493
vn -0.6550 0.7544 0.0434
vn -0.2574 0.9409 -0.2201
vn -0.1215 0.9672 -0.2229
vn 0.0946 0.9769 -0.1914
vn -0.3563 0.7605 -0.5429
vn -0.2395 0.7870 -0.5686
vn -0.0448 0.8209 -0.5693
vn -0.3894 0.4982 -0.7747
vn -0.2960 0.5123 -0.8062
vn -0.1476 0.5430 -0.8267
vn 0.1476 0.5430 -0.8267
vn 0.0448 0.8209 -0.5693
vn -0.0946 0.9769 -0.1914
vn 0.2960 0.5123 -0.8062
vn 0.2395 0.7870 -0.5686
vn 0.1215 0.9672 -0.2229
vn 0.3894 0.4982 -0.7747
vn 0.3563 0.7605 -0.5429
vn 0.2574 0.9409 -0.2201
vn -0.5154 0.8532 -0.0806
vn -0.4569 0.8804 -0.1270
vn -0.4013 0.9005 -0.1677
vn -0.5596 0.7378 -0.3775
vn -0.5232 0.7369 -0.4281
vn -0.4818 0.7387 -0.4713
vn -0.5346 0.5320 -0.6566
vn -0.5284 0.5070 -0.6809
vn -0.5021 0.4954 -0.7089
vn 0.5021 0.4954 -0.7089
vn 0.4818 0.7387 -0.4713
vn 0.4013 0.9005 -0.1677
vn 0.5284 0.5070 -0.6809
vn 0.5232 0.7369 -0.4281
vn 0.4569 0.8804 -0.1270
vn 0.5346 0.5320 -0.6566
vn 0.5596 0.7378 -0.3775
vn 0.5154 0.8532 -0.0806
vn -0.4462 0.0934 -0.8900
vn -0.4225 -0.0189 -0.9062
vn -0.3994 -0.1353 -0.9067
vn -0.4476 0.0970 -0.8890
vn -0.4228 -0.0214 -0.9060
vn -0.4052 -0.1438 -0.9029
vn -0.3836 0.1000 -0.9181
vn -0.3489 -0.0326 -0.9366
vn -0.3370 -0.1665 -0.9267
vn 0.3370 -0.1665 -0.9267
vn 0.4052 -0.1438 -0.9029
vn 0.3994 -0.1353 -0.9067
vn 0.3489 -0.0326 -0.9366
vn 0.4228 -0.0214 -0.9060
vn 0.4225 -0.0189 -0.9062
vn 0.3836 0.1000 -0.9181
vn 0.4476 0.0970 -0.8890
vn 0.4462 0.0934 -0.8900
vn -0.3347 0.0894 -0.9381
vn -0.2664 0.0882 -0.9598
vn -0.1885 0.0925 -0.9777
vn -0.2978 -0.0202 -0.9544
vn -0.2264 -0.0227 -0.9738
vn -0.1523 -0.0250 -0.9880
vn -0.2548 -0.1321 -0.9579
vn -0.1711 -0.1339 -0.9761
vn -0.0812 -0.1396 -0.9869
vn 0.0812 -0.1396 -0.9869
vn 0.1523 -0.0250 -0.9880
vn 0.1885 0.0925 -0.9777
vn 0.1711 -0.1339 -0.9761
vn 0.2264 -0.0227 -0.9738
vn 0.2664 0.0882 -0.9598
vn 0.2548 -0.1321 -0.9579
vn 0.2978 -0.0202 -0.9544
vn 0.3347 0.0894 -0.9381
vn 0.3254 0.0270 -0.9452
vn 0.1124 0.1498 -0.9823
vn 0.4167 0.1579 -0.8952
vn 0.6929 0.0774 -0.7169
vn 0.5012 -0.0732 -0.8622
vn 0.2365 -0.1450 -0.9608
vn 0.0912 -0.0105 -0.9958
vn -0.3254 0.0270 -0.9452
vn -0.2365 -0.1450 -0.9608
vn -0.5012 -0.0732 -0.8622
vn -0.6929 0.0774 -0.7169
vn -0.4167 0.1579 -0.8952
vn -0.1124 0.1498 -0.9823
vn -0.0912 -0.0105 -0.9958
vn 0.4067 0.5653 -0.7177
vn 0.1880 0.8761 -0.4441
vn 0.1204 0.9816 -0.1486
vn -0.1499 0.6960 -0.7022
vn -0.4169 0.8516 -0.3178
vn -0.4749 0.8793 -0.0365
vn -0.4322 0.6321 -0.6431
vn -0.5824 0.7611 -0.2856
vn -0.5953 0.8034 -0.0123
vn 0.5953 0.8034 -0.0123
vn 0.4749 0.8793 -0.0365
vn -0.1204 0.9816 -0.1486
vn 0.5824 0.7611 -0.2856
vn 0.4169 0.8516 -0.3178
vn -0.1880 0.8761 -0.4441
vn 0.4322 0.6321 -0.6431
vn 0.1499 0.6960 -0.7022
vn -0.4067 0.5653 -0.7177
vn 0.5380 -0.0738 -0.8397
vn 0.3615 -0.0126 -0.9323
vn 0.0745 0.0534 -0.9958
vn 0.4914 -0.2387 -0.8376
vn 0.3559 -0.1865 -0.9157
vn 0.1165 -0.1231 -0.9855
vn 0.3971 -0.3927 -0.8295
vn 0.2787 -0.3428 -0.8971
vn 0.0753 -0.2811 -0.9567
vn -0.0753 -0.2811 -0.9567
vn -0.1165 -0.1231 -0.9855
vn -0.0745 0.0534 -0.9958
vn -0.2787 -0.3428 -0.8971
vn -0.3559 -0.1865 -0.9157
vn -0.3615 -0.0126 -0.9323
vn -0.3971 -0.3927 -0.8295
vn -0.4914 -0.2387 -0.8376
vn -0.5380 -0.0738 -0.8397
vn -0.0755 -0.9729 -0.2187
vn -0.0232 -0.8928 -0.4499
vn 0.0918 -0.7612 -0.6420
vn -0.1259 -0.9736 -0.1904
vn -0.0994 -0.8896 -0.4458
vn -0.0035 -0.7424 -0.6700
vn -0.1133 -0.9819 -0.1514
vn -0.1386 -0.8899 -0.4347
vn -0.1026 -0.7159 -0.6907
vn 0.1026 -0.7159 -0.6907
vn 0.0035 -0.7424 -0.6700
vn -0.0918 -0.7612 -0.6420
vn 0.1386 -0.8899 -0.4347
vn 0.0994 -0.8896 -0.4458
vn 0.0232 -0.8928 -0.4499
vn 0.1133 -0.9819 -0.1514
vn 0.1259 -0.9736 -0.1904
vn 0.0755 -0.9729 -0.2187
vn 0.4698 -0.0761 -0.8795
vn 0.4995 -0.8564 0.1307
vn -0.6192 -0.6155 -0.4877
vn 0.5069 -0.1469 -0.8494
vn 0.5554 -0.2500 -0.7931
vn 0.6019 -0.3781 -0.7034
vn 0.4048 -0.1251 -0.9058
vn 0.4405 -0.2018 -0.8748
vn 0.4856 -0.3064 -0.8187
vn 0.5211 -0.4327 -0.7357
vn 0.3029 -0.1957 -0.9327
vn 0.3392 -0.2753 -0.8995
vn 0.3858 -0.3737 -0.8435
vn 0.4138 -0.4915 -0.7663
vn 0.3205 -0.5289 -0.7858
vn 0.3479 -0.9362 0.0500
vn 0.1236 -0.9904 -0.0627
vn -0.1088 -0.9769 -0.1841
vn 0.6134 -0.7570 -0.2251
vn 0.4695 -0.8303 -0.3003
vn 0.2696 -0.8811 -0.3886
vn 0.0776 -0.8739 -0.4800
vn 0.6362 -0.5497 -0.5414
vn 0.5287 -0.6079 -0.5924
vn 0.3834 -0.6617 -0.6443
vn 0.2427 -0.6712 -0.7004
vn -0.3514 -0.5491 -0.7583
vn -0.0374 -0.4042 -0.9139
vn 0.1662 -0.2842 -0.9443
vn -0.5050 -0.7527 -0.4224
vn -0.2437 -0.6750 -0.6964
vn 0.0371 -0.5016 -0.8643
vn 0.2136 -0.3669 -0.9054
vn -0.3230 -0.8938 -0.3110
vn -0.0911 -0.8026 -0.5895
vn 0.1324 -0.6073 -0.7834
vn 0.2715 -0.4610 -0.8448
vn -0.4480 0.7706 -0.4532
vn 0.4428 -0.0298 -0.8961
vn -0.6825 -0.5067 -0.5267
vn -0.2065 0.6511 -0.7303
vn 0.0607 0.4393 -0.8963
vn 0.2241 0.2706 -0.9362
vn -0.5699 0.6392 -0.5165
vn -0.3185 0.5271 -0.7879
vn -0.0287 0.3504 -0.9362
vn 0.1461 0.2108 -0.9666
vn -0.7007 0.4264 -0.5721
vn -0.4423 0.3426 -0.8289
vn -0.1349 0.2290 -0.9640
vn 0.0506 0.1319 -0.9900
vn -0.0235 0.0617 -0.9978
vn 0.3766 -0.0765 -0.9232
vn 0.2733 -0.1451 -0.9509
vn 0.1327 -0.2269 -0.9648
vn 0.3978 0.0401 -0.9166
vn 0.3258 -0.0058 -0.9454
vn 0.2205 -0.0713 -0.9728
vn 0.0821 -0.1402 -0.9867
vn 0.3261 0.1432 -0.9344
vn 0.2508 0.0958 -0.9633
vn 0.1512 0.0290 -0.9881
vn 0.0211 -0.0306 -0.9993
vn -0.7489 -0.3351 -0.5717
vn -0.7952 -0.0842 -0.6005
vn -0.7811 0.1780 -0.5985
vn -0.4088 -0.4503 -0.7938
vn -0.4703 -0.2882 -0.8342
vn -0.5193 -0.0699 -0.8517
vn -0.5151 0.1428 -0.8452
vn -0.0810 -0.3298 -0.9406
vn -0.1323 -0.2109 -0.9685
vn -0.1879 -0.0578 -0.9805
vn -0.2026 0.0932 -0.9748
vn -0.7676 -0.6039 -0.2147
vn 0.3511 -0.8448 0.4037
vn -0.4841 -0.0019 0.8750
vn -0.6557 -0.7407 -0.1464
vn -0.4674 -0.8829 -0.0450
vn -0.2479 -0.9661 0.0724
vn -0.8461 -0.5108 0.1522
vn -0.7391 -0.6381 0.2159
vn -0.5719 -0.7659 0.2939
vn -0.3917 -0.8373 0.3816
vn -0.8005 -0.3453 0.4899
vn -0.7216 -0.4431 0.5320
vn -0.6058 -0.5502 0.5747
vn -0.4788 -0.6150 0.6265
vn -0.5029 -0.4648 0.7287
vn 0.1187 -0.7184 0.6854
vn -0.1267 -0.4899 0.8625
vn -0.2752 -0.3098 0.9101
vn 0.1972 -0.9246 0.3259
vn -0.0252 -0.7903 0.6122
vn -0.2299 -0.5485 0.8040
vn -0.3481 -0.3654 0.8633
vn -0.0207 -0.9789 0.2033
vn -0.2110 -0.8430 0.4949
vn -0.3547 -0.6040 0.7137
vn -0.4342 -0.4257 0.7939
vn -0.5433 -0.0511 0.8380
vn -0.6239 -0.1235 0.7717
vn -0.7110 -0.2160 0.6692
vn -0.4412 -0.0733 0.8944
vn -0.5011 -0.1285 0.8558
vn -0.5792 -0.2034 0.7894
vn -0.6554 -0.2989 0.6936
vn -0.3715 -0.1779 0.9112
vn -0.4330 -0.2353 0.8702
vn -0.5102 -0.3040 0.8045
vn -0.5765 -0.3949 0.7153
vn -0.8309 -0.4952 -0.2537
vn -0.5110 0.0445 0.8584
vn -0.5964 0.7821 -0.1803
vn -0.9036 -0.4121 0.1167
vn -0.8438 -0.2707 0.4634
vn -0.7443 -0.1586 0.6487
vn -0.8991 -0.3228 -0.2955
vn -0.9649 -0.2507 0.0786
vn -0.8909 -0.1524 0.4278
vn -0.7875 -0.0727 0.6120
vn -0.9395 -0.0732 -0.3345
vn -0.9990 -0.0323 0.0322
vn -0.9259 -0.0005 0.3777
vn -0.8273 0.0353 0.5607
vn -0.8469 0.1257 0.5167
vn -0.5500 0.1139 0.8273
vn -0.6004 0.2155 0.7701
vn -0.6531 0.3389 0.6772
vn -0.5716 -0.0027 0.8205
vn -0.6151 0.0681 0.7855
vn -0.6670 0.1675 0.7259
vn -0.7229 0.2782 0.6325
vn -0.6534 -0.0727 0.7535
vn -0.6980 0.0005 0.7161
vn -0.7447 0.0988 0.6600
vn -0.7973 0.1978 0.5702
vn -0.7198 0.6514 -0.2401
vn -0.8454 0.4375 -0.3064
vn -0.9206 0.1885 -0.3421
vn -0.7016 0.6894 0.1800
vn -0.8158 0.5651 0.1233
vn -0.9232 0.3805 0.0544
vn -0.9835 0.1800 0.0168
vn -0.7029 0.4986 0.5073
vn -0.7882 0.4091 0.4597
vn -0.8735 0.2863 0.3938
vn -0.9239 0.1494 0.3522
vn 0.5110 -0.0445 -0.8584
vn 0.8309 0.4952 0.2537
vn 0.5964 -0.7821 0.1803
vn 0.5714 0.0028 -0.8206
vn 0.6533 0.0730 -0.7535
vn 0.7444 0.1587 -0.6486
vn 0.5502 -0.1139 -0.8272
vn 0.6152 -0.0674 -0.7855
vn 0.6978 -0.0001 -0.7163
vn 0.7873 0.0726 -0.6123
vn 0.6005 -0.2153 -0.7701
vn 0.6674 -0.1672 -0.7257
vn 0.7448 -0.0987 -0.6600
vn 0.8271 -0.0354 -0.5609
vn 0.8469 -0.1257 -0.5167
vn 0.8987 0.3235 0.2961
vn 0.9391 0.0730 0.3357
vn 0.9205 -0.1888 0.3421
vn 0.9038 0.4118 -0.1167
vn 0.9653 0.2496 -0.0765
vn 0.9990 0.0326 -0.0307
vn 0.9837 -0.1792 -0.0168
vn 0.8441 0.2705 -0.4630
vn 0.8912 0.1519 -0.4275
vn 0.9261 0.0003 -0.3773
vn 0.9240 -0.1493 -0.3521
vn 0.7014 -0.6897 -0.1800
vn 0.7026 -0.4987 -0.5076
vn 0.6530 -0.3389 -0.6773
vn 0.7204 -0.6509 0.2395
vn 0.8150 -0.5657 -0.1255
vn 0.7878 -0.4095 -0.4601
vn 0.7230 -0.2784 -0.6322
vn 0.8458 -0.4377 0.3052
vn 0.9233 -0.3801 -0.0559
vn 0.8733 -0.2864 -0.3941
vn 0.7974 -0.1979 -0.5700
vn 0.7676 0.6039 0.2147
vn 0.4841 0.0019 -0.8750
vn -0.3511 0.8448 -0.4037
vn 0.8462 0.5106 -0.1521
vn 0.8006 0.3448 -0.4900
vn 0.7110 0.2159 -0.6693
vn 0.6556 0.7410 0.1454
vn 0.7403 0.6363 -0.2170
vn 0.7219 0.4425 -0.5320
vn 0.6555 0.2992 -0.6934
vn 0.4681 0.8826 0.0440
vn 0.5721 0.7652 -0.2953
vn 0.6060 0.5499 -0.5748
vn 0.5766 0.3950 -0.7152
vn 0.5029 0.4648 -0.7287
vn 0.4411 0.0731 -0.8945
vn 0.3713 0.1779 -0.9113
vn 0.2752 0.3099 -0.9101
vn 0.5432 0.0513 -0.8380
vn 0.5005 0.1286 -0.8561
vn 0.4327 0.2350 -0.8704
vn 0.3482 0.3651 -0.8634
vn 0.6237 0.1236 -0.7718
vn 0.5790 0.2039 -0.7895
vn 0.5101 0.3040 -0.8046
vn 0.4343 0.4255 -0.7939
vn -0.1981 0.9245 -0.3256
vn 0.0204 0.9792 -0.2021
vn 0.2482 0.9660 -0.0723
vn -0.1184 0.7185 -0.6853
vn 0.0255 0.7917 -0.6103
vn 0.2101 0.8438 -0.4939
vn 0.3910 0.8374 -0.3820
vn 0.1269 0.4904 -0.8622
vn 0.2302 0.5489 -0.8036
vn 0.3548 0.6043 -0.7135
vn 0.4787 0.6151 -0.6265
vn 0.6825 0.5067 0.5267
vn -0.4428 0.0298 0.8961
vn 0.4480 -0.7706 0.4532
vn 0.4087 0.4506 0.7937
vn 0.0806 0.3301 0.9405
vn -0.1328 0.2269 0.9648
vn 0.7486 0.3345 0.5725
vn 0.4683 0.2893 0.8348
vn 0.1318 0.2114 0.9685
vn -0.0817 0.1403 0.9867
vn 0.7944 0.0845 0.6015
vn 0.5180 0.0697 0.8526
vn 0.1876 0.0580 0.9805
vn -0.0208 0.0307 0.9993
vn 0.0235 -0.0617 0.9978
vn -0.3980 -0.0401 0.9165
vn -0.3262 -0.1434 0.9343
vn -0.2241 -0.2707 0.9362
vn -0.3764 0.0764 0.9233
vn -0.3259 0.0051 0.9454
vn -0.2512 -0.0960 0.9632
vn -0.1464 -0.2105 0.9666
vn -0.2732 0.1448 0.9510
vn -0.2202 0.0709 0.9729
vn -0.1512 -0.0291 0.9881
vn -0.0509 -0.1318 0.9900
vn 0.5699 -0.6397 0.5157
vn 0.7015 -0.4263 0.5711
vn 0.7812 -0.1776 0.5985
vn 0.2067 -0.6509 0.7305
vn 0.3207 -0.5266 0.7873
vn 0.4434 -0.3432 0.8280
vn 0.5150 -0.1435 0.8451
vn -0.0602 -0.4393 0.8963
vn 0.0293 -0.3501 0.9363
vn 0.1353 -0.2289 0.9640
vn 0.2026 -0.0933 0.9748
vn -0.4995 0.8564 -0.1307
vn -0.4698 0.0761 0.8795
vn 0.6192 0.6155 0.4877
vn -0.6136 0.7569 0.2249
vn -0.6365 0.5493 0.5414
vn -0.6019 0.3780 0.7034
vn -0.3477 0.9363 -0.0490
vn -0.4713 0.8289 0.3012
vn -0.5292 0.6075 0.5923
vn -0.5211 0.4331 0.7355
vn -0.1244 0.9902 0.0636
vn -0.2700 0.8804 0.3899
vn -0.3837 0.6614 0.6445
vn -0.4138 0.4917 0.7661
vn -0.3205 0.5289 0.7858
vn -0.4047 0.1249 0.9059
vn -0.3027 0.1956 0.9328
vn -0.1661 0.2843 0.9442
vn -0.5068 0.1471 0.8494
vn -0.4399 0.2017 0.8751
vn -0.3391 0.2749 0.8997
vn -0.2139 0.3666 0.9055
vn -0.5551 0.2500 0.7933
vn -0.4852 0.3068 0.8188
vn -0.3857 0.3737 0.8436
vn -0.2716 0.4609 0.8449
vn 0.5059 0.7523 0.4220
vn 0.3235 0.8941 0.3098
vn 0.1085 0.9769 0.1840
vn 0.3511 0.5493 0.7582
vn 0.2440 0.6766 0.6947
vn 0.0922 0.8032 0.5886
vn -0.0769 0.8737 0.4803
vn 0.0374 0.4047 0.9137
vn -0.0373 0.5021 0.8640
vn -0.1323 0.6076 0.7831
vn -0.2426 0.6712 0.7005
vn 0.4505 0.5869 0.6728
vn 0.4531 -0.6858 0.5696
vn 0.9187 0.0578 -0.3908
vn 0.4778 0.5156 0.7112
vn 0.5117 0.4028 0.7589
vn 0.5458 0.2486 0.8002
vn 0.5204 0.5834 0.6236
vn 0.5521 0.5078 0.6613
vn 0.5881 0.3946 0.7060
vn 0.6276 0.2479 0.7380
vn 0.6169 0.5706 0.5422
vn 0.6493 0.4915 0.5803
vn 0.6802 0.3820 0.6256
vn 0.7184 0.2459 0.6507
vn 0.7828 0.2473 0.5710
vn 0.6009 -0.6574 0.4546
vn 0.7665 -0.5810 0.2738
vn 0.8872 -0.4548 0.0778
vn 0.5550 -0.3595 0.7502
vn 0.6925 -0.3322 0.6404
vn 0.8349 -0.2750 0.4767
vn 0.9325 -0.1801 0.3131
vn 0.5743 0.0126 0.8185
vn 0.6767 0.0269 0.7357
vn 0.7861 0.0484 0.6163
vn 0.8626 0.1003 0.4959
vn 0.9563 0.2817 -0.0781
vn 0.8544 0.4607 0.2403
vn 0.7271 0.5383 0.4262
vn 0.9565 -0.0900 -0.2774
vn 0.9891 0.1444 0.0283
vn 0.8810 0.3540 0.3138
vn 0.7557 0.4519 0.4741
vn 0.9529 -0.2829 -0.1093
vn 0.9853 -0.0336 0.1673
vn 0.8904 0.2157 0.4008
vn 0.7778 0.3403 0.5284
vn -0.2121 0.8772 -0.4307
vn 0.4316 0.6314 0.6443
vn 0.8742 0.1622 -0.4577
vn -0.0209 0.9931 -0.1154
vn 0.1698 0.9626 0.2110
vn 0.2805 0.8719 0.4014
vn -0.0425 0.8568 -0.5139
vn 0.1372 0.9718 -0.1916
vn 0.2846 0.9473 0.1473
vn 0.3645 0.8660 0.3422
vn 0.1876 0.7806 -0.5962
vn 0.3350 0.9013 -0.2746
vn 0.4218 0.9040 0.0691
vn 0.4636 0.8448 0.2673
vn 0.5414 0.8147 0.2079
vn 0.5005 0.6300 0.5938
vn 0.5962 0.6193 0.5109
vn 0.7037 0.5934 0.3908
vn 0.4014 0.6953 0.5961
vn 0.4723 0.6964 0.5403
vn 0.5659 0.6875 0.4550
vn 0.6629 0.6695 0.3351
vn 0.3511 0.7807 0.5169
vn 0.4240 0.7812 0.4582
vn 0.5156 0.7690 0.3779
vn 0.6017 0.7538 0.2641
vn 0.7857 0.3108 -0.5349
vn 0.6214 0.4942 -0.6080
vn 0.4150 0.6545 -0.6320
vn 0.9159 0.3766 -0.1387
vn 0.8307 0.5153 -0.2110
vn 0.6857 0.6699 -0.2847
vn 0.5172 0.7968 -0.3124
vn 0.8240 0.5322 0.1943
vn 0.7622 0.6332 0.1349
vn 0.6658 0.7435 0.0627
vn 0.5501 0.8347 0.0259
vn 0.7888 -0.1317 -0.6004
vn 0.3232 -0.8752 0.3600
vn -0.3842 -0.6305 -0.6744
vn 0.8251 -0.2812 -0.4900
vn 0.8266 -0.4676 -0.3133
vn 0.7651 -0.6329 -0.1188
vn 0.5232 -0.3502 -0.7769
vn 0.5562 -0.4898 -0.6714
vn 0.5657 -0.6469 -0.5115
vn 0.5227 -0.7777 -0.3492
vn 0.1868 -0.5136 -0.8374
vn 0.2170 -0.6152 -0.7579
vn 0.2445 -0.7268 -0.6418
vn 0.2313 -0.8203 -0.5231
vn 0.0623 -0.8036 -0.5919
vn 0.1216 -0.9912 0.0513
vn -0.0940 -0.9612 -0.2592
vn -0.2220 -0.8708 -0.4387
vn 0.4699 -0.8489 0.2420
vn 0.2570 -0.9646 -0.0592
vn 0.0119 -0.9418 -0.3359
vn -0.1329 -0.8618 -0.4895
vn 0.6397 -0.7654 0.0698
vn 0.4141 -0.8875 -0.2020
vn 0.1397 -0.8937 -0.4263
vn -0.0237 -0.8367 -0.5472
vn -0.3094 -0.6265 -0.7154
vn -0.1941 -0.6119 -0.7668
vn -0.0405 -0.5812 -0.8128
vn -0.3517 -0.6944 -0.6278
vn -0.2712 -0.6927 -0.6683
vn -0.1545 -0.6800 -0.7168
vn -0.0054 -0.6575 -0.7535
vn -0.2991 -0.7797 -0.5500
vn -0.2151 -0.7774 -0.5911
vn -0.1039 -0.7614 -0.6399
vn 0.0353 -0.7421 -0.6694
vn 0.7443 -0.0272 -0.6673
vn -0.4032 -0.5860 -0.7029
vn -0.3419 0.6878 -0.6403
vn 0.4829 -0.2553 -0.8376
vn 0.1561 -0.4422 -0.8832
vn -0.0641 -0.5261 -0.8480
vn 0.6538 0.1196 -0.7471
vn 0.3969 -0.1189 -0.9101
vn 0.0981 -0.3361 -0.9367
vn -0.0976 -0.4398 -0.8928
vn 0.4950 0.3095 -0.8119
vn 0.2647 0.0566 -0.9627
vn 0.0197 -0.1990 -0.9798
vn -0.1404 -0.3286 -0.9340
vn -0.1792 -0.2362 -0.9550
vn -0.4284 -0.5147 -0.7427
vn -0.4601 -0.4019 -0.7917
vn -0.4871 -0.2475 -0.8375
vn -0.3291 -0.5798 -0.7453
vn -0.3519 -0.5042 -0.7887
vn -0.3800 -0.3908 -0.8384
vn -0.3962 -0.2436 -0.8853
vn -0.2149 -0.5632 -0.7979
vn -0.2378 -0.4840 -0.8421
vn -0.2686 -0.3745 -0.8875
vn -0.2787 -0.2379 -0.9305
vn -0.1745 0.6653 -0.7259
vn 0.0614 0.5962 -0.8005
vn 0.2932 0.4764 -0.8289
vn -0.4538 0.3614 -0.8145
vn -0.2955 0.3395 -0.8930
vn -0.0854 0.2888 -0.9536
vn 0.1065 0.1992 -0.9742
vn -0.4978 -0.0112 -0.8672
vn -0.3791 -0.0214 -0.9251
vn -0.2240 -0.0381 -0.9738
vn -0.0813 -0.0860 -0.9930
vn 0.4032 0.5860 0.7029
vn -0.7443 0.0272 0.6673
vn 0.3419 -0.6878 0.6403
vn 0.3291 0.5800 0.7452
vn 0.2147 0.5634 0.7978
vn 0.0640 0.5261 0.8480
vn 0.4282 0.5146 0.7428
vn 0.3513 0.5046 0.7887
vn 0.2378 0.4844 0.8419
vn 0.0979 0.4400 0.8927
vn 0.4598 0.4020 0.7918
vn 0.3796 0.3907 0.8386
vn 0.2685 0.3745 0.8875
vn 0.1406 0.3287 0.9339
vn 0.1792 0.2362 0.9550
vn -0.6546 -0.1196 0.7465
vn -0.4955 -0.3105 0.8112
vn -0.2930 -0.4766 0.8289
vn -0.4827 0.2551 0.8378
vn -0.3974 0.1166 0.9102
vn -0.2659 -0.0576 0.9623
vn -0.1071 -0.1988 0.9742
vn -0.1562 0.4417 0.8835
vn -0.0980 0.3354 0.9370
vn -0.0198 0.1986 0.9799
vn 0.0812 0.0860 0.9930
vn 0.4540 -0.3615 0.8144
vn 0.4982 0.0115 0.8670
vn 0.4871 0.2477 0.8375
vn 0.1742 -0.6646 0.7266
vn 0.2974 -0.3381 0.8929
vn 0.3797 0.0216 0.9249
vn 0.3961 0.2433 0.8854
vn -0.0606 -0.5954 0.8011
vn 0.0859 -0.2874 0.9540
vn 0.2244 0.0383 0.9738
vn 0.2786 0.2376 0.9305
vn -0.7888 0.1317 0.6004
vn 0.3842 0.6305 0.6744
vn -0.3232 0.8752 -0.3600
vn -0.5232 0.3499 0.7771
vn -0.1864 0.5134 0.8377
vn 0.0406 0.5812 0.8127
vn -0.8248 0.2821 0.4901
vn -0.5545 0.4894 0.6730
vn -0.2167 0.6148 0.7583
vn 0.0050 0.6574 0.7535
vn -0.8259 0.4681 0.3143
vn -0.5644 0.6475 0.5121
vn -0.2442 0.7267 0.6421
vn -0.0356 0.7421 0.6694
vn -0.0623 0.8036 0.5919
vn 0.3519 0.6944 0.6277
vn 0.2992 0.7798 0.5499
vn 0.2219 0.8708 0.4386
vn 0.3092 0.6266 0.7154
vn 0.2715 0.6931 0.6677
vn 0.2155 0.7774 0.5909
vn 0.1332 0.8616 0.4898
vn 0.1941 0.6121 0.7666
vn 0.1543 0.6803 0.7165
vn 0.1039 0.7615 0.6398
vn 0.0239 0.8366 0.5473
vn -0.4698 0.8487 -0.2430
vn -0.6405 0.7647 -0.0705
vn -0.7652 0.6327 0.1191
vn -0.1218 0.9912 -0.0511
vn -0.2592 0.9640 0.0588
vn -0.4151 0.8873 0.2009
vn -0.5224 0.7782 0.3487
vn 0.0935 0.9613 0.2592
vn -0.0125 0.9417 0.3361
vn -0.1400 0.8937 0.4263
vn -0.2312 0.8204 0.5230
vn -0.8742 -0.1622 0.4577
vn -0.4316 -0.6314 -0.6443
vn 0.2121 -0.8772 0.4307
vn -0.9160 -0.3764 0.1387
vn -0.8241 -0.5319 -0.1947
vn -0.7036 -0.5934 -0.3909
vn -0.7856 -0.3117 0.5345
vn -0.8315 -0.5148 0.2088
vn -0.7624 -0.6328 -0.1354
vn -0.6631 -0.6695 -0.3348
vn -0.6220 -0.4947 0.6069
vn -0.6857 -0.6705 0.2833
vn -0.6659 -0.7434 -0.0630
vn -0.6018 -0.7538 -0.2638
vn -0.5414 -0.8147 -0.2079
vn -0.4013 -0.6953 -0.5963
vn -0.3509 -0.7808 -0.5170
vn -0.2805 -0.8719 -0.4013
vn -0.5006 -0.6301 -0.5936
vn -0.4717 -0.6968 -0.5404
vn -0.4236 -0.7812 -0.4586
vn -0.3646 -0.8659 -0.3425
vn -0.5960 -0.6195 -0.5109
vn -0.5657 -0.6879 -0.4547
vn -0.5155 -0.7690 -0.3779
vn -0.4636 -0.8447 -0.2675
vn 0.0433 -0.8565 0.5143
vn -0.1873 -0.7799 0.5972
vn -0.4152 -0.6544 0.6320
vn 0.0206 -0.9931 0.1155
vn -0.1378 -0.9713 0.1938
vn -0.3344 -0.9011 0.2760
vn -0.5166 -0.7972 0.3124
vn -0.1700 -0.9627 -0.2105
vn -0.2851 -0.9472 -0.1468
vn -0.4220 -0.9040 -0.0687
vn -0.5500 -0.8348 -0.0259
vn -0.4531 0.6858 -0.5696
vn -0.4505 -0.5869 -0.6728
vn -0.9187 -0.0578 0.3908
vn -0.5547 0.3596 -0.7503
vn -0.5740 -0.0128 -0.8188
vn -0.5457 -0.2487 -0.8002
vn -0.6016 0.6568 -0.4547
vn -0.6915 0.3308 -0.6421
vn -0.6762 -0.0270 -0.7362
vn -0.6277 -0.2475 -0.7380
vn -0.7667 0.5802 -0.2748
vn -0.8350 0.2736 -0.4773
vn -0.7858 -0.0486 -0.6165
vn -0.7185 -0.2457 -0.6507
vn -0.7828 -0.2473 -0.5710
vn -0.5203 -0.5835 -0.6235
vn -0.6169 -0.5708 -0.5420
vn -0.7271 -0.5383 -0.4261
vn -0.4780 -0.5155 -0.7112
vn -0.5523 -0.5083 -0.6608
vn -0.6491 -0.4920 -0.5802
vn -0.7554 -0.4520 -0.4743
vn -0.5119 -0.4029 -0.7587
vn -0.5885 -0.3945 -0.7057
vn -0.6803 -0.3821 -0.6255
vn -0.7776 -0.3404 -0.5286
vn -0.9562 0.0900 0.2784
vn -0.9525 0.2839 0.1100
vn -0.8871 0.4549 -0.0781
vn -0.9564 -0.2815 0.0778
vn -0.9895 -0.1421 -0.0278
vn -0.9855 0.0346 -0.1661
vn -0.9328 0.1797 -0.3126
vn -0.8546 -0.4603 -0.2403
vn -0.8812 -0.3534 -0.3139
vn -0.8906 -0.2153 -0.4007
vn -0.8626 -0.1004 -0.4958
vn 0.6455 -0.0850 -0.7590
vn 0.3951 -0.8981 0.1930
vn -0.5392 -0.5464 -0.6409
vn 0.6699 -0.1596 -0.7251
vn 0.6971 -0.2681 -0.6650
vn 0.7133 -0.4024 -0.5737
vn 0.5845 -0.1276 -0.8013
vn 0.6069 -0.2080 -0.7671
vn 0.6308 -0.3177 -0.7079
vn 0.6379 -0.4492 -0.6256
vn 0.4863 -0.1888 -0.8532
vn 0.5085 -0.2721 -0.8169
vn 0.5344 -0.3758 -0.7571
vn 0.5361 -0.4980 -0.6817
vn 0.4469 -0.5270 -0.7229
vn 0.2597 -0.9626 0.0773
vn 0.0624 -0.9945 -0.0839
vn -0.1358 -0.9581 -0.2522
vn 0.5915 -0.7967 -0.1241
vn 0.4629 -0.8554 -0.2324
vn 0.2843 -0.8868 -0.3644
vn 0.1182 -0.8609 -0.4949
vn 0.6985 -0.5816 -0.4170
vn 0.6010 -0.6291 -0.4931
vn 0.4672 -0.6691 -0.5780
vn 0.3421 -0.6652 -0.6637
vn -0.2141 -0.4933 -0.8431
vn 0.1361 -0.3693 -0.9193
vn 0.3495 -0.2654 -0.8986
vn -0.4525 -0.6946 -0.5593
vn -0.1322 -0.6294 -0.7657
vn 0.1906 -0.4740 -0.8596
vn 0.3811 -0.3529 -0.8546
vn -0.3102 -0.8537 -0.4182
vn -0.0166 -0.7726 -0.6347
vn 0.2577 -0.5898 -0.7653
vn 0.4171 -0.4534 -0.7877
vn -0.2801 0.8192 -0.5005
vn 0.6263 -0.0361 -0.7788
vn -0.5843 -0.4317 -0.6872
vn 0.0073 0.6896 -0.7241
vn 0.2885 0.4623 -0.8384
vn 0.4442 0.2823 -0.8503
vn -0.3941 0.7002 -0.5953
vn -0.0978 0.5771 -0.8108
vn 0.2040 0.3824 -0.9012
vn 0.3706 0.2300 -0.8998
vn -0.5245 0.5008 -0.6886
vn -0.2225 0.4048 -0.8869
vn 0.0980 0.2710 -0.9576
vn 0.2772 0.1600 -0.9474
vn 0.2018 0.0964 -0.9747
vn 0.5645 -0.0764 -0.8219
vn 0.4651 -0.1353 -0.8748
vn 0.3256 -0.2049 -0.9230
vn 0.5921 0.0378 -0.8050
vn 0.5251 -0.0011 -0.8511
vn 0.4240 -0.0568 -0.9039
vn 0.2874 -0.1137 -0.9510
vn 0.5337 0.1470 -0.8328
vn 0.4634 0.1068 -0.8797
vn 0.3672 0.0492 -0.9289
vn 0.2388 0.0009 -0.9711
vn -0.6265 -0.2538 -0.7369
vn -0.6471 0.0009 -0.7624
vn -0.6148 0.2608 -0.7443
vn -0.2551 -0.3890 -0.8852
vn -0.2942 -0.2211 -0.9298
vn -0.3222 0.0009 -0.9467
vn -0.3042 0.2122 -0.9287
vn 0.1049 -0.2908 -0.9510
vn 0.0698 -0.1673 -0.9834
vn 0.0294 -0.0098 -0.9995
vn 0.0248 0.1416 -0.9896
vn -0.7429 -0.5319 -0.4064
vn 0.1914 -0.8835 0.4275
vn -0.6640 0.0087 0.7476
vn -0.6591 -0.6795 -0.3224
vn -0.5085 -0.8399 -0.1898
vn -0.3269 -0.9445 -0.0318
vn -0.8935 -0.4449 -0.0612
vn -0.8126 -0.5825 0.0178
vn -0.6765 -0.7260 0.1237
vn -0.5257 -0.8147 0.2448
vn -0.9117 -0.2949 0.2862
vn -0.8513 -0.4001 0.3395
vn -0.7559 -0.5177 0.4009
vn -0.6484 -0.5943 0.4757
vn -0.6835 -0.4462 0.5777
vn -0.0877 -0.7480 0.6579
vn -0.3490 -0.5063 0.7886
vn -0.4909 -0.3162 0.8118
vn 0.0530 -0.9479 0.3142
vn -0.2168 -0.8054 0.5516
vn -0.4406 -0.5542 0.7062
vn -0.5555 -0.3642 0.7475
vn -0.1358 -0.9801 0.1445
vn -0.3753 -0.8389 0.3943
vn -0.5461 -0.5963 0.5883
vn -0.6283 -0.4149 0.6581
vn -0.7170 -0.0344 0.6962
vn -0.7861 -0.0977 0.6104
vn -0.8548 -0.1793 0.4869
vn -0.6318 -0.0667 0.7723
vn -0.6855 -0.1154 0.7188
vn -0.7522 -0.1815 0.6334
vn -0.8121 -0.2673 0.5186
vn -0.5753 -0.1771 0.7986
vn -0.6301 -0.2279 0.7423
vn -0.6958 -0.2878 0.6581
vn -0.7472 -0.3700 0.5521
vn -0.7880 -0.4171 -0.4528
vn -0.6833 0.0575 0.7279
vn -0.4838 0.8337 -0.2661
vn -0.9345 -0.3407 -0.1034
vn -0.9425 -0.2162 0.2547
vn -0.8786 -0.1188 0.4626
vn -0.8327 -0.2385 -0.4997
vn -0.9740 -0.1737 -0.1458
vn -0.9720 -0.0933 0.2157
vn -0.9062 -0.0284 0.4218
vn -0.8453 0.0148 -0.5340
vn -0.9811 0.0482 -0.1874
vn -0.9840 0.0625 0.1668
vn -0.9258 0.0841 0.3685
vn -0.9286 0.1772 0.3259
vn -0.7093 0.1309 0.6926
vn -0.7383 0.2381 0.6310
vn -0.7601 0.3685 0.5352
vn -0.7372 0.0168 0.6755
vn -0.7666 0.0920 0.6354
vn -0.7969 0.1972 0.5710
vn -0.8226 0.3151 0.4734
vn -0.8070 -0.0441 0.5888
vn -0.8369 0.0337 0.5463
vn -0.8629 0.1373 0.4864
vn -0.8871 0.2431 0.3924
vn -0.6000 0.7155 -0.3578
vn -0.7231 0.5149 -0.4605
vn -0.8063 0.2741 -0.5241
vn -0.6723 0.7380 0.0575
vn -0.7798 0.6253 -0.0288
vn -0.8825 0.4525 -0.1285
vn -0.9473 0.2589 -0.1884
vn -0.7595 0.5372 0.3667
vn -0.8385 0.4566 0.2973
vn -0.9158 0.3434 0.2084
vn -0.9656 0.2125 0.1499
vn 0.6833 -0.0575 -0.7279
vn 0.7880 0.4171 0.4528
vn 0.4838 -0.8337 0.2661
vn 0.7371 -0.0167 -0.6756
vn 0.8070 0.0444 -0.5889
vn 0.8786 0.1188 -0.4625
vn 0.7095 -0.1309 -0.6925
vn 0.7668 -0.0913 -0.6353
vn 0.8367 -0.0333 -0.5466
vn 0.9061 0.0283 -0.4221
vn 0.7385 -0.2379 -0.6309
vn 0.7972 -0.1970 -0.5707
vn 0.8629 -0.1372 -0.4864
vn 0.9257 -0.0841 -0.3687
vn 0.9286 -0.1772 -0.3259
vn 0.8322 0.2391 0.5002
vn 0.8447 -0.0150 0.5351
vn 0.8062 -0.2745 0.5241
vn 0.9346 0.3404 0.1034
vn 0.9739 0.1725 0.1478
vn 0.9808 -0.0480 0.1889
vn 0.9475 -0.2582 0.1885
vn 0.9427 0.2159 -0.2543
vn 0.9721 0.0928 -0.2153
vn 0.9841 -0.0627 -0.1665
vn 0.9656 -0.2124 -0.1499
vn 0.6721 -0.7382 -0.0576
vn 0.7593 -0.5373 -0.3671
vn 0.7601 -0.3684 -0.5353
vn 0.6008 -0.7150 0.3574
vn 0.7795 -0.6258 0.0264
vn 0.8382 -0.4569 -0.2978
vn 0.8226 -0.3154 -0.4731
vn 0.7237 -0.5151 0.4594
vn 0.8829 -0.4520 0.1271
vn 0.9157 -0.3435 -0.2087
vn 0.8871 -0.2433 -0.3922
vn 0.7429 0.5319 0.4064
vn 0.6640 -0.0087 -0.7476
vn -0.1914 0.8835 -0.4275
vn 0.8936 0.4447 0.0614
vn 0.9118 0.2944 -0.2863
vn 0.8548 0.1793 -0.4870
vn 0.6592 0.6798 0.3215
vn 0.8139 0.5807 -0.0186
vn 0.8516 0.3995 -0.3394
vn 0.8122 0.2676 -0.5184
vn 0.5094 0.8395 0.1890
vn 0.6769 0.7253 -0.1251
vn 0.7560 0.5173 -0.4010
vn 0.7472 0.3702 -0.5520
vn 0.6835 0.4461 -0.5777
vn 0.6317 0.0665 -0.7724
vn 0.5750 0.1771 -0.7987
vn 0.4909 0.3163 -0.8118
vn 0.7170 0.0346 -0.6962
vn 0.6850 0.1156 -0.7193
vn 0.6299 0.2276 -0.7426
vn 0.5556 0.3639 -0.7476
vn 0.7859 0.0978 -0.6105
vn 0.7521 0.1820 -0.6335
vn 0.6957 0.2879 -0.6582
vn 0.6284 0.4147 -0.6581
vn -0.0540 0.9479 -0.3140
vn 0.1352 0.9804 -0.1434
vn 0.3272 0.9444 0.0320
vn 0.0880 0.7481 -0.6578
vn 0.2167 0.8068 -0.5496
vn 0.3744 0.8397 -0.3934
vn 0.5251 0.8149 -0.2453
vn 0.3491 0.5066 -0.7883
vn 0.4409 0.5546 -0.7057
vn 0.5462 0.5966 -0.5880
vn 0.6483 0.5944 -0.4758
vn 0.5843 0.4317 0.6872
vn -0.6263 0.0361 0.7788
vn 0.2801 -0.8192 0.5005
vn 0.2550 0.3892 0.8851
vn -0.1053 0.2911 0.9509
vn -0.3257 0.2049 0.9230
vn 0.6260 0.2532 0.7376
vn 0.2922 0.2224 0.9301
vn -0.0702 0.1678 0.9833
vn -0.2870 0.1137 0.9511
vn 0.6461 -0.0005 0.7632
vn 0.3207 -0.0010 0.9472
vn -0.0297 0.0100 0.9995
vn -0.2385 -0.0008 0.9711
vn -0.2018 -0.0964 0.9747
vn -0.5922 -0.0378 0.8049
vn -0.5338 -0.1472 0.8327
vn -0.4441 -0.2824 0.8503
vn -0.5643 0.0763 0.8220
vn -0.5252 0.0004 0.8510
vn -0.4638 -0.1070 0.8794
vn -0.3709 -0.2298 0.8998
vn -0.4651 0.1351 0.8749
vn -0.4237 0.0564 0.9040
vn -0.3672 -0.0494 0.9288
vn -0.2774 -0.1599 0.9474
vn 0.3943 -0.7008 0.5945
vn 0.5255 -0.5007 0.6878
vn 0.6149 -0.2605 0.7443
vn -0.0072 -0.6894 0.7243
vn 0.1002 -0.5767 0.8108
vn 0.2238 -0.4054 0.8863
vn 0.3040 -0.2129 0.9286
vn -0.2880 -0.4623 0.8386
vn -0.2034 -0.3821 0.9015
vn -0.0976 -0.2710 0.9576
vn -0.0248 -0.1417 0.9896
vn -0.3951 0.8981 -0.1930
vn -0.6455 0.0850 0.7590
vn 0.5392 0.5464 0.6409
vn -0.5917 0.7966 0.1239
vn -0.6988 0.5812 0.4170
vn -0.7134 0.4024 0.5738
vn -0.2597 0.9627 -0.0764
vn -0.4650 0.8542 0.2328
vn -0.6015 0.6287 0.4929
vn -0.6378 0.4495 0.6254
vn -0.0634 0.9944 0.0847
vn -0.2850 0.8861 0.3655
vn -0.4676 0.6688 0.5780
vn -0.5360 0.4982 0.6815
vn -0.4469 0.5270 0.7229
vn -0.5845 0.1274 0.8013
vn -0.4861 0.1886 0.8533
vn -0.3494 0.2654 0.8986
vn -0.6698 0.1597 0.7252
vn -0.6064 0.2078 0.7676
vn -0.5084 0.2717 0.8171
vn -0.3813 0.3526 0.8545
vn -0.6969 0.2681 0.6652
vn -0.6305 0.3180 0.7081
vn -0.5343 0.3758 0.7572
vn -0.4173 0.4533 0.7877
vn 0.4534 0.6942 0.5591
vn 0.3109 0.8540 0.4172
vn 0.1356 0.9582 0.2520
vn 0.2140 0.4935 0.8430
vn 0.1330 0.6311 0.7642
vn 0.0179 0.7731 0.6341
vn -0.1176 0.8607 0.4953
vn -0.1359 0.3698 0.9191
vn -0.1906 0.4746 0.8593
vn -0.2576 0.5901 0.7651
vn -0.3420 0.6652 0.6638
vn 0.0281 0.0281 -0.9992
vn 0.0659 0.9856 -0.1555
vn 0.9856 0.0659 -0.1555
vn 0.0293 0.1133 -0.9931
vn 0.0306 0.2383 -0.9707
vn 0.0347 0.3931 -0.9189
vn 0.1134 0.0295 -0.9931
vn 0.1187 0.1192 -0.9858
vn 0.1233 0.2438 -0.9619
vn 0.1372 0.3897 -0.9107
vn 0.2382 0.0308 -0.9707
vn 0.2439 0.1238 -0.9619
vn 0.2439 0.2441 -0.9386
vn 0.2607 0.3776 -0.8885
vn 0.3578 0.3578 -0.8625
vn 0.2527 0.9547 -0.1570
vn 0.4907 0.8582 -0.1508
vn 0.6996 0.6994 -0.1460
vn 0.0600 0.8530 -0.5185
vn 0.2353 0.8220 -0.5186
vn 0.4442 0.7417 -0.5026
vn 0.6158 0.6163 -0.4909
vn 0.0453 0.5991 -0.7994
vn 0.1764 0.5804 -0.7950
vn 0.3331 0.5395 -0.7733
vn 0.4630 0.4631 -0.7557
vn 0.8530 0.0597 -0.5184
vn 0.5989 0.0449 -0.7995
vn 0.3930 0.0347 -0.9189
vn 0.9544 0.2533 -0.1577
vn 0.8215 0.2336 -0.5202
vn 0.5803 0.1758 -0.7952
vn 0.3900 0.1373 -0.9105
vn 0.8582 0.4903 -0.1520
vn 0.7409 0.4440 -0.5039
vn 0.5394 0.3328 -0.7735
vn 0.3778 0.2607 -0.8884
vn 0.0659 -0.9856 -0.1555
vn 0.0281 -0.0281 -0.9992
vn 0.9856 -0.0659 -0.1555
vn 0.0597 -0.8530 -0.5184
vn 0.0449 -0.5989 -0.7995
vn 0.0347 -0.3930 -0.9189
vn 0.2533 -0.9544 -0.1577
vn 0.2336 -0.8215 -0.5202
vn 0.1758 -0.5803 -0.7952
vn 0.1373 -0.3900 -0.9105
vn 0.4903 -0.8582 -0.1520
vn 0.4440 -0.7409 -0.5039
vn 0.3328 -0.5394 -0.7735
vn 0.2607 -0.3778 -0.8884
vn 0.3578 -0.3578 -0.8625
vn 0.1133 -0.0293 -0.9931
vn 0.2383 -0.0306 -0.9707
vn 0.3931 -0.0347 -0.9189
vn 0.0295 -0.1134 -0.9931
vn 0.1192 -0.1187 -0.9858
vn 0.2438 -0.1233 -0.9619
vn 0.3897 -0.1371 -0.9107
vn 0.0308 -0.2382 -0.9707
vn 0.1238 -0.2439 -0.9619
vn 0.2441 -0.2439 -0.9386
vn 0.3776 -0.2607 -0.8885
vn 0.9547 -0.2527 -0.1570
vn 0.8582 -0.4907 -0.1508
vn 0.6994 -0.6996 -0.1460
vn 0.8530 -0.0600 -0.5185
vn 0.8220 -0.2353 -0.5186
vn 0.7417 -0.4442 -0.5026
vn 0.6163 -0.6158 -0.4909
vn 0.5991 -0.0453 -0.7994
vn 0.5804 -0.1764 -0.7950
vn 0.5395 -0.3331 -0.7733
vn 0.4631 -0.4630 -0.7557
vn 0.9856 0.0659 0.1555
vn 0.0659 0.9856 0.1555
vn 0.0281 0.0281 0.9992
vn 0.9547 0.2527 0.1570
vn 0.8582 0.4907 0.1508
vn 0.6994 0.6996 0.1460
vn 0.8530 0.0600 0.5185
vn 0.8220 0.2353 0.5186
vn 0.7417 0.4442 0.5026
vn 0.6163 0.6158 0.4909
vn 0.5991 0.0453 0.7994
vn 0.5804 0.1764 0.7950
vn 0.5395 0.3331 0.7733
vn 0.4631 0.4630 0.7557
vn 0.3578 0.3578 0.8625
vn 0.0597 0.8530 0.5184
vn 0.0449 0.5989 0.7995
vn 0.0347 0.3930 0.9189
vn 0.2533 0.9544 0.1577
vn 0.2336 0.8215 0.5202
vn 0.1758 0.5803 0.7952
vn 0.1373 0.3900 0.9105
vn 0.4903 0.8582 0.1520
vn 0.4440 0.7409 0.5039
vn 0.3328 0.5394 0.7735
vn 0.2607 0.3778 0.8884
vn 0.1133 0.0293 0.9931
vn 0.2383 0.0306 0.9707
vn 0.3931 0.0347 0.9189
vn 0.0295 0.1134 0.9931
vn 0.1192 0.1187 0.9858
vn 0.2438 0.1233 0.9619
vn 0.3897 0.1372 0.9107
vn 0.0308 0.2382 0.9707
vn 0.1238 0.2439 0.9619
vn 0.2441 0.2439 0.9386
vn 0.3776 0.2607 0.8885
vn 0.9856 -0.0659 0.1555
vn 0.0281 -0.0281 0.9992
vn 0.0659 -0.9856 0.1555
vn 0.8530 -0.0597 0.5184
vn 0.5989 -0.0449 0.7995
vn 0.3930 -0.0347 0.9189
vn 0.9544 -0.2533 0.1577
vn 0.8215 -0.2336 0.5202
vn 0.5803 -0.1758 0.7952
vn 0.3900 -0.1373 0.9105
vn 0.8582 -0.4903 0.1520
vn 0.7409 -0.4440 0.5039
vn 0.5394 -0.3328 0.7735
vn 0.3778 -0.2607 0.8884
vn 0.3578 -0.3578 0.8625
vn 0.0293 -0.1133 0.9931
vn 0.0306 -0.2383 0.9707
vn 0.0348 -0.3931 0.9189
vn 0.1134 -0.0295 0.9931
vn 0.1187 -0.1192 0.9858
vn 0.1233 -0.2438 0.9619
vn 0.1371 -0.3897 0.9107
vn 0.2382 -0.0308 0.9707
vn 0.2439 -0.1238 0.9619
vn 0.2439 -0.2441 0.9386
vn 0.2607 -0.3776 0.8885
vn 0.2527 -0.9547 0.1570
vn 0.4907 -0.8582 0.1508
vn 0.6996 -0.6994 0.1460
vn 0.0600 -0.8530 0.5185
vn 0.2353 -0.8220 0.5186
vn 0.4442 -0.7417 0.5026
vn 0.6158 -0.6163 0.4909
vn 0.0453 -0.5991 0.7994
vn 0.1764 -0.5804 0.7950
vn 0.3331 -0.5395 0.7733
vn 0.4630 -0.4631 0.7557
vn -0.0281 0.0281 -0.9992
vn -0.9856 0.0659 -0.1555
vn -0.0659 0.9856 -0.1555
vn -0.1133 0.0293 -0.9931
vn -0.2383 0.0306 -0.9707
vn -0.3931 0.0347 -0.9189
vn -0.0295 0.1134 -0.9931
vn -0.1192 0.1187 -0.9858
vn -0.2438 0.1233 -0.9619
vn -0.3897 0.1371 -0.9107
vn -0.0308 0.2382 -0.9707
vn -0.1238 0.2439 -0.9619
vn -0.2441 0.2439 -0.9386
vn -0.3776 0.2607 -0.8885
vn -0.3578 0.3578 -0.8625
vn -0.9547 0.2527 -0.1570
vn -0.8582 0.4907 -0.1508
vn -0.6994 0.6996 -0.1460
vn -0.8530 0.0600 -0.5185
vn -0.8220 0.2353 -0.5186
vn -0.7417 0.4442 -0.5026
vn -0.6163 0.6158 -0.4909
vn -0.5991 0.0453 -0.7994
vn -0.5804 0.1764 -0.7950
vn -0.5395 0.3331 -0.7733
vn -0.4631 0.4630 -0.7557
vn -0.0597 0.8530 -0.5184
vn -0.0449 0.5989 -0.7995
vn -0.0347 0.3930 -0.9189
vn -0.2533 0.9544 -0.1577
vn -0.2336 0.8215 -0.5202
vn -0.1758 0.5803 -0.7952
vn -0.1373 0.3900 -0.9105
vn -0.4903 0.8582 -0.1520
vn -0.4440 0.7409 -0.5039
vn -0.3328 0.5394 -0.7735
vn -0.2607 0.3778 -0.8884
vn -0.9856 -0.0659 -0.1555
vn -0.0281 -0.0281 -0.9992
vn -0.0659 -0.9856 -0.1555
vn -0.8530 -0.0597 -0.5184
vn -0.5989 -0.0449 -0.7995
vn -0.3930 -0.0347 -0.9189
vn -0.9544 -0.2533 -0.1577
vn -0.8215 -0.2336 -0.5202
vn -0.5803 -0.1758 -0.7952
vn -0.3900 -0.1373 -0.9105
vn -0.8582 -0.4903 -0.1520
vn -0.7409 -0.4440 -0.5039
vn -0.5394 -0.3328 -0.7735
vn -0.3778 -0.2607 -0.8884
vn -0.3578 -0.3578 -0.8625
vn -0.0293 -0.1133 -0.9931
vn -0.0306 -0.2383 -0.9707
vn -0.0348 -0.3931 -0.9189
vn -0.1134 -0.0295 -0.9931
vn -0.1187 -0.1192 -0.9858
vn -0.1233 -0.2438 -0.9619
vn -0.1371 -0.3897 -0.9107
vn -0.2382 -0.0308 -0.9707
vn -0.2439 -0.1238 -0.9619
vn -0.2439 -0.2441 -0.9386
vn -0.2607 -0.3776 -0.8885
vn -0.2527 -0.9547 -0.1570
vn -0.4907 -0.8582 -0.1508
vn -0.6996 -0.6994 -0.1460
vn -0.0600 -0.8530 -0.5185
vn -0.2353 -0.8220 -0.5186
vn -0.4442 -0.7417 -0.5026
vn -0.6158 -0.6163 -0.4909
vn -0.0453 -0.5991 -0.7994
vn -0.1764 -0.5804 -0.7950
vn -0.3331 -0.5395 -0.7733
vn -0.4630 -0.4631 -0.7557
vn -0.9856 0.0659 0.1555
vn -0.0281 0.0281 0.9992
vn -0.0659 0.9856 0.1555
vn -0.8530 0.0597 0.5184
vn -0.5989 0.0449 0.7995
vn -0.3930 0.0347 0.9189
vn -0.9544 0.2533 0.1577
vn -0.8215 0.2336 0.5202
vn -0.5803 0.1758 0.7952
vn -0.3900 0.1373 0.9105
vn -0.8582 0.4903 0.1520
vn -0.7409 0.4440 0.5039
vn -0.5394 0.3328 0.7735
vn -0.3778 0.2607 0.8884
vn -0.3578 0.3578 0.8625
vn -0.0293 0.1133 0.9931
vn -0.0306 0.2383 0.9707
vn -0.0348 0.3931 0.9189
vn -0.1134 0.0295 0.9931
vn -0.1187 0.1192 0.9858
vn -0.1233 0.2438 0.9619
vn -0.1371 0.3897 0.9107
vn -0.2382 0.0308 0.9707
vn -0.2439 0.1238 0.9619
vn -0.2439 0.2441 0.9386
vn -0.2607 0.3776 0.8885
vn -0.2527 0.9547 0.1570
vn -0.4907 0.8582 0.1508
vn -0.6996 0.6994 0.1460
vn -0.0600 0.8530 0.5185
vn -0.2353 0.8220 0.5186
vn -0.4442 0.7417 0.5026
vn -0.6158 0.6163 0.4909
vn -0.0453 0.5991 0.7994
vn -0.1764 0.5804 0.7950
vn -0.3331 0.5395 0.7733
vn -0.4630 0.4631 0.7557
vn -0.0659 -0.9856 0.1555
vn -0.0281 -0.0281 0.9992
vn -0.9856 -0.0659 0.1555
vn -0.0597 -0.8530 0.5184
vn -0.0449 -0.5989 0.7995
vn -0.0347 -0.3930 0.9189
vn -0.2533 -0.9544 0.1577
vn -0.2336 -0.8215 0.5202
vn -0.1758 -0.5803 0.7952
vn -0.1373 -0.3900 0.9105
vn -0.4903 -0.8582 0.1520
vn -0.4440 -0.7409 0.5039
vn -0.3328 -0.5394 0.7735
vn -0.2607 -0.3778 0.8884
vn -0.3578 -0.3578 0.8625
vn -0.1133 -0.0293 0.9931
vn -0.2383 -0.0306 0.9707
vn -0.3931 -0.0348 0.9189
vn -0.0295 -0.1134 0.9931
vn -0.1192 -0.1187 0.9858
vn -0.2438 -0.1233 0.9619
vn -0.3897 -0.1372 0.9107
vn -0.0308 -0.2382 0.9707
vn -0.1238 -0.2439 0.9619
vn -0.2441 -0.2439 0.9386
vn -0.3776 -0.2607 0.8885
vn -0.9547 -0.2527 0.1570
vn -0.8582 -0.4907 0.1508
vn -0.6994 -0.6996 0.1460
vn -0.8530 -0.0600 0.5185
vn -0.8220 -0.2353 0.5186
vn -0.7417 -0.4442 0.5026
vn -0.6163 -0.6158 0.4909
vn -0.5991 -0.0453 0.7994
vn -0.5804 -0.1764 0.7950
vn -0.5395 -0.3331 0.7733
vn -0.4631 -0.4630 0.7557
vn -0.2097 0.3842 -0.8991
vn 0.2458 -0.7682 -0.5911
vn -0.9142 -0.3755 -0.1528
vn -0.1806 0.3113 -0.9330
vn -0.1347 0.1990 -0.9707
vn -0.0757 0.0489 -0.9959
vn -0.2865 0.3470 -0.8930
vn -0.2593 0.2684 -0.9278
vn -0.2164 0.1545 -0.9640
vn -0.1694 0.0081 -0.9855
vn -0.3965 0.2875 -0.8718
vn -0.3683 0.2055 -0.9067
vn -0.3228 0.0972 -0.9415
vn -0.2829 -0.0397 -0.9583
vn -0.3739 -0.0725 -0.9246
vn 0.0631 -0.8155 -0.5753
vn -0.1874 -0.8324 -0.5216
vn -0.4330 -0.7862 -0.4409
vn 0.1357 -0.5053 -0.8522
vn -0.0362 -0.5486 -0.8353
vn -0.2527 -0.5715 -0.7807
vn -0.4510 -0.5410 -0.7099
vn 0.0081 -0.1741 -0.9847
vn -0.1180 -0.2119 -0.9701
vn -0.2719 -0.2490 -0.9296
vn -0.4141 -0.2447 -0.8767
vn -0.8646 -0.1665 -0.4741
vn -0.6904 0.0629 -0.7207
vn -0.5275 0.2020 -0.8252
vn -0.8219 -0.5158 -0.2417
vn -0.7765 -0.2959 -0.5563
vn -0.6277 -0.0388 -0.7775
vn -0.4882 0.1156 -0.8651
vn -0.6513 -0.6746 -0.3473
vn -0.6274 -0.4434 -0.6401
vn -0.5323 -0.1605 -0.8312
vn -0.4305 0.0100 -0.9025
vn -0.4272 0.8466 0.3173
vn -0.2289 0.4301 -0.8733
vn -0.9591 -0.2676 -0.0921
vn -0.4465 0.8923 -0.0660
vn -0.4006 0.8076 -0.4327
vn -0.3440 0.6928 -0.6337
vn -0.5894 0.7485 0.3039
vn -0.5961 0.7990 -0.0793
vn -0.5138 0.7392 -0.4354
vn -0.4357 0.6467 -0.6260
vn -0.7734 0.5743 0.2683
vn -0.7589 0.6437 -0.0987
vn -0.6400 0.6350 -0.4325
vn -0.5408 0.5790 -0.6101
vn -0.6182 0.5137 -0.5949
vn -0.3065 0.3952 -0.8660
vn -0.4176 0.3378 -0.8435
vn -0.5513 0.2588 -0.7931
vn -0.2581 0.4969 -0.8285
vn -0.3410 0.4630 -0.8182
vn -0.4526 0.4080 -0.7929
vn -0.5816 0.3406 -0.7387
vn -0.2977 0.5893 -0.7511
vn -0.3834 0.5537 -0.7392
vn -0.4895 0.4969 -0.7166
vn -0.6083 0.4373 -0.6624
vn -0.9948 -0.1017 -0.0078
vn -0.9861 0.1284 0.1058
vn -0.9104 0.3599 0.2038
vn -0.9054 -0.0684 -0.4190
vn -0.9368 0.0874 -0.3388
vn -0.9311 0.2833 -0.2295
vn -0.8722 0.4681 -0.1421
vn -0.7213 0.1367 -0.6790
vn -0.7480 0.2496 -0.6150
vn -0.7597 0.3849 -0.5242
vn -0.7304 0.5139 -0.4499
vn -0.8539 -0.5056 0.1231
vn 0.3061 -0.8983 -0.3152
vn 0.1772 -0.4521 0.8742
vn -0.7614 -0.6472 0.0378
vn -0.5926 -0.8016 -0.0788
vn -0.3761 -0.9086 -0.1818
vn -0.6636 -0.6007 0.4459
vn -0.5752 -0.7322 0.3647
vn -0.4332 -0.8651 0.2529
vn -0.2616 -0.9516 0.1615
vn -0.3808 -0.6066 0.6978
vn -0.3196 -0.7048 0.6333
vn -0.2328 -0.8081 0.5411
vn -0.1215 -0.8772 0.4645
vn -0.0399 -0.7944 0.6061
vn 0.3367 -0.9392 0.0679
vn 0.3180 -0.8428 0.4342
vn 0.2802 -0.7201 0.6348
vn 0.1234 -0.9472 -0.2959
vn 0.1663 -0.9823 0.0867
vn 0.1905 -0.8771 0.4409
vn 0.1832 -0.7544 0.6304
vn -0.1285 -0.9589 -0.2529
vn -0.0578 -0.9919 0.1127
vn 0.0279 -0.8961 0.4430
vn 0.0612 -0.7835 0.6183
vn 0.0981 -0.4841 0.8695
vn -0.0208 -0.5248 0.8510
vn -0.1717 -0.5671 0.8055
vn 0.2039 -0.5201 0.8294
vn 0.1218 -0.5565 0.8219
vn 0.0041 -0.5992 0.8006
vn -0.1353 -0.6463 0.7510
vn 0.2409 -0.6135 0.7521
vn 0.1556 -0.6509 0.7431
vn 0.0406 -0.6883 0.7243
vn -0.0862 -0.7334 0.6743
vn -0.8989 -0.3977 0.1838
vn 0.1581 -0.4062 0.9000
vn -0.3670 0.7165 0.5932
vn -0.7046 -0.5026 0.5010
vn -0.4114 -0.5327 0.7396
vn -0.1953 -0.5102 0.8376
vn -0.9338 -0.2328 0.2717
vn -0.7346 -0.3485 0.5822
vn -0.4398 -0.4164 0.7957
vn -0.2293 -0.4216 0.8773
vn -0.9273 0.0015 0.3744
vn -0.7355 -0.1377 0.6634
vn -0.4600 -0.2626 0.8482
vn -0.2645 -0.3064 0.9144
vn -0.2842 -0.2082 0.9359
vn 0.1267 -0.3343 0.9339
vn 0.0784 -0.2230 0.9717
vn 0.0118 -0.0762 0.9970
vn 0.0779 -0.4359 0.8966
vn 0.0411 -0.3614 0.9315
vn -0.0104 -0.2512 0.9679
vn -0.0829 -0.1157 0.9898
vn -0.0417 -0.4744 0.8793
vn -0.0803 -0.3967 0.9144
vn -0.1260 -0.2885 0.9492
vn -0.1966 -0.1648 0.9665
vn -0.5280 0.6173 0.5832
vn -0.7151 0.4475 0.5370
vn -0.8540 0.2374 0.4629
vn -0.2460 0.4582 0.8541
vn -0.3967 0.3640 0.8427
vn -0.5645 0.2230 0.7947
vn -0.6818 0.0579 0.7293
vn -0.0915 0.1385 0.9861
vn -0.2065 0.0735 0.9757
vn -0.3409 -0.0123 0.9400
vn -0.4377 -0.1185 0.8913
vn -0.1581 0.4062 -0.9000
vn 0.8989 0.3977 -0.1838
vn 0.3670 -0.7165 -0.5932
vn -0.0781 0.4360 -0.8965
vn 0.0417 0.4746 -0.8792
vn 0.1955 0.5102 -0.8375
vn -0.1265 0.3343 -0.9340
vn -0.0408 0.3621 -0.9313
vn 0.0801 0.3972 -0.9142
vn 0.2289 0.4216 -0.8774
vn -0.0783 0.2232 -0.9716
vn 0.0109 0.2513 -0.9678
vn 0.1260 0.2887 -0.9491
vn 0.2642 0.3064 -0.9145
vn 0.2842 0.2082 -0.9359
vn 0.9340 0.2331 -0.2708
vn 0.9277 -0.0022 -0.3734
vn 0.8539 -0.2377 -0.4630
vn 0.7046 0.5024 -0.5012
vn 0.7359 0.3466 -0.5816
vn 0.7365 0.1373 -0.6623
vn 0.6821 -0.0573 -0.7290
vn 0.4118 0.5324 -0.7396
vn 0.4401 0.4158 -0.7959
vn 0.4602 0.2623 -0.8482
vn 0.4377 0.1186 -0.8912
vn 0.2458 -0.4584 -0.8541
vn 0.0910 -0.1384 -0.9862
vn -0.0118 0.0763 -0.9970
vn 0.5283 -0.6165 -0.5838
vn 0.3946 -0.3636 -0.8438
vn 0.2058 -0.0737 -0.9758
vn 0.0831 0.1154 -0.9898
vn 0.7146 -0.4471 -0.5381
vn 0.5638 -0.2219 -0.7956
vn 0.3405 0.0123 -0.9402
vn 0.1968 0.1646 -0.9665
vn 0.8539 0.5056 -0.1231
vn -0.1772 0.4521 -0.8742
vn -0.3061 0.8983 0.3152
vn 0.6638 0.6004 -0.4459
vn 0.3807 0.6063 -0.6982
vn 0.1716 0.5671 -0.8056
vn 0.7608 0.6479 -0.0382
vn 0.5751 0.7312 -0.3668
vn 0.3198 0.7044 -0.6337
vn 0.1356 0.6464 -0.7508
vn 0.5925 0.8019 0.0776
vn 0.4323 0.8652 -0.2542
vn 0.2327 0.8079 -0.5415
vn 0.0864 0.7335 -0.6741
vn 0.0399 0.7944 -0.6061
vn -0.2040 0.5199 -0.8295
vn -0.2412 0.6135 -0.7520
vn -0.2802 0.7201 -0.6348
vn -0.0981 0.4842 -0.8694
vn -0.1224 0.5567 -0.8217
vn -0.1561 0.6507 -0.7432
vn -0.1833 0.7541 -0.6306
vn 0.0206 0.5249 -0.8509
vn -0.0042 0.5996 -0.8003
vn -0.0407 0.6884 -0.7242
vn -0.0612 0.7834 -0.6185
vn -0.1239 0.9469 0.2967
vn 0.1291 0.9586 0.2540
vn 0.3764 0.9085 0.1817
vn -0.3365 0.9392 -0.0680
vn -0.1646 0.9827 -0.0851
vn 0.0580 0.9921 -0.1111
vn 0.2609 0.9518 -0.1612
vn -0.3176 0.8431 -0.4339
vn -0.1898 0.8773 -0.4408
vn -0.0276 0.8962 -0.4428
vn 0.1214 0.8773 -0.4644
vn 0.9591 0.2676 0.0921
vn 0.2289 -0.4301 0.8733
vn 0.4272 -0.8466 -0.3173
vn 0.9053 0.0687 0.4191
vn 0.7210 -0.1365 0.6793
vn 0.5512 -0.2589 0.7932
vn 0.9949 0.1008 0.0082
vn 0.9360 -0.0869 0.3410
vn 0.7477 -0.2492 0.6155
vn 0.5819 -0.3405 0.7385
vn 0.9862 -0.1287 -0.1046
vn 0.9306 -0.2840 0.2308
vn 0.7595 -0.3847 0.5245
vn 0.6085 -0.4372 0.6622
vn 0.6182 -0.5137 0.5949
vn 0.2579 -0.4969 0.8286
vn 0.2975 -0.5895 0.7510
vn 0.3441 -0.6929 0.6337
vn 0.3067 -0.3953 0.8659
vn 0.3407 -0.4636 0.8179
vn 0.3829 -0.5539 0.7393
vn 0.4355 -0.6465 0.6263
vn 0.4176 -0.3381 0.8434
vn 0.4528 -0.4083 0.7926
vn 0.4894 -0.4970 0.7165
vn 0.5407 -0.5789 0.6103
vn 0.5888 -0.7486 -0.3047
vn 0.7735 -0.5737 -0.2694
vn 0.9106 -0.3596 -0.2037
vn 0.4468 -0.8922 0.0661
vn 0.5975 -0.7981 0.0777
vn 0.7591 -0.6436 0.0972
vn 0.8718 -0.4688 0.1419
vn 0.4011 -0.8075 0.4325
vn 0.5143 -0.7389 0.4352
vn 0.6403 -0.6349 0.4323
vn 0.7303 -0.5140 0.4499
vn -0.2458 0.7682 0.5911
vn 0.2097 -0.3842 0.8991
vn 0.9142 0.3755 0.1528
vn -0.1360 0.5052 0.8522
vn -0.0084 0.1737 0.9848
vn 0.0757 -0.0490 0.9959
vn -0.0623 0.8152 0.5758
vn 0.0351 0.5469 0.8365
vn 0.1175 0.2115 0.9703
vn 0.1694 -0.0077 0.9855
vn 0.1874 0.8317 0.5227
vn 0.2530 0.5702 0.7816
vn 0.2717 0.2487 0.9297
vn 0.2828 0.0399 0.9583
vn 0.3739 0.0725 0.9246
vn 0.2865 -0.3472 0.8930
vn 0.3967 -0.2877 0.8717
vn 0.5276 -0.2019 0.8252
vn 0.1807 -0.3111 0.9330
vn 0.2600 -0.2686 0.9275
vn 0.3684 -0.2059 0.9066
vn 0.4879 -0.1159 0.8652
vn 0.1350 -0.1990 0.9707
vn 0.2169 -0.1542 0.9639
vn 0.3229 -0.0972 0.9414
vn 0.4303 -0.0102 0.9026
vn 0.8222 0.5158 0.2407
vn 0.6510 0.6754 0.3464
vn 0.4327 0.7863 0.4410
vn 0.8644 0.1667 0.4743
vn 0.7761 0.2981 0.5557
vn 0.6278 0.4445 0.6390
vn 0.4517 0.5407 0.7096
vn 0.6904 -0.0624 0.7208
vn 0.6275 0.0394 0.7776
vn 0.5322 0.1609 0.8312
vn 0.4142 0.2447 0.8767
vt 0.278322 0.965059
s 1
usemtl Material.001
f 3523/1/3523 3524/1/3524 3527/1/3527 3526/1/3526
f 3524/1/3524 3525/1/3525 3528/1/3528 3527/1/3527
f 3526/1/3526 3527/1/3527 3530/1/3530 3529/1/3529
f 3527/1/3527 3528/1/3528 3531/1/3531 3530/1/3530
f 47/1/47 511/1/511 3523/1/3523 510/1/510
f 511/1/511 512/1/512 3524/1/3524 3523/1/3523
f 512/1/512 513/1/513 3525/1/3525 3524/1/3524
f 513/1/513 1/1/1 514/1/514 3525/1/3525
f 3525/1/3525 514/1/514 515/1/515 3528/1/3528
f 3528/1/3528 515/1/515 516/1/516 3531/1/3531
f 3531/1/3531 516/1/516 3/1/3 517/1/517
f 3530/1/3530 3531/1/3531 517/1/517 518/1/518
f 3529/1/3529 3530/1/3530 518/1/518 519/1/519
f 508/1/508 3529/1/3529 519/1/519 45/1/45
f 509/1/509 3526/1/3526 3529/1/3529 508/1/508
f 510/1/510 3523/1/3523 3526/1/3526 509/1/509
f 3532/1/3532 3533/1/3533 3536/1/3536 3535/1/3535
f 3533/1/3533 3534/1/3534 3537/1/3537 3536/1/3536
f 3535/1/3535 3536/1/3536 3539/1/3539 3538/1/3538
f 3536/1/3536 3537/1/3537 3540/1/3540 3539/1/3539
f 4/1/4 523/1/523 3532/1/3532 522/1/522
f 523/1/523 524/1/524 3533/1/3533 3532/1/3532
f 524/1/524 525/1/525 3534/1/3534 3533/1/3533
f 525/1/525 2/1/2 526/1/526 3534/1/3534
f 3534/1/3534 526/1/526 527/1/527 3537/1/3537
f 3537/1/3537 527/1/527 528/1/528 3540/1/3540
f 3540/1/3540 528/1/528 48/1/48 529/1/529
f 3539/1/3539 3540/1/3540 529/1/529 530/1/530
f 3538/1/3538 3539/1/3539 530/1/530 531/1/531
f 520/1/520 3538/1/3538 531/1/531 46/1/46
f 521/1/521 3535/1/3535 3538/1/3538 520/1/520
f 522/1/522 3532/1/3532 3535/1/3535 521/1/521
f 3541/1/3541 3542/1/3542 3545/1/3545 3544/1/3544
f 3542/1/3542 3543/1/3543 3546/1/3546 3545/1/3545
f 3544/1/3544 3545/1/3545 3548/1/3548 3547/1/3547
f 3545/1/3545 3546/1/3546 3549/1/3549 3548/1/3548
f 45/1/45 519/1/519 3541/1/3541 534/1/534
f 519/1/519 518/1/518 3542/1/3542 3541/1/3541
f 518/1/518 517/1/517 3543/1/3543 3542/1/3542
f 517/1/517 3/1/3 535/1/535 3543/1/3543
f 3543/1/3543 535/1/535 536/1/536 3546/1/3546
f 3546/1/3546 536/1/536 537/1/537 3549/1/3549
f 3549/1/3549 537/1/537 5/1/5 538/1/538
f 3548/1/3548 3549/1/3549 538/1/538 539/1/539
f 3547/1/3547 3548/1/3548 539/1/539 540/1/540
f 532/1/532 3547/1/3547 540/1/540 43/1/43
f 533/1/533 3544/1/3544 3547/1/3547 532/1/532
f 534/1/534 3541/1/3541 3544/1/3544 533/1/533
f 3550/1/3550 3551/1/3551 3554/1/3554 3553/1/3553
f 3551/1/3551 3552/1/3552 3555/1/3555 3554/1/3554
f 3553/1/3553 3554/1/3554 3557/1/3557 3556/1/3556
f 3554/1/3554 3555/1/3555 3558/1/3558 3557/1/3557
f 6/1/6 544/1/544 3550/1/3550 543/1/543
f 544/1/544 545/1/545 3551/1/3551 3550/1/3550
f 545/1/545 546/1/546 3552/1/3552 3551/1/3551
f 546/1/546 4/1/4 522/1/522 3552/1/3552
f 3552/1/3552 522/1/522 521/1/521 3555/1/3555
f 3555/1/3555 521/1/521 520/1/520 3558/1/3558
f 3558/1/3558 520/1/520 46/1/46 547/1/547
f 3557/1/3557 3558/1/3558 547/1/547 548/1/548
f 3556/1/3556 3557/1/3557 548/1/548 549/1/549
f 541/1/541 3556/1/3556 549/1/549 44/1/44
f 542/1/542 3553/1/3553 3556/1/3556 541/1/541
f 543/1/543 3550/1/3550 3553/1/3553 542/1/542
f 3559/1/3559 3560/1/3560 3563/1/3563 3562/1/3562
f 3560/1/3560 3561/1/3561 3564/1/3564 3563/1/3563
f 3562/1/3562 3563/1/3563 3566/1/3566 3565/1/3565
f 3563/1/3563 3564/1/3564 3567/1/3567 3566/1/3566
f 3/1/3 550/1/550 3559/1/3559 535/1/535
f 550/1/550 551/1/551 3560/1/3560 3559/1/3559
f 551/1/551 552/1/552 3561/1/3561 3560/1/3560
f 552/1/552 9/1/9 553/1/553 3561/1/3561
f 3561/1/3561 553/1/553 554/1/554 3564/1/3564
f 3564/1/3564 554/1/554 555/1/555 3567/1/3567
f 3567/1/3567 555/1/555 7/1/7 556/1/556
f 3566/1/3566 3567/1/3567 556/1/556 557/1/557
f 3565/1/3565 3566/1/3566 557/1/557 558/1/558
f 537/1/537 3565/1/3565 558/1/558 5/1/5
f 536/1/536 3562/1/3562 3565/1/3565 537/1/537
f 535/1/535 3559/1/3559 3562/1/3562 536/1/536
f 3568/1/3568 3569/1/3569 3572/1/3572 3571/1/3571
f 3569/1/3569 3570/1/3570 3573/1/3573 3572/1/3572
f 3571/1/3571 3572/1/3572 3575/1/3575 3574/1/3574
f 3572/1/3572 3573/1/3573 3576/1/3576 3575/1/3575
f 8/1/8 562/1/562 3568/1/3568 561/1/561
f 562/1/562 563/1/563 3569/1/3569 3568/1/3568
f 563/1/563 564/1/564 3570/1/3570 3569/1/3569
f 564/1/564 10/1/10 565/1/565 3570/1/3570
f 3570/1/3570 565/1/565 566/1/566 3573/1/3573
f 3573/1/3573 566/1/566 567/1/567 3576/1/3576
f 3576/1/3576 567/1/567 4/1/4 546/1/546
f 3575/1/3575 3576/1/3576 546/1/546 545/1/545
f 3574/1/3574 3575/1/3575 545/1/545 544/1/544
f 559/1/559 3574/1/3574 544/1/544 6/1/6
f 560/1/560 3571/1/3571 3574/1/3574 559/1/559
f 561/1/561 3568/1/3568 3571/1/3571 560/1/560
f 3577/1/3577 3578/1/3578 3581/1/3581 3580/1/3580
f 3578/1/3578 3579/1/3579 3582/1/3582 3581/1/3581
f 3580/1/3580 3581/1/3581 3584/1/3584 3583/1/3583
f 3581/1/3581 3582/1/3582 3585/1/3585 3584/1/3584
f 1/1/1 568/1/568 3577/1/3577 514/1/514
f 568/1/568 569/1/569 3578/1/3578 3577/1/3577
f 569/1/569 570/1/570 3579/1/3579 3578/1/3578
f 570/1/570 11/1/11 571/1/571 3579/1/3579
f 3579/1/3579 571/1/571 572/1/572 3582/1/3582
f 3582/1/3582 572/1/572 573/1/573 3585/1/3585
f 3585/1/3585 573/1/573 9/1/9 552/1/552
f 3584/1/3584 3585/1/3585 552/1/552 551/1/551
f 3583/1/3583 3584/1/3584 551/1/551 550/1/550
f 516/1/516 3583/1/3583 550/1/550 3/1/3
f 515/1/515 3580/1/3580 3583/1/3583 516/1/516
f 514/1/514 3577/1/3577 3580/1/3580 515/1/515
f 3586/1/3586 3587/1/3587 3590/1/3590 3589/1/3589
f 3587/1/3587 3588/1/3588 3591/1/3591 3590/1/3590
f 3589/1/3589 3590/1/3590 3593/1/3593 3592/1/3592
f 3590/1/3590 3591/1/3591 3594/1/3594 3593/1/3593
f 10/1/10 574/1/574 3586/1/3586 565/1/565
f 574/1/574 575/1/575 3587/1/3587 3586/1/3586
f 575/1/575 576/1/576 3588/1/3588 3587/1/3587
f 576/1/576 12/1/12 577/1/577 3588/1/3588
f 3588/1/3588 577/1/577 578/1/578 3591/1/3591
f 3591/1/3591 578/1/578 579/1/579 3594/1/3594
f 3594/1/3594 579/1/579 2/1/2 525/1/525
f 3593/1/3593 3594/1/3594 525/1/525 524/1/524
f 3592/1/3592 3593/1/3593 524/1/524 523/1/523
f 567/1/567 3592/1/3592 523/1/523 4/1/4
f 566/1/566 3589/1/3589 3592/1/3592 567/1/567
f 565/1/565 3586/1/3586 3589/1/3589 566/1/566
f 3595/1/3595 3596/1/3596 3599/1/3599 3598/1/3598
f 3596/1/3596 3597/1/3597 3600/1/3600 3599/1/3599
f 3598/1/3598 3599/1/3599 3602/1/3602 3601/1/3601
f 3599/1/3599 3600/1/3600 3603/1/3603 3602/1/3602
f 11/1/11 580/1/580 3595/1/3595 571/1/571
f 580/1/580 581/1/581 3596/1/3596 3595/1/3595
f 581/1/581 582/1/582 3597/1/3597 3596/1/3596
f 582/1/582 13/1/13 583/1/583 3597/1/3597
f 3597/1/3597 583/1/583 584/1/584 3600/1/3600
f 3600/1/3600 584/1/584 585/1/585 3603/1/3603
f 3603/1/3603 585/1/585 15/1/15 586/1/586
f 3602/1/3602 3603/1/3603 586/1/586 587/1/587
f 3601/1/3601 3602/1/3602 587/1/587 588/1/588
f 573/1/573 3601/1/3601 588/1/588 9/1/9
f 572/1/572 3598/1/3598 3601/1/3601 573/1/573
f 571/1/571 3595/1/3595 3598/1/3598 572/1/572
f 3604/1/3604 3605/1/3605 3608/1/3608 3607/1/3607
f 3605/1/3605 3606/1/3606 3609/1/3609 3608/1/3608
f 3607/1/3607 3608/1/3608 3611/1/3611 3610/1/3610
f 3608/1/3608 3609/1/3609 3612/1/3612 3611/1/3611
f 16/1/16 592/1/592 3604/1/3604 591/1/591
f 592/1/592 593/1/593 3605/1/3605 3604/1/3604
f 593/1/593 594/1/594 3606/1/3606 3605/1/3605
f 594/1/594 14/1/14 595/1/595 3606/1/3606
f 3606/1/3606 595/1/595 596/1/596 3609/1/3609
f 3609/1/3609 596/1/596 597/1/597 3612/1/3612
f 3612/1/3612 597/1/597 12/1/12 576/1/576
f 3611/1/3611 3612/1/3612 576/1/576 575/1/575
f 3610/1/3610 3611/1/3611 575/1/575 574/1/574
f 589/1/589 3610/1/3610 574/1/574 10/1/10
f 590/1/590 3607/1/3607 3610/1/3610 589/1/589
f 591/1/591 3604/1/3604 3607/1/3607 590/1/590
f 3613/1/3613 3614/1/3614 3617/1/3617 3616/1/3616
f 3614/1/3614 3615/1/3615 3618/1/3618 3617/1/3617
f 3616/1/3616 3617/1/3617 3620/1/3620 3619/1/3619
f 3617/1/3617 3618/1/3618 3621/1/3621 3620/1/3620
f 9/1/9 588/1/588 3613/1/3613 553/1/553
f 588/1/588 587/1/587 3614/1/3614 3613/1/3613
f 587/1/587 586/1/586 3615/1/3615 3614/1/3614
f 586/1/586 15/1/15 598/1/598 3615/1/3615
f 3615/1/3615 598/1/598 599/1/599 3618/1/3618
f 3618/1/3618 599/1/599 600/1/600 3621/1/3621
f 3621/1/3621 600/1/600 17/1/17 601/1/601
f 3620/1/3620 3621/1/3621 601/1/601 602/1/602
f 3619/1/3619 3620/1/3620 602/1/602 603/1/603
f 555/1/555 3619/1/3619 603/1/603 7/1/7
f 554/1/554 3616/1/3616 3619/1/3619 555/1/555
f 553/1/553 3613/1/3613 3616/1/3616 554/1/554
f 3622/1/3622 3623/1/3623 3626/1/3626 3625/1/3625
f 3623/1/3623 3624/1/3624 3627/1/3627 3626/1/3626
f 3625/1/3625 3626/1/3626 3629/1/3629 3628/1/3628
f 3626/1/3626 3627/1/3627 3630/1/3630 3629/1/3629
f 18/1/18 607/1/607 3622/1/3622 606/1/606
f 607/1/607 608/1/608 3623/1/3623 3622/1/3622
f 608/1/608 609/1/609 3624/1/3624 3623/1/3623
f 609/1/609 16/1/16 591/1/591 3624/1/3624
f 3624/1/3624 591/1/591 590/1/590 3627/1/3627
f 3627/1/3627 590/1/590 589/1/589 3630/1/3630
f 3630/1/3630 589/1/589 10/1/10 564/1/564
f 3629/1/3629 3630/1/3630 564/1/564 563/1/563
f 3628/1/3628 3629/1/3629 563/1/563 562/1/562
f 604/1/604 3628/1/3628 562/1/562 8/1/8
f 605/1/605 3625/1/3625 3628/1/3628 604/1/604
f 606/1/606 3622/1/3622 3625/1/3625 605/1/605
f 3631/1/3631 3632/1/3632 3635/1/3635 3634/1/3634
f 3632/1/3632 3633/1/3633 3636/1/3636 3635/1/3635
f 3634/1/3634 3635/1/3635 3638/1/3638 3637/1/3637
f 3635/1/3635 3636/1/3636 3639/1/3639 3638/1/3638
f 15/1/15 610/1/610 3631/1/3631 598/1/598
f 610/1/610 611/1/611 3632/1/3632 3631/1/3631
f 611/1/611 612/1/612 3633/1/3633 3632/1/3632
f 612/1/612 21/1/21 613/1/613 3633/1/3633
f 3633/1/3633 613/1/613 614/1/614 3636/1/3636
f 3636/1/3636 614/1/614 615/1/615 3639/1/3639
f 3639/1/3639 615/1/615 19/1/19 616/1/616
f 3638/1/3638 3639/1/3639 616/1/616 617/1/617
f 3637/1/3637 3638/1/3638 617/1/617 618/1/618
f 600/1/600 3637/1/3637 618/1/618 17/1/17
f 599/1/599 3634/1/3634 3637/1/3637 600/1/600
f 598/1/598 3631/1/3631 3634/1/3634 599/1/599
f 3640/1/3640 3641/1/3641 3644/1/3644 3643/1/3643
f 3641/1/3641 3642/1/3642 3645/1/3645 3644/1/3644
f 3643/1/3643 3644/1/3644 3647/1/3647 3646/1/3646
f 3644/1/3644 3645/1/3645 3648/1/3648 3647/1/3647
f 20/1/20 622/1/622 3640/1/3640 621/1/621
f 622/1/622 623/1/623 3641/1/3641 3640/1/3640
f 623/1/623 624/1/624 3642/1/3642 3641/1/3641
f 624/1/624 22/1/22 625/1/625 3642/1/3642
f 3642/1/3642 625/1/625 626/1/626 3645/1/3645
f 3645/1/3645 626/1/626 627/1/627 3648/1/3648
f 3648/1/3648 627/1/627 16/1/16 609/1/609
f 3647/1/3647 3648/1/3648 609/1/609 608/1/608
f 3646/1/3646 3647/1/3647 608/1/608 607/1/607
f 619/1/619 3646/1/3646 607/1/607 18/1/18
f 620/1/620 3643/1/3643 3646/1/3646 619/1/619
f 621/1/621 3640/1/3640 3643/1/3643 620/1/620
f 3649/1/3649 3650/1/3650 3653/1/3653 3652/1/3652
f 3650/1/3650 3651/1/3651 3654/1/3654 3653/1/3653
f 3652/1/3652 3653/1/3653 3656/1/3656 3655/1/3655
f 3653/1/3653 3654/1/3654 3657/1/3657 3656/1/3656
f 13/1/13 628/1/628 3649/1/3649 583/1/583
f 628/1/628 629/1/629 3650/1/3650 3649/1/3649
f 629/1/629 630/1/630 3651/1/3651 3650/1/3650
f 630/1/630 23/1/23 631/1/631 3651/1/3651
f 3651/1/3651 631/1/631 632/1/632 3654/1/3654
f 3654/1/3654 632/1/632 633/1/633 3657/1/3657
f 3657/1/3657 633/1/633 21/1/21 612/1/612
f 3656/1/3656 3657/1/3657 612/1/612 611/1/611
f 3655/1/3655 3656/1/3656 611/1/611 610/1/610
f 585/1/585 3655/1/3655 610/1/610 15/1/15
f 584/1/584 3652/1/3652 3655/1/3655 585/1/585
f 583/1/583 3649/1/3649 3652/1/3652 584/1/584
f 3658/1/3658 3659/1/3659 3662/1/3662 3661/1/3661
f 3659/1/3659 3660/1/3660 3663/1/3663 3662/1/3662
f 3661/1/3661 3662/1/3662 3665/1/3665 3664/1/3664
f 3662/1/3662 3663/1/3663 3666/1/3666 3665/1/3665
f 22/1/22 634/1/634 3658/1/3658 625/1/625
f 634/1/634 635/1/635 3659/1/3659 3658/1/3658
f 635/1/635 636/1/636 3660/1/3660 3659/1/3659
f 636/1/636 24/1/24 637/1/637 3660/1/3660
f 3660/1/3660 637/1/637 638/1/638 3663/1/3663
f 3663/1/3663 638/1/638 639/1/639 3666/1/3666
f 3666/1/3666 639/1/639 14/1/14 594/1/594
f 3665/1/3665 3666/1/3666 594/1/594 593/1/593
f 3664/1/3664 3665/1/3665 593/1/593 592/1/592
f 627/1/627 3664/1/3664 592/1/592 16/1/16
f 626/1/626 3661/1/3661 3664/1/3664 627/1/627
f 625/1/625 3658/1/3658 3661/1/3661 626/1/626
f 3667/1/3667 3668/1/3668 3671/1/3671 3670/1/3670
f 3668/1/3668 3669/1/3669 3672/1/3672 3671/1/3671
f 3670/1/3670 3671/1/3671 3674/1/3674 3673/1/3673
f 3671/1/3671 3672/1/3672 3675/1/3675 3674/1/3674
f 23/1/23 640/1/640 3667/1/3667 631/1/631
f 640/1/640 641/1/641 3668/1/3668 3667/1/3667
f 641/1/641 642/1/642 3669/1/3669 3668/1/3668
f 642/1/642 25/1/25 643/1/643 3669/1/3669
f 3669/1/3669 643/1/643 644/1/644 3672/1/3672
f 3672/1/3672 644/1/644 645/1/645 3675/1/3675
f 3675/1/3675 645/1/645 27/1/27 646/1/646
f 3674/1/3674 3675/1/3675 646/1/646 647/1/647
f 3673/1/3673 3674/1/3674 647/1/647 648/1/648
f 633/1/633 3673/1/3673 648/1/648 21/1/21
f 632/1/632 3670/1/3670 3673/1/3673 633/1/633
f 631/1/631 3667/1/3667 3670/1/3670 632/1/632
f 3676/1/3676 3677/1/3677 3680/1/3680 3679/1/3679
f 3677/1/3677 3678/1/3678 3681/1/3681 3680/1/3680
f 3679/1/3679 3680/1/3680 3683/1/3683 3682/1/3682
f 3680/1/3680 3681/1/3681 3684/1/3684 3683/1/3683
f 28/1/28 652/1/652 3676/1/3676 651/1/651
f 652/1/652 653/1/653 3677/1/3677 3676/1/3676
f 653/1/653 654/1/654 3678/1/3678 3677/1/3677
f 654/1/654 26/1/26 655/1/655 3678/1/3678
f 3678/1/3678 655/1/655 656/1/656 3681/1/3681
f 3681/1/3681 656/1/656 657/1/657 3684/1/3684
f 3684/1/3684 657/1/657 24/1/24 636/1/636
f 3683/1/3683 3684/1/3684 636/1/636 635/1/635
f 3682/1/3682 3683/1/3683 635/1/635 634/1/634
f 649/1/649 3682/1/3682 634/1/634 22/1/22
f 650/1/650 3679/1/3679 3682/1/3682 649/1/649
f 651/1/651 3676/1/3676 3679/1/3679 650/1/650
f 3685/1/3685 3686/1/3686 3689/1/3689 3688/1/3688
f 3686/1/3686 3687/1/3687 3690/1/3690 3689/1/3689
f 3688/1/3688 3689/1/3689 3692/1/3692 3691/1/3691
f 3689/1/3689 3690/1/3690 3693/1/3693 3692/1/3692
f 21/1/21 648/1/648 3685/1/3685 613/1/613
f 648/1/648 647/1/647 3686/1/3686 3685/1/3685
f 647/1/647 646/1/646 3687/1/3687 3686/1/3686
f 646/1/646 27/1/27 658/1/658 3687/1/3687
f 3687/1/3687 658/1/658 659/1/659 3690/1/3690
f 3690/1/3690 659/1/659 660/1/660 3693/1/3693
f 3693/1/3693 660/1/660 29/1/29 661/1/661
f 3692/1/3692 3693/1/3693 661/1/661 662/1/662
f 3691/1/3691 3692/1/3692 662/1/662 663/1/663
f 615/1/615 3691/1/3691 663/1/663 19/1/19
f 614/1/614 3688/1/3688 3691/1/3691 615/1/615
f 613/1/613 3685/1/3685 3688/1/3688 614/1/614
f 3694/1/3694 3695/1/3695 3698/1/3698 3697/1/3697
f 3695/1/3695 3696/1/3696 3699/1/3699 3698/1/3698
f 3697/1/3697 3698/1/3698 3701/1/3701 3700/1/3700
f 3698/1/3698 3699/1/3699 3702/1/3702 3701/1/3701
f 30/1/30 667/1/667 3694/1/3694 666/1/666
f 667/1/667 668/1/668 3695/1/3695 3694/1/3694
f 668/1/668 669/1/669 3696/1/3696 3695/1/3695
f 669/1/669 28/1/28 651/1/651 3696/1/3696
f 3696/1/3696 651/1/651 650/1/650 3699/1/3699
f 3699/1/3699 650/1/650 649/1/649 3702/1/3702
f 3702/1/3702 649/1/649 22/1/22 624/1/624
f 3701/1/3701 3702/1/3702 624/1/624 623/1/623
f 3700/1/3700 3701/1/3701 623/1/623 622/1/622
f 664/1/664 3700/1/3700 622/1/622 20/1/20
f 665/1/665 3697/1/3697 3700/1/3700 664/1/664
f 666/1/666 3694/1/3694 3697/1/3697 665/1/665
f 3703/1/3703 3704/1/3704 3707/1/3707 3706/1/3706
f 3704/1/3704 3705/1/3705 3708/1/3708 3707/1/3707
f 3706/1/3706 3707/1/3707 3710/1/3710 3709/1/3709
f 3707/1/3707 3708/1/3708 3711/1/3711 3710/1/3710
f 27/1/27 670/1/670 3703/1/3703 658/1/658
f 670/1/670 671/1/671 3704/1/3704 3703/1/3703
f 671/1/671 672/1/672 3705/1/3705 3704/1/3704
f 672/1/672 33/1/33 673/1/673 3705/1/3705
f 3705/1/3705 673/1/673 674/1/674 3708/1/3708
f 3708/1/3708 674/1/674 675/1/675 3711/1/3711
f 3711/1/3711 675/1/675 31/1/31 676/1/676
f 3710/1/3710 3711/1/3711 676/1/676 677/1/677
f 3709/1/3709 3710/1/3710 677/1/677 678/1/678
f 660/1/660 3709/1/3709 678/1/678 29/1/29
f 659/1/659 3706/1/3706 3709/1/3709 660/1/660
f 658/1/658 3703/1/3703 3706/1/3706 659/1/659
f 3712/1/3712 3713/1/3713 3716/1/3716 3715/1/3715
f 3713/1/3713 3714/1/3714 3717/1/3717 3716/1/3716
f 3715/1/3715 3716/1/3716 3719/1/3719 3718/1/3718
f 3716/1/3716 3717/1/3717 3720/1/3720 3719/1/3719
f 32/1/32 682/1/682 3712/1/3712 681/1/681
f 682/1/682 683/1/683 3713/1/3713 3712/1/3712
f 683/1/683 684/1/684 3714/1/3714 3713/1/3713
f 684/1/684 34/1/34 685/1/685 3714/1/3714
f 3714/1/3714 685/1/685 686/1/686 3717/1/3717
f 3717/1/3717 686/1/686 687/1/687 3720/1/3720
f 3720/1/3720 687/1/687 28/1/28 669/1/669
f 3719/1/3719 3720/1/3720 669/1/669 668/1/668
f 3718/1/3718 3719/1/3719 668/1/668 667/1/667
f 679/1/679 3718/1/3718 667/1/667 30/1/30
f 680/1/680 3715/1/3715 3718/1/3718 679/1/679
f 681/1/681 3712/1/3712 3715/1/3715 680/1/680
f 3721/1/3721 3722/1/3722 3725/1/3725 3724/1/3724
f 3722/1/3722 3723/1/3723 3726/1/3726 3725/1/3725
f 3724/1/3724 3725/1/3725 3728/1/3728 3727/1/3727
f 3725/1/3725 3726/1/3726 3729/1/3729 3728/1/3728
f 25/1/25 688/1/688 3721/1/3721 643/1/643
f 688/1/688 689/1/689 3722/1/3722 3721/1/3721
f 689/1/689 690/1/690 3723/1/3723 3722/1/3722
f 690/1/690 35/1/35 691/1/691 3723/1/3723
f 3723/1/3723 691/1/691 692/1/692 3726/1/3726
f 3726/1/3726 692/1/692 693/1/693 3729/1/3729
f 3729/1/3729 693/1/693 33/1/33 672/1/672
f 3728/1/3728 3729/1/3729 672/1/672 671/1/671
f 3727/1/3727 3728/1/3728 671/1/671 670/1/670
f 645/1/645 3727/1/3727 670/1/670 27/1/27
f 644/1/644 3724/1/3724 3727/1/3727 645/1/645
f 643/1/643 3721/1/3721 3724/1/3724 644/1/644
f 3730/1/3730 3731/1/3731 3734/1/3734 3733/1/3733
f 3731/1/3731 3732/1/3732 3735/1/3735 3734/1/3734
f 3733/1/3733 3734/1/3734 3737/1/3737 3736/1/3736
f 3734/1/3734 3735/1/3735 3738/1/3738 3737/1/3737
f 34/1/34 694/1/694 3730/1/3730 685/1/685
f 694/1/694 695/1/695 3731/1/3731 3730/1/3730
f 695/1/695 696/1/696 3732/1/3732 3731/1/3731
f 696/1/696 36/1/36 697/1/697 3732/1/3732
f 3732/1/3732 697/1/697 698/1/698 3735/1/3735
f 3735/1/3735 698/1/698 699/1/699 3738/1/3738
f 3738/1/3738 699/1/699 26/1/26 654/1/654
f 3737/1/3737 3738/1/3738 654/1/654 653/1/653
f 3736/1/3736 3737/1/3737 653/1/653 652/1/652
f 687/1/687 3736/1/3736 652/1/652 28/1/28
f 686/1/686 3733/1/3733 3736/1/3736 687/1/687
f 685/1/685 3730/1/3730 3733/1/3733 686/1/686
f 3739/1/3739 3740/1/3740 3743/1/3743 3742/1/3742
f 3740/1/3740 3741/1/3741 3744/1/3744 3743/1/3743
f 3742/1/3742 3743/1/3743 3746/1/3746 3745/1/3745
f 3743/1/3743 3744/1/3744 3747/1/3747 3746/1/3746
f 35/1/35 700/1/700 3739/1/3739 691/1/691
f 700/1/700 701/1/701 3740/1/3740 3739/1/3739
f 701/1/701 702/1/702 3741/1/3741 3740/1/3740
f 702/1/702 37/1/37 703/1/703 3741/1/3741
f 3741/1/3741 703/1/703 704/1/704 3744/1/3744
f 3744/1/3744 704/1/704 705/1/705 3747/1/3747
f 3747/1/3747 705/1/705 39/1/39 706/1/706
f 3746/1/3746 3747/1/3747 706/1/706 707/1/707
f 3745/1/3745 3746/1/3746 707/1/707 708/1/708
f 693/1/693 3745/1/3745 708/1/708 33/1/33
f 692/1/692 3742/1/3742 3745/1/3745 693/1/693
f 691/1/691 3739/1/3739 3742/1/3742 692/1/692
f 3748/1/3748 3749/1/3749 3752/1/3752 3751/1/3751
f 3749/1/3749 3750/1/3750 3753/1/3753 3752/1/3752
f 3751/1/3751 3752/1/3752 3755/1/3755 3754/1/3754
f 3752/1/3752 3753/1/3753 3756/1/3756 3755/1/3755
f 40/1/40 712/1/712 3748/1/3748 711/1/711
f 712/1/712 713/1/713 3749/1/3749 3748/1/3748
f 713/1/713 714/1/714 3750/1/3750 3749/1/3749
f 714/1/714 38/1/38 715/1/715 3750/1/3750
f 3750/1/3750 715/1/715 716/1/716 3753/1/3753
f 3753/1/3753 716/1/716 717/1/717 3756/1/3756
f 3756/1/3756 717/1/717 36/1/36 696/1/696
f 3755/1/3755 3756/1/3756 696/1/696 695/1/695
f 3754/1/3754 3755/1/3755 695/1/695 694/1/694
f 709/1/709 3754/1/3754 694/1/694 34/1/34
f 710/1/710 3751/1/3751 3754/1/3754 709/1/709
f 711/1/711 3748/1/3748 3751/1/3751 710/1/710
f 3757/1/3757 3758/1/3758 3761/1/3761 3760/1/3760
f 3758/1/3758 3759/1/3759 3762/1/3762 3761/1/3761
f 3760/1/3760 3761/1/3761 3764/1/3764 3763/1/3763
f 3761/1/3761 3762/1/3762 3765/1/3765 3764/1/3764
f 33/1/33 708/1/708 3757/1/3757 673/1/673
f 708/1/708 707/1/707 3758/1/3758 3757/1/3757
f 707/1/707 706/1/706 3759/1/3759 3758/1/3758
f 706/1/706 39/1/39 718/1/718 3759/1/3759
f 3759/1/3759 718/1/718 719/1/719 3762/1/3762
f 3762/1/3762 719/1/719 720/1/720 3765/1/3765
f 3765/1/3765 720/1/720 41/1/41 721/1/721
f 3764/1/3764 3765/1/3765 721/1/721 722/1/722
f 3763/1/3763 3764/1/3764 722/1/722 723/1/723
f 675/1/675 3763/1/3763 723/1/723 31/1/31
f 674/1/674 3760/1/3760 3763/1/3763 675/1/675
f 673/1/673 3757/1/3757 3760/1/3760 674/1/674
f 3766/1/3766 3767/1/3767 3770/1/3770 3769/1/3769
f 3767/1/3767 3768/1/3768 3771/1/3771 3770/1/3770
f 3769/1/3769 3770/1/3770 3773/1/3773 3772/1/3772
f 3770/1/3770 3771/1/3771 3774/1/3774 3773/1/3773
f 42/1/42 727/1/727 3766/1/3766 726/1/726
f 727/1/727 728/1/728 3767/1/3767 3766/1/3766
f 728/1/728 729/1/729 3768/1/3768 3767/1/3767
f 729/1/729 40/1/40 711/1/711 3768/1/3768
f 3768/1/3768 711/1/711 710/1/710 3771/1/3771
f 3771/1/3771 710/1/710 709/1/709 3774/1/3774
f 3774/1/3774 709/1/709 34/1/34 684/1/684
f 3773/1/3773 3774/1/3774 684/1/684 683/1/683
f 3772/1/3772 3773/1/3773 683/1/683 682/1/682
f 724/1/724 3772/1/3772 682/1/682 32/1/32
f 725/1/725 3769/1/3769 3772/1/3772 724/1/724
f 726/1/726 3766/1/3766 3769/1/3769 725/1/725
f 3775/1/3775 3776/1/3776 3779/1/3779 3778/1/3778
f 3776/1/3776 3777/1/3777 3780/1/3780 3779/1/3779
f 3778/1/3778 3779/1/3779 3782/1/3782 3781/1/3781
f 3779/1/3779 3780/1/3780 3783/1/3783 3782/1/3782
f 39/1/39 730/1/730 3775/1/3775 718/1/718
f 730/1/730 731/1/731 3776/1/3776 3775/1/3775
f 731/1/731 732/1/732 3777/1/3777 3776/1/3776
f 732/1/732 45/1/45 534/1/534 3777/1/3777
f 3777/1/3777 534/1/534 533/1/533 3780/1/3780
f 3780/1/3780 533/1/533 532/1/532 3783/1/3783
f 3783/1/3783 532/1/532 43/1/43 733/1/733
f 3782/1/3782 3783/1/3783 733/1/733 734/1/734
f 3781/1/3781 3782/1/3782 734/1/734 735/1/735
f 720/1/720 3781/1/3781 735/1/735 41/1/41
f 719/1/719 3778/1/3778 3781/1/3781 720/1/720
f 718/1/718 3775/1/3775 3778/1/3778 719/1/719
f 3784/1/3784 3785/1/3785 3788/1/3788 3787/1/3787
f 3785/1/3785 3786/1/3786 3789/1/3789 3788/1/3788
f 3787/1/3787 3788/1/3788 3791/1/3791 3790/1/3790
f 3788/1/3788 3789/1/3789 3792/1/3792 3791/1/3791
f 44/1/44 549/1/549 3784/1/3784 738/1/738
f 549/1/549 548/1/548 3785/1/3785 3784/1/3784
f 548/1/548 547/1/547 3786/1/3786 3785/1/3785
f 547/1/547 46/1/46 739/1/739 3786/1/3786
f 3786/1/3786 739/1/739 740/1/740 3789/1/3789
f 3789/1/3789 740/1/740 741/1/741 3792/1/3792
f 3792/1/3792 741/1/741 40/1/40 729/1/729
f 3791/1/3791 3792/1/3792 729/1/729 728/1/728
f 3790/1/3790 3791/1/3791 728/1/728 727/1/727
f 736/1/736 3790/1/3790 727/1/727 42/1/42
f 737/1/737 3787/1/3787 3790/1/3790 736/1/736
f 738/1/738 3784/1/3784 3787/1/3787 737/1/737
f 3793/1/3793 3794/1/3794 3797/1/3797 3796/1/3796
f 3794/1/3794 3795/1/3795 3798/1/3798 3797/1/3797
f 3796/1/3796 3797/1/3797 3800/1/3800 3799/1/3799
f 3797/1/3797 3798/1/3798 3801/1/3801 3800/1/3800
f 37/1/37 742/1/742 3793/1/3793 703/1/703
f 742/1/742 743/1/743 3794/1/3794 3793/1/3793
f 743/1/743 744/1/744 3795/1/3795 3794/1/3794
f 744/1/744 47/1/47 510/1/510 3795/1/3795
f 3795/1/3795 510/1/510 509/1/509 3798/1/3798
f 3798/1/3798 509/1/509 508/1/508 3801/1/3801
f 3801/1/3801 508/1/508 45/1/45 732/1/732
f 3800/1/3800 3801/1/3801 732/1/732 731/1/731
f 3799/1/3799 3800/1/3800 731/1/731 730/1/730
f 705/1/705 3799/1/3799 730/1/730 39/1/39
f 704/1/704 3796/1/3796 3799/1/3799 705/1/705
f 703/1/703 3793/1/3793 3796/1/3796 704/1/704
f 3802/1/3802 3803/1/3803 3806/1/3806 3805/1/3805
f 3803/1/3803 3804/1/3804 3807/1/3807 3806/1/3806
f 3805/1/3805 3806/1/3806 3809/1/3809 3808/1/3808
f 3806/1/3806 3807/1/3807 3810/1/3810 3809/1/3809
f 46/1/46 531/1/531 3802/1/3802 739/1/739
f 531/1/531 530/1/530 3803/1/3803 3802/1/3802
f 530/1/530 529/1/529 3804/1/3804 3803/1/3803
f 529/1/529 48/1/48 745/1/745 3804/1/3804
f 3804/1/3804 745/1/745 746/1/746 3807/1/3807
f 3807/1/3807 746/1/746 747/1/747 3810/1/3810
f 3810/1/3810 747/1/747 38/1/38 714/1/714
f 3809/1/3809 3810/1/3810 714/1/714 713/1/713
f 3808/1/3808 3809/1/3809 713/1/713 712/1/712
f 741/1/741 3808/1/3808 712/1/712 40/1/40
f 740/1/740 3805/1/3805 3808/1/3808 741/1/741
f 739/1/739 3802/1/3802 3805/1/3805 740/1/740
f 3811/1/3811 3812/1/3812 3815/1/3815 3814/1/3814
f 3812/1/3812 3813/1/3813 3816/1/3816 3815/1/3815
f 3814/1/3814 3815/1/3815 3818/1/3818 3817/1/3817
f 3815/1/3815 3816/1/3816 3819/1/3819 3818/1/3818
f 47/1/47 744/1/744 3811/1/3811 750/1/750
f 744/1/744 743/1/743 3812/1/3812 3811/1/3811
f 743/1/743 742/1/742 3813/1/3813 3812/1/3812
f 742/1/742 37/1/37 751/1/751 3813/1/3813
f 3813/1/3813 751/1/751 752/1/752 3816/1/3816
f 3816/1/3816 752/1/752 753/1/753 3819/1/3819
f 3819/1/3819 753/1/753 51/1/51 754/1/754
f 3818/1/3818 3819/1/3819 754/1/754 755/1/755
f 3817/1/3817 3818/1/3818 755/1/755 756/1/756
f 748/1/748 3817/1/3817 756/1/756 49/1/49
f 749/1/749 3814/1/3814 3817/1/3817 748/1/748
f 750/1/750 3811/1/3811 3814/1/3814 749/1/749
f 3820/1/3820 3821/1/3821 3824/1/3824 3823/1/3823
f 3821/1/3821 3822/1/3822 3825/1/3825 3824/1/3824
f 3823/1/3823 3824/1/3824 3827/1/3827 3826/1/3826
f 3824/1/3824 3825/1/3825 3828/1/3828 3827/1/3827
f 52/1/52 760/1/760 3820/1/3820 759/1/759
f 760/1/760 761/1/761 3821/1/3821 3820/1/3820
f 761/1/761 762/1/762 3822/1/3822 3821/1/3821
f 762/1/762 38/1/38 747/1/747 3822/1/3822
f 3822/1/3822 747/1/747 746/1/746 3825/1/3825
f 3825/1/3825 746/1/746 745/1/745 3828/1/3828
f 3828/1/3828 745/1/745 48/1/48 763/1/763
f 3827/1/3827 3828/1/3828 763/1/763 764/1/764
f 3826/1/3826 3827/1/3827 764/1/764 765/1/765
f 757/1/757 3826/1/3826 765/1/765 50/1/50
f 758/1/758 3823/1/3823 3826/1/3826 757/1/757
f 759/1/759 3820/1/3820 3823/1/3823 758/1/758
f 3829/1/3829 3830/1/3830 3833/1/3833 3832/1/3832
f 3830/1/3830 3831/1/3831 3834/1/3834 3833/1/3833
f 3832/1/3832 3833/1/3833 3836/1/3836 3835/1/3835
f 3833/1/3833 3834/1/3834 3837/1/3837 3836/1/3836
f 37/1/37 702/1/702 3829/1/3829 751/1/751
f 702/1/702 701/1/701 3830/1/3830 3829/1/3829
f 701/1/701 700/1/700 3831/1/3831 3830/1/3830
f 700/1/700 35/1/35 766/1/766 3831/1/3831
f 3831/1/3831 766/1/766 767/1/767 3834/1/3834
f 3834/1/3834 767/1/767 768/1/768 3837/1/3837
f 3837/1/3837 768/1/768 53/1/53 769/1/769
f 3836/1/3836 3837/1/3837 769/1/769 770/1/770
f 3835/1/3835 3836/1/3836 770/1/770 771/1/771
f 753/1/753 3835/1/3835 771/1/771 51/1/51
f 752/1/752 3832/1/3832 3835/1/3835 753/1/753
f 751/1/751 3829/1/3829 3832/1/3832 752/1/752
f 3838/1/3838 3839/1/3839 3842/1/3842 3841/1/3841
f 3839/1/3839 3840/1/3840 3843/1/3843 3842/1/3842
f 3841/1/3841 3842/1/3842 3845/1/3845 3844/1/3844
f 3842/1/3842 3843/1/3843 3846/1/3846 3845/1/3845
f 54/1/54 775/1/775 3838/1/3838 774/1/774
f 775/1/775 776/1/776 3839/1/3839 3838/1/3838
f 776/1/776 777/1/777 3840/1/3840 3839/1/3839
f 777/1/777 36/1/36 717/1/717 3840/1/3840
f 3840/1/3840 717/1/717 716/1/716 3843/1/3843
f 3843/1/3843 716/1/716 715/1/715 3846/1/3846
f 3846/1/3846 715/1/715 38/1/38 762/1/762
f 3845/1/3845 3846/1/3846 762/1/762 761/1/761
f 3844/1/3844 3845/1/3845 761/1/761 760/1/760
f 772/1/772 3844/1/3844 760/1/760 52/1/52
f 773/1/773 3841/1/3841 3844/1/3844 772/1/772
f 774/1/774 3838/1/3838 3841/1/3841 773/1/773
f 3847/1/3847 3848/1/3848 3851/1/3851 3850/1/3850
f 3848/1/3848 3849/1/3849 3852/1/3852 3851/1/3851
f 3850/1/3850 3851/1/3851 3854/1/3854 3853/1/3853
f 3851/1/3851 3852/1/3852 3855/1/3855 3854/1/3854
f 35/1/35 690/1/690 3847/1/3847 766/1/766
f 690/1/690 689/1/689 3848/1/3848 3847/1/3847
f 689/1/689 688/1/688 3849/1/3849 3848/1/3848
f 688/1/688 25/1/25 778/1/778 3849/1/3849
f 3849/1/3849 778/1/778 779/1/779 3852/1/3852
f 3852/1/3852 779/1/779 780/1/780 3855/1/3855
f 3855/1/3855 780/1/780 55/1/55 781/1/781
f 3854/1/3854 3855/1/3855 781/1/781 782/1/782
f 3853/1/3853 3854/1/3854 782/1/782 783/1/783
f 768/1/768 3853/1/3853 783/1/783 53/1/53
f 767/1/767 3850/1/3850 3853/1/3853 768/1/768
f 766/1/766 3847/1/3847 3850/1/3850 767/1/767
f 3856/1/3856 3857/1/3857 3860/1/3860 3859/1/3859
f 3857/1/3857 3858/1/3858 3861/1/3861 3860/1/3860
f 3859/1/3859 3860/1/3860 3863/1/3863 3862/1/3862
f 3860/1/3860 3861/1/3861 3864/1/3864 3863/1/3863
f 56/1/56 787/1/787 3856/1/3856 786/1/786
f 787/1/787 788/1/788 3857/1/3857 3856/1/3856
f 788/1/788 789/1/789 3858/1/3858 3857/1/3857
f 789/1/789 26/1/26 699/1/699 3858/1/3858
f 3858/1/3858 699/1/699 698/1/698 3861/1/3861
f 3861/1/3861 698/1/698 697/1/697 3864/1/3864
f 3864/1/3864 697/1/697 36/1/36 777/1/777
f 3863/1/3863 3864/1/3864 777/1/777 776/1/776
f 3862/1/3862 3863/1/3863 776/1/776 775/1/775
f 784/1/784 3862/1/3862 775/1/775 54/1/54
f 785/1/785 3859/1/3859 3862/1/3862 784/1/784
f 786/1/786 3856/1/3856 3859/1/3859 785/1/785
f 3865/1/3865 3866/1/3866 3869/1/3869 3868/1/3868
f 3866/1/3866 3867/1/3867 3870/1/3870 3869/1/3869
f 3868/1/3868 3869/1/3869 3872/1/3872 3871/1/3871
f 3869/1/3869 3870/1/3870 3873/1/3873 3872/1/3872
f 25/1/25 642/1/642 3865/1/3865 778/1/778
f 642/1/642 641/1/641 3866/1/3866 3865/1/3865
f 641/1/641 640/1/640 3867/1/3867 3866/1/3866
f 640/1/640 23/1/23 790/1/790 3867/1/3867
f 3867/1/3867 790/1/790 791/1/791 3870/1/3870
f 3870/1/3870 791/1/791 792/1/792 3873/1/3873
f 3873/1/3873 792/1/792 57/1/57 793/1/793
f 3872/1/3872 3873/1/3873 793/1/793 794/1/794
f 3871/1/3871 3872/1/3872 794/1/794 795/1/795
f 780/1/780 3871/1/3871 795/1/795 55/1/55
f 779/1/779 3868/1/3868 3871/1/3871 780/1/780
f 778/1/778 3865/1/3865 3868/1/3868 779/1/779
f 3874/1/3874 3875/1/3875 3878/1/3878 3877/1/3877
f 3875/1/3875 3876/1/3876 3879/1/3879 3878/1/3878
f 3877/1/3877 3878/1/3878 3881/1/3881 3880/1/3880
f 3878/1/3878 3879/1/3879 3882/1/3882 3881/1/3881
f 58/1/58 799/1/799 3874/1/3874 798/1/798
f 799/1/799 800/1/800 3875/1/3875 3874/1/3874
f 800/1/800 801/1/801 3876/1/3876 3875/1/3875
f 801/1/801 24/1/24 657/1/657 3876/1/3876
f 3876/1/3876 657/1/657 656/1/656 3879/1/3879
f 3879/1/3879 656/1/656 655/1/655 3882/1/3882
f 3882/1/3882 655/1/655 26/1/26 789/1/789
f 3881/1/3881 3882/1/3882 789/1/789 788/1/788
f 3880/1/3880 3881/1/3881 788/1/788 787/1/787
f 796/1/796 3880/1/3880 787/1/787 56/1/56
f 797/1/797 3877/1/3877 3880/1/3880 796/1/796
f 798/1/798 3874/1/3874 3877/1/3877 797/1/797
f 3883/1/3883 3884/1/3884 3887/1/3887 3886/1/3886
f 3884/1/3884 3885/1/3885 3888/1/3888 3887/1/3887
f 3886/1/3886 3887/1/3887 3890/1/3890 3889/1/3889
f 3887/1/3887 3888/1/3888 3891/1/3891 3890/1/3890
f 23/1/23 630/1/630 3883/1/3883 790/1/790
f 630/1/630 629/1/629 3884/1/3884 3883/1/3883
f 629/1/629 628/1/628 3885/1/3885 3884/1/3884
f 628/1/628 13/1/13 802/1/802 3885/1/3885
f 3885/1/3885 802/1/802 803/1/803 3888/1/3888
f 3888/1/3888 803/1/803 804/1/804 3891/1/3891
f 3891/1/3891 804/1/804 59/1/59 805/1/805
f 3890/1/3890 3891/1/3891 805/1/805 806/1/806
f 3889/1/3889 3890/1/3890 806/1/806 807/1/807
f 792/1/792 3889/1/3889 807/1/807 57/1/57
f 791/1/791 3886/1/3886 3889/1/3889 792/1/792
f 790/1/790 3883/1/3883 3886/1/3886 791/1/791
f 3892/1/3892 3893/1/3893 3896/1/3896 3895/1/3895
f 3893/1/3893 3894/1/3894 3897/1/3897 3896/1/3896
f 3895/1/3895 3896/1/3896 3899/1/3899 3898/1/3898
f 3896/1/3896 3897/1/3897 3900/1/3900 3899/1/3899
f 60/1/60 811/1/811 3892/1/3892 810/1/810
f 811/1/811 812/1/812 3893/1/3893 3892/1/3892
f 812/1/812 813/1/813 3894/1/3894 3893/1/3893
f 813/1/813 14/1/14 639/1/639 3894/1/3894
f 3894/1/3894 639/1/639 638/1/638 3897/1/3897
f 3897/1/3897 638/1/638 637/1/637 3900/1/3900
f 3900/1/3900 637/1/637 24/1/24 801/1/801
f 3899/1/3899 3900/1/3900 801/1/801 800/1/800
f 3898/1/3898 3899/1/3899 800/1/800 799/1/799
f 808/1/808 3898/1/3898 799/1/799 58/1/58
f 809/1/809 3895/1/3895 3898/1/3898 808/1/808
f 810/1/810 3892/1/3892 3895/1/3895 809/1/809
f 3901/1/3901 3902/1/3902 3905/1/3905 3904/1/3904
f 3902/1/3902 3903/1/3903 3906/1/3906 3905/1/3905
f 3904/1/3904 3905/1/3905 3908/1/3908 3907/1/3907
f 3905/1/3905 3906/1/3906 3909/1/3909 3908/1/3908
f 13/1/13 582/1/582 3901/1/3901 802/1/802
f 582/1/582 581/1/581 3902/1/3902 3901/1/3901
f 581/1/581 580/1/580 3903/1/3903 3902/1/3902
f 580/1/580 11/1/11 814/1/814 3903/1/3903
f 3903/1/3903 814/1/814 815/1/815 3906/1/3906
f 3906/1/3906 815/1/815 816/1/816 3909/1/3909
f 3909/1/3909 816/1/816 63/1/63 817/1/817
f 3908/1/3908 3909/1/3909 817/1/817 818/1/818
f 3907/1/3907 3908/1/3908 818/1/818 819/1/819
f 804/1/804 3907/1/3907 819/1/819 59/1/59
f 803/1/803 3904/1/3904 3907/1/3907 804/1/804
f 802/1/802 3901/1/3901 3904/1/3904 803/1/803
f 3910/1/3910 3911/1/3911 3914/1/3914 3913/1/3913
f 3911/1/3911 3912/1/3912 3915/1/3915 3914/1/3914
f 3913/1/3913 3914/1/3914 3917/1/3917 3916/1/3916
f 3914/1/3914 3915/1/3915 3918/1/3918 3917/1/3917
f 64/1/64 823/1/823 3910/1/3910 822/1/822
f 823/1/823 824/1/824 3911/1/3911 3910/1/3910
f 824/1/824 825/1/825 3912/1/3912 3911/1/3911
f 825/1/825 12/1/12 597/1/597 3912/1/3912
f 3912/1/3912 597/1/597 596/1/596 3915/1/3915
f 3915/1/3915 596/1/596 595/1/595 3918/1/3918
f 3918/1/3918 595/1/595 14/1/14 813/1/813
f 3917/1/3917 3918/1/3918 813/1/813 812/1/812
f 3916/1/3916 3917/1/3917 812/1/812 811/1/811
f 820/1/820 3916/1/3916 811/1/811 60/1/60
f 821/1/821 3913/1/3913 3916/1/3916 820/1/820
f 822/1/822 3910/1/3910 3913/1/3913 821/1/821
f 3919/1/3919 3920/1/3920 3923/1/3923 3922/1/3922
f 3920/1/3920 3921/1/3921 3924/1/3924 3923/1/3923
f 3922/1/3922 3923/1/3923 3926/1/3926 3925/1/3925
f 3923/1/3923 3924/1/3924 3927/1/3927 3926/1/3926
f 11/1/11 570/1/570 3919/1/3919 814/1/814
f 570/1/570 569/1/569 3920/1/3920 3919/1/3919
f 569/1/569 568/1/568 3921/1/3921 3920/1/3920
f 568/1/568 1/1/1 826/1/826 3921/1/3921
f 3921/1/3921 826/1/826 827/1/827 3924/1/3924
f 3924/1/3924 827/1/827 828/1/828 3927/1/3927
f 3927/1/3927 828/1/828 65/1/65 829/1/829
f 3926/1/3926 3927/1/3927 829/1/829 830/1/830
f 3925/1/3925 3926/1/3926 830/1/830 831/1/831
f 816/1/816 3925/1/3925 831/1/831 63/1/63
f 815/1/815 3922/1/3922 3925/1/3925 816/1/816
f 814/1/814 3919/1/3919 3922/1/3922 815/1/815
f 3928/1/3928 3929/1/3929 3932/1/3932 3931/1/3931
f 3929/1/3929 3930/1/3930 3933/1/3933 3932/1/3932
f 3931/1/3931 3932/1/3932 3935/1/3935 3934/1/3934
f 3932/1/3932 3933/1/3933 3936/1/3936 3935/1/3935
f 66/1/66 835/1/835 3928/1/3928 834/1/834
f 835/1/835 836/1/836 3929/1/3929 3928/1/3928
f 836/1/836 837/1/837 3930/1/3930 3929/1/3929
f 837/1/837 2/1/2 579/1/579 3930/1/3930
f 3930/1/3930 579/1/579 578/1/578 3933/1/3933
f 3933/1/3933 578/1/578 577/1/577 3936/1/3936
f 3936/1/3936 577/1/577 12/1/12 825/1/825
f 3935/1/3935 3936/1/3936 825/1/825 824/1/824
f 3934/1/3934 3935/1/3935 824/1/824 823/1/823
f 832/1/832 3934/1/3934 823/1/823 64/1/64
f 833/1/833 3931/1/3931 3934/1/3934 832/1/832
f 834/1/834 3928/1/3928 3931/1/3931 833/1/833
f 3937/1/3937 3938/1/3938 3941/1/3941 3940/1/3940
f 3938/1/3938 3939/1/3939 3942/1/3942 3941/1/3941
f 3940/1/3940 3941/1/3941 3944/1/3944 3943/1/3943
f 3941/1/3941 3942/1/3942 3945/1/3945 3944/1/3944
f 1/1/1 513/1/513 3937/1/3937 826/1/826
f 513/1/513 512/1/512 3938/1/3938 3937/1/3937
f 512/1/512 511/1/511 3939/1/3939 3938/1/3938
f 511/1/511 47/1/47 750/1/750 3939/1/3939
f 3939/1/3939 750/1/750 749/1/749 3942/1/3942
f 3942/1/3942 749/1/749 748/1/748 3945/1/3945
f 3945/1/3945 748/1/748 49/1/49 838/1/838
f 3944/1/3944 3945/1/3945 838/1/838 839/1/839
f 3943/1/3943 3944/1/3944 839/1/839 840/1/840
f 828/1/828 3943/1/3943 840/1/840 65/1/65
f 827/1/827 3940/1/3940 3943/1/3943 828/1/828
f 826/1/826 3937/1/3937 3940/1/3940 827/1/827
f 3946/1/3946 3947/1/3947 3950/1/3950 3949/1/3949
f 3947/1/3947 3948/1/3948 3951/1/3951 3950/1/3950
f 3949/1/3949 3950/1/3950 3953/1/3953 3952/1/3952
f 3950/1/3950 3951/1/3951 3954/1/3954 3953/1/3953
f 50/1/50 765/1/765 3946/1/3946 843/1/843
f 765/1/765 764/1/764 3947/1/3947 3946/1/3946
f 764/1/764 763/1/763 3948/1/3948 3947/1/3947
f 763/1/763 48/1/48 528/1/528 3948/1/3948
f 3948/1/3948 528/1/528 527/1/527 3951/1/3951
f 3951/1/3951 527/1/527 526/1/526 3954/1/3954
f 3954/1/3954 526/1/526 2/1/2 837/1/837
f 3953/1/3953 3954/1/3954 837/1/837 836/1/836
f 3952/1/3952 3953/1/3953 836/1/836 835/1/835
f 841/1/841 3952/1/3952 835/1/835 66/1/66
f 842/1/842 3949/1/3949 3952/1/3952 841/1/841
f 843/1/843 3946/1/3946 3949/1/3949 842/1/842
f 3956/1/3956 3957/1/3957 3955/1/3955 3961/1/3961
f 3958/1/3958 3959/1/3959 3955/1/3955 3957/1/3957
f 3960/1/3960 3961/1/3961 3955/1/3955 3959/1/3959
f 61/1/61 847/1/847 3956/1/3956 846/1/846
f 847/1/847 848/1/848 3957/1/3957 3956/1/3956
f 846/1/846 3956/1/3956 3961/1/3961 845/1/845
f 65/1/65 840/1/840 3958/1/3958 849/1/849
f 840/1/840 839/1/839 3959/1/3959 3958/1/3958
f 849/1/849 3958/1/3958 3957/1/3957 848/1/848
f 49/1/49 844/1/844 3960/1/3960 838/1/838
f 844/1/844 845/1/845 3961/1/3961 3960/1/3960
f 838/1/838 3960/1/3960 3959/1/3959 839/1/839
f 3963/1/3963 3964/1/3964 3962/1/3962 3968/1/3968
f 3965/1/3965 3966/1/3966 3962/1/3962 3964/1/3964
f 3967/1/3967 3968/1/3968 3962/1/3962 3966/1/3966
f 50/1/50 843/1/843 3963/1/3963 852/1/852
f 843/1/843 842/1/842 3964/1/3964 3963/1/3963
f 852/1/852 3963/1/3963 3968/1/3968 851/1/851
f 66/1/66 853/1/853 3965/1/3965 841/1/841
f 853/1/853 854/1/854 3966/1/3966 3965/1/3965
f 841/1/841 3965/1/3965 3964/1/3964 842/1/842
f 62/1/62 850/1/850 3967/1/3967 855/1/855
f 850/1/850 851/1/851 3968/1/3968 3967/1/3967
f 855/1/855 3967/1/3967 3966/1/3966 854/1/854
f 3970/1/3970 3971/1/3971 3969/1/3969 3975/1/3975
f 3972/1/3972 3973/1/3973 3969/1/3969 3971/1/3971
f 3974/1/3974 3975/1/3975 3969/1/3969 3973/1/3973
f 63/1/63 831/1/831 3970/1/3970 858/1/858
f 831/1/831 830/1/830 3971/1/3971 3970/1/3970
f 858/1/858 3970/1/3970 3975/1/3975 857/1/857
f 65/1/65 849/1/849 3972/1/3972 829/1/829
f 849/1/849 848/1/848 3973/1/3973 3972/1/3972
f 829/1/829 3972/1/3972 3971/1/3971 830/1/830
f 61/1/61 856/1/856 3974/1/3974 847/1/847
f 856/1/856 857/1/857 3975/1/3975 3974/1/3974
f 847/1/847 3974/1/3974 3973/1/3973 848/1/848
f 3977/1/3977 3978/1/3978 3976/1/3976 3982/1/3982
f 3979/1/3979 3980/1/3980 3976/1/3976 3978/1/3978
f 3981/1/3981 3982/1/3982 3976/1/3976 3980/1/3980
f 62/1/62 855/1/855 3977/1/3977 861/1/861
f 855/1/855 854/1/854 3978/1/3978 3977/1/3977
f 861/1/861 3977/1/3977 3982/1/3982 860/1/860
f 66/1/66 834/1/834 3979/1/3979 853/1/853
f 834/1/834 833/1/833 3980/1/3980 3979/1/3979
f 853/1/853 3979/1/3979 3978/1/3978 854/1/854
f 64/1/64 859/1/859 3981/1/3981 832/1/832
f 859/1/859 860/1/860 3982/1/3982 3981/1/3981
f 832/1/832 3981/1/3981 3980/1/3980 833/1/833
f 3984/1/3984 3985/1/3985 3983/1/3983 3989/1/3989
f 3986/1/3986 3987/1/3987 3983/1/3983 3985/1/3985
f 3988/1/3988 3989/1/3989 3983/1/3983 3987/1/3987
f 61/1/61 862/1/862 3984/1/3984 856/1/856
f 862/1/862 863/1/863 3985/1/3985 3984/1/3984
f 856/1/856 3984/1/3984 3989/1/3989 857/1/857
f 59/1/59 819/1/819 3986/1/3986 864/1/864
f 819/1/819 818/1/818 3987/1/3987 3986/1/3986
f 864/1/864 3986/1/3986 3985/1/3985 863/1/863
f 63/1/63 858/1/858 3988/1/3988 817/1/817
f 858/1/858 857/1/857 3989/1/3989 3988/1/3988
f 817/1/817 3988/1/3988 3987/1/3987 818/1/818
f 3991/1/3991 3992/1/3992 3990/1/3990 3996/1/3996
f 3993/1/3993 3994/1/3994 3990/1/3990 3992/1/3992
f 3995/1/3995 3996/1/3996 3990/1/3990 3994/1/3994
f 64/1/64 822/1/822 3991/1/3991 859/1/859
f 822/1/822 821/1/821 3992/1/3992 3991/1/3991
f 859/1/859 3991/1/3991 3996/1/3996 860/1/860
f 60/1/60 865/1/865 3993/1/3993 820/1/820
f 865/1/865 866/1/866 3994/1/3994 3993/1/3993
f 820/1/820 3993/1/3993 3992/1/3992 821/1/821
f 62/1/62 861/1/861 3995/1/3995 867/1/867
f 861/1/861 860/1/860 3996/1/3996 3995/1/3995
f 867/1/867 3995/1/3995 3994/1/3994 866/1/866
f 3998/1/3998 3999/1/3999 3997/1/3997 4003/1/4003
f 4000/1/4000 4001/1/4001 3997/1/3997 3999/1/3999
f 4002/1/4002 4003/1/4003 3997/1/3997 4001/1/4001
f 61/1/61 868/1/868 3998/1/3998 862/1/862
f 868/1/868 869/1/869 3999/1/3999 3998/1/3998
f 862/1/862 3998/1/3998 4003/1/4003 863/1/863
f 57/1/57 807/1/807 4000/1/4000 870/1/870
f 807/1/807 806/1/806 4001/1/4001 4000/1/4000
f 870/1/870 4000/1/4000 3999/1/3999 869/1/869
f 59/1/59 864/1/864 4002/1/4002 805/1/805
f 864/1/864 863/1/863 4003/1/4003 4002/1/4002
f 805/1/805 4002/1/4002 4001/1/4001 806/1/806
f 4005/1/4005 4006/1/4006 4004/1/4004 4010/1/4010
f 4007/1/4007 4008/1/4008 4004/1/4004 4006/1/4006
f 4009/1/4009 4010/1/4010 4004/1/4004 4008/1/4008
f 60/1/60 810/1/810 4005/1/4005 865/1/865
f 810/1/810 809/1/809 4006/1/4006 4005/1/4005
f 865/1/865 4005/1/4005 4010/1/4010 866/1/866
f 58/1/58 871/1/871 4007/1/4007 808/1/808
f 871/1/871 872/1/872 4008/1/4008 4007/1/4007
f 808/1/808 4007/1/4007 4006/1/4006 809/1/809
f 62/1/62 867/1/867 4009/1/4009 873/1/873
f 867/1/867 866/1/866 4010/1/4010 4009/1/4009
f 873/1/873 4009/1/4009 4008/1/4008 872/1/872
f 4012/1/4012 4013/1/4013 4011/1/4011 4017/1/4017
f 4014/1/4014 4015/1/4015 4011/1/4011 4013/1/4013
f 4016/1/4016 4017/1/4017 4011/1/4011 4015/1/4015
f 61/1/61 874/1/874 4012/1/4012 868/1/868
f 874/1/874 875/1/875 4013/1/4013 4012/1/4012
f 868/1/868 4012/1/4012 4017/1/4017 869/1/869
f 55/1/55 795/1/795 4014/1/4014 876/1/876
f 795/1/795 794/1/794 4015/1/4015 4014/1/4014
f 876/1/876 4014/1/4014 4013/1/4013 875/1/875
f 57/1/57 870/1/870 4016/1/4016 793/1/793
f 870/1/870 869/1/869 4017/1/4017 4016/1/4016
f 793/1/793 4016/1/4016 4015/1/4015 794/1/794
f 4019/1/4019 4020/1/4020 4018/1/4018 4024/1/4024
f 4021/1/4021 4022/1/4022 4018/1/4018 4020/1/4020
f 4023/1/4023 4024/1/4024 4018/1/4018 4022/1/4022
f 58/1/58 798/1/798 4019/1/4019 871/1/871
f 798/1/798 797/1/797 4020/1/4020 4019/1/4019
f 871/1/871 4019/1/4019 4024/1/4024 872/1/872
f 56/1/56 877/1/877 4021/1/4021 796/1/796
f 877/1/877 878/1/878 4022/1/4022 4021/1/4021
f 796/1/796 4021/1/4021 4020/1/4020 797/1/797
f 62/1/62 873/1/873 4023/1/4023 879/1/879
f 873/1/873 872/1/872 4024/1/4024 4023/1/4023
f 879/1/879 4023/1/4023 4022/1/4022 878/1/878
f 4026/1/4026 4027/1/4027 4025/1/4025 4031/1/4031
f 4028/1/4028 4029/1/4029 4025/1/4025 4027/1/4027
f 4030/1/4030 4031/1/4031 4025/1/4025 4029/1/4029
f 61/1/61 880/1/880 4026/1/4026 874/1/874
f 880/1/880 881/1/881 4027/1/4027 4026/1/4026
f 874/1/874 4026/1/4026 4031/1/4031 875/1/875
f 53/1/53 783/1/783 4028/1/4028 882/1/882
f 783/1/783 782/1/782 4029/1/4029 4028/1/4028
f 882/1/882 4028/1/4028 4027/1/4027 881/1/881
f 55/1/55 876/1/876 4030/1/4030 781/1/781
f 876/1/876 875/1/875 4031/1/4031 4030/1/4030
f 781/1/781 4030/1/4030 4029/1/4029 782/1/782
f 4033/1/4033 4034/1/4034 4032/1/4032 4038/1/4038
f 4035/1/4035 4036/1/4036 4032/1/4032 4034/1/4034
f 4037/1/4037 4038/1/4038 4032/1/4032 4036/1/4036
f 56/1/56 786/1/786 4033/1/4033 877/1/877
f 786/1/786 785/1/785 4034/1/4034 4033/1/4033
f 877/1/877 4033/1/4033 4038/1/4038 878/1/878
f 54/1/54 883/1/883 4035/1/4035 784/1/784
f 883/1/883 884/1/884 4036/1/4036 4035/1/4035
f 784/1/784 4035/1/4035 4034/1/4034 785/1/785
f 62/1/62 879/1/879 4037/1/4037 885/1/885
f 879/1/879 878/1/878 4038/1/4038 4037/1/4037
f 885/1/885 4037/1/4037 4036/1/4036 884/1/884
f 4040/1/4040 4041/1/4041 4039/1/4039 4045/1/4045
f 4042/1/4042 4043/1/4043 4039/1/4039 4041/1/4041
f 4044/1/4044 4045/1/4045 4039/1/4039 4043/1/4043
f 61/1/61 886/1/886 4040/1/4040 880/1/880
f 886/1/886 887/1/887 4041/1/4041 4040/1/4040
f 880/1/880 4040/1/4040 4045/1/4045 881/1/881
f 51/1/51 771/1/771 4042/1/4042 888/1/888
f 771/1/771 770/1/770 4043/1/4043 4042/1/4042
f 888/1/888 4042/1/4042 4041/1/4041 887/1/887
f 53/1/53 882/1/882 4044/1/4044 769/1/769
f 882/1/882 881/1/881 4045/1/4045 4044/1/4044
f 769/1/769 4044/1/4044 4043/1/4043 770/1/770
f 4047/1/4047 4048/1/4048 4046/1/4046 4052/1/4052
f 4049/1/4049 4050/1/4050 4046/1/4046 4048/1/4048
f 4051/1/4051 4052/1/4052 4046/1/4046 4050/1/4050
f 54/1/54 774/1/774 4047/1/4047 883/1/883
f 774/1/774 773/1/773 4048/1/4048 4047/1/4047
f 883/1/883 4047/1/4047 4052/1/4052 884/1/884
f 52/1/52 889/1/889 4049/1/4049 772/1/772
f 889/1/889 890/1/890 4050/1/4050 4049/1/4049
f 772/1/772 4049/1/4049 4048/1/4048 773/1/773
f 62/1/62 885/1/885 4051/1/4051 891/1/891
f 885/1/885 884/1/884 4052/1/4052 4051/1/4051
f 891/1/891 4051/1/4051 4050/1/4050 890/1/890
f 4054/1/4054 4055/1/4055 4053/1/4053 4059/1/4059
f 4056/1/4056 4057/1/4057 4053/1/4053 4055/1/4055
f 4058/1/4058 4059/1/4059 4053/1/4053 4057/1/4057
f 61/1/61 846/1/846 4054/1/4054 886/1/886
f 846/1/846 845/1/845 4055/1/4055 4054/1/4054
f 886/1/886 4054/1/4054 4059/1/4059 887/1/887
f 49/1/49 756/1/756 4056/1/4056 844/1/844
f 756/1/756 755/1/755 4057/1/4057 4056/1/4056
f 844/1/844 4056/1/4056 4055/1/4055 845/1/845
f 51/1/51 888/1/888 4058/1/4058 754/1/754
f 888/1/888 887/1/887 4059/1/4059 4058/1/4058
f 754/1/754 4058/1/4058 4057/1/4057 755/1/755
f 4061/1/4061 4062/1/4062 4060/1/4060 4066/1/4066
f 4063/1/4063 4064/1/4064 4060/1/4060 4062/1/4062
f 4065/1/4065 4066/1/4066 4060/1/4060 4064/1/4064
f 52/1/52 759/1/759 4061/1/4061 889/1/889
f 759/1/759 758/1/758 4062/1/4062 4061/1/4061
f 889/1/889 4061/1/4061 4066/1/4066 890/1/890
f 50/1/50 852/1/852 4063/1/4063 757/1/757
f 852/1/852 851/1/851 4064/1/4064 4063/1/4063
f 757/1/757 4063/1/4063 4062/1/4062 758/1/758
f 62/1/62 891/1/891 4065/1/4065 850/1/850
f 891/1/891 890/1/890 4066/1/4066 4065/1/4065
f 850/1/850 4065/1/4065 4064/1/4064 851/1/851
f 4067/1/4067 4068/1/4068 4071/1/4071 4070/1/4070
f 4068/1/4068 4069/1/4069 4072/1/4072 4071/1/4071
f 4070/1/4070 4071/1/4071 4074/1/4074 4073/1/4073
f 4071/1/4071 4072/1/4072 4075/1/4075 4074/1/4074
f 89/1/89 895/1/895 4067/1/4067 894/1/894
f 895/1/895 896/1/896 4068/1/4068 4067/1/4067
f 896/1/896 897/1/897 4069/1/4069 4068/1/4068
f 897/1/897 174/1/174 898/1/898 4069/1/4069
f 4069/1/4069 898/1/898 899/1/899 4072/1/4072
f 4072/1/4072 899/1/899 900/1/900 4075/1/4075
f 4075/1/4075 900/1/900 176/1/176 901/1/901
f 4074/1/4074 4075/1/4075 901/1/901 902/1/902
f 4073/1/4073 4074/1/4074 902/1/902 903/1/903
f 892/1/892 4073/1/4073 903/1/903 91/1/91
f 893/1/893 4070/1/4070 4073/1/4073 892/1/892
f 894/1/894 4067/1/4067 4070/1/4070 893/1/893
f 4076/1/4076 4077/1/4077 4080/1/4080 4079/1/4079
f 4077/1/4077 4078/1/4078 4081/1/4081 4080/1/4080
f 4079/1/4079 4080/1/4080 4083/1/4083 4082/1/4082
f 4080/1/4080 4081/1/4081 4084/1/4084 4083/1/4083
f 176/1/176 904/1/904 4076/1/4076 901/1/901
f 904/1/904 905/1/905 4077/1/4077 4076/1/4076
f 905/1/905 906/1/906 4078/1/4078 4077/1/4077
f 906/1/906 175/1/175 907/1/907 4078/1/4078
f 4078/1/4078 907/1/907 908/1/908 4081/1/4081
f 4081/1/4081 908/1/908 909/1/909 4084/1/4084
f 4084/1/4084 909/1/909 90/1/90 910/1/910
f 4083/1/4083 4084/1/4084 910/1/910 911/1/911
f 4082/1/4082 4083/1/4083 911/1/911 912/1/912
f 903/1/903 4082/1/4082 912/1/912 91/1/91
f 902/1/902 4079/1/4079 4082/1/4082 903/1/903
f 901/1/901 4076/1/4076 4079/1/4079 902/1/902
f 4085/1/4085 4086/1/4086 4089/1/4089 4088/1/4088
f 4086/1/4086 4087/1/4087 4090/1/4090 4089/1/4089
f 4088/1/4088 4089/1/4089 4092/1/4092 4091/1/4091
f 4089/1/4089 4090/1/4090 4093/1/4093 4092/1/4092
f 87/1/87 916/1/916 4085/1/4085 915/1/915
f 916/1/916 917/1/917 4086/1/4086 4085/1/4085
f 917/1/917 918/1/918 4087/1/4087 4086/1/4086
f 918/1/918 172/1/172 919/1/919 4087/1/4087
f 4087/1/4087 919/1/919 920/1/920 4090/1/4090
f 4090/1/4090 920/1/920 921/1/921 4093/1/4093
f 4093/1/4093 921/1/921 174/1/174 897/1/897
f 4092/1/4092 4093/1/4093 897/1/897 896/1/896
f 4091/1/4091 4092/1/4092 896/1/896 895/1/895
f 913/1/913 4091/1/4091 895/1/895 89/1/89
f 914/1/914 4088/1/4088 4091/1/4091 913/1/913
f 915/1/915 4085/1/4085 4088/1/4088 914/1/914
f 4094/1/4094 4095/1/4095 4098/1/4098 4097/1/4097
f 4095/1/4095 4096/1/4096 4099/1/4099 4098/1/4098
f 4097/1/4097 4098/1/4098 4101/1/4101 4100/1/4100
f 4098/1/4098 4099/1/4099 4102/1/4102 4101/1/4101
f 175/1/175 922/1/922 4094/1/4094 907/1/907
f 922/1/922 923/1/923 4095/1/4095 4094/1/4094
f 923/1/923 924/1/924 4096/1/4096 4095/1/4095
f 924/1/924 173/1/173 925/1/925 4096/1/4096
f 4096/1/4096 925/1/925 926/1/926 4099/1/4099
f 4099/1/4099 926/1/926 927/1/927 4102/1/4102
f 4102/1/4102 927/1/927 88/1/88 928/1/928
f 4101/1/4101 4102/1/4102 928/1/928 929/1/929
f 4100/1/4100 4101/1/4101 929/1/929 930/1/930
f 909/1/909 4100/1/4100 930/1/930 90/1/90
f 908/1/908 4097/1/4097 4100/1/4100 909/1/909
f 907/1/907 4094/1/4094 4097/1/4097 908/1/908
f 4103/1/4103 4104/1/4104 4107/1/4107 4106/1/4106
f 4104/1/4104 4105/1/4105 4108/1/4108 4107/1/4107
f 4106/1/4106 4107/1/4107 4110/1/4110 4109/1/4109
f 4107/1/4107 4108/1/4108 4111/1/4111 4110/1/4110
f 85/1/85 934/1/934 4103/1/4103 933/1/933
f 934/1/934 935/1/935 4104/1/4104 4103/1/4103
f 935/1/935 936/1/936 4105/1/4105 4104/1/4104
f 936/1/936 170/1/170 937/1/937 4105/1/4105
f 4105/1/4105 937/1/937 938/1/938 4108/1/4108
f 4108/1/4108 938/1/938 939/1/939 4111/1/4111
f 4111/1/4111 939/1/939 172/1/172 918/1/918
f 4110/1/4110 4111/1/4111 918/1/918 917/1/917
f 4109/1/4109 4110/1/4110 917/1/917 916/1/916
f 931/1/931 4109/1/4109 916/1/916 87/1/87
f 932/1/932 4106/1/4106 4109/1/4109 931/1/931
f 933/1/933 4103/1/4103 4106/1/4106 932/1/932
f 4112/1/4112 4113/1/4113 4116/1/4116 4115/1/4115
f 4113/1/4113 4114/1/4114 4117/1/4117 4116/1/4116
f 4115/1/4115 4116/1/4116 4119/1/4119 4118/1/4118
f 4116/1/4116 4117/1/4117 4120/1/4120 4119/1/4119
f 173/1/173 940/1/940 4112/1/4112 925/1/925
f 940/1/940 941/1/941 4113/1/4113 4112/1/4112
f 941/1/941 942/1/942 4114/1/4114 4113/1/4113
f 942/1/942 171/1/171 943/1/943 4114/1/4114
f 4114/1/4114 943/1/943 944/1/944 4117/1/4117
f 4117/1/4117 944/1/944 945/1/945 4120/1/4120
f 4120/1/4120 945/1/945 86/1/86 946/1/946
f 4119/1/4119 4120/1/4120 946/1/946 947/1/947
f 4118/1/4118 4119/1/4119 947/1/947 948/1/948
f 927/1/927 4118/1/4118 948/1/948 88/1/88
f 926/1/926 4115/1/4115 4118/1/4118 927/1/927
f 925/1/925 4112/1/4112 4115/1/4115 926/1/926
f 4121/1/4121 4122/1/4122 4125/1/4125 4124/1/4124
f 4122/1/4122 4123/1/4123 4126/1/4126 4125/1/4125
f 4124/1/4124 4125/1/4125 4128/1/4128 4127/1/4127
f 4125/1/4125 4126/1/4126 4129/1/4129 4128/1/4128
f 83/1/83 952/1/952 4121/1/4121 951/1/951
f 952/1/952 953/1/953 4122/1/4122 4121/1/4121
f 953/1/953 954/1/954 4123/1/4123 4122/1/4122
f 954/1/954 168/1/168 955/1/955 4123/1/4123
f 4123/1/4123 955/1/955 956/1/956 4126/1/4126
f 4126/1/4126 956/1/956 957/1/957 4129/1/4129
f 4129/1/4129 957/1/957 170/1/170 936/1/936
f 4128/1/4128 4129/1/4129 936/1/936 935/1/935
f 4127/1/4127 4128/1/4128 935/1/935 934/1/934
f 949/1/949 4127/1/4127 934/1/934 85/1/85
f 950/1/950 4124/1/4124 4127/1/4127 949/1/949
f 951/1/951 4121/1/4121 4124/1/4124 950/1/950
f 4130/1/4130 4131/1/4131 4134/1/4134 4133/1/4133
f 4131/1/4131 4132/1/4132 4135/1/4135 4134/1/4134
f 4133/1/4133 4134/1/4134 4137/1/4137 4136/1/4136
f 4134/1/4134 4135/1/4135 4138/1/4138 4137/1/4137
f 171/1/171 958/1/958 4130/1/4130 943/1/943
f 958/1/958 959/1/959 4131/1/4131 4130/1/4130
f 959/1/959 960/1/960 4132/1/4132 4131/1/4131
f 960/1/960 169/1/169 961/1/961 4132/1/4132
f 4132/1/4132 961/1/961 962/1/962 4135/1/4135
f 4135/1/4135 962/1/962 963/1/963 4138/1/4138
f 4138/1/4138 963/1/963 84/1/84 964/1/964
f 4137/1/4137 4138/1/4138 964/1/964 965/1/965
f 4136/1/4136 4137/1/4137 965/1/965 966/1/966
f 945/1/945 4136/1/4136 966/1/966 86/1/86
f 944/1/944 4133/1/4133 4136/1/4136 945/1/945
f 943/1/943 4130/1/4130 4133/1/4133 944/1/944
f 4139/1/4139 4140/1/4140 4143/1/4143 4142/1/4142
f 4140/1/4140 4141/1/4141 4144/1/4144 4143/1/4143
f 4142/1/4142 4143/1/4143 4146/1/4146 4145/1/4145
f 4143/1/4143 4144/1/4144 4147/1/4147 4146/1/4146
f 81/1/81 970/1/970 4139/1/4139 969/1/969
f 970/1/970 971/1/971 4140/1/4140 4139/1/4139
f 971/1/971 972/1/972 4141/1/4141 4140/1/4140
f 972/1/972 166/1/166 973/1/973 4141/1/4141
f 4141/1/4141 973/1/973 974/1/974 4144/1/4144
f 4144/1/4144 974/1/974 975/1/975 4147/1/4147
f 4147/1/4147 975/1/975 168/1/168 954/1/954
f 4146/1/4146 4147/1/4147 954/1/954 953/1/953
f 4145/1/4145 4146/1/4146 953/1/953 952/1/952
f 967/1/967 4145/1/4145 952/1/952 83/1/83
f 968/1/968 4142/1/4142 4145/1/4145 967/1/967
f 969/1/969 4139/1/4139 4142/1/4142 968/1/968
f 4148/1/4148 4149/1/4149 4152/1/4152 4151/1/4151
f 4149/1/4149 4150/1/4150 4153/1/4153 4152/1/4152
f 4151/1/4151 4152/1/4152 4155/1/4155 4154/1/4154
f 4152/1/4152 4153/1/4153 4156/1/4156 4155/1/4155
f 169/1/169 976/1/976 4148/1/4148 961/1/961
f 976/1/976 977/1/977 4149/1/4149 4148/1/4148
f 977/1/977 978/1/978 4150/1/4150 4149/1/4149
f 978/1/978 167/1/167 979/1/979 4150/1/4150
f 4150/1/4150 979/1/979 980/1/980 4153/1/4153
f 4153/1/4153 980/1/980 981/1/981 4156/1/4156
f 4156/1/4156 981/1/981 82/1/82 982/1/982
f 4155/1/4155 4156/1/4156 982/1/982 983/1/983
f 4154/1/4154 4155/1/4155 983/1/983 984/1/984
f 963/1/963 4154/1/4154 984/1/984 84/1/84
f 962/1/962 4151/1/4151 4154/1/4154 963/1/963
f 961/1/961 4148/1/4148 4151/1/4151 962/1/962
f 4157/1/4157 4158/1/4158 4161/1/4161 4160/1/4160
f 4158/1/4158 4159/1/4159 4162/1/4162 4161/1/4161
f 4160/1/4160 4161/1/4161 4164/1/4164 4163/1/4163
f 4161/1/4161 4162/1/4162 4165/1/4165 4164/1/4164
f 79/1/79 988/1/988 4157/1/4157 987/1/987
f 988/1/988 989/1/989 4158/1/4158 4157/1/4157
f 989/1/989 990/1/990 4159/1/4159 4158/1/4158
f 990/1/990 92/1/92 991/1/991 4159/1/4159
f 4159/1/4159 991/1/991 992/1/992 4162/1/4162
f 4162/1/4162 992/1/992 993/1/993 4165/1/4165
f 4165/1/4165 993/1/993 146/1/146 994/1/994
f 4164/1/4164 4165/1/4165 994/1/994 995/1/995
f 4163/1/4163 4164/1/4164 995/1/995 996/1/996
f 985/1/985 4163/1/4163 996/1/996 164/1/164
f 986/1/986 4160/1/4160 4163/1/4163 985/1/985
f 987/1/987 4157/1/4157 4160/1/4160 986/1/986
f 4166/1/4166 4167/1/4167 4170/1/4170 4169/1/4169
f 4167/1/4167 4168/1/4168 4171/1/4171 4170/1/4170
f 4169/1/4169 4170/1/4170 4173/1/4173 4172/1/4172
f 4170/1/4170 4171/1/4171 4174/1/4174 4173/1/4173
f 147/1/147 1000/1/1000 4166/1/4166 999/1/999
f 1000/1/1000 1001/1/1001 4167/1/4167 4166/1/4166
f 1001/1/1001 1002/1/1002 4168/1/4168 4167/1/4167
f 1002/1/1002 93/1/93 1003/1/1003 4168/1/4168
f 4168/1/4168 1003/1/1003 1004/1/1004 4171/1/4171
f 4171/1/4171 1004/1/1004 1005/1/1005 4174/1/4174
f 4174/1/4174 1005/1/1005 80/1/80 1006/1/1006
f 4173/1/4173 4174/1/4174 1006/1/1006 1007/1/1007
f 4172/1/4172 4173/1/4173 1007/1/1007 1008/1/1008
f 997/1/997 4172/1/4172 1008/1/1008 165/1/165
f 998/1/998 4169/1/4169 4172/1/4172 997/1/997
f 999/1/999 4166/1/4166 4169/1/4169 998/1/998
f 4175/1/4175 4176/1/4176 4179/1/4179 4178/1/4178
f 4176/1/4176 4177/1/4177 4180/1/4180 4179/1/4179
f 4178/1/4178 4179/1/4179 4182/1/4182 4181/1/4181
f 4179/1/4179 4180/1/4180 4183/1/4183 4182/1/4182
f 92/1/92 1009/1/1009 4175/1/4175 991/1/991
f 1009/1/1009 1010/1/1010 4176/1/4176 4175/1/4175
f 1010/1/1010 1011/1/1011 4177/1/4177 4176/1/4176
f 1011/1/1011 94/1/94 1012/1/1012 4177/1/4177
f 4177/1/4177 1012/1/1012 1013/1/1013 4180/1/4180
f 4180/1/4180 1013/1/1013 1014/1/1014 4183/1/4183
f 4183/1/4183 1014/1/1014 148/1/148 1015/1/1015
f 4182/1/4182 4183/1/4183 1015/1/1015 1016/1/1016
f 4181/1/4181 4182/1/4182 1016/1/1016 1017/1/1017
f 993/1/993 4181/1/4181 1017/1/1017 146/1/146
f 992/1/992 4178/1/4178 4181/1/4181 993/1/993
f 991/1/991 4175/1/4175 4178/1/4178 992/1/992
f 4184/1/4184 4185/1/4185 4188/1/4188 4187/1/4187
f 4185/1/4185 4186/1/4186 4189/1/4189 4188/1/4188
f 4187/1/4187 4188/1/4188 4191/1/4191 4190/1/4190
f 4188/1/4188 4189/1/4189 4192/1/4192 4191/1/4191
f 149/1/149 1021/1/1021 4184/1/4184 1020/1/1020
f 1021/1/1021 1022/1/1022 4185/1/4185 4184/1/4184
f 1022/1/1022 1023/1/1023 4186/1/4186 4185/1/4185
f 1023/1/1023 95/1/95 1024/1/1024 4186/1/4186
f 4186/1/4186 1024/1/1024 1025/1/1025 4189/1/4189
f 4189/1/4189 1025/1/1025 1026/1/1026 4192/1/4192
f 4192/1/4192 1026/1/1026 93/1/93 1002/1/1002
f 4191/1/4191 4192/1/4192 1002/1/1002 1001/1/1001
f 4190/1/4190 4191/1/4191 1001/1/1001 1000/1/1000
f 1018/1/1018 4190/1/4190 1000/1/1000 147/1/147
f 1019/1/1019 4187/1/4187 4190/1/4190 1018/1/1018
f 1020/1/1020 4184/1/4184 4187/1/4187 1019/1/1019
f 4193/1/4193 4194/1/4194 4197/1/4197 4196/1/4196
f 4194/1/4194 4195/1/4195 4198/1/4198 4197/1/4197
f 4196/1/4196 4197/1/4197 4200/1/4200 4199/1/4199
f 4197/1/4197 4198/1/4198 4201/1/4201 4200/1/4200
f 94/1/94 1027/1/1027 4193/1/4193 1012/1/1012
f 1027/1/1027 1028/1/1028 4194/1/4194 4193/1/4193
f 1028/1/1028 1029/1/1029 4195/1/4195 4194/1/4194
f 1029/1/1029 96/1/96 1030/1/1030 4195/1/4195
f 4195/1/4195 1030/1/1030 1031/1/1031 4198/1/4198
f 4198/1/4198 1031/1/1031 1032/1/1032 4201/1/4201
f 4201/1/4201 1032/1/1032 150/1/150 1033/1/1033
f 4200/1/4200 4201/1/4201 1033/1/1033 1034/1/1034
f 4199/1/4199 4200/1/4200 1034/1/1034 1035/1/1035
f 1014/1/1014 4199/1/4199 1035/1/1035 148/1/148
f 1013/1/1013 4196/1/4196 4199/1/4199 1014/1/1014
f 1012/1/1012 4193/1/4193 4196/1/4196 1013/1/1013
f 4202/1/4202 4203/1/4203 4206/1/4206 4205/1/4205
f 4203/1/4203 4204/1/4204 4207/1/4207 4206/1/4206
f 4205/1/4205 4206/1/4206 4209/1/4209 4208/1/4208
f 4206/1/4206 4207/1/4207 4210/1/4210 4209/1/4209
f 151/1/151 1039/1/1039 4202/1/4202 1038/1/1038
f 1039/1/1039 1040/1/1040 4203/1/4203 4202/1/4202
f 1040/1/1040 1041/1/1041 4204/1/4204 4203/1/4203
f 1041/1/1041 97/1/97 1042/1/1042 4204/1/4204
f 4204/1/4204 1042/1/1042 1043/1/1043 4207/1/4207
f 4207/1/4207 1043/1/1043 1044/1/1044 4210/1/4210
f 4210/1/4210 1044/1/1044 95/1/95 1023/1/1023
f 4209/1/4209 4210/1/4210 1023/1/1023 1022/1/1022
f 4208/1/4208 4209/1/4209 1022/1/1022 1021/1/1021
f 1036/1/1036 4208/1/4208 1021/1/1021 149/1/149
f 1037/1/1037 4205/1/4205 4208/1/4208 1036/1/1036
f 1038/1/1038 4202/1/4202 4205/1/4205 1037/1/1037
f 4211/1/4211 4212/1/4212 4215/1/4215 4214/1/4214
f 4212/1/4212 4213/1/4213 4216/1/4216 4215/1/4215
f 4214/1/4214 4215/1/4215 4218/1/4218 4217/1/4217
f 4215/1/4215 4216/1/4216 4219/1/4219 4218/1/4218
f 96/1/96 1045/1/1045 4211/1/4211 1030/1/1030
f 1045/1/1045 1046/1/1046 4212/1/4212 4211/1/4211
f 1046/1/1046 1047/1/1047 4213/1/4213 4212/1/4212
f 1047/1/1047 98/1/98 1048/1/1048 4213/1/4213
f 4213/1/4213 1048/1/1048 1049/1/1049 4216/1/4216
f 4216/1/4216 1049/1/1049 1050/1/1050 4219/1/4219
f 4219/1/4219 1050/1/1050 152/1/152 1051/1/1051
f 4218/1/4218 4219/1/4219 1051/1/1051 1052/1/1052
f 4217/1/4217 4218/1/4218 1052/1/1052 1053/1/1053
f 1032/1/1032 4217/1/4217 1053/1/1053 150/1/150
f 1031/1/1031 4214/1/4214 4217/1/4217 1032/1/1032
f 1030/1/1030 4211/1/4211 4214/1/4214 1031/1/1031
f 4220/1/4220 4221/1/4221 4224/1/4224 4223/1/4223
f 4221/1/4221 4222/1/4222 4225/1/4225 4224/1/4224
f 4223/1/4223 4224/1/4224 4227/1/4227 4226/1/4226
f 4224/1/4224 4225/1/4225 4228/1/4228 4227/1/4227
f 153/1/153 1057/1/1057 4220/1/4220 1056/1/1056
f 1057/1/1057 1058/1/1058 4221/1/4221 4220/1/4220
f 1058/1/1058 1059/1/1059 4222/1/4222 4221/1/4221
f 1059/1/1059 99/1/99 1060/1/1060 4222/1/4222
f 4222/1/4222 1060/1/1060 1061/1/1061 4225/1/4225
f 4225/1/4225 1061/1/1061 1062/1/1062 4228/1/4228
f 4228/1/4228 1062/1/1062 97/1/97 1041/1/1041
f 4227/1/4227 4228/1/4228 1041/1/1041 1040/1/1040
f 4226/1/4226 4227/1/4227 1040/1/1040 1039/1/1039
f 1054/1/1054 4226/1/4226 1039/1/1039 151/1/151
f 1055/1/1055 4223/1/4223 4226/1/4226 1054/1/1054
f 1056/1/1056 4220/1/4220 4223/1/4223 1055/1/1055
f 4229/1/4229 4230/1/4230 4233/1/4233 4232/1/4232
f 4230/1/4230 4231/1/4231 4234/1/4234 4233/1/4233
f 4232/1/4232 4233/1/4233 4236/1/4236 4235/1/4235
f 4233/1/4233 4234/1/4234 4237/1/4237 4236/1/4236
f 98/1/98 1063/1/1063 4229/1/4229 1048/1/1048
f 1063/1/1063 1064/1/1064 4230/1/4230 4229/1/4229
f 1064/1/1064 1065/1/1065 4231/1/4231 4230/1/4230
f 1065/1/1065 100/1/100 1066/1/1066 4231/1/4231
f 4231/1/4231 1066/1/1066 1067/1/1067 4234/1/4234
f 4234/1/4234 1067/1/1067 1068/1/1068 4237/1/4237
f 4237/1/4237 1068/1/1068 154/1/154 1069/1/1069
f 4236/1/4236 4237/1/4237 1069/1/1069 1070/1/1070
f 4235/1/4235 4236/1/4236 1070/1/1070 1071/1/1071
f 1050/1/1050 4235/1/4235 1071/1/1071 152/1/152
f 1049/1/1049 4232/1/4232 4235/1/4235 1050/1/1050
f 1048/1/1048 4229/1/4229 4232/1/4232 1049/1/1049
f 4238/1/4238 4239/1/4239 4242/1/4242 4241/1/4241
f 4239/1/4239 4240/1/4240 4243/1/4243 4242/1/4242
f 4241/1/4241 4242/1/4242 4245/1/4245 4244/1/4244
f 4242/1/4242 4243/1/4243 4246/1/4246 4245/1/4245
f 155/1/155 1075/1/1075 4238/1/4238 1074/1/1074
f 1075/1/1075 1076/1/1076 4239/1/4239 4238/1/4238
f 1076/1/1076 1077/1/1077 4240/1/4240 4239/1/4239
f 1077/1/1077 101/1/101 1078/1/1078 4240/1/4240
f 4240/1/4240 1078/1/1078 1079/1/1079 4243/1/4243
f 4243/1/4243 1079/1/1079 1080/1/1080 4246/1/4246
f 4246/1/4246 1080/1/1080 99/1/99 1059/1/1059
f 4245/1/4245 4246/1/4246 1059/1/1059 1058/1/1058
f 4244/1/4244 4245/1/4245 1058/1/1058 1057/1/1057
f 1072/1/1072 4244/1/4244 1057/1/1057 153/1/153
f 1073/1/1073 4241/1/4241 4244/1/4244 1072/1/1072
f 1074/1/1074 4238/1/4238 4241/1/4241 1073/1/1073
f 4247/1/4247 4248/1/4248 4251/1/4251 4250/1/4250
f 4248/1/4248 4249/1/4249 4252/1/4252 4251/1/4251
f 4250/1/4250 4251/1/4251 4254/1/4254 4253/1/4253
f 4251/1/4251 4252/1/4252 4255/1/4255 4254/1/4254
f 100/1/100 1081/1/1081 4247/1/4247 1066/1/1066
f 1081/1/1081 1082/1/1082 4248/1/4248 4247/1/4247
f 1082/1/1082 1083/1/1083 4249/1/4249 4248/1/4248
f 1083/1/1083 102/1/102 1084/1/1084 4249/1/4249
f 4249/1/4249 1084/1/1084 1085/1/1085 4252/1/4252
f 4252/1/4252 1085/1/1085 1086/1/1086 4255/1/4255
f 4255/1/4255 1086/1/1086 156/1/156 1087/1/1087
f 4254/1/4254 4255/1/4255 1087/1/1087 1088/1/1088
f 4253/1/4253 4254/1/4254 1088/1/1088 1089/1/1089
f 1068/1/1068 4253/1/4253 1089/1/1089 154/1/154
f 1067/1/1067 4250/1/4250 4253/1/4253 1068/1/1068
f 1066/1/1066 4247/1/4247 4250/1/4250 1067/1/1067
f 4256/1/4256 4257/1/4257 4260/1/4260 4259/1/4259
f 4257/1/4257 4258/1/4258 4261/1/4261 4260/1/4260
f 4259/1/4259 4260/1/4260 4263/1/4263 4262/1/4262
f 4260/1/4260 4261/1/4261 4264/1/4264 4263/1/4263
f 157/1/157 1093/1/1093 4256/1/4256 1092/1/1092
f 1093/1/1093 1094/1/1094 4257/1/4257 4256/1/4256
f 1094/1/1094 1095/1/1095 4258/1/4258 4257/1/4257
f 1095/1/1095 103/1/103 1096/1/1096 4258/1/4258
f 4258/1/4258 1096/1/1096 1097/1/1097 4261/1/4261
f 4261/1/4261 1097/1/1097 1098/1/1098 4264/1/4264
f 4264/1/4264 1098/1/1098 101/1/101 1077/1/1077
f 4263/1/4263 4264/1/4264 1077/1/1077 1076/1/1076
f 4262/1/4262 4263/1/4263 1076/1/1076 1075/1/1075
f 1090/1/1090 4262/1/4262 1075/1/1075 155/1/155
f 1091/1/1091 4259/1/4259 4262/1/4262 1090/1/1090
f 1092/1/1092 4256/1/4256 4259/1/4259 1091/1/1091
f 4265/1/4265 4266/1/4266 4269/1/4269 4268/1/4268
f 4266/1/4266 4267/1/4267 4270/1/4270 4269/1/4269
f 4268/1/4268 4269/1/4269 4272/1/4272 4271/1/4271
f 4269/1/4269 4270/1/4270 4273/1/4273 4272/1/4272
f 102/1/102 1099/1/1099 4265/1/4265 1084/1/1084
f 1099/1/1099 1100/1/1100 4266/1/4266 4265/1/4265
f 1100/1/1100 1101/1/1101 4267/1/4267 4266/1/4266
f 1101/1/1101 104/1/104 1102/1/1102 4267/1/4267
f 4267/1/4267 1102/1/1102 1103/1/1103 4270/1/4270
f 4270/1/4270 1103/1/1103 1104/1/1104 4273/1/4273
f 4273/1/4273 1104/1/1104 158/1/158 1105/1/1105
f 4272/1/4272 4273/1/4273 1105/1/1105 1106/1/1106
f 4271/1/4271 4272/1/4272 1106/1/1106 1107/1/1107
f 1086/1/1086 4271/1/4271 1107/1/1107 156/1/156
f 1085/1/1085 4268/1/4268 4271/1/4271 1086/1/1086
f 1084/1/1084 4265/1/4265 4268/1/4268 1085/1/1085
f 4274/1/4274 4275/1/4275 4278/1/4278 4277/1/4277
f 4275/1/4275 4276/1/4276 4279/1/4279 4278/1/4278
f 4277/1/4277 4278/1/4278 4281/1/4281 4280/1/4280
f 4278/1/4278 4279/1/4279 4282/1/4282 4281/1/4281
f 159/1/159 1111/1/1111 4274/1/4274 1110/1/1110
f 1111/1/1111 1112/1/1112 4275/1/4275 4274/1/4274
f 1112/1/1112 1113/1/1113 4276/1/4276 4275/1/4275
f 1113/1/1113 105/1/105 1114/1/1114 4276/1/4276
f 4276/1/4276 1114/1/1114 1115/1/1115 4279/1/4279
f 4279/1/4279 1115/1/1115 1116/1/1116 4282/1/4282
f 4282/1/4282 1116/1/1116 103/1/103 1095/1/1095
f 4281/1/4281 4282/1/4282 1095/1/1095 1094/1/1094
f 4280/1/4280 4281/1/4281 1094/1/1094 1093/1/1093
f 1108/1/1108 4280/1/4280 1093/1/1093 157/1/157
f 1109/1/1109 4277/1/4277 4280/1/4280 1108/1/1108
f 1110/1/1110 4274/1/4274 4277/1/4277 1109/1/1109
f 4283/1/4283 4284/1/4284 4287/1/4287 4286/1/4286
f 4284/1/4284 4285/1/4285 4288/1/4288 4287/1/4287
f 4286/1/4286 4287/1/4287 4290/1/4290 4289/1/4289
f 4287/1/4287 4288/1/4288 4291/1/4291 4290/1/4290
f 104/1/104 1117/1/1117 4283/1/4283 1102/1/1102
f 1117/1/1117 1118/1/1118 4284/1/4284 4283/1/4283
f 1118/1/1118 1119/1/1119 4285/1/4285 4284/1/4284
f 1119/1/1119 106/1/106 1120/1/1120 4285/1/4285
f 4285/1/4285 1120/1/1120 1121/1/1121 4288/1/4288
f 4288/1/4288 1121/1/1121 1122/1/1122 4291/1/4291
f 4291/1/4291 1122/1/1122 160/1/160 1123/1/1123
f 4290/1/4290 4291/1/4291 1123/1/1123 1124/1/1124
f 4289/1/4289 4290/1/4290 1124/1/1124 1125/1/1125
f 1104/1/1104 4289/1/4289 1125/1/1125 158/1/158
f 1103/1/1103 4286/1/4286 4289/1/4289 1104/1/1104
f 1102/1/1102 4283/1/4283 4286/1/4286 1103/1/1103
f 4292/1/4292 4293/1/4293 4296/1/4296 4295/1/4295
f 4293/1/4293 4294/1/4294 4297/1/4297 4296/1/4296
f 4295/1/4295 4296/1/4296 4299/1/4299 4298/1/4298
f 4296/1/4296 4297/1/4297 4300/1/4300 4299/1/4299
f 161/1/161 1129/1/1129 4292/1/4292 1128/1/1128
f 1129/1/1129 1130/1/1130 4293/1/4293 4292/1/4292
f 1130/1/1130 1131/1/1131 4294/1/4294 4293/1/4293
f 1131/1/1131 107/1/107 1132/1/1132 4294/1/4294
f 4294/1/4294 1132/1/1132 1133/1/1133 4297/1/4297
f 4297/1/4297 1133/1/1133 1134/1/1134 4300/1/4300
f 4300/1/4300 1134/1/1134 105/1/105 1113/1/1113
f 4299/1/4299 4300/1/4300 1113/1/1113 1112/1/1112
f 4298/1/4298 4299/1/4299 1112/1/1112 1111/1/1111
f 1126/1/1126 4298/1/4298 1111/1/1111 159/1/159
f 1127/1/1127 4295/1/4295 4298/1/4298 1126/1/1126
f 1128/1/1128 4292/1/4292 4295/1/4295 1127/1/1127
f 4301/1/4301 4302/1/4302 4305/1/4305 4304/1/4304
f 4302/1/4302 4303/1/4303 4306/1/4306 4305/1/4305
f 4304/1/4304 4305/1/4305 4308/1/4308 4307/1/4307
f 4305/1/4305 4306/1/4306 4309/1/4309 4308/1/4308
f 106/1/106 1135/1/1135 4301/1/4301 1120/1/1120
f 1135/1/1135 1136/1/1136 4302/1/4302 4301/1/4301
f 1136/1/1136 1137/1/1137 4303/1/4303 4302/1/4302
f 1137/1/1137 108/1/108 1138/1/1138 4303/1/4303
f 4303/1/4303 1138/1/1138 1139/1/1139 4306/1/4306
f 4306/1/4306 1139/1/1139 1140/1/1140 4309/1/4309
f 4309/1/4309 1140/1/1140 162/1/162 1141/1/1141
f 4308/1/4308 4309/1/4309 1141/1/1141 1142/1/1142
f 4307/1/4307 4308/1/4308 1142/1/1142 1143/1/1143
f 1122/1/1122 4307/1/4307 1143/1/1143 160/1/160
f 1121/1/1121 4304/1/4304 4307/1/4307 1122/1/1122
f 1120/1/1120 4301/1/4301 4304/1/4304 1121/1/1121
f 4310/1/4310 4311/1/4311 4314/1/4314 4313/1/4313
f 4311/1/4311 4312/1/4312 4315/1/4315 4314/1/4314
f 4313/1/4313 4314/1/4314 4317/1/4317 4316/1/4316
f 4314/1/4314 4315/1/4315 4318/1/4318 4317/1/4317
f 163/1/163 1147/1/1147 4310/1/4310 1146/1/1146
f 1147/1/1147 1148/1/1148 4311/1/4311 4310/1/4310
f 1148/1/1148 1149/1/1149 4312/1/4312 4311/1/4311
f 1149/1/1149 109/1/109 1150/1/1150 4312/1/4312
f 4312/1/4312 1150/1/1150 1151/1/1151 4315/1/4315
f 4315/1/4315 1151/1/1151 1152/1/1152 4318/1/4318
f 4318/1/4318 1152/1/1152 107/1/107 1131/1/1131
f 4317/1/4317 4318/1/4318 1131/1/1131 1130/1/1130
f 4316/1/4316 4317/1/4317 1130/1/1130 1129/1/1129
f 1144/1/1144 4316/1/4316 1129/1/1129 161/1/161
f 1145/1/1145 4313/1/4313 4316/1/4316 1144/1/1144
f 1146/1/1146 4310/1/4310 4313/1/4313 1145/1/1145
f 4319/1/4319 4320/1/4320 4323/1/4323 4322/1/4322
f 4320/1/4320 4321/1/4321 4324/1/4324 4323/1/4323
f 4322/1/4322 4323/1/4323 4326/1/4326 4325/1/4325
f 4323/1/4323 4324/1/4324 4327/1/4327 4326/1/4326
f 108/1/108 1153/1/1153 4319/1/4319 1138/1/1138
f 1153/1/1153 1154/1/1154 4320/1/4320 4319/1/4319
f 1154/1/1154 1155/1/1155 4321/1/4321 4320/1/4320
f 1155/1/1155 67/1/67 1156/1/1156 4321/1/4321
f 4321/1/4321 1156/1/1156 1157/1/1157 4324/1/4324
f 4324/1/4324 1157/1/1157 1158/1/1158 4327/1/4327
f 4327/1/4327 1158/1/1158 68/1/68 1159/1/1159
f 4326/1/4326 4327/1/4327 1159/1/1159 1160/1/1160
f 4325/1/4325 4326/1/4326 1160/1/1160 1161/1/1161
f 1140/1/1140 4325/1/4325 1161/1/1161 162/1/162
f 1139/1/1139 4322/1/4322 4325/1/4325 1140/1/1140
f 1138/1/1138 4319/1/4319 4322/1/4322 1139/1/1139
f 4328/1/4328 4329/1/4329 4332/1/4332 4331/1/4331
f 4329/1/4329 4330/1/4330 4333/1/4333 4332/1/4332
f 4331/1/4331 4332/1/4332 4335/1/4335 4334/1/4334
f 4332/1/4332 4333/1/4333 4336/1/4336 4335/1/4335
f 68/1/68 1158/1/1158 4328/1/4328 1164/1/1164
f 1158/1/1158 1157/1/1157 4329/1/4329 4328/1/4328
f 1157/1/1157 1156/1/1156 4330/1/4330 4329/1/4329
f 1156/1/1156 67/1/67 1165/1/1165 4330/1/4330
f 4330/1/4330 1165/1/1165 1166/1/1166 4333/1/4333
f 4333/1/4333 1166/1/1166 1167/1/1167 4336/1/4336
f 4336/1/4336 1167/1/1167 109/1/109 1149/1/1149
f 4335/1/4335 4336/1/4336 1149/1/1149 1148/1/1148
f 4334/1/4334 4335/1/4335 1148/1/1148 1147/1/1147
f 1162/1/1162 4334/1/4334 1147/1/1147 163/1/163
f 1163/1/1163 4331/1/4331 4334/1/4334 1162/1/1162
f 1164/1/1164 4328/1/4328 4331/1/4331 1163/1/1163
f 4337/1/4337 4338/1/4338 4341/1/4341 4340/1/4340
f 4338/1/4338 4339/1/4339 4342/1/4342 4341/1/4341
f 4340/1/4340 4341/1/4341 4344/1/4344 4343/1/4343
f 4341/1/4341 4342/1/4342 4345/1/4345 4344/1/4344
f 110/1/110 1171/1/1171 4337/1/4337 1170/1/1170
f 1171/1/1171 1172/1/1172 4338/1/4338 4337/1/4337
f 1172/1/1172 1173/1/1173 4339/1/4339 4338/1/4338
f 1173/1/1173 128/1/128 1174/1/1174 4339/1/4339
f 4339/1/4339 1174/1/1174 1175/1/1175 4342/1/4342
f 4342/1/4342 1175/1/1175 1176/1/1176 4345/1/4345
f 4345/1/4345 1176/1/1176 160/1/160 1143/1/1143
f 4344/1/4344 4345/1/4345 1143/1/1143 1142/1/1142
f 4343/1/4343 4344/1/4344 1142/1/1142 1141/1/1141
f 1168/1/1168 4343/1/4343 1141/1/1141 162/1/162
f 1169/1/1169 4340/1/4340 4343/1/4343 1168/1/1168
f 1170/1/1170 4337/1/4337 4340/1/4340 1169/1/1169
f 4346/1/4346 4347/1/4347 4350/1/4350 4349/1/4349
f 4347/1/4347 4348/1/4348 4351/1/4351 4350/1/4350
f 4349/1/4349 4350/1/4350 4353/1/4353 4352/1/4352
f 4350/1/4350 4351/1/4351 4354/1/4354 4353/1/4353
f 161/1/161 1177/1/1177 4346/1/4346 1144/1/1144
f 1177/1/1177 1178/1/1178 4347/1/4347 4346/1/4346
f 1178/1/1178 1179/1/1179 4348/1/4348 4347/1/4347
f 1179/1/1179 129/1/129 1180/1/1180 4348/1/4348
f 4348/1/4348 1180/1/1180 1181/1/1181 4351/1/4351
f 4351/1/4351 1181/1/1181 1182/1/1182 4354/1/4354
f 4354/1/4354 1182/1/1182 111/1/111 1183/1/1183
f 4353/1/4353 4354/1/4354 1183/1/1183 1184/1/1184
f 4352/1/4352 4353/1/4353 1184/1/1184 1185/1/1185
f 1146/1/1146 4352/1/4352 1185/1/1185 163/1/163
f 1145/1/1145 4349/1/4349 4352/1/4352 1146/1/1146
f 1144/1/1144 4346/1/4346 4349/1/4349 1145/1/1145
f 4355/1/4355 4356/1/4356 4359/1/4359 4358/1/4358
f 4356/1/4356 4357/1/4357 4360/1/4360 4359/1/4359
f 4358/1/4358 4359/1/4359 4362/1/4362 4361/1/4361
f 4359/1/4359 4360/1/4360 4363/1/4363 4362/1/4362
f 128/1/128 1186/1/1186 4355/1/4355 1174/1/1174
f 1186/1/1186 1187/1/1187 4356/1/4356 4355/1/4355
f 1187/1/1187 1188/1/1188 4357/1/4357 4356/1/4356
f 1188/1/1188 179/1/179 1189/1/1189 4357/1/4357
f 4357/1/4357 1189/1/1189 1190/1/1190 4360/1/4360
f 4360/1/4360 1190/1/1190 1191/1/1191 4363/1/4363
f 4363/1/4363 1191/1/1191 158/1/158 1125/1/1125
f 4362/1/4362 4363/1/4363 1125/1/1125 1124/1/1124
f 4361/1/4361 4362/1/4362 1124/1/1124 1123/1/1123
f 1176/1/1176 4361/1/4361 1123/1/1123 160/1/160
f 1175/1/1175 4358/1/4358 4361/1/4361 1176/1/1176
f 1174/1/1174 4355/1/4355 4358/1/4358 1175/1/1175
f 4364/1/4364 4365/1/4365 4368/1/4368 4367/1/4367
f 4365/1/4365 4366/1/4366 4369/1/4369 4368/1/4368
f 4367/1/4367 4368/1/4368 4371/1/4371 4370/1/4370
f 4368/1/4368 4369/1/4369 4372/1/4372 4371/1/4371
f 159/1/159 1192/1/1192 4364/1/4364 1126/1/1126
f 1192/1/1192 1193/1/1193 4365/1/4365 4364/1/4364
f 1193/1/1193 1194/1/1194 4366/1/4366 4365/1/4365
f 1194/1/1194 180/1/180 1195/1/1195 4366/1/4366
f 4366/1/4366 1195/1/1195 1196/1/1196 4369/1/4369
f 4369/1/4369 1196/1/1196 1197/1/1197 4372/1/4372
f 4372/1/4372 1197/1/1197 129/1/129 1179/1/1179
f 4371/1/4371 4372/1/4372 1179/1/1179 1178/1/1178
f 4370/1/4370 4371/1/4371 1178/1/1178 1177/1/1177
f 1128/1/1128 4370/1/4370 1177/1/1177 161/1/161
f 1127/1/1127 4367/1/4367 4370/1/4370 1128/1/1128
f 1126/1/1126 4364/1/4364 4367/1/4367 1127/1/1127
f 4373/1/4373 4374/1/4374 4377/1/4377 4376/1/4376
f 4374/1/4374 4375/1/4375 4378/1/4378 4377/1/4377
f 4376/1/4376 4377/1/4377 4380/1/4380 4379/1/4379
f 4377/1/4377 4378/1/4378 4381/1/4381 4380/1/4380
f 126/1/126 1201/1/1201 4373/1/4373 1200/1/1200
f 1201/1/1201 1202/1/1202 4374/1/4374 4373/1/4373
f 1202/1/1202 1203/1/1203 4375/1/4375 4374/1/4374
f 1203/1/1203 156/1/156 1107/1/1107 4375/1/4375
f 4375/1/4375 1107/1/1107 1106/1/1106 4378/1/4378
f 4378/1/4378 1106/1/1106 1105/1/1105 4381/1/4381
f 4381/1/4381 1105/1/1105 158/1/158 1191/1/1191
f 4380/1/4380 4381/1/4381 1191/1/1191 1190/1/1190
f 4379/1/4379 4380/1/4380 1190/1/1190 1189/1/1189
f 1198/1/1198 4379/1/4379 1189/1/1189 179/1/179
f 1199/1/1199 4376/1/4376 4379/1/4379 1198/1/1198
f 1200/1/1200 4373/1/4373 4376/1/4376 1199/1/1199
f 4382/1/4382 4383/1/4383 4386/1/4386 4385/1/4385
f 4383/1/4383 4384/1/4384 4387/1/4387 4386/1/4386
f 4385/1/4385 4386/1/4386 4389/1/4389 4388/1/4388
f 4386/1/4386 4387/1/4387 4390/1/4390 4389/1/4389
f 159/1/159 1110/1/1110 4382/1/4382 1192/1/1192
f 1110/1/1110 1109/1/1109 4383/1/4383 4382/1/4382
f 1109/1/1109 1108/1/1108 4384/1/4384 4383/1/4383
f 1108/1/1108 157/1/157 1204/1/1204 4384/1/4384
f 4384/1/4384 1204/1/1204 1205/1/1205 4387/1/4387
f 4387/1/4387 1205/1/1205 1206/1/1206 4390/1/4390
f 4390/1/4390 1206/1/1206 127/1/127 1207/1/1207
f 4389/1/4389 4390/1/4390 1207/1/1207 1208/1/1208
f 4388/1/4388 4389/1/4389 1208/1/1208 1209/1/1209
f 1194/1/1194 4388/1/4388 1209/1/1209 180/1/180
f 1193/1/1193 4385/1/4385 4388/1/4388 1194/1/1194
f 1192/1/1192 4382/1/4382 4385/1/4385 1193/1/1193
f 4391/1/4391 4392/1/4392 4395/1/4395 4394/1/4394
f 4392/1/4392 4393/1/4393 4396/1/4396 4395/1/4395
f 4394/1/4394 4395/1/4395 4398/1/4398 4397/1/4397
f 4395/1/4395 4396/1/4396 4399/1/4399 4398/1/4398
f 124/1/124 1213/1/1213 4391/1/4391 1212/1/1212
f 1213/1/1213 1214/1/1214 4392/1/4392 4391/1/4391
f 1214/1/1214 1215/1/1215 4393/1/4393 4392/1/4392
f 1215/1/1215 154/1/154 1089/1/1089 4393/1/4393
f 4393/1/4393 1089/1/1089 1088/1/1088 4396/1/4396
f 4396/1/4396 1088/1/1088 1087/1/1087 4399/1/4399
f 4399/1/4399 1087/1/1087 156/1/156 1203/1/1203
f 4398/1/4398 4399/1/4399 1203/1/1203 1202/1/1202
f 4397/1/4397 4398/1/4398 1202/1/1202 1201/1/1201
f 1210/1/1210 4397/1/4397 1201/1/1201 126/1/126
f 1211/1/1211 4394/1/4394 4397/1/4397 1210/1/1210
f 1212/1/1212 4391/1/4391 4394/1/4394 1211/1/1211
f 4400/1/4400 4401/1/4401 4404/1/4404 4403/1/4403
f 4401/1/4401 4402/1/4402 4405/1/4405 4404/1/4404
f 4403/1/4403 4404/1/4404 4407/1/4407 4406/1/4406
f 4404/1/4404 4405/1/4405 4408/1/4408 4407/1/4407
f 157/1/157 1092/1/1092 4400/1/4400 1204/1/1204
f 1092/1/1092 1091/1/1091 4401/1/4401 4400/1/4400
f 1091/1/1091 1090/1/1090 4402/1/4402 4401/1/4401
f 1090/1/1090 155/1/155 1216/1/1216 4402/1/4402
f 4402/1/4402 1216/1/1216 1217/1/1217 4405/1/4405
f 4405/1/4405 1217/1/1217 1218/1/1218 4408/1/4408
f 4408/1/4408 1218/1/1218 125/1/125 1219/1/1219
f 4407/1/4407 4408/1/4408 1219/1/1219 1220/1/1220
f 4406/1/4406 4407/1/4407 1220/1/1220 1221/1/1221
f 1206/1/1206 4406/1/4406 1221/1/1221 127/1/127
f 1205/1/1205 4403/1/4403 4406/1/4406 1206/1/1206
f 1204/1/1204 4400/1/4400 4403/1/4403 1205/1/1205
f 4409/1/4409 4410/1/4410 4413/1/4413 4412/1/4412
f 4410/1/4410 4411/1/4411 4414/1/4414 4413/1/4413
f 4412/1/4412 4413/1/4413 4416/1/4416 4415/1/4415
f 4413/1/4413 4414/1/4414 4417/1/4417 4416/1/4416
f 122/1/122 1225/1/1225 4409/1/4409 1224/1/1224
f 1225/1/1225 1226/1/1226 4410/1/4410 4409/1/4409
f 1226/1/1226 1227/1/1227 4411/1/4411 4410/1/4410
f 1227/1/1227 152/1/152 1071/1/1071 4411/1/4411
f 4411/1/4411 1071/1/1071 1070/1/1070 4414/1/4414
f 4414/1/4414 1070/1/1070 1069/1/1069 4417/1/4417
f 4417/1/4417 1069/1/1069 154/1/154 1215/1/1215
f 4416/1/4416 4417/1/4417 1215/1/1215 1214/1/1214
f 4415/1/4415 4416/1/4416 1214/1/1214 1213/1/1213
f 1222/1/1222 4415/1/4415 1213/1/1213 124/1/124
f 1223/1/1223 4412/1/4412 4415/1/4415 1222/1/1222
f 1224/1/1224 4409/1/4409 4412/1/4412 1223/1/1223
f 4418/1/4418 4419/1/4419 4422/1/4422 4421/1/4421
f 4419/1/4419 4420/1/4420 4423/1/4423 4422/1/4422
f 4421/1/4421 4422/1/4422 4425/1/4425 4424/1/4424
f 4422/1/4422 4423/1/4423 4426/1/4426 4425/1/4425
f 155/1/155 1074/1/1074 4418/1/4418 1216/1/1216
f 1074/1/1074 1073/1/1073 4419/1/4419 4418/1/4418
f 1073/1/1073 1072/1/1072 4420/1/4420 4419/1/4419
f 1072/1/1072 153/1/153 1228/1/1228 4420/1/4420
f 4420/1/4420 1228/1/1228 1229/1/1229 4423/1/4423
f 4423/1/4423 1229/1/1229 1230/1/1230 4426/1/4426
f 4426/1/4426 1230/1/1230 123/1/123 1231/1/1231
f 4425/1/4425 4426/1/4426 1231/1/1231 1232/1/1232
f 4424/1/4424 4425/1/4425 1232/1/1232 1233/1/1233
f 1218/1/1218 4424/1/4424 1233/1/1233 125/1/125
f 1217/1/1217 4421/1/4421 4424/1/4424 1218/1/1218
f 1216/1/1216 4418/1/4418 4421/1/4421 1217/1/1217
f 4427/1/4427 4428/1/4428 4431/1/4431 4430/1/4430
f 4428/1/4428 4429/1/4429 4432/1/4432 4431/1/4431
f 4430/1/4430 4431/1/4431 4434/1/4434 4433/1/4433
f 4431/1/4431 4432/1/4432 4435/1/4435 4434/1/4434
f 120/1/120 1237/1/1237 4427/1/4427 1236/1/1236
f 1237/1/1237 1238/1/1238 4428/1/4428 4427/1/4427
f 1238/1/1238 1239/1/1239 4429/1/4429 4428/1/4428
f 1239/1/1239 150/1/150 1053/1/1053 4429/1/4429
f 4429/1/4429 1053/1/1053 1052/1/1052 4432/1/4432
f 4432/1/4432 1052/1/1052 1051/1/1051 4435/1/4435
f 4435/1/4435 1051/1/1051 152/1/152 1227/1/1227
f 4434/1/4434 4435/1/4435 1227/1/1227 1226/1/1226
f 4433/1/4433 4434/1/4434 1226/1/1226 1225/1/1225
f 1234/1/1234 4433/1/4433 1225/1/1225 122/1/122
f 1235/1/1235 4430/1/4430 4433/1/4433 1234/1/1234
f 1236/1/1236 4427/1/4427 4430/1/4430 1235/1/1235
f 4436/1/4436 4437/1/4437 4440/1/4440 4439/1/4439
f 4437/1/4437 4438/1/4438 4441/1/4441 4440/1/4440
f 4439/1/4439 4440/1/4440 4443/1/4443 4442/1/4442
f 4440/1/4440 4441/1/4441 4444/1/4444 4443/1/4443
f 153/1/153 1056/1/1056 4436/1/4436 1228/1/1228
f 1056/1/1056 1055/1/1055 4437/1/4437 4436/1/4436
f 1055/1/1055 1054/1/1054 4438/1/4438 4437/1/4437
f 1054/1/1054 151/1/151 1240/1/1240 4438/1/4438
f 4438/1/4438 1240/1/1240 1241/1/1241 4441/1/4441
f 4441/1/4441 1241/1/1241 1242/1/1242 4444/1/4444
f 4444/1/4444 1242/1/1242 121/1/121 1243/1/1243
f 4443/1/4443 4444/1/4444 1243/1/1243 1244/1/1244
f 4442/1/4442 4443/1/4443 1244/1/1244 1245/1/1245
f 1230/1/1230 4442/1/4442 1245/1/1245 123/1/123
f 1229/1/1229 4439/1/4439 4442/1/4442 1230/1/1230
f 1228/1/1228 4436/1/4436 4439/1/4439 1229/1/1229
f 4445/1/4445 4446/1/4446 4449/1/4449 4448/1/4448
f 4446/1/4446 4447/1/4447 4450/1/4450 4449/1/4449
f 4448/1/4448 4449/1/4449 4452/1/4452 4451/1/4451
f 4449/1/4449 4450/1/4450 4453/1/4453 4452/1/4452
f 118/1/118 1249/1/1249 4445/1/4445 1248/1/1248
f 1249/1/1249 1250/1/1250 4446/1/4446 4445/1/4445
f 1250/1/1250 1251/1/1251 4447/1/4447 4446/1/4446
f 1251/1/1251 148/1/148 1035/1/1035 4447/1/4447
f 4447/1/4447 1035/1/1035 1034/1/1034 4450/1/4450
f 4450/1/4450 1034/1/1034 1033/1/1033 4453/1/4453
f 4453/1/4453 1033/1/1033 150/1/150 1239/1/1239
f 4452/1/4452 4453/1/4453 1239/1/1239 1238/1/1238
f 4451/1/4451 4452/1/4452 1238/1/1238 1237/1/1237
f 1246/1/1246 4451/1/4451 1237/1/1237 120/1/120
f 1247/1/1247 4448/1/4448 4451/1/4451 1246/1/1246
f 1248/1/1248 4445/1/4445 4448/1/4448 1247/1/1247
f 4454/1/4454 4455/1/4455 4458/1/4458 4457/1/4457
f 4455/1/4455 4456/1/4456 4459/1/4459 4458/1/4458
f 4457/1/4457 4458/1/4458 4461/1/4461 4460/1/4460
f 4458/1/4458 4459/1/4459 4462/1/4462 4461/1/4461
f 151/1/151 1038/1/1038 4454/1/4454 1240/1/1240
f 1038/1/1038 1037/1/1037 4455/1/4455 4454/1/4454
f 1037/1/1037 1036/1/1036 4456/1/4456 4455/1/4455
f 1036/1/1036 149/1/149 1252/1/1252 4456/1/4456
f 4456/1/4456 1252/1/1252 1253/1/1253 4459/1/4459
f 4459/1/4459 1253/1/1253 1254/1/1254 4462/1/4462
f 4462/1/4462 1254/1/1254 119/1/119 1255/1/1255
f 4461/1/4461 4462/1/4462 1255/1/1255 1256/1/1256
f 4460/1/4460 4461/1/4461 1256/1/1256 1257/1/1257
f 1242/1/1242 4460/1/4460 1257/1/1257 121/1/121
f 1241/1/1241 4457/1/4457 4460/1/4460 1242/1/1242
f 1240/1/1240 4454/1/4454 4457/1/4457 1241/1/1241
f 4463/1/4463 4464/1/4464 4467/1/4467 4466/1/4466
f 4464/1/4464 4465/1/4465 4468/1/4468 4467/1/4467
f 4466/1/4466 4467/1/4467 4470/1/4470 4469/1/4469
f 4467/1/4467 4468/1/4468 4471/1/4471 4470/1/4470
f 116/1/116 1261/1/1261 4463/1/4463 1260/1/1260
f 1261/1/1261 1262/1/1262 4464/1/4464 4463/1/4463
f 1262/1/1262 1263/1/1263 4465/1/4465 4464/1/4464
f 1263/1/1263 146/1/146 1017/1/1017 4465/1/4465
f 4465/1/4465 1017/1/1017 1016/1/1016 4468/1/4468
f 4468/1/4468 1016/1/1016 1015/1/1015 4471/1/4471
f 4471/1/4471 1015/1/1015 148/1/148 1251/1/1251
f 4470/1/4470 4471/1/4471 1251/1/1251 1250/1/1250
f 4469/1/4469 4470/1/4470 1250/1/1250 1249/1/1249
f 1258/1/1258 4469/1/4469 1249/1/1249 118/1/118
f 1259/1/1259 4466/1/4466 4469/1/4469 1258/1/1258
f 1260/1/1260 4463/1/4463 4466/1/4466 1259/1/1259
f 4472/1/4472 4473/1/4473 4476/1/4476 4475/1/4475
f 4473/1/4473 4474/1/4474 4477/1/4477 4476/1/4476
f 4475/1/4475 4476/1/4476 4479/1/4479 4478/1/4478
f 4476/1/4476 4477/1/4477 4480/1/4480 4479/1/4479
f 149/1/149 1020/1/1020 4472/1/4472 1252/1/1252
f 1020/1/1020 1019/1/1019 4473/1/4473 4472/1/4472
f 1019/1/1019 1018/1/1018 4474/1/4474 4473/1/4473
f 1018/1/1018 147/1/147 1264/1/1264 4474/1/4474
f 4474/1/4474 1264/1/1264 1265/1/1265 4477/1/4477
f 4477/1/4477 1265/1/1265 1266/1/1266 4480/1/4480
f 4480/1/4480 1266/1/1266 117/1/117 1267/1/1267
f 4479/1/4479 4480/1/4480 1267/1/1267 1268/1/1268
f 4478/1/4478 4479/1/4479 1268/1/1268 1269/1/1269
f 1254/1/1254 4478/1/4478 1269/1/1269 119/1/119
f 1253/1/1253 4475/1/4475 4478/1/4478 1254/1/1254
f 1252/1/1252 4472/1/4472 4475/1/4475 1253/1/1253
f 4481/1/4481 4482/1/4482 4485/1/4485 4484/1/4484
f 4482/1/4482 4483/1/4483 4486/1/4486 4485/1/4485
f 4484/1/4484 4485/1/4485 4488/1/4488 4487/1/4487
f 4485/1/4485 4486/1/4486 4489/1/4489 4488/1/4488
f 114/1/114 1273/1/1273 4481/1/4481 1272/1/1272
f 1273/1/1273 1274/1/1274 4482/1/4482 4481/1/4481
f 1274/1/1274 1275/1/1275 4483/1/4483 4482/1/4482
f 1275/1/1275 164/1/164 996/1/996 4483/1/4483
f 4483/1/4483 996/1/996 995/1/995 4486/1/4486
f 4486/1/4486 995/1/995 994/1/994 4489/1/4489
f 4489/1/4489 994/1/994 146/1/146 1263/1/1263
f 4488/1/4488 4489/1/4489 1263/1/1263 1262/1/1262
f 4487/1/4487 4488/1/4488 1262/1/1262 1261/1/1261
f 1270/1/1270 4487/1/4487 1261/1/1261 116/1/116
f 1271/1/1271 4484/1/4484 4487/1/4487 1270/1/1270
f 1272/1/1272 4481/1/4481 4484/1/4484 1271/1/1271
f 4490/1/4490 4491/1/4491 4494/1/4494 4493/1/4493
f 4491/1/4491 4492/1/4492 4495/1/4495 4494/1/4494
f 4493/1/4493 4494/1/4494 4497/1/4497 4496/1/4496
f 4494/1/4494 4495/1/4495 4498/1/4498 4497/1/4497
f 147/1/147 999/1/999 4490/1/4490 1264/1/1264
f 999/1/999 998/1/998 4491/1/4491 4490/1/4490
f 998/1/998 997/1/997 4492/1/4492 4491/1/4491
f 997/1/997 165/1/165 1276/1/1276 4492/1/4492
f 4492/1/4492 1276/1/1276 1277/1/1277 4495/1/4495
f 4495/1/4495 1277/1/1277 1278/1/1278 4498/1/4498
f 4498/1/4498 1278/1/1278 115/1/115 1279/1/1279
f 4497/1/4497 4498/1/4498 1279/1/1279 1280/1/1280
f 4496/1/4496 4497/1/4497 1280/1/1280 1281/1/1281
f 1266/1/1266 4496/1/4496 1281/1/1281 117/1/117
f 1265/1/1265 4493/1/4493 4496/1/4496 1266/1/1266
f 1264/1/1264 4490/1/4490 4493/1/4493 1265/1/1265
f 4499/1/4499 4500/1/4500 4503/1/4503 4502/1/4502
f 4500/1/4500 4501/1/4501 4504/1/4504 4503/1/4503
f 4502/1/4502 4503/1/4503 4506/1/4506 4505/1/4505
f 4503/1/4503 4504/1/4504 4507/1/4507 4506/1/4506
f 114/1/114 1282/1/1282 4499/1/4499 1273/1/1273
f 1282/1/1282 1283/1/1283 4500/1/4500 4499/1/4499
f 1283/1/1283 1284/1/1284 4501/1/4501 4500/1/4500
f 1284/1/1284 181/1/181 1285/1/1285 4501/1/4501
f 4501/1/4501 1285/1/1285 1286/1/1286 4504/1/4504
f 4504/1/4504 1286/1/1286 1287/1/1287 4507/1/4507
f 4507/1/4507 1287/1/1287 177/1/177 1288/1/1288
f 4506/1/4506 4507/1/4507 1288/1/1288 1289/1/1289
f 4505/1/4505 4506/1/4506 1289/1/1289 1290/1/1290
f 1275/1/1275 4505/1/4505 1290/1/1290 164/1/164
f 1274/1/1274 4502/1/4502 4505/1/4505 1275/1/1275
f 1273/1/1273 4499/1/4499 4502/1/4502 1274/1/1274
f 4508/1/4508 4509/1/4509 4512/1/4512 4511/1/4511
f 4509/1/4509 4510/1/4510 4513/1/4513 4512/1/4512
f 4511/1/4511 4512/1/4512 4515/1/4515 4514/1/4514
f 4512/1/4512 4513/1/4513 4516/1/4516 4515/1/4515
f 177/1/177 1294/1/1294 4508/1/4508 1293/1/1293
f 1294/1/1294 1295/1/1295 4509/1/4509 4508/1/4508
f 1295/1/1295 1296/1/1296 4510/1/4510 4509/1/4509
f 1296/1/1296 182/1/182 1297/1/1297 4510/1/4510
f 4510/1/4510 1297/1/1297 1298/1/1298 4513/1/4513
f 4513/1/4513 1298/1/1298 1299/1/1299 4516/1/4516
f 4516/1/4516 1299/1/1299 115/1/115 1278/1/1278
f 4515/1/4515 4516/1/4516 1278/1/1278 1277/1/1277
f 4514/1/4514 4515/1/4515 1277/1/1277 1276/1/1276
f 1291/1/1291 4514/1/4514 1276/1/1276 165/1/165
f 1292/1/1292 4511/1/4511 4514/1/4514 1291/1/1291
f 1293/1/1293 4508/1/4508 4511/1/4511 1292/1/1292
f 4517/1/4517 4518/1/4518 4521/1/4521 4520/1/4520
f 4518/1/4518 4519/1/4519 4522/1/4522 4521/1/4521
f 4520/1/4520 4521/1/4521 4524/1/4524 4523/1/4523
f 4521/1/4521 4522/1/4522 4525/1/4525 4524/1/4524
f 110/1/110 1170/1/1170 4517/1/4517 1302/1/1302
f 1170/1/1170 1169/1/1169 4518/1/4518 4517/1/4517
f 1169/1/1169 1168/1/1168 4519/1/4519 4518/1/4518
f 1168/1/1168 162/1/162 1161/1/1161 4519/1/4519
f 4519/1/4519 1161/1/1161 1160/1/1160 4522/1/4522
f 4522/1/4522 1160/1/1160 1159/1/1159 4525/1/4525
f 4525/1/4525 1159/1/1159 68/1/68 1303/1/1303
f 4524/1/4524 4525/1/4525 1303/1/1303 1304/1/1304
f 4523/1/4523 4524/1/4524 1304/1/1304 1305/1/1305
f 1300/1/1300 4523/1/4523 1305/1/1305 112/1/112
f 1301/1/1301 4520/1/4520 4523/1/4523 1300/1/1300
f 1302/1/1302 4517/1/4517 4520/1/4520 1301/1/1301
f 4526/1/4526 4527/1/4527 4530/1/4530 4529/1/4529
f 4527/1/4527 4528/1/4528 4531/1/4531 4530/1/4530
f 4529/1/4529 4530/1/4530 4533/1/4533 4532/1/4532
f 4530/1/4530 4531/1/4531 4534/1/4534 4533/1/4533
f 68/1/68 1164/1/1164 4526/1/4526 1308/1/1308
f 1164/1/1164 1163/1/1163 4527/1/4527 4526/1/4526
f 1163/1/1163 1162/1/1162 4528/1/4528 4527/1/4527
f 1162/1/1162 163/1/163 1185/1/1185 4528/1/4528
f 4528/1/4528 1185/1/1185 1184/1/1184 4531/1/4531
f 4531/1/4531 1184/1/1184 1183/1/1183 4534/1/4534
f 4534/1/4534 1183/1/1183 111/1/111 1309/1/1309
f 4533/1/4533 4534/1/4534 1309/1/1309 1310/1/1310
f 4532/1/4532 4533/1/4533 1310/1/1310 1311/1/1311
f 1306/1/1306 4532/1/4532 1311/1/1311 113/1/113
f 1307/1/1307 4529/1/4529 4532/1/4532 1306/1/1306
f 1308/1/1308 4526/1/4526 4529/1/4529 1307/1/1307
f 4535/1/4535 4536/1/4536 4539/1/4539 4538/1/4538
f 4536/1/4536 4537/1/4537 4540/1/4540 4539/1/4539
f 4538/1/4538 4539/1/4539 4542/1/4542 4541/1/4541
f 4539/1/4539 4540/1/4540 4543/1/4543 4542/1/4542
f 112/1/112 1305/1/1305 4535/1/4535 1314/1/1314
f 1305/1/1305 1304/1/1304 4536/1/4536 4535/1/4535
f 1304/1/1304 1303/1/1303 4537/1/4537 4536/1/4536
f 1303/1/1303 68/1/68 1315/1/1315 4537/1/4537
f 4537/1/4537 1315/1/1315 1316/1/1316 4540/1/4540
f 4540/1/4540 1316/1/1316 1317/1/1317 4543/1/4543
f 4543/1/4543 1317/1/1317 178/1/178 1318/1/1318
f 4542/1/4542 4543/1/4543 1318/1/1318 1319/1/1319
f 4541/1/4541 4542/1/4542 1319/1/1319 1320/1/1320
f 1312/1/1312 4541/1/4541 1320/1/1320 183/1/183
f 1313/1/1313 4538/1/4538 4541/1/4541 1312/1/1312
f 1314/1/1314 4535/1/4535 4538/1/4538 1313/1/1313
f 4544/1/4544 4545/1/4545 4548/1/4548 4547/1/4547
f 4545/1/4545 4546/1/4546 4549/1/4549 4548/1/4548
f 4547/1/4547 4548/1/4548 4551/1/4551 4550/1/4550
f 4548/1/4548 4549/1/4549 4552/1/4552 4551/1/4551
f 178/1/178 1317/1/1317 4544/1/4544 1323/1/1323
f 1317/1/1317 1316/1/1316 4545/1/4545 4544/1/4544
f 1316/1/1316 1315/1/1315 4546/1/4546 4545/1/4545
f 1315/1/1315 68/1/68 1308/1/1308 4546/1/4546
f 4546/1/4546 1308/1/1308 1307/1/1307 4549/1/4549
f 4549/1/4549 1307/1/1307 1306/1/1306 4552/1/4552
f 4552/1/4552 1306/1/1306 113/1/113 1324/1/1324
f 4551/1/4551 4552/1/4552 1324/1/1324 1325/1/1325
f 4550/1/4550 4551/1/4551 1325/1/1325 1326/1/1326
f 1321/1/1321 4550/1/4550 1326/1/1326 184/1/184
f 1322/1/1322 4547/1/4547 4550/1/4550 1321/1/1321
f 1323/1/1323 4544/1/4544 4547/1/4547 1322/1/1322
f 4553/1/4553 4554/1/4554 4557/1/4557 4556/1/4556
f 4554/1/4554 4555/1/4555 4558/1/4558 4557/1/4557
f 4556/1/4556 4557/1/4557 4560/1/4560 4559/1/4559
f 4557/1/4557 4558/1/4558 4561/1/4561 4560/1/4560
f 177/1/177 1287/1/1287 4553/1/4553 1329/1/1329
f 1287/1/1287 1286/1/1286 4554/1/4554 4553/1/4553
f 1286/1/1286 1285/1/1285 4555/1/4555 4554/1/4554
f 1285/1/1285 181/1/181 1330/1/1330 4555/1/4555
f 4555/1/4555 1330/1/1330 1331/1/1331 4558/1/4558
f 4558/1/4558 1331/1/1331 1332/1/1332 4561/1/4561
f 4561/1/4561 1332/1/1332 183/1/183 1320/1/1320
f 4560/1/4560 4561/1/4561 1320/1/1320 1319/1/1319
f 4559/1/4559 4560/1/4560 1319/1/1319 1318/1/1318
f 1327/1/1327 4559/1/4559 1318/1/1318 178/1/178
f 1328/1/1328 4556/1/4556 4559/1/4559 1327/1/1327
f 1329/1/1329 4553/1/4553 4556/1/4556 1328/1/1328
f 4562/1/4562 4563/1/4563 4566/1/4566 4565/1/4565
f 4563/1/4563 4564/1/4564 4567/1/4567 4566/1/4566
f 4565/1/4565 4566/1/4566 4569/1/4569 4568/1/4568
f 4566/1/4566 4567/1/4567 4570/1/4570 4569/1/4569
f 184/1/184 1333/1/1333 4562/1/4562 1321/1/1321
f 1333/1/1333 1334/1/1334 4563/1/4563 4562/1/4562
f 1334/1/1334 1335/1/1335 4564/1/4564 4563/1/4563
f 1335/1/1335 182/1/182 1296/1/1296 4564/1/4564
f 4564/1/4564 1296/1/1296 1295/1/1295 4567/1/4567
f 4567/1/4567 1295/1/1295 1294/1/1294 4570/1/4570
f 4570/1/4570 1294/1/1294 177/1/177 1329/1/1329
f 4569/1/4569 4570/1/4570 1329/1/1329 1328/1/1328
f 4568/1/4568 4569/1/4569 1328/1/1328 1327/1/1327
f 1323/1/1323 4568/1/4568 1327/1/1327 178/1/178
f 1322/1/1322 4565/1/4565 4568/1/4568 1323/1/1323
f 1321/1/1321 4562/1/4562 4565/1/4565 1322/1/1322
f 4571/1/4571 4572/1/4572 4575/1/4575 4574/1/4574
f 4572/1/4572 4573/1/4573 4576/1/4576 4575/1/4575
f 4574/1/4574 4575/1/4575 4578/1/4578 4577/1/4577
f 4575/1/4575 4576/1/4576 4579/1/4579 4578/1/4578
f 135/1/135 1339/1/1339 4571/1/4571 1338/1/1338
f 1339/1/1339 1340/1/1340 4572/1/4572 4571/1/4571
f 1340/1/1340 1341/1/1341 4573/1/4573 4572/1/4572
f 1341/1/1341 137/1/137 1342/1/1342 4573/1/4573
f 4573/1/4573 1342/1/1342 1343/1/1343 4576/1/4576
f 4576/1/4576 1343/1/1343 1344/1/1344 4579/1/4579
f 4579/1/4579 1344/1/1344 176/1/176 900/1/900
f 4578/1/4578 4579/1/4579 900/1/900 899/1/899
f 4577/1/4577 4578/1/4578 899/1/899 898/1/898
f 1336/1/1336 4577/1/4577 898/1/898 174/1/174
f 1337/1/1337 4574/1/4574 4577/1/4577 1336/1/1336
f 1338/1/1338 4571/1/4571 4574/1/4574 1337/1/1337
f 4580/1/4580 4581/1/4581 4584/1/4584 4583/1/4583
f 4581/1/4581 4582/1/4582 4585/1/4585 4584/1/4584
f 4583/1/4583 4584/1/4584 4587/1/4587 4586/1/4586
f 4584/1/4584 4585/1/4585 4588/1/4588 4587/1/4587
f 176/1/176 1344/1/1344 4580/1/4580 904/1/904
f 1344/1/1344 1343/1/1343 4581/1/4581 4580/1/4580
f 1343/1/1343 1342/1/1342 4582/1/4582 4581/1/4581
f 1342/1/1342 137/1/137 1345/1/1345 4582/1/4582
f 4582/1/4582 1345/1/1345 1346/1/1346 4585/1/4585
f 4585/1/4585 1346/1/1346 1347/1/1347 4588/1/4588
f 4588/1/4588 1347/1/1347 136/1/136 1348/1/1348
f 4587/1/4587 4588/1/4588 1348/1/1348 1349/1/1349
f 4586/1/4586 4587/1/4587 1349/1/1349 1350/1/1350
f 906/1/906 4586/1/4586 1350/1/1350 175/1/175
f 905/1/905 4583/1/4583 4586/1/4586 906/1/906
f 904/1/904 4580/1/4580 4583/1/4583 905/1/905
f 4589/1/4589 4590/1/4590 4593/1/4593 4592/1/4592
f 4590/1/4590 4591/1/4591 4594/1/4594 4593/1/4593
f 4592/1/4592 4593/1/4593 4596/1/4596 4595/1/4595
f 4593/1/4593 4594/1/4594 4597/1/4597 4596/1/4596
f 133/1/133 1354/1/1354 4589/1/4589 1353/1/1353
f 1354/1/1354 1355/1/1355 4590/1/4590 4589/1/4589
f 1355/1/1355 1356/1/1356 4591/1/4591 4590/1/4590
f 1356/1/1356 135/1/135 1338/1/1338 4591/1/4591
f 4591/1/4591 1338/1/1338 1337/1/1337 4594/1/4594
f 4594/1/4594 1337/1/1337 1336/1/1336 4597/1/4597
f 4597/1/4597 1336/1/1336 174/1/174 921/1/921
f 4596/1/4596 4597/1/4597 921/1/921 920/1/920
f 4595/1/4595 4596/1/4596 920/1/920 919/1/919
f 1351/1/1351 4595/1/4595 919/1/919 172/1/172
f 1352/1/1352 4592/1/4592 4595/1/4595 1351/1/1351
f 1353/1/1353 4589/1/4589 4592/1/4592 1352/1/1352
f 4598/1/4598 4599/1/4599 4602/1/4602 4601/1/4601
f 4599/1/4599 4600/1/4600 4603/1/4603 4602/1/4602
f 4601/1/4601 4602/1/4602 4605/1/4605 4604/1/4604
f 4602/1/4602 4603/1/4603 4606/1/4606 4605/1/4605
f 175/1/175 1350/1/1350 4598/1/4598 922/1/922
f 1350/1/1350 1349/1/1349 4599/1/4599 4598/1/4598
f 1349/1/1349 1348/1/1348 4600/1/4600 4599/1/4599
f 1348/1/1348 136/1/136 1357/1/1357 4600/1/4600
f 4600/1/4600 1357/1/1357 1358/1/1358 4603/1/4603
f 4603/1/4603 1358/1/1358 1359/1/1359 4606/1/4606
f 4606/1/4606 1359/1/1359 134/1/134 1360/1/1360
f 4605/1/4605 4606/1/4606 1360/1/1360 1361/1/1361
f 4604/1/4604 4605/1/4605 1361/1/1361 1362/1/1362
f 924/1/924 4604/1/4604 1362/1/1362 173/1/173
f 923/1/923 4601/1/4601 4604/1/4604 924/1/924
f 922/1/922 4598/1/4598 4601/1/4601 923/1/923
f 4607/1/4607 4608/1/4608 4611/1/4611 4610/1/4610
f 4608/1/4608 4609/1/4609 4612/1/4612 4611/1/4611
f 4610/1/4610 4611/1/4611 4614/1/4614 4613/1/4613
f 4611/1/4611 4612/1/4612 4615/1/4615 4614/1/4614
f 131/1/131 1366/1/1366 4607/1/4607 1365/1/1365
f 1366/1/1366 1367/1/1367 4608/1/4608 4607/1/4607
f 1367/1/1367 1368/1/1368 4609/1/4609 4608/1/4608
f 1368/1/1368 133/1/133 1353/1/1353 4609/1/4609
f 4609/1/4609 1353/1/1353 1352/1/1352 4612/1/4612
f 4612/1/4612 1352/1/1352 1351/1/1351 4615/1/4615
f 4615/1/4615 1351/1/1351 172/1/172 939/1/939
f 4614/1/4614 4615/1/4615 939/1/939 938/1/938
f 4613/1/4613 4614/1/4614 938/1/938 937/1/937
f 1363/1/1363 4613/1/4613 937/1/937 170/1/170
f 1364/1/1364 4610/1/4610 4613/1/4613 1363/1/1363
f 1365/1/1365 4607/1/4607 4610/1/4610 1364/1/1364
f 4616/1/4616 4617/1/4617 4620/1/4620 4619/1/4619
f 4617/1/4617 4618/1/4618 4621/1/4621 4620/1/4620
f 4619/1/4619 4620/1/4620 4623/1/4623 4622/1/4622
f 4620/1/4620 4621/1/4621 4624/1/4624 4623/1/4623
f 173/1/173 1362/1/1362 4616/1/4616 940/1/940
f 1362/1/1362 1361/1/1361 4617/1/4617 4616/1/4616
f 1361/1/1361 1360/1/1360 4618/1/4618 4617/1/4617
f 1360/1/1360 134/1/134 1369/1/1369 4618/1/4618
f 4618/1/4618 1369/1/1369 1370/1/1370 4621/1/4621
f 4621/1/4621 1370/1/1370 1371/1/1371 4624/1/4624
f 4624/1/4624 1371/1/1371 132/1/132 1372/1/1372
f 4623/1/4623 4624/1/4624 1372/1/1372 1373/1/1373
f 4622/1/4622 4623/1/4623 1373/1/1373 1374/1/1374
f 942/1/942 4622/1/4622 1374/1/1374 171/1/171
f 941/1/941 4619/1/4619 4622/1/4622 942/1/942
f 940/1/940 4616/1/4616 4619/1/4619 941/1/941
f 4625/1/4625 4626/1/4626 4629/1/4629 4628/1/4628
f 4626/1/4626 4627/1/4627 4630/1/4630 4629/1/4629
f 4628/1/4628 4629/1/4629 4632/1/4632 4631/1/4631
f 4629/1/4629 4630/1/4630 4633/1/4633 4632/1/4632
f 166/1/166 1375/1/1375 4625/1/4625 973/1/973
f 1375/1/1375 1376/1/1376 4626/1/4626 4625/1/4625
f 1376/1/1376 1377/1/1377 4627/1/4627 4626/1/4626
f 1377/1/1377 187/1/187 1378/1/1378 4627/1/4627
f 4627/1/4627 1378/1/1378 1379/1/1379 4630/1/4630
f 4630/1/4630 1379/1/1379 1380/1/1380 4633/1/4633
f 4633/1/4633 1380/1/1380 185/1/185 1381/1/1381
f 4632/1/4632 4633/1/4633 1381/1/1381 1382/1/1382
f 4631/1/4631 4632/1/4632 1382/1/1382 1383/1/1383
f 975/1/975 4631/1/4631 1383/1/1383 168/1/168
f 974/1/974 4628/1/4628 4631/1/4631 975/1/975
f 973/1/973 4625/1/4625 4628/1/4628 974/1/974
f 4634/1/4634 4635/1/4635 4638/1/4638 4637/1/4637
f 4635/1/4635 4636/1/4636 4639/1/4639 4638/1/4638
f 4637/1/4637 4638/1/4638 4641/1/4641 4640/1/4640
f 4638/1/4638 4639/1/4639 4642/1/4642 4641/1/4641
f 186/1/186 1387/1/1387 4634/1/4634 1386/1/1386
f 1387/1/1387 1388/1/1388 4635/1/4635 4634/1/4634
f 1388/1/1388 1389/1/1389 4636/1/4636 4635/1/4635
f 1389/1/1389 188/1/188 1390/1/1390 4636/1/4636
f 4636/1/4636 1390/1/1390 1391/1/1391 4639/1/4639
f 4639/1/4639 1391/1/1391 1392/1/1392 4642/1/4642
f 4642/1/4642 1392/1/1392 167/1/167 978/1/978
f 4641/1/4641 4642/1/4642 978/1/978 977/1/977
f 4640/1/4640 4641/1/4641 977/1/977 976/1/976
f 1384/1/1384 4640/1/4640 976/1/976 169/1/169
f 1385/1/1385 4637/1/4637 4640/1/4640 1384/1/1384
f 1386/1/1386 4634/1/4634 4637/1/4637 1385/1/1385
f 4643/1/4643 4644/1/4644 4647/1/4647 4646/1/4646
f 4644/1/4644 4645/1/4645 4648/1/4648 4647/1/4647
f 4646/1/4646 4647/1/4647 4650/1/4650 4649/1/4649
f 4647/1/4647 4648/1/4648 4651/1/4651 4650/1/4650
f 131/1/131 1365/1/1365 4643/1/4643 1395/1/1395
f 1365/1/1365 1364/1/1364 4644/1/4644 4643/1/4643
f 1364/1/1364 1363/1/1363 4645/1/4645 4644/1/4644
f 1363/1/1363 170/1/170 957/1/957 4645/1/4645
f 4645/1/4645 957/1/957 956/1/956 4648/1/4648
f 4648/1/4648 956/1/956 955/1/955 4651/1/4651
f 4651/1/4651 955/1/955 168/1/168 1383/1/1383
f 4650/1/4650 4651/1/4651 1383/1/1383 1382/1/1382
f 4649/1/4649 4650/1/4650 1382/1/1382 1381/1/1381
f 1393/1/1393 4649/1/4649 1381/1/1381 185/1/185
f 1394/1/1394 4646/1/4646 4649/1/4649 1393/1/1393
f 1395/1/1395 4643/1/4643 4646/1/4646 1394/1/1394
f 4652/1/4652 4653/1/4653 4656/1/4656 4655/1/4655
f 4653/1/4653 4654/1/4654 4657/1/4657 4656/1/4656
f 4655/1/4655 4656/1/4656 4659/1/4659 4658/1/4658
f 4656/1/4656 4657/1/4657 4660/1/4660 4659/1/4659
f 169/1/169 960/1/960 4652/1/4652 1384/1/1384
f 960/1/960 959/1/959 4653/1/4653 4652/1/4652
f 959/1/959 958/1/958 4654/1/4654 4653/1/4653
f 958/1/958 171/1/171 1374/1/1374 4654/1/4654
f 4654/1/4654 1374/1/1374 1373/1/1373 4657/1/4657
f 4657/1/4657 1373/1/1373 1372/1/1372 4660/1/4660
f 4660/1/4660 1372/1/1372 132/1/132 1396/1/1396
f 4659/1/4659 4660/1/4660 1396/1/1396 1397/1/1397
f 4658/1/4658 4659/1/4659 1397/1/1397 1398/1/1398
f 1386/1/1386 4658/1/4658 1398/1/1398 186/1/186
f 1385/1/1385 4655/1/4655 4658/1/4658 1386/1/1386
f 1384/1/1384 4652/1/4652 4655/1/4655 1385/1/1385
f 4661/1/4661 4662/1/4662 4665/1/4665 4664/1/4664
f 4662/1/4662 4663/1/4663 4666/1/4666 4665/1/4665
f 4664/1/4664 4665/1/4665 4668/1/4668 4667/1/4667
f 4665/1/4665 4666/1/4666 4669/1/4669 4668/1/4668
f 144/1/144 1402/1/1402 4661/1/4661 1401/1/1401
f 1402/1/1402 1403/1/1403 4662/1/4662 4661/1/4661
f 1403/1/1403 1404/1/1404 4663/1/4663 4662/1/4662
f 1404/1/1404 190/1/190 1405/1/1405 4663/1/4663
f 4663/1/4663 1405/1/1405 1406/1/1406 4666/1/4666
f 4666/1/4666 1406/1/1406 1407/1/1407 4669/1/4669
f 4669/1/4669 1407/1/1407 189/1/189 1408/1/1408
f 4668/1/4668 4669/1/4669 1408/1/1408 1409/1/1409
f 4667/1/4667 4668/1/4668 1409/1/1409 1410/1/1410
f 1399/1/1399 4667/1/4667 1410/1/1410 187/1/187
f 1400/1/1400 4664/1/4664 4667/1/4667 1399/1/1399
f 1401/1/1401 4661/1/4661 4664/1/4664 1400/1/1400
f 4670/1/4670 4671/1/4671 4674/1/4674 4673/1/4673
f 4671/1/4671 4672/1/4672 4675/1/4675 4674/1/4674
f 4673/1/4673 4674/1/4674 4677/1/4677 4676/1/4676
f 4674/1/4674 4675/1/4675 4678/1/4678 4677/1/4677
f 189/1/189 1407/1/1407 4670/1/4670 1413/1/1413
f 1407/1/1407 1406/1/1406 4671/1/4671 4670/1/4670
f 1406/1/1406 1405/1/1405 4672/1/4672 4671/1/4671
f 1405/1/1405 190/1/190 1414/1/1414 4672/1/4672
f 4672/1/4672 1414/1/1414 1415/1/1415 4675/1/4675
f 4675/1/4675 1415/1/1415 1416/1/1416 4678/1/4678
f 4678/1/4678 1416/1/1416 145/1/145 1417/1/1417
f 4677/1/4677 4678/1/4678 1417/1/1417 1418/1/1418
f 4676/1/4676 4677/1/4677 1418/1/1418 1419/1/1419
f 1411/1/1411 4676/1/4676 1419/1/1419 188/1/188
f 1412/1/1412 4673/1/4673 4676/1/4676 1411/1/1411
f 1413/1/1413 4670/1/4670 4673/1/4673 1412/1/1412
f 4679/1/4679 4680/1/4680 4683/1/4683 4682/1/4682
f 4680/1/4680 4681/1/4681 4684/1/4684 4683/1/4683
f 4682/1/4682 4683/1/4683 4686/1/4686 4685/1/4685
f 4683/1/4683 4684/1/4684 4687/1/4687 4686/1/4686
f 185/1/185 1380/1/1380 4679/1/4679 1422/1/1422
f 1380/1/1380 1379/1/1379 4680/1/4680 4679/1/4679
f 1379/1/1379 1378/1/1378 4681/1/4681 4680/1/4680
f 1378/1/1378 187/1/187 1410/1/1410 4681/1/4681
f 4681/1/4681 1410/1/1410 1409/1/1409 4684/1/4684
f 4684/1/4684 1409/1/1409 1408/1/1408 4687/1/4687
f 4687/1/4687 1408/1/1408 189/1/189 1423/1/1423
f 4686/1/4686 4687/1/4687 1423/1/1423 1424/1/1424
f 4685/1/4685 4686/1/4686 1424/1/1424 1425/1/1425
f 1420/1/1420 4685/1/4685 1425/1/1425 69/1/69
f 1421/1/1421 4682/1/4682 4685/1/4685 1420/1/1420
f 1422/1/1422 4679/1/4679 4682/1/4682 1421/1/1421
f 4688/1/4688 4689/1/4689 4692/1/4692 4691/1/4691
f 4689/1/4689 4690/1/4690 4693/1/4693 4692/1/4692
f 4691/1/4691 4692/1/4692 4695/1/4695 4694/1/4694
f 4692/1/4692 4693/1/4693 4696/1/4696 4695/1/4695
f 189/1/189 1413/1/1413 4688/1/4688 1423/1/1423
f 1413/1/1413 1412/1/1412 4689/1/4689 4688/1/4688
f 1412/1/1412 1411/1/1411 4690/1/4690 4689/1/4689
f 1411/1/1411 188/1/188 1389/1/1389 4690/1/4690
f 4690/1/4690 1389/1/1389 1388/1/1388 4693/1/4693
f 4693/1/4693 1388/1/1388 1387/1/1387 4696/1/4696
f 4696/1/4696 1387/1/1387 186/1/186 1426/1/1426
f 4695/1/4695 4696/1/4696 1426/1/1426 1427/1/1427
f 4694/1/4694 4695/1/4695 1427/1/1427 1428/1/1428
f 1425/1/1425 4694/1/4694 1428/1/1428 69/1/69
f 1424/1/1424 4691/1/4691 4694/1/4694 1425/1/1425
f 1423/1/1423 4688/1/4688 4691/1/4691 1424/1/1424
f 4697/1/4697 4698/1/4698 4701/1/4701 4700/1/4700
f 4698/1/4698 4699/1/4699 4702/1/4702 4701/1/4701
f 4700/1/4700 4701/1/4701 4704/1/4704 4703/1/4703
f 4701/1/4701 4702/1/4702 4705/1/4705 4704/1/4704
f 130/1/130 1432/1/1432 4697/1/4697 1431/1/1431
f 1432/1/1432 1433/1/1433 4698/1/4698 4697/1/4697
f 1433/1/1433 1434/1/1434 4699/1/4699 4698/1/4698
f 1434/1/1434 131/1/131 1395/1/1395 4699/1/4699
f 4699/1/4699 1395/1/1395 1394/1/1394 4702/1/4702
f 4702/1/4702 1394/1/1394 1393/1/1393 4705/1/4705
f 4705/1/4705 1393/1/1393 185/1/185 1422/1/1422
f 4704/1/4704 4705/1/4705 1422/1/1422 1421/1/1421
f 4703/1/4703 4704/1/4704 1421/1/1421 1420/1/1420
f 1429/1/1429 4703/1/4703 1420/1/1420 69/1/69
f 1430/1/1430 4700/1/4700 4703/1/4703 1429/1/1429
f 1431/1/1431 4697/1/4697 4700/1/4700 1430/1/1430
f 4706/1/4706 4707/1/4707 4710/1/4710 4709/1/4709
f 4707/1/4707 4708/1/4708 4711/1/4711 4710/1/4710
f 4709/1/4709 4710/1/4710 4713/1/4713 4712/1/4712
f 4710/1/4710 4711/1/4711 4714/1/4714 4713/1/4713
f 186/1/186 1398/1/1398 4706/1/4706 1426/1/1426
f 1398/1/1398 1397/1/1397 4707/1/4707 4706/1/4706
f 1397/1/1397 1396/1/1396 4708/1/4708 4707/1/4707
f 1396/1/1396 132/1/132 1435/1/1435 4708/1/4708
f 4708/1/4708 1435/1/1435 1436/1/1436 4711/1/4711
f 4711/1/4711 1436/1/1436 1437/1/1437 4714/1/4714
f 4714/1/4714 1437/1/1437 130/1/130 1431/1/1431
f 4713/1/4713 4714/1/4714 1431/1/1431 1430/1/1430
f 4712/1/4712 4713/1/4713 1430/1/1430 1429/1/1429
f 1428/1/1428 4712/1/4712 1429/1/1429 69/1/69
f 1427/1/1427 4709/1/4709 4712/1/4712 1428/1/1428
f 1426/1/1426 4706/1/4706 4709/1/4709 1427/1/1427
f 4715/1/4715 4716/1/4716 4719/1/4719 4718/1/4718
f 4716/1/4716 4717/1/4717 4720/1/4720 4719/1/4719
f 4718/1/4718 4719/1/4719 4722/1/4722 4721/1/4721
f 4719/1/4719 4720/1/4720 4723/1/4723 4722/1/4722
f 142/1/142 1441/1/1441 4715/1/4715 1440/1/1440
f 1441/1/1441 1442/1/1442 4716/1/4716 4715/1/4715
f 1442/1/1442 1443/1/1443 4717/1/4717 4716/1/4716
f 1443/1/1443 193/1/193 1444/1/1444 4717/1/4717
f 4717/1/4717 1444/1/1444 1445/1/1445 4720/1/4720
f 4720/1/4720 1445/1/1445 1446/1/1446 4723/1/4723
f 4723/1/4723 1446/1/1446 191/1/191 1447/1/1447
f 4722/1/4722 4723/1/4723 1447/1/1447 1448/1/1448
f 4721/1/4721 4722/1/4722 1448/1/1448 1449/1/1449
f 1438/1/1438 4721/1/4721 1449/1/1449 144/1/144
f 1439/1/1439 4718/1/4718 4721/1/4721 1438/1/1438
f 1440/1/1440 4715/1/4715 4718/1/4718 1439/1/1439
f 4724/1/4724 4725/1/4725 4728/1/4728 4727/1/4727
f 4725/1/4725 4726/1/4726 4729/1/4729 4728/1/4728
f 4727/1/4727 4728/1/4728 4731/1/4731 4730/1/4730
f 4728/1/4728 4729/1/4729 4732/1/4732 4731/1/4731
f 192/1/192 1453/1/1453 4724/1/4724 1452/1/1452
f 1453/1/1453 1454/1/1454 4725/1/4725 4724/1/4724
f 1454/1/1454 1455/1/1455 4726/1/4726 4725/1/4725
f 1455/1/1455 194/1/194 1456/1/1456 4726/1/4726
f 4726/1/4726 1456/1/1456 1457/1/1457 4729/1/4729
f 4729/1/4729 1457/1/1457 1458/1/1458 4732/1/4732
f 4732/1/4732 1458/1/1458 143/1/143 1459/1/1459
f 4731/1/4731 4732/1/4732 1459/1/1459 1460/1/1460
f 4730/1/4730 4731/1/4731 1460/1/1460 1461/1/1461
f 1450/1/1450 4730/1/4730 1461/1/1461 145/1/145
f 1451/1/1451 4727/1/4727 4730/1/4730 1450/1/1450
f 1452/1/1452 4724/1/4724 4727/1/4727 1451/1/1451
f 4733/1/4733 4734/1/4734 4737/1/4737 4736/1/4736
f 4734/1/4734 4735/1/4735 4738/1/4738 4737/1/4737
f 4736/1/4736 4737/1/4737 4740/1/4740 4739/1/4739
f 4737/1/4737 4738/1/4738 4741/1/4741 4740/1/4740
f 140/1/140 1465/1/1465 4733/1/4733 1464/1/1464
f 1465/1/1465 1466/1/1466 4734/1/4734 4733/1/4733
f 1466/1/1466 1467/1/1467 4735/1/4735 4734/1/4734
f 1467/1/1467 195/1/195 1468/1/1468 4735/1/4735
f 4735/1/4735 1468/1/1468 1469/1/1469 4738/1/4738
f 4738/1/4738 1469/1/1469 1470/1/1470 4741/1/4741
f 4741/1/4741 1470/1/1470 193/1/193 1443/1/1443
f 4740/1/4740 4741/1/4741 1443/1/1443 1442/1/1442
f 4739/1/4739 4740/1/4740 1442/1/1442 1441/1/1441
f 1462/1/1462 4739/1/4739 1441/1/1441 142/1/142
f 1463/1/1463 4736/1/4736 4739/1/4739 1462/1/1462
f 1464/1/1464 4733/1/4733 4736/1/4736 1463/1/1463
f 4742/1/4742 4743/1/4743 4746/1/4746 4745/1/4745
f 4743/1/4743 4744/1/4744 4747/1/4747 4746/1/4746
f 4745/1/4745 4746/1/4746 4749/1/4749 4748/1/4748
f 4746/1/4746 4747/1/4747 4750/1/4750 4749/1/4749
f 194/1/194 1471/1/1471 4742/1/4742 1456/1/1456
f 1471/1/1471 1472/1/1472 4743/1/4743 4742/1/4742
f 1472/1/1472 1473/1/1473 4744/1/4744 4743/1/4743
f 1473/1/1473 196/1/196 1474/1/1474 4744/1/4744
f 4744/1/4744 1474/1/1474 1475/1/1475 4747/1/4747
f 4747/1/4747 1475/1/1475 1476/1/1476 4750/1/4750
f 4750/1/4750 1476/1/1476 141/1/141 1477/1/1477
f 4749/1/4749 4750/1/4750 1477/1/1477 1478/1/1478
f 4748/1/4748 4749/1/4749 1478/1/1478 1479/1/1479
f 1458/1/1458 4748/1/4748 1479/1/1479 143/1/143
f 1457/1/1457 4745/1/4745 4748/1/4748 1458/1/1458
f 1456/1/1456 4742/1/4742 4745/1/4745 1457/1/1457
f 4751/1/4751 4752/1/4752 4755/1/4755 4754/1/4754
f 4752/1/4752 4753/1/4753 4756/1/4756 4755/1/4755
f 4754/1/4754 4755/1/4755 4758/1/4758 4757/1/4757
f 4755/1/4755 4756/1/4756 4759/1/4759 4758/1/4758
f 139/1/139 1483/1/1483 4751/1/4751 1482/1/1482
f 1483/1/1483 1484/1/1484 4752/1/4752 4751/1/4751
f 1484/1/1484 1485/1/1485 4753/1/4753 4752/1/4752
f 1485/1/1485 197/1/197 1486/1/1486 4753/1/4753
f 4753/1/4753 1486/1/1486 1487/1/1487 4756/1/4756
f 4756/1/4756 1487/1/1487 1488/1/1488 4759/1/4759
f 4759/1/4759 1488/1/1488 195/1/195 1467/1/1467
f 4758/1/4758 4759/1/4759 1467/1/1467 1466/1/1466
f 4757/1/4757 4758/1/4758 1466/1/1466 1465/1/1465
f 1480/1/1480 4757/1/4757 1465/1/1465 140/1/140
f 1481/1/1481 4754/1/4754 4757/1/4757 1480/1/1480
f 1482/1/1482 4751/1/4751 4754/1/4754 1481/1/1481
f 4760/1/4760 4761/1/4761 4764/1/4764 4763/1/4763
f 4761/1/4761 4762/1/4762 4765/1/4765 4764/1/4764
f 4763/1/4763 4764/1/4764 4767/1/4767 4766/1/4766
f 4764/1/4764 4765/1/4765 4768/1/4768 4767/1/4767
f 196/1/196 1489/1/1489 4760/1/4760 1474/1/1474
f 1489/1/1489 1490/1/1490 4761/1/4761 4760/1/4760
f 1490/1/1490 1491/1/1491 4762/1/4762 4761/1/4761
f 1491/1/1491 198/1/198 1492/1/1492 4762/1/4762
f 4762/1/4762 1492/1/1492 1493/1/1493 4765/1/4765
f 4765/1/4765 1493/1/1493 1494/1/1494 4768/1/4768
f 4768/1/4768 1494/1/1494 139/1/139 1495/1/1495
f 4767/1/4767 4768/1/4768 1495/1/1495 1496/1/1496
f 4766/1/4766 4767/1/4767 1496/1/1496 1497/1/1497
f 1476/1/1476 4766/1/4766 1497/1/1497 141/1/141
f 1475/1/1475 4763/1/4763 4766/1/4766 1476/1/1476
f 1474/1/1474 4760/1/4760 4763/1/4763 1475/1/1475
f 4769/1/4769 4770/1/4770 4773/1/4773 4772/1/4772
f 4770/1/4770 4771/1/4771 4774/1/4774 4773/1/4773
f 4772/1/4772 4773/1/4773 4776/1/4776 4775/1/4775
f 4773/1/4773 4774/1/4774 4777/1/4777 4776/1/4776
f 138/1/138 1501/1/1501 4769/1/4769 1500/1/1500
f 1501/1/1501 1502/1/1502 4770/1/4770 4769/1/4769
f 1502/1/1502 1503/1/1503 4771/1/4771 4770/1/4770
f 1503/1/1503 71/1/71 1504/1/1504 4771/1/4771
f 4771/1/4771 1504/1/1504 1505/1/1505 4774/1/4774
f 4774/1/4774 1505/1/1505 1506/1/1506 4777/1/4777
f 4777/1/4777 1506/1/1506 197/1/197 1485/1/1485
f 4776/1/4776 4777/1/4777 1485/1/1485 1484/1/1484
f 4775/1/4775 4776/1/4776 1484/1/1484 1483/1/1483
f 1498/1/1498 4775/1/4775 1483/1/1483 139/1/139
f 1499/1/1499 4772/1/4772 4775/1/4775 1498/1/1498
f 1500/1/1500 4769/1/4769 4772/1/4772 1499/1/1499
f 4778/1/4778 4779/1/4779 4782/1/4782 4781/1/4781
f 4779/1/4779 4780/1/4780 4783/1/4783 4782/1/4782
f 4781/1/4781 4782/1/4782 4785/1/4785 4784/1/4784
f 4782/1/4782 4783/1/4783 4786/1/4786 4785/1/4785
f 198/1/198 1507/1/1507 4778/1/4778 1492/1/1492
f 1507/1/1507 1508/1/1508 4779/1/4779 4778/1/4778
f 1508/1/1508 1509/1/1509 4780/1/4780 4779/1/4779
f 1509/1/1509 71/1/71 1503/1/1503 4780/1/4780
f 4780/1/4780 1503/1/1503 1502/1/1502 4783/1/4783
f 4783/1/4783 1502/1/1502 1501/1/1501 4786/1/4786
f 4786/1/4786 1501/1/1501 138/1/138 1500/1/1500
f 4785/1/4785 4786/1/4786 1500/1/1500 1499/1/1499
f 4784/1/4784 4785/1/4785 1499/1/1499 1498/1/1498
f 1494/1/1494 4784/1/4784 1498/1/1498 139/1/139
f 1493/1/1493 4781/1/4781 4784/1/4784 1494/1/1494
f 1492/1/1492 4778/1/4778 4781/1/4781 1493/1/1493
f 4787/1/4787 4788/1/4788 4791/1/4791 4790/1/4790
f 4788/1/4788 4789/1/4789 4792/1/4792 4791/1/4791
f 4790/1/4790 4791/1/4791 4794/1/4794 4793/1/4793
f 4791/1/4791 4792/1/4792 4795/1/4795 4794/1/4794
f 190/1/190 1404/1/1404 4787/1/4787 1512/1/1512
f 1404/1/1404 1403/1/1403 4788/1/4788 4787/1/4787
f 1403/1/1403 1402/1/1402 4789/1/4789 4788/1/4788
f 1402/1/1402 144/1/144 1449/1/1449 4789/1/4789
f 4789/1/4789 1449/1/1449 1448/1/1448 4792/1/4792
f 4792/1/4792 1448/1/1448 1447/1/1447 4795/1/4795
f 4795/1/4795 1447/1/1447 191/1/191 1513/1/1513
f 4794/1/4794 4795/1/4795 1513/1/1513 1514/1/1514
f 4793/1/4793 4794/1/4794 1514/1/1514 1515/1/1515
f 1510/1/1510 4793/1/4793 1515/1/1515 70/1/70
f 1511/1/1511 4790/1/4790 4793/1/4793 1510/1/1510
f 1512/1/1512 4787/1/4787 4790/1/4790 1511/1/1511
f 4796/1/4796 4797/1/4797 4800/1/4800 4799/1/4799
f 4797/1/4797 4798/1/4798 4801/1/4801 4800/1/4800
f 4799/1/4799 4800/1/4800 4803/1/4803 4802/1/4802
f 4800/1/4800 4801/1/4801 4804/1/4804 4803/1/4803
f 192/1/192 1452/1/1452 4796/1/4796 1518/1/1518
f 1452/1/1452 1451/1/1451 4797/1/4797 4796/1/4796
f 1451/1/1451 1450/1/1450 4798/1/4798 4797/1/4797
f 1450/1/1450 145/1/145 1416/1/1416 4798/1/4798
f 4798/1/4798 1416/1/1416 1415/1/1415 4801/1/4801
f 4801/1/4801 1415/1/1415 1414/1/1414 4804/1/4804
f 4804/1/4804 1414/1/1414 190/1/190 1512/1/1512
f 4803/1/4803 4804/1/4804 1512/1/1512 1511/1/1511
f 4802/1/4802 4803/1/4803 1511/1/1511 1510/1/1510
f 1516/1/1516 4802/1/4802 1510/1/1510 70/1/70
f 1517/1/1517 4799/1/4799 4802/1/4802 1516/1/1516
f 1518/1/1518 4796/1/4796 4799/1/4799 1517/1/1517
f 4805/1/4805 4806/1/4806 4809/1/4809 4808/1/4808
f 4806/1/4806 4807/1/4807 4810/1/4810 4809/1/4809
f 4808/1/4808 4809/1/4809 4812/1/4812 4811/1/4811
f 4809/1/4809 4810/1/4810 4813/1/4813 4812/1/4812
f 70/1/70 1515/1/1515 4805/1/4805 1521/1/1521
f 1515/1/1515 1514/1/1514 4806/1/4806 4805/1/4805
f 1514/1/1514 1513/1/1513 4807/1/4807 4806/1/4806
f 1513/1/1513 191/1/191 1522/1/1522 4807/1/4807
f 4807/1/4807 1522/1/1522 1523/1/1523 4810/1/4810
f 4810/1/4810 1523/1/1523 1524/1/1524 4813/1/4813
f 4813/1/4813 1524/1/1524 206/1/206 1525/1/1525
f 4812/1/4812 4813/1/4813 1525/1/1525 1526/1/1526
f 4811/1/4811 4812/1/4812 1526/1/1526 1527/1/1527
f 1519/1/1519 4811/1/4811 1527/1/1527 208/1/208
f 1520/1/1520 4808/1/4808 4811/1/4811 1519/1/1519
f 1521/1/1521 4805/1/4805 4808/1/4808 1520/1/1520
f 4814/1/4814 4815/1/4815 4818/1/4818 4817/1/4817
f 4815/1/4815 4816/1/4816 4819/1/4819 4818/1/4818
f 4817/1/4817 4818/1/4818 4821/1/4821 4820/1/4820
f 4818/1/4818 4819/1/4819 4822/1/4822 4821/1/4821
f 207/1/207 1531/1/1531 4814/1/4814 1530/1/1530
f 1531/1/1531 1532/1/1532 4815/1/4815 4814/1/4814
f 1532/1/1532 1533/1/1533 4816/1/4816 4815/1/4815
f 1533/1/1533 192/1/192 1518/1/1518 4816/1/4816
f 4816/1/4816 1518/1/1518 1517/1/1517 4819/1/4819
f 4819/1/4819 1517/1/1517 1516/1/1516 4822/1/4822
f 4822/1/4822 1516/1/1516 70/1/70 1521/1/1521
f 4821/1/4821 4822/1/4822 1521/1/1521 1520/1/1520
f 4820/1/4820 4821/1/4821 1520/1/1520 1519/1/1519
f 1528/1/1528 4820/1/4820 1519/1/1519 208/1/208
f 1529/1/1529 4817/1/4817 4820/1/4820 1528/1/1528
f 1530/1/1530 4814/1/4814 4817/1/4817 1529/1/1529
f 4823/1/4823 4824/1/4824 4827/1/4827 4826/1/4826
f 4824/1/4824 4825/1/4825 4828/1/4828 4827/1/4827
f 4826/1/4826 4827/1/4827 4830/1/4830 4829/1/4829
f 4827/1/4827 4828/1/4828 4831/1/4831 4830/1/4830
f 71/1/71 1534/1/1534 4823/1/4823 1504/1/1504
f 1534/1/1534 1535/1/1535 4824/1/4824 4823/1/4823
f 1535/1/1535 1536/1/1536 4825/1/4825 4824/1/4824
f 1536/1/1536 199/1/199 1537/1/1537 4825/1/4825
f 4825/1/4825 1537/1/1537 1538/1/1538 4828/1/4828
f 4828/1/4828 1538/1/1538 1539/1/1539 4831/1/4831
f 4831/1/4831 1539/1/1539 200/1/200 1540/1/1540
f 4830/1/4830 4831/1/4831 1540/1/1540 1541/1/1541
f 4829/1/4829 4830/1/4830 1541/1/1541 1542/1/1542
f 1506/1/1506 4829/1/4829 1542/1/1542 197/1/197
f 1505/1/1505 4826/1/4826 4829/1/4829 1506/1/1506
f 1504/1/1504 4823/1/4823 4826/1/4826 1505/1/1505
f 4832/1/4832 4833/1/4833 4836/1/4836 4835/1/4835
f 4833/1/4833 4834/1/4834 4837/1/4837 4836/1/4836
f 4835/1/4835 4836/1/4836 4839/1/4839 4838/1/4838
f 4836/1/4836 4837/1/4837 4840/1/4840 4839/1/4839
f 201/1/201 1546/1/1546 4832/1/4832 1545/1/1545
f 1546/1/1546 1547/1/1547 4833/1/4833 4832/1/4832
f 1547/1/1547 1548/1/1548 4834/1/4834 4833/1/4833
f 1548/1/1548 199/1/199 1536/1/1536 4834/1/4834
f 4834/1/4834 1536/1/1536 1535/1/1535 4837/1/4837
f 4837/1/4837 1535/1/1535 1534/1/1534 4840/1/4840
f 4840/1/4840 1534/1/1534 71/1/71 1509/1/1509
f 4839/1/4839 4840/1/4840 1509/1/1509 1508/1/1508
f 4838/1/4838 4839/1/4839 1508/1/1508 1507/1/1507
f 1543/1/1543 4838/1/4838 1507/1/1507 198/1/198
f 1544/1/1544 4835/1/4835 4838/1/4838 1543/1/1543
f 1545/1/1545 4832/1/4832 4835/1/4835 1544/1/1544
f 4841/1/4841 4842/1/4842 4845/1/4845 4844/1/4844
f 4842/1/4842 4843/1/4843 4846/1/4846 4845/1/4845
f 4844/1/4844 4845/1/4845 4848/1/4848 4847/1/4847
f 4845/1/4845 4846/1/4846 4849/1/4849 4848/1/4848
f 197/1/197 1542/1/1542 4841/1/4841 1486/1/1486
f 1542/1/1542 1541/1/1541 4842/1/4842 4841/1/4841
f 1541/1/1541 1540/1/1540 4843/1/4843 4842/1/4842
f 1540/1/1540 200/1/200 1549/1/1549 4843/1/4843
f 4843/1/4843 1549/1/1549 1550/1/1550 4846/1/4846
f 4846/1/4846 1550/1/1550 1551/1/1551 4849/1/4849
f 4849/1/4849 1551/1/1551 202/1/202 1552/1/1552
f 4848/1/4848 4849/1/4849 1552/1/1552 1553/1/1553
f 4847/1/4847 4848/1/4848 1553/1/1553 1554/1/1554
f 1488/1/1488 4847/1/4847 1554/1/1554 195/1/195
f 1487/1/1487 4844/1/4844 4847/1/4847 1488/1/1488
f 1486/1/1486 4841/1/4841 4844/1/4844 1487/1/1487
f 4850/1/4850 4851/1/4851 4854/1/4854 4853/1/4853
f 4851/1/4851 4852/1/4852 4855/1/4855 4854/1/4854
f 4853/1/4853 4854/1/4854 4857/1/4857 4856/1/4856
f 4854/1/4854 4855/1/4855 4858/1/4858 4857/1/4857
f 203/1/203 1558/1/1558 4850/1/4850 1557/1/1557
f 1558/1/1558 1559/1/1559 4851/1/4851 4850/1/4850
f 1559/1/1559 1560/1/1560 4852/1/4852 4851/1/4851
f 1560/1/1560 201/1/201 1545/1/1545 4852/1/4852
f 4852/1/4852 1545/1/1545 1544/1/1544 4855/1/4855
f 4855/1/4855 1544/1/1544 1543/1/1543 4858/1/4858
f 4858/1/4858 1543/1/1543 198/1/198 1491/1/1491
f 4857/1/4857 4858/1/4858 1491/1/1491 1490/1/1490
f 4856/1/4856 4857/1/4857 1490/1/1490 1489/1/1489
f 1555/1/1555 4856/1/4856 1489/1/1489 196/1/196
f 1556/1/1556 4853/1/4853 4856/1/4856 1555/1/1555
f 1557/1/1557 4850/1/4850 4853/1/4853 1556/1/1556
f 4859/1/4859 4860/1/4860 4863/1/4863 4862/1/4862
f 4860/1/4860 4861/1/4861 4864/1/4864 4863/1/4863
f 4862/1/4862 4863/1/4863 4866/1/4866 4865/1/4865
f 4863/1/4863 4864/1/4864 4867/1/4867 4866/1/4866
f 195/1/195 1554/1/1554 4859/1/4859 1468/1/1468
f 1554/1/1554 1553/1/1553 4860/1/4860 4859/1/4859
f 1553/1/1553 1552/1/1552 4861/1/4861 4860/1/4860
f 1552/1/1552 202/1/202 1561/1/1561 4861/1/4861
f 4861/1/4861 1561/1/1561 1562/1/1562 4864/1/4864
f 4864/1/4864 1562/1/1562 1563/1/1563 4867/1/4867
f 4867/1/4867 1563/1/1563 204/1/204 1564/1/1564
f 4866/1/4866 4867/1/4867 1564/1/1564 1565/1/1565
f 4865/1/4865 4866/1/4866 1565/1/1565 1566/1/1566
f 1470/1/1470 4865/1/4865 1566/1/1566 193/1/193
f 1469/1/1469 4862/1/4862 4865/1/4865 1470/1/1470
f 1468/1/1468 4859/1/4859 4862/1/4862 1469/1/1469
f 4868/1/4868 4869/1/4869 4872/1/4872 4871/1/4871
f 4869/1/4869 4870/1/4870 4873/1/4873 4872/1/4872
f 4871/1/4871 4872/1/4872 4875/1/4875 4874/1/4874
f 4872/1/4872 4873/1/4873 4876/1/4876 4875/1/4875
f 205/1/205 1570/1/1570 4868/1/4868 1569/1/1569
f 1570/1/1570 1571/1/1571 4869/1/4869 4868/1/4868
f 1571/1/1571 1572/1/1572 4870/1/4870 4869/1/4869
f 1572/1/1572 203/1/203 1557/1/1557 4870/1/4870
f 4870/1/4870 1557/1/1557 1556/1/1556 4873/1/4873
f 4873/1/4873 1556/1/1556 1555/1/1555 4876/1/4876
f 4876/1/4876 1555/1/1555 196/1/196 1473/1/1473
f 4875/1/4875 4876/1/4876 1473/1/1473 1472/1/1472
f 4874/1/4874 4875/1/4875 1472/1/1472 1471/1/1471
f 1567/1/1567 4874/1/4874 1471/1/1471 194/1/194
f 1568/1/1568 4871/1/4871 4874/1/4874 1567/1/1567
f 1569/1/1569 4868/1/4868 4871/1/4871 1568/1/1568
f 4877/1/4877 4878/1/4878 4881/1/4881 4880/1/4880
f 4878/1/4878 4879/1/4879 4882/1/4882 4881/1/4881
f 4880/1/4880 4881/1/4881 4884/1/4884 4883/1/4883
f 4881/1/4881 4882/1/4882 4885/1/4885 4884/1/4884
f 193/1/193 1566/1/1566 4877/1/4877 1444/1/1444
f 1566/1/1566 1565/1/1565 4878/1/4878 4877/1/4877
f 1565/1/1565 1564/1/1564 4879/1/4879 4878/1/4878
f 1564/1/1564 204/1/204 1573/1/1573 4879/1/4879
f 4879/1/4879 1573/1/1573 1574/1/1574 4882/1/4882
f 4882/1/4882 1574/1/1574 1575/1/1575 4885/1/4885
f 4885/1/4885 1575/1/1575 206/1/206 1524/1/1524
f 4884/1/4884 4885/1/4885 1524/1/1524 1523/1/1523
f 4883/1/4883 4884/1/4884 1523/1/1523 1522/1/1522
f 1446/1/1446 4883/1/4883 1522/1/1522 191/1/191
f 1445/1/1445 4880/1/4880 4883/1/4883 1446/1/1446
f 1444/1/1444 4877/1/4877 4880/1/4880 1445/1/1445
f 4886/1/4886 4887/1/4887 4890/1/4890 4889/1/4889
f 4887/1/4887 4888/1/4888 4891/1/4891 4890/1/4890
f 4889/1/4889 4890/1/4890 4893/1/4893 4892/1/4892
f 4890/1/4890 4891/1/4891 4894/1/4894 4893/1/4893
f 207/1/207 1576/1/1576 4886/1/4886 1531/1/1531
f 1576/1/1576 1577/1/1577 4887/1/4887 4886/1/4886
f 1577/1/1577 1578/1/1578 4888/1/4888 4887/1/4887
f 1578/1/1578 205/1/205 1569/1/1569 4888/1/4888
f 4888/1/4888 1569/1/1569 1568/1/1568 4891/1/4891
f 4891/1/4891 1568/1/1568 1567/1/1567 4894/1/4894
f 4894/1/4894 1567/1/1567 194/1/194 1455/1/1455
f 4893/1/4893 4894/1/4894 1455/1/1455 1454/1/1454
f 4892/1/4892 4893/1/4893 1454/1/1454 1453/1/1453
f 1533/1/1533 4892/1/4892 1453/1/1453 192/1/192
f 1532/1/1532 4889/1/4889 4892/1/4892 1533/1/1533
f 1531/1/1531 4886/1/4886 4889/1/4889 1532/1/1532
f 4895/1/4895 4896/1/4896 4899/1/4899 4898/1/4898
f 4896/1/4896 4897/1/4897 4900/1/4900 4899/1/4899
f 4898/1/4898 4899/1/4899 4902/1/4902 4901/1/4901
f 4899/1/4899 4900/1/4900 4903/1/4903 4902/1/4902
f 199/1/199 1579/1/1579 4895/1/4895 1537/1/1537
f 1579/1/1579 1580/1/1580 4896/1/4896 4895/1/4895
f 1580/1/1580 1581/1/1581 4897/1/4897 4896/1/4896
f 1581/1/1581 204/1/204 1563/1/1563 4897/1/4897
f 4897/1/4897 1563/1/1563 1562/1/1562 4900/1/4900
f 4900/1/4900 1562/1/1562 1561/1/1561 4903/1/4903
f 4903/1/4903 1561/1/1561 202/1/202 1551/1/1551
f 4902/1/4902 4903/1/4903 1551/1/1551 1550/1/1550
f 4901/1/4901 4902/1/4902 1550/1/1550 1549/1/1549
f 1539/1/1539 4901/1/4901 1549/1/1549 200/1/200
f 1538/1/1538 4898/1/4898 4901/1/4901 1539/1/1539
f 1537/1/1537 4895/1/4895 4898/1/4898 1538/1/1538
f 4904/1/4904 4905/1/4905 4908/1/4908 4907/1/4907
f 4905/1/4905 4906/1/4906 4909/1/4909 4908/1/4908
f 4907/1/4907 4908/1/4908 4911/1/4911 4910/1/4910
f 4908/1/4908 4909/1/4909 4912/1/4912 4911/1/4911
f 203/1/203 1572/1/1572 4904/1/4904 1558/1/1558
f 1572/1/1572 1571/1/1571 4905/1/4905 4904/1/4904
f 1571/1/1571 1570/1/1570 4906/1/4906 4905/1/4905
f 1570/1/1570 205/1/205 1582/1/1582 4906/1/4906
f 4906/1/4906 1582/1/1582 1583/1/1583 4909/1/4909
f 4909/1/4909 1583/1/1583 1584/1/1584 4912/1/4912
f 4912/1/4912 1584/1/1584 199/1/199 1548/1/1548
f 4911/1/4911 4912/1/4912 1548/1/1548 1547/1/1547
f 4910/1/4910 4911/1/4911 1547/1/1547 1546/1/1546
f 1560/1/1560 4910/1/4910 1546/1/1546 201/1/201
f 1559/1/1559 4907/1/4907 4910/1/4910 1560/1/1560
f 1558/1/1558 4904/1/4904 4907/1/4907 1559/1/1559
f 4913/1/4913 4914/1/4914 4917/1/4917 4916/1/4916
f 4914/1/4914 4915/1/4915 4918/1/4918 4917/1/4917
f 4916/1/4916 4917/1/4917 4920/1/4920 4919/1/4919
f 4917/1/4917 4918/1/4918 4921/1/4921 4920/1/4920
f 199/1/199 1585/1/1585 4913/1/4913 1579/1/1579
f 1585/1/1585 1586/1/1586 4914/1/4914 4913/1/4913
f 1586/1/1586 1587/1/1587 4915/1/4915 4914/1/4914
f 1587/1/1587 208/1/208 1527/1/1527 4915/1/4915
f 4915/1/4915 1527/1/1527 1526/1/1526 4918/1/4918
f 4918/1/4918 1526/1/1526 1525/1/1525 4921/1/4921
f 4921/1/4921 1525/1/1525 206/1/206 1575/1/1575
f 4920/1/4920 4921/1/4921 1575/1/1575 1574/1/1574
f 4919/1/4919 4920/1/4920 1574/1/1574 1573/1/1573
f 1581/1/1581 4919/1/4919 1573/1/1573 204/1/204
f 1580/1/1580 4916/1/4916 4919/1/4919 1581/1/1581
f 1579/1/1579 4913/1/4913 4916/1/4916 1580/1/1580
f 4922/1/4922 4923/1/4923 4926/1/4926 4925/1/4925
f 4923/1/4923 4924/1/4924 4927/1/4927 4926/1/4926
f 4925/1/4925 4926/1/4926 4929/1/4929 4928/1/4928
f 4926/1/4926 4927/1/4927 4930/1/4930 4929/1/4929
f 207/1/207 1530/1/1530 4922/1/4922 1576/1/1576
f 1530/1/1530 1529/1/1529 4923/1/4923 4922/1/4922
f 1529/1/1529 1528/1/1528 4924/1/4924 4923/1/4923
f 1528/1/1528 208/1/208 1587/1/1587 4924/1/4924
f 4924/1/4924 1587/1/1587 1586/1/1586 4927/1/4927
f 4927/1/4927 1586/1/1586 1585/1/1585 4930/1/4930
f 4930/1/4930 1585/1/1585 199/1/199 1584/1/1584
f 4929/1/4929 4930/1/4930 1584/1/1584 1583/1/1583
f 4928/1/4928 4929/1/4929 1583/1/1583 1582/1/1582
f 1578/1/1578 4928/1/4928 1582/1/1582 205/1/205
f 1577/1/1577 4925/1/4925 4928/1/4928 1578/1/1578
f 1576/1/1576 4922/1/4922 4925/1/4925 1577/1/1577
f 4931/1/4931 4932/1/4932 4935/1/4935 4934/1/4934
f 4932/1/4932 4933/1/4933 4936/1/4936 4935/1/4935
f 4934/1/4934 4935/1/4935 4938/1/4938 4937/1/4937
f 4935/1/4935 4936/1/4936 4939/1/4939 4938/1/4938
f 139/1/139 1482/1/1482 4931/1/4931 1590/1/1590
f 1482/1/1482 1481/1/1481 4932/1/4932 4931/1/4931
f 1481/1/1481 1480/1/1480 4933/1/4933 4932/1/4932
f 1480/1/1480 140/1/140 1591/1/1591 4933/1/4933
f 4933/1/4933 1591/1/1591 1592/1/1592 4936/1/4936
f 4936/1/4936 1592/1/1592 1593/1/1593 4939/1/4939
f 4939/1/4939 1593/1/1593 164/1/164 1290/1/1290
f 4938/1/4938 4939/1/4939 1290/1/1290 1289/1/1289
f 4937/1/4937 4938/1/4938 1289/1/1289 1288/1/1288
f 1588/1/1588 4937/1/4937 1288/1/1288 177/1/177
f 1589/1/1589 4934/1/4934 4937/1/4937 1588/1/1588
f 1590/1/1590 4931/1/4931 4934/1/4934 1589/1/1589
f 4940/1/4940 4941/1/4941 4944/1/4944 4943/1/4943
f 4941/1/4941 4942/1/4942 4945/1/4945 4944/1/4944
f 4943/1/4943 4944/1/4944 4947/1/4947 4946/1/4946
f 4944/1/4944 4945/1/4945 4948/1/4948 4947/1/4947
f 165/1/165 1594/1/1594 4940/1/4940 1291/1/1291
f 1594/1/1594 1595/1/1595 4941/1/4941 4940/1/4940
f 1595/1/1595 1596/1/1596 4942/1/4942 4941/1/4941
f 1596/1/1596 141/1/141 1497/1/1497 4942/1/4942
f 4942/1/4942 1497/1/1497 1496/1/1496 4945/1/4945
f 4945/1/4945 1496/1/1496 1495/1/1495 4948/1/4948
f 4948/1/4948 1495/1/1495 139/1/139 1590/1/1590
f 4947/1/4947 4948/1/4948 1590/1/1590 1589/1/1589
f 4946/1/4946 4947/1/4947 1589/1/1589 1588/1/1588
f 1293/1/1293 4946/1/4946 1588/1/1588 177/1/177
f 1292/1/1292 4943/1/4943 4946/1/4946 1293/1/1293
f 1291/1/1291 4940/1/4940 4943/1/4943 1292/1/1292
f 4949/1/4949 4950/1/4950 4953/1/4953 4952/1/4952
f 4950/1/4950 4951/1/4951 4954/1/4954 4953/1/4953
f 4952/1/4952 4953/1/4953 4956/1/4956 4955/1/4955
f 4953/1/4953 4954/1/4954 4957/1/4957 4956/1/4956
f 140/1/140 1464/1/1464 4949/1/4949 1591/1/1591
f 1464/1/1464 1463/1/1463 4950/1/4950 4949/1/4949
f 1463/1/1463 1462/1/1462 4951/1/4951 4950/1/4950
f 1462/1/1462 142/1/142 1597/1/1597 4951/1/4951
f 4951/1/4951 1597/1/1597 1598/1/1598 4954/1/4954
f 4954/1/4954 1598/1/1598 1599/1/1599 4957/1/4957
f 4957/1/4957 1599/1/1599 211/1/211 1600/1/1600
f 4956/1/4956 4957/1/4957 1600/1/1600 1601/1/1601
f 4955/1/4955 4956/1/4956 1601/1/1601 1602/1/1602
f 1593/1/1593 4955/1/4955 1602/1/1602 164/1/164
f 1592/1/1592 4952/1/4952 4955/1/4955 1593/1/1593
f 1591/1/1591 4949/1/4949 4952/1/4952 1592/1/1592
f 4958/1/4958 4959/1/4959 4962/1/4962 4961/1/4961
f 4959/1/4959 4960/1/4960 4963/1/4963 4962/1/4962
f 4961/1/4961 4962/1/4962 4965/1/4965 4964/1/4964
f 4962/1/4962 4963/1/4963 4966/1/4966 4965/1/4965
f 212/1/212 1606/1/1606 4958/1/4958 1605/1/1605
f 1606/1/1606 1607/1/1607 4959/1/4959 4958/1/4958
f 1607/1/1607 1608/1/1608 4960/1/4960 4959/1/4959
f 1608/1/1608 143/1/143 1479/1/1479 4960/1/4960
f 4960/1/4960 1479/1/1479 1478/1/1478 4963/1/4963
f 4963/1/4963 1478/1/1478 1477/1/1477 4966/1/4966
f 4966/1/4966 1477/1/1477 141/1/141 1596/1/1596
f 4965/1/4965 4966/1/4966 1596/1/1596 1595/1/1595
f 4964/1/4964 4965/1/4965 1595/1/1595 1594/1/1594
f 1603/1/1603 4964/1/4964 1594/1/1594 165/1/165
f 1604/1/1604 4961/1/4961 4964/1/4964 1603/1/1603
f 1605/1/1605 4958/1/4958 4961/1/4961 1604/1/1604
f 4967/1/4967 4968/1/4968 4971/1/4971 4970/1/4970
f 4968/1/4968 4969/1/4969 4972/1/4972 4971/1/4971
f 4970/1/4970 4971/1/4971 4974/1/4974 4973/1/4973
f 4971/1/4971 4972/1/4972 4975/1/4975 4974/1/4974
f 142/1/142 1440/1/1440 4967/1/4967 1597/1/1597
f 1440/1/1440 1439/1/1439 4968/1/4968 4967/1/4967
f 1439/1/1439 1438/1/1438 4969/1/4969 4968/1/4968
f 1438/1/1438 144/1/144 1609/1/1609 4969/1/4969
f 4969/1/4969 1609/1/1609 1610/1/1610 4972/1/4972
f 4972/1/4972 1610/1/1610 1611/1/1611 4975/1/4975
f 4975/1/4975 1611/1/1611 213/1/213 1612/1/1612
f 4974/1/4974 4975/1/4975 1612/1/1612 1613/1/1613
f 4973/1/4973 4974/1/4974 1613/1/1613 1614/1/1614
f 1599/1/1599 4973/1/4973 1614/1/1614 211/1/211
f 1598/1/1598 4970/1/4970 4973/1/4973 1599/1/1599
f 1597/1/1597 4967/1/4967 4970/1/4970 1598/1/1598
f 4976/1/4976 4977/1/4977 4980/1/4980 4979/1/4979
f 4977/1/4977 4978/1/4978 4981/1/4981 4980/1/4980
f 4979/1/4979 4980/1/4980 4983/1/4983 4982/1/4982
f 4980/1/4980 4981/1/4981 4984/1/4984 4983/1/4983
f 214/1/214 1618/1/1618 4976/1/4976 1617/1/1617
f 1618/1/1618 1619/1/1619 4977/1/4977 4976/1/4976
f 1619/1/1619 1620/1/1620 4978/1/4978 4977/1/4977
f 1620/1/1620 145/1/145 1461/1/1461 4978/1/4978
f 4978/1/4978 1461/1/1461 1460/1/1460 4981/1/4981
f 4981/1/4981 1460/1/1460 1459/1/1459 4984/1/4984
f 4984/1/4984 1459/1/1459 143/1/143 1608/1/1608
f 4983/1/4983 4984/1/4984 1608/1/1608 1607/1/1607
f 4982/1/4982 4983/1/4983 1607/1/1607 1606/1/1606
f 1615/1/1615 4982/1/4982 1606/1/1606 212/1/212
f 1616/1/1616 4979/1/4979 4982/1/4982 1615/1/1615
f 1617/1/1617 4976/1/4976 4979/1/4979 1616/1/1616
f 4985/1/4985 4986/1/4986 4989/1/4989 4988/1/4988
f 4986/1/4986 4987/1/4987 4990/1/4990 4989/1/4989
f 4988/1/4988 4989/1/4989 4992/1/4992 4991/1/4991
f 4989/1/4989 4990/1/4990 4993/1/4993 4992/1/4992
f 144/1/144 1401/1/1401 4985/1/4985 1609/1/1609
f 1401/1/1401 1400/1/1400 4986/1/4986 4985/1/4985
f 1400/1/1400 1399/1/1399 4987/1/4987 4986/1/4986
f 1399/1/1399 187/1/187 1377/1/1377 4987/1/4987
f 4987/1/4987 1377/1/1377 1376/1/1376 4990/1/4990
f 4990/1/4990 1376/1/1376 1375/1/1375 4993/1/4993
f 4993/1/4993 1375/1/1375 166/1/166 1621/1/1621
f 4992/1/4992 4993/1/4993 1621/1/1621 1622/1/1622
f 4991/1/4991 4992/1/4992 1622/1/1622 1623/1/1623
f 1611/1/1611 4991/1/4991 1623/1/1623 213/1/213
f 1610/1/1610 4988/1/4988 4991/1/4991 1611/1/1611
f 1609/1/1609 4985/1/4985 4988/1/4988 1610/1/1610
f 4994/1/4994 4995/1/4995 4998/1/4998 4997/1/4997
f 4995/1/4995 4996/1/4996 4999/1/4999 4998/1/4998
f 4997/1/4997 4998/1/4998 5001/1/5001 5000/1/5000
f 4998/1/4998 4999/1/4999 5002/1/5002 5001/1/5001
f 167/1/167 1392/1/1392 4994/1/4994 1626/1/1626
f 1392/1/1392 1391/1/1391 4995/1/4995 4994/1/4994
f 1391/1/1391 1390/1/1390 4996/1/4996 4995/1/4995
f 1390/1/1390 188/1/188 1419/1/1419 4996/1/4996
f 4996/1/4996 1419/1/1419 1418/1/1418 4999/1/4999
f 4999/1/4999 1418/1/1418 1417/1/1417 5002/1/5002
f 5002/1/5002 1417/1/1417 145/1/145 1620/1/1620
f 5001/1/5001 5002/1/5002 1620/1/1620 1619/1/1619
f 5000/1/5000 5001/1/5001 1619/1/1619 1618/1/1618
f 1624/1/1624 5000/1/5000 1618/1/1618 214/1/214
f 1625/1/1625 4997/1/4997 5000/1/5000 1624/1/1624
f 1626/1/1626 4994/1/4994 4997/1/4997 1625/1/1625
f 5003/1/5003 5004/1/5004 5007/1/5007 5006/1/5006
f 5004/1/5004 5005/1/5005 5008/1/5008 5007/1/5007
f 5006/1/5006 5007/1/5007 5010/1/5010 5009/1/5009
f 5007/1/5007 5008/1/5008 5011/1/5011 5010/1/5010
f 81/1/81 1627/1/1627 5003/1/5003 970/1/970
f 1627/1/1627 1628/1/1628 5004/1/5004 5003/1/5003
f 1628/1/1628 1629/1/1629 5005/1/5005 5004/1/5004
f 1629/1/1629 209/1/209 1630/1/1630 5005/1/5005
f 5005/1/5005 1630/1/1630 1631/1/1631 5008/1/5008
f 5008/1/5008 1631/1/1631 1632/1/1632 5011/1/5011
f 5011/1/5011 1632/1/1632 213/1/213 1623/1/1623
f 5010/1/5010 5011/1/5011 1623/1/1623 1622/1/1622
f 5009/1/5009 5010/1/5010 1622/1/1622 1621/1/1621
f 972/1/972 5009/1/5009 1621/1/1621 166/1/166
f 971/1/971 5006/1/5006 5009/1/5009 972/1/972
f 970/1/970 5003/1/5003 5006/1/5006 971/1/971
f 5012/1/5012 5013/1/5013 5016/1/5016 5015/1/5015
f 5013/1/5013 5014/1/5014 5017/1/5017 5016/1/5016
f 5015/1/5015 5016/1/5016 5019/1/5019 5018/1/5018
f 5016/1/5016 5017/1/5017 5020/1/5020 5019/1/5019
f 214/1/214 1633/1/1633 5012/1/5012 1624/1/1624
f 1633/1/1633 1634/1/1634 5013/1/5013 5012/1/5012
f 1634/1/1634 1635/1/1635 5014/1/5014 5013/1/5013
f 1635/1/1635 210/1/210 1636/1/1636 5014/1/5014
f 5014/1/5014 1636/1/1636 1637/1/1637 5017/1/5017
f 5017/1/5017 1637/1/1637 1638/1/1638 5020/1/5020
f 5020/1/5020 1638/1/1638 82/1/82 981/1/981
f 5019/1/5019 5020/1/5020 981/1/981 980/1/980
f 5018/1/5018 5019/1/5019 980/1/980 979/1/979
f 1626/1/1626 5018/1/5018 979/1/979 167/1/167
f 1625/1/1625 5015/1/5015 5018/1/5018 1626/1/1626
f 1624/1/1624 5012/1/5012 5015/1/5015 1625/1/1625
f 5021/1/5021 5022/1/5022 5025/1/5025 5024/1/5024
f 5022/1/5022 5023/1/5023 5026/1/5026 5025/1/5025
f 5024/1/5024 5025/1/5025 5028/1/5028 5027/1/5027
f 5025/1/5025 5026/1/5026 5029/1/5029 5028/1/5028
f 209/1/209 1639/1/1639 5021/1/5021 1630/1/1630
f 1639/1/1639 1640/1/1640 5022/1/5022 5021/1/5021
f 1640/1/1640 1641/1/1641 5023/1/5023 5022/1/5022
f 1641/1/1641 215/1/215 1642/1/1642 5023/1/5023
f 5023/1/5023 1642/1/1642 1643/1/1643 5026/1/5026
f 5026/1/5026 1643/1/1643 1644/1/1644 5029/1/5029
f 5029/1/5029 1644/1/1644 211/1/211 1614/1/1614
f 5028/1/5028 5029/1/5029 1614/1/1614 1613/1/1613
f 5027/1/5027 5028/1/5028 1613/1/1613 1612/1/1612
f 1632/1/1632 5027/1/5027 1612/1/1612 213/1/213
f 1631/1/1631 5024/1/5024 5027/1/5027 1632/1/1632
f 1630/1/1630 5021/1/5021 5024/1/5024 1631/1/1631
f 5030/1/5030 5031/1/5031 5034/1/5034 5033/1/5033
f 5031/1/5031 5032/1/5032 5035/1/5035 5034/1/5034
f 5033/1/5033 5034/1/5034 5037/1/5037 5036/1/5036
f 5034/1/5034 5035/1/5035 5038/1/5038 5037/1/5037
f 212/1/212 1645/1/1645 5030/1/5030 1615/1/1615
f 1645/1/1645 1646/1/1646 5031/1/5031 5030/1/5030
f 1646/1/1646 1647/1/1647 5032/1/5032 5031/1/5031
f 1647/1/1647 216/1/216 1648/1/1648 5032/1/5032
f 5032/1/5032 1648/1/1648 1649/1/1649 5035/1/5035
f 5035/1/5035 1649/1/1649 1650/1/1650 5038/1/5038
f 5038/1/5038 1650/1/1650 210/1/210 1635/1/1635
f 5037/1/5037 5038/1/5038 1635/1/1635 1634/1/1634
f 5036/1/5036 5037/1/5037 1634/1/1634 1633/1/1633
f 1617/1/1617 5036/1/5036 1633/1/1633 214/1/214
f 1616/1/1616 5033/1/5033 5036/1/5036 1617/1/1617
f 1615/1/1615 5030/1/5030 5033/1/5033 1616/1/1616
f 5039/1/5039 5040/1/5040 5043/1/5043 5042/1/5042
f 5040/1/5040 5041/1/5041 5044/1/5044 5043/1/5043
f 5042/1/5042 5043/1/5043 5046/1/5046 5045/1/5045
f 5043/1/5043 5044/1/5044 5047/1/5047 5046/1/5046
f 79/1/79 987/1/987 5039/1/5039 1653/1/1653
f 987/1/987 986/1/986 5040/1/5040 5039/1/5039
f 986/1/986 985/1/985 5041/1/5041 5040/1/5040
f 985/1/985 164/1/164 1602/1/1602 5041/1/5041
f 5041/1/5041 1602/1/1602 1601/1/1601 5044/1/5044
f 5044/1/5044 1601/1/1601 1600/1/1600 5047/1/5047
f 5047/1/5047 1600/1/1600 211/1/211 1644/1/1644
f 5046/1/5046 5047/1/5047 1644/1/1644 1643/1/1643
f 5045/1/5045 5046/1/5046 1643/1/1643 1642/1/1642
f 1651/1/1651 5045/1/5045 1642/1/1642 215/1/215
f 1652/1/1652 5042/1/5042 5045/1/5045 1651/1/1651
f 1653/1/1653 5039/1/5039 5042/1/5042 1652/1/1652
f 5048/1/5048 5049/1/5049 5052/1/5052 5051/1/5051
f 5049/1/5049 5050/1/5050 5053/1/5053 5052/1/5052
f 5051/1/5051 5052/1/5052 5055/1/5055 5054/1/5054
f 5052/1/5052 5053/1/5053 5056/1/5056 5055/1/5055
f 212/1/212 1605/1/1605 5048/1/5048 1645/1/1645
f 1605/1/1605 1604/1/1604 5049/1/5049 5048/1/5048
f 1604/1/1604 1603/1/1603 5050/1/5050 5049/1/5049
f 1603/1/1603 165/1/165 1008/1/1008 5050/1/5050
f 5050/1/5050 1008/1/1008 1007/1/1007 5053/1/5053
f 5053/1/5053 1007/1/1007 1006/1/1006 5056/1/5056
f 5056/1/5056 1006/1/1006 80/1/80 1654/1/1654
f 5055/1/5055 5056/1/5056 1654/1/1654 1655/1/1655
f 5054/1/5054 5055/1/5055 1655/1/1655 1656/1/1656
f 1647/1/1647 5054/1/5054 1656/1/1656 216/1/216
f 1646/1/1646 5051/1/5051 5054/1/5054 1647/1/1647
f 1645/1/1645 5048/1/5048 5051/1/5051 1646/1/1646
f 5057/1/5057 5058/1/5058 5061/1/5061 5060/1/5060
f 5058/1/5058 5059/1/5059 5062/1/5062 5061/1/5061
f 5060/1/5060 5061/1/5061 5064/1/5064 5063/1/5063
f 5061/1/5061 5062/1/5062 5065/1/5065 5064/1/5064
f 131/1/131 1434/1/1434 5057/1/5057 1659/1/1659
f 1434/1/1434 1433/1/1433 5058/1/5058 5057/1/5057
f 1433/1/1433 1432/1/1432 5059/1/5059 5058/1/5058
f 1432/1/1432 130/1/130 1660/1/1660 5059/1/5059
f 5059/1/5059 1660/1/1660 1661/1/1661 5062/1/5062
f 5062/1/5062 1661/1/1661 1662/1/1662 5065/1/5065
f 5065/1/5065 1662/1/1662 72/1/72 1663/1/1663
f 5064/1/5064 5065/1/5065 1663/1/1663 1664/1/1664
f 5063/1/5063 5064/1/5064 1664/1/1664 1665/1/1665
f 1657/1/1657 5063/1/5063 1665/1/1665 222/1/222
f 1658/1/1658 5060/1/5060 5063/1/5063 1657/1/1657
f 1659/1/1659 5057/1/5057 5060/1/5060 1658/1/1658
f 5066/1/5066 5067/1/5067 5070/1/5070 5069/1/5069
f 5067/1/5067 5068/1/5068 5071/1/5071 5070/1/5070
f 5069/1/5069 5070/1/5070 5073/1/5073 5072/1/5072
f 5070/1/5070 5071/1/5071 5074/1/5074 5073/1/5073
f 72/1/72 1662/1/1662 5066/1/5066 1668/1/1668
f 1662/1/1662 1661/1/1661 5067/1/5067 5066/1/5066
f 1661/1/1661 1660/1/1660 5068/1/5068 5067/1/5067
f 1660/1/1660 130/1/130 1437/1/1437 5068/1/5068
f 5068/1/5068 1437/1/1437 1436/1/1436 5071/1/5071
f 5071/1/5071 1436/1/1436 1435/1/1435 5074/1/5074
f 5074/1/5074 1435/1/1435 132/1/132 1669/1/1669
f 5073/1/5073 5074/1/5074 1669/1/1669 1670/1/1670
f 5072/1/5072 5073/1/5073 1670/1/1670 1671/1/1671
f 1666/1/1666 5072/1/5072 1671/1/1671 223/1/223
f 1667/1/1667 5069/1/5069 5072/1/5072 1666/1/1666
f 1668/1/1668 5066/1/5066 5069/1/5069 1667/1/1667
f 5075/1/5075 5076/1/5076 5079/1/5079 5078/1/5078
f 5076/1/5076 5077/1/5077 5080/1/5080 5079/1/5079
f 5078/1/5078 5079/1/5079 5082/1/5082 5081/1/5081
f 5079/1/5079 5080/1/5080 5083/1/5083 5082/1/5082
f 133/1/133 1368/1/1368 5075/1/5075 1674/1/1674
f 1368/1/1368 1367/1/1367 5076/1/5076 5075/1/5075
f 1367/1/1367 1366/1/1366 5077/1/5077 5076/1/5076
f 1366/1/1366 131/1/131 1659/1/1659 5077/1/5077
f 5077/1/5077 1659/1/1659 1658/1/1658 5080/1/5080
f 5080/1/5080 1658/1/1658 1657/1/1657 5083/1/5083
f 5083/1/5083 1657/1/1657 222/1/222 1675/1/1675
f 5082/1/5082 5083/1/5083 1675/1/1675 1676/1/1676
f 5081/1/5081 5082/1/5082 1676/1/1676 1677/1/1677
f 1672/1/1672 5081/1/5081 1677/1/1677 220/1/220
f 1673/1/1673 5078/1/5078 5081/1/5081 1672/1/1672
f 1674/1/1674 5075/1/5075 5078/1/5078 1673/1/1673
f 5084/1/5084 5085/1/5085 5088/1/5088 5087/1/5087
f 5085/1/5085 5086/1/5086 5089/1/5089 5088/1/5088
f 5087/1/5087 5088/1/5088 5091/1/5091 5090/1/5090
f 5088/1/5088 5089/1/5089 5092/1/5092 5091/1/5091
f 223/1/223 1671/1/1671 5084/1/5084 1680/1/1680
f 1671/1/1671 1670/1/1670 5085/1/5085 5084/1/5084
f 1670/1/1670 1669/1/1669 5086/1/5086 5085/1/5085
f 1669/1/1669 132/1/132 1371/1/1371 5086/1/5086
f 5086/1/5086 1371/1/1371 1370/1/1370 5089/1/5089
f 5089/1/5089 1370/1/1370 1369/1/1369 5092/1/5092
f 5092/1/5092 1369/1/1369 134/1/134 1681/1/1681
f 5091/1/5091 5092/1/5092 1681/1/1681 1682/1/1682
f 5090/1/5090 5091/1/5091 1682/1/1682 1683/1/1683
f 1678/1/1678 5090/1/5090 1683/1/1683 221/1/221
f 1679/1/1679 5087/1/5087 5090/1/5090 1678/1/1678
f 1680/1/1680 5084/1/5084 5087/1/5087 1679/1/1679
f 5093/1/5093 5094/1/5094 5097/1/5097 5096/1/5096
f 5094/1/5094 5095/1/5095 5098/1/5098 5097/1/5097
f 5096/1/5096 5097/1/5097 5100/1/5100 5099/1/5099
f 5097/1/5097 5098/1/5098 5101/1/5101 5100/1/5100
f 135/1/135 1356/1/1356 5093/1/5093 1686/1/1686
f 1356/1/1356 1355/1/1355 5094/1/5094 5093/1/5093
f 1355/1/1355 1354/1/1354 5095/1/5095 5094/1/5094
f 1354/1/1354 133/1/133 1674/1/1674 5095/1/5095
f 5095/1/5095 1674/1/1674 1673/1/1673 5098/1/5098
f 5098/1/5098 1673/1/1673 1672/1/1672 5101/1/5101
f 5101/1/5101 1672/1/1672 220/1/220 1687/1/1687
f 5100/1/5100 5101/1/5101 1687/1/1687 1688/1/1688
f 5099/1/5099 5100/1/5100 1688/1/1688 1689/1/1689
f 1684/1/1684 5099/1/5099 1689/1/1689 218/1/218
f 1685/1/1685 5096/1/5096 5099/1/5099 1684/1/1684
f 1686/1/1686 5093/1/5093 5096/1/5096 1685/1/1685
f 5102/1/5102 5103/1/5103 5106/1/5106 5105/1/5105
f 5103/1/5103 5104/1/5104 5107/1/5107 5106/1/5106
f 5105/1/5105 5106/1/5106 5109/1/5109 5108/1/5108
f 5106/1/5106 5107/1/5107 5110/1/5110 5109/1/5109
f 221/1/221 1683/1/1683 5102/1/5102 1692/1/1692
f 1683/1/1683 1682/1/1682 5103/1/5103 5102/1/5102
f 1682/1/1682 1681/1/1681 5104/1/5104 5103/1/5103
f 1681/1/1681 134/1/134 1359/1/1359 5104/1/5104
f 5104/1/5104 1359/1/1359 1358/1/1358 5107/1/5107
f 5107/1/5107 1358/1/1358 1357/1/1357 5110/1/5110
f 5110/1/5110 1357/1/1357 136/1/136 1693/1/1693
f 5109/1/5109 5110/1/5110 1693/1/1693 1694/1/1694
f 5108/1/5108 5109/1/5109 1694/1/1694 1695/1/1695
f 1690/1/1690 5108/1/5108 1695/1/1695 219/1/219
f 1691/1/1691 5105/1/5105 5108/1/5108 1690/1/1690
f 1692/1/1692 5102/1/5102 5105/1/5105 1691/1/1691
f 5111/1/5111 5112/1/5112 5115/1/5115 5114/1/5114
f 5112/1/5112 5113/1/5113 5116/1/5116 5115/1/5115
f 5114/1/5114 5115/1/5115 5118/1/5118 5117/1/5117
f 5115/1/5115 5116/1/5116 5119/1/5119 5118/1/5118
f 137/1/137 1341/1/1341 5111/1/5111 1698/1/1698
f 1341/1/1341 1340/1/1340 5112/1/5112 5111/1/5111
f 1340/1/1340 1339/1/1339 5113/1/5113 5112/1/5112
f 1339/1/1339 135/1/135 1686/1/1686 5113/1/5113
f 5113/1/5113 1686/1/1686 1685/1/1685 5116/1/5116
f 5116/1/5116 1685/1/1685 1684/1/1684 5119/1/5119
f 5119/1/5119 1684/1/1684 218/1/218 1699/1/1699
f 5118/1/5118 5119/1/5119 1699/1/1699 1700/1/1700
f 5117/1/5117 5118/1/5118 1700/1/1700 1701/1/1701
f 1696/1/1696 5117/1/5117 1701/1/1701 217/1/217
f 1697/1/1697 5114/1/5114 5117/1/5117 1696/1/1696
f 1698/1/1698 5111/1/5111 5114/1/5114 1697/1/1697
f 5120/1/5120 5121/1/5121 5124/1/5124 5123/1/5123
f 5121/1/5121 5122/1/5122 5125/1/5125 5124/1/5124
f 5123/1/5123 5124/1/5124 5127/1/5127 5126/1/5126
f 5124/1/5124 5125/1/5125 5128/1/5128 5127/1/5127
f 219/1/219 1695/1/1695 5120/1/5120 1704/1/1704
f 1695/1/1695 1694/1/1694 5121/1/5121 5120/1/5120
f 1694/1/1694 1693/1/1693 5122/1/5122 5121/1/5121
f 1693/1/1693 136/1/136 1347/1/1347 5122/1/5122
f 5122/1/5122 1347/1/1347 1346/1/1346 5125/1/5125
f 5125/1/5125 1346/1/1346 1345/1/1345 5128/1/5128
f 5128/1/5128 1345/1/1345 137/1/137 1698/1/1698
f 5127/1/5127 5128/1/5128 1698/1/1698 1697/1/1697
f 5126/1/5126 5127/1/5127 1697/1/1697 1696/1/1696
f 1702/1/1702 5126/1/5126 1696/1/1696 217/1/217
f 1703/1/1703 5123/1/5123 5126/1/5126 1702/1/1702
f 1704/1/1704 5120/1/5120 5123/1/5123 1703/1/1703
f 5129/1/5129 5130/1/5130 5133/1/5133 5132/1/5132
f 5130/1/5130 5131/1/5131 5134/1/5134 5133/1/5133
f 5132/1/5132 5133/1/5133 5136/1/5136 5135/1/5135
f 5133/1/5133 5134/1/5134 5137/1/5137 5136/1/5136
f 217/1/217 1701/1/1701 5129/1/5129 1707/1/1707
f 1701/1/1701 1700/1/1700 5130/1/5130 5129/1/5129
f 1700/1/1700 1699/1/1699 5131/1/5131 5130/1/5130
f 1699/1/1699 218/1/218 1708/1/1708 5131/1/5131
f 5131/1/5131 1708/1/1708 1709/1/1709 5134/1/5134
f 5134/1/5134 1709/1/1709 1710/1/1710 5137/1/5137
f 5137/1/5137 1710/1/1710 229/1/229 1711/1/1711
f 5136/1/5136 5137/1/5137 1711/1/1711 1712/1/1712
f 5135/1/5135 5136/1/5136 1712/1/1712 1713/1/1713
f 1705/1/1705 5135/1/5135 1713/1/1713 231/1/231
f 1706/1/1706 5132/1/5132 5135/1/5135 1705/1/1705
f 1707/1/1707 5129/1/5129 5132/1/5132 1706/1/1706
f 5138/1/5138 5139/1/5139 5142/1/5142 5141/1/5141
f 5139/1/5139 5140/1/5140 5143/1/5143 5142/1/5142
f 5141/1/5141 5142/1/5142 5145/1/5145 5144/1/5144
f 5142/1/5142 5143/1/5143 5146/1/5146 5145/1/5145
f 230/1/230 1717/1/1717 5138/1/5138 1716/1/1716
f 1717/1/1717 1718/1/1718 5139/1/5139 5138/1/5138
f 1718/1/1718 1719/1/1719 5140/1/5140 5139/1/5139
f 1719/1/1719 219/1/219 1704/1/1704 5140/1/5140
f 5140/1/5140 1704/1/1704 1703/1/1703 5143/1/5143
f 5143/1/5143 1703/1/1703 1702/1/1702 5146/1/5146
f 5146/1/5146 1702/1/1702 217/1/217 1707/1/1707
f 5145/1/5145 5146/1/5146 1707/1/1707 1706/1/1706
f 5144/1/5144 5145/1/5145 1706/1/1706 1705/1/1705
f 1714/1/1714 5144/1/5144 1705/1/1705 231/1/231
f 1715/1/1715 5141/1/5141 5144/1/5144 1714/1/1714
f 1716/1/1716 5138/1/5138 5141/1/5141 1715/1/1715
f 5147/1/5147 5148/1/5148 5151/1/5151 5150/1/5150
f 5148/1/5148 5149/1/5149 5152/1/5152 5151/1/5151
f 5150/1/5150 5151/1/5151 5154/1/5154 5153/1/5153
f 5151/1/5151 5152/1/5152 5155/1/5155 5154/1/5154
f 218/1/218 1689/1/1689 5147/1/5147 1708/1/1708
f 1689/1/1689 1688/1/1688 5148/1/5148 5147/1/5147
f 1688/1/1688 1687/1/1687 5149/1/5149 5148/1/5148
f 1687/1/1687 220/1/220 1720/1/1720 5149/1/5149
f 5149/1/5149 1720/1/1720 1721/1/1721 5152/1/5152
f 5152/1/5152 1721/1/1721 1722/1/1722 5155/1/5155
f 5155/1/5155 1722/1/1722 227/1/227 1723/1/1723
f 5154/1/5154 5155/1/5155 1723/1/1723 1724/1/1724
f 5153/1/5153 5154/1/5154 1724/1/1724 1725/1/1725
f 1710/1/1710 5153/1/5153 1725/1/1725 229/1/229
f 1709/1/1709 5150/1/5150 5153/1/5153 1710/1/1710
f 1708/1/1708 5147/1/5147 5150/1/5150 1709/1/1709
f 5156/1/5156 5157/1/5157 5160/1/5160 5159/1/5159
f 5157/1/5157 5158/1/5158 5161/1/5161 5160/1/5160
f 5159/1/5159 5160/1/5160 5163/1/5163 5162/1/5162
f 5160/1/5160 5161/1/5161 5164/1/5164 5163/1/5163
f 228/1/228 1729/1/1729 5156/1/5156 1728/1/1728
f 1729/1/1729 1730/1/1730 5157/1/5157 5156/1/5156
f 1730/1/1730 1731/1/1731 5158/1/5158 5157/1/5157
f 1731/1/1731 221/1/221 1692/1/1692 5158/1/5158
f 5158/1/5158 1692/1/1692 1691/1/1691 5161/1/5161
f 5161/1/5161 1691/1/1691 1690/1/1690 5164/1/5164
f 5164/1/5164 1690/1/1690 219/1/219 1719/1/1719
f 5163/1/5163 5164/1/5164 1719/1/1719 1718/1/1718
f 5162/1/5162 5163/1/5163 1718/1/1718 1717/1/1717
f 1726/1/1726 5162/1/5162 1717/1/1717 230/1/230
f 1727/1/1727 5159/1/5159 5162/1/5162 1726/1/1726
f 1728/1/1728 5156/1/5156 5159/1/5159 1727/1/1727
f 5165/1/5165 5166/1/5166 5169/1/5169 5168/1/5168
f 5166/1/5166 5167/1/5167 5170/1/5170 5169/1/5169
f 5168/1/5168 5169/1/5169 5172/1/5172 5171/1/5171
f 5169/1/5169 5170/1/5170 5173/1/5173 5172/1/5172
f 220/1/220 1677/1/1677 5165/1/5165 1720/1/1720
f 1677/1/1677 1676/1/1676 5166/1/5166 5165/1/5165
f 1676/1/1676 1675/1/1675 5167/1/5167 5166/1/5166
f 1675/1/1675 222/1/222 1732/1/1732 5167/1/5167
f 5167/1/5167 1732/1/1732 1733/1/1733 5170/1/5170
f 5170/1/5170 1733/1/1733 1734/1/1734 5173/1/5173
f 5173/1/5173 1734/1/1734 225/1/225 1735/1/1735
f 5172/1/5172 5173/1/5173 1735/1/1735 1736/1/1736
f 5171/1/5171 5172/1/5172 1736/1/1736 1737/1/1737
f 1722/1/1722 5171/1/5171 1737/1/1737 227/1/227
f 1721/1/1721 5168/1/5168 5171/1/5171 1722/1/1722
f 1720/1/1720 5165/1/5165 5168/1/5168 1721/1/1721
f 5174/1/5174 5175/1/5175 5178/1/5178 5177/1/5177
f 5175/1/5175 5176/1/5176 5179/1/5179 5178/1/5178
f 5177/1/5177 5178/1/5178 5181/1/5181 5180/1/5180
f 5178/1/5178 5179/1/5179 5182/1/5182 5181/1/5181
f 226/1/226 1741/1/1741 5174/1/5174 1740/1/1740
f 1741/1/1741 1742/1/1742 5175/1/5175 5174/1/5174
f 1742/1/1742 1743/1/1743 5176/1/5176 5175/1/5175
f 1743/1/1743 223/1/223 1680/1/1680 5176/1/5176
f 5176/1/5176 1680/1/1680 1679/1/1679 5179/1/5179
f 5179/1/5179 1679/1/1679 1678/1/1678 5182/1/5182
f 5182/1/5182 1678/1/1678 221/1/221 1731/1/1731
f 5181/1/5181 5182/1/5182 1731/1/1731 1730/1/1730
f 5180/1/5180 5181/1/5181 1730/1/1730 1729/1/1729
f 1738/1/1738 5180/1/5180 1729/1/1729 228/1/228
f 1739/1/1739 5177/1/5177 5180/1/5180 1738/1/1738
f 1740/1/1740 5174/1/5174 5177/1/5177 1739/1/1739
f 5183/1/5183 5184/1/5184 5187/1/5187 5186/1/5186
f 5184/1/5184 5185/1/5185 5188/1/5188 5187/1/5187
f 5186/1/5186 5187/1/5187 5190/1/5190 5189/1/5189
f 5187/1/5187 5188/1/5188 5191/1/5191 5190/1/5190
f 222/1/222 1665/1/1665 5183/1/5183 1732/1/1732
f 1665/1/1665 1664/1/1664 5184/1/5184 5183/1/5183
f 1664/1/1664 1663/1/1663 5185/1/5185 5184/1/5184
f 1663/1/1663 72/1/72 1744/1/1744 5185/1/5185
f 5185/1/5185 1744/1/1744 1745/1/1745 5188/1/5188
f 5188/1/5188 1745/1/1745 1746/1/1746 5191/1/5191
f 5191/1/5191 1746/1/1746 224/1/224 1747/1/1747
f 5190/1/5190 5191/1/5191 1747/1/1747 1748/1/1748
f 5189/1/5189 5190/1/5190 1748/1/1748 1749/1/1749
f 1734/1/1734 5189/1/5189 1749/1/1749 225/1/225
f 1733/1/1733 5186/1/5186 5189/1/5189 1734/1/1734
f 1732/1/1732 5183/1/5183 5186/1/5186 1733/1/1733
f 5192/1/5192 5193/1/5193 5196/1/5196 5195/1/5195
f 5193/1/5193 5194/1/5194 5197/1/5197 5196/1/5196
f 5195/1/5195 5196/1/5196 5199/1/5199 5198/1/5198
f 5196/1/5196 5197/1/5197 5200/1/5200 5199/1/5199
f 224/1/224 1746/1/1746 5192/1/5192 1752/1/1752
f 1746/1/1746 1745/1/1745 5193/1/5193 5192/1/5192
f 1745/1/1745 1744/1/1744 5194/1/5194 5193/1/5193
f 1744/1/1744 72/1/72 1668/1/1668 5194/1/5194
f 5194/1/5194 1668/1/1668 1667/1/1667 5197/1/5197
f 5197/1/5197 1667/1/1667 1666/1/1666 5200/1/5200
f 5200/1/5200 1666/1/1666 223/1/223 1743/1/1743
f 5199/1/5199 5200/1/5200 1743/1/1743 1742/1/1742
f 5198/1/5198 5199/1/5199 1742/1/1742 1741/1/1741
f 1750/1/1750 5198/1/5198 1741/1/1741 226/1/226
f 1751/1/1751 5195/1/5195 5198/1/5198 1750/1/1750
f 1752/1/1752 5192/1/5192 5195/1/5195 1751/1/1751
f 5201/1/5201 5202/1/5202 5205/1/5205 5204/1/5204
f 5202/1/5202 5203/1/5203 5206/1/5206 5205/1/5205
f 5204/1/5204 5205/1/5205 5208/1/5208 5207/1/5207
f 5205/1/5205 5206/1/5206 5209/1/5209 5208/1/5208
f 224/1/224 1753/1/1753 5201/1/5201 1747/1/1747
f 1753/1/1753 1754/1/1754 5202/1/5202 5201/1/5201
f 1754/1/1754 1755/1/1755 5203/1/5203 5202/1/5202
f 1755/1/1755 231/1/231 1713/1/1713 5203/1/5203
f 5203/1/5203 1713/1/1713 1712/1/1712 5206/1/5206
f 5206/1/5206 1712/1/1712 1711/1/1711 5209/1/5209
f 5209/1/5209 1711/1/1711 229/1/229 1756/1/1756
f 5208/1/5208 5209/1/5209 1756/1/1756 1757/1/1757
f 5207/1/5207 5208/1/5208 1757/1/1757 1758/1/1758
f 1749/1/1749 5207/1/5207 1758/1/1758 225/1/225
f 1748/1/1748 5204/1/5204 5207/1/5207 1749/1/1749
f 1747/1/1747 5201/1/5201 5204/1/5204 1748/1/1748
f 5210/1/5210 5211/1/5211 5214/1/5214 5213/1/5213
f 5211/1/5211 5212/1/5212 5215/1/5215 5214/1/5214
f 5213/1/5213 5214/1/5214 5217/1/5217 5216/1/5216
f 5214/1/5214 5215/1/5215 5218/1/5218 5217/1/5217
f 230/1/230 1716/1/1716 5210/1/5210 1761/1/1761
f 1716/1/1716 1715/1/1715 5211/1/5211 5210/1/5210
f 1715/1/1715 1714/1/1714 5212/1/5212 5211/1/5211
f 1714/1/1714 231/1/231 1755/1/1755 5212/1/5212
f 5212/1/5212 1755/1/1755 1754/1/1754 5215/1/5215
f 5215/1/5215 1754/1/1754 1753/1/1753 5218/1/5218
f 5218/1/5218 1753/1/1753 224/1/224 1752/1/1752
f 5217/1/5217 5218/1/5218 1752/1/1752 1751/1/1751
f 5216/1/5216 5217/1/5217 1751/1/1751 1750/1/1750
f 1759/1/1759 5216/1/5216 1750/1/1750 226/1/226
f 1760/1/1760 5213/1/5213 5216/1/5216 1759/1/1759
f 1761/1/1761 5210/1/5210 5213/1/5213 1760/1/1760
f 5220/1/5220 5221/1/5221 5219/1/5219 5225/1/5225
f 5222/1/5222 5223/1/5223 5219/1/5219 5221/1/5221
f 5224/1/5224 5225/1/5225 5219/1/5219 5223/1/5223
f 225/1/225 1758/1/1758 5220/1/5220 1735/1/1735
f 1758/1/1758 1757/1/1757 5221/1/5221 5220/1/5220
f 1735/1/1735 5220/1/5220 5225/1/5225 1736/1/1736
f 229/1/229 1725/1/1725 5222/1/5222 1756/1/1756
f 1725/1/1725 1724/1/1724 5223/1/5223 5222/1/5222
f 1756/1/1756 5222/1/5222 5221/1/5221 1757/1/1757
f 227/1/227 1737/1/1737 5224/1/5224 1723/1/1723
f 1737/1/1737 1736/1/1736 5225/1/5225 5224/1/5224
f 1723/1/1723 5224/1/5224 5223/1/5223 1724/1/1724
f 5227/1/5227 5228/1/5228 5226/1/5226 5232/1/5232
f 5229/1/5229 5230/1/5230 5226/1/5226 5228/1/5228
f 5231/1/5231 5232/1/5232 5226/1/5226 5230/1/5230
f 228/1/228 1728/1/1728 5227/1/5227 1738/1/1738
f 1728/1/1728 1727/1/1727 5228/1/5228 5227/1/5227
f 1738/1/1738 5227/1/5227 5232/1/5232 1739/1/1739
f 230/1/230 1761/1/1761 5229/1/5229 1726/1/1726
f 1761/1/1761 1760/1/1760 5230/1/5230 5229/1/5229
f 1726/1/1726 5229/1/5229 5228/1/5228 1727/1/1727
f 226/1/226 1740/1/1740 5231/1/5231 1759/1/1759
f 1740/1/1740 1739/1/1739 5232/1/5232 5231/1/5231
f 1759/1/1759 5231/1/5231 5230/1/5230 1760/1/1760
f 5233/1/5233 5234/1/5234 5237/1/5237 5236/1/5236
f 5234/1/5234 5235/1/5235 5238/1/5238 5237/1/5237
f 5236/1/5236 5237/1/5237 5240/1/5240 5239/1/5239
f 5237/1/5237 5238/1/5238 5241/1/5241 5240/1/5240
f 183/1/183 1332/1/1332 5233/1/5233 1764/1/1764
f 1332/1/1332 1331/1/1331 5234/1/5234 5233/1/5233
f 1331/1/1331 1330/1/1330 5235/1/5235 5234/1/5234
f 1330/1/1330 181/1/181 1765/1/1765 5235/1/5235
f 5235/1/5235 1765/1/1765 1766/1/1766 5238/1/5238
f 5238/1/5238 1766/1/1766 1767/1/1767 5241/1/5241
f 5241/1/5241 1767/1/1767 234/1/234 1768/1/1768
f 5240/1/5240 5241/1/5241 1768/1/1768 1769/1/1769
f 5239/1/5239 5240/1/5240 1769/1/1769 1770/1/1770
f 1762/1/1762 5239/1/5239 1770/1/1770 232/1/232
f 1763/1/1763 5236/1/5236 5239/1/5239 1762/1/1762
f 1764/1/1764 5233/1/5233 5236/1/5236 1763/1/1763
f 5242/1/5242 5243/1/5243 5246/1/5246 5245/1/5245
f 5243/1/5243 5244/1/5244 5247/1/5247 5246/1/5246
f 5245/1/5245 5246/1/5246 5249/1/5249 5248/1/5248
f 5246/1/5246 5247/1/5247 5250/1/5250 5249/1/5249
f 235/1/235 1774/1/1774 5242/1/5242 1773/1/1773
f 1774/1/1774 1775/1/1775 5243/1/5243 5242/1/5242
f 1775/1/1775 1776/1/1776 5244/1/5244 5243/1/5243
f 1776/1/1776 182/1/182 1335/1/1335 5244/1/5244
f 5244/1/5244 1335/1/1335 1334/1/1334 5247/1/5247
f 5247/1/5247 1334/1/1334 1333/1/1333 5250/1/5250
f 5250/1/5250 1333/1/1333 184/1/184 1777/1/1777
f 5249/1/5249 5250/1/5250 1777/1/1777 1778/1/1778
f 5248/1/5248 5249/1/5249 1778/1/1778 1779/1/1779
f 1771/1/1771 5248/1/5248 1779/1/1779 233/1/233
f 1772/1/1772 5245/1/5245 5248/1/5248 1771/1/1771
f 1773/1/1773 5242/1/5242 5245/1/5245 1772/1/1772
f 5251/1/5251 5252/1/5252 5255/1/5255 5254/1/5254
f 5252/1/5252 5253/1/5253 5256/1/5256 5255/1/5255
f 5254/1/5254 5255/1/5255 5258/1/5258 5257/1/5257
f 5255/1/5255 5256/1/5256 5259/1/5259 5258/1/5258
f 112/1/112 1314/1/1314 5251/1/5251 1782/1/1782
f 1314/1/1314 1313/1/1313 5252/1/5252 5251/1/5251
f 1313/1/1313 1312/1/1312 5253/1/5253 5252/1/5252
f 1312/1/1312 183/1/183 1764/1/1764 5253/1/5253
f 5253/1/5253 1764/1/1764 1763/1/1763 5256/1/5256
f 5256/1/5256 1763/1/1763 1762/1/1762 5259/1/5259
f 5259/1/5259 1762/1/1762 232/1/232 1783/1/1783
f 5258/1/5258 5259/1/5259 1783/1/1783 1784/1/1784
f 5257/1/5257 5258/1/5258 1784/1/1784 1785/1/1785
f 1780/1/1780 5257/1/5257 1785/1/1785 254/1/254
f 1781/1/1781 5254/1/5254 5257/1/5257 1780/1/1780
f 1782/1/1782 5251/1/5251 5254/1/5254 1781/1/1781
f 5260/1/5260 5261/1/5261 5264/1/5264 5263/1/5263
f 5261/1/5261 5262/1/5262 5265/1/5265 5264/1/5264
f 5263/1/5263 5264/1/5264 5267/1/5267 5266/1/5266
f 5264/1/5264 5265/1/5265 5268/1/5268 5267/1/5267
f 233/1/233 1779/1/1779 5260/1/5260 1788/1/1788
f 1779/1/1779 1778/1/1778 5261/1/5261 5260/1/5260
f 1778/1/1778 1777/1/1777 5262/1/5262 5261/1/5261
f 1777/1/1777 184/1/184 1326/1/1326 5262/1/5262
f 5262/1/5262 1326/1/1326 1325/1/1325 5265/1/5265
f 5265/1/5265 1325/1/1325 1324/1/1324 5268/1/5268
f 5268/1/5268 1324/1/1324 113/1/113 1789/1/1789
f 5267/1/5267 5268/1/5268 1789/1/1789 1790/1/1790
f 5266/1/5266 5267/1/5267 1790/1/1790 1791/1/1791
f 1786/1/1786 5266/1/5266 1791/1/1791 255/1/255
f 1787/1/1787 5263/1/5263 5266/1/5266 1786/1/1786
f 1788/1/1788 5260/1/5260 5263/1/5263 1787/1/1787
f 5269/1/5269 5270/1/5270 5273/1/5273 5272/1/5272
f 5270/1/5270 5271/1/5271 5274/1/5274 5273/1/5273
f 5272/1/5272 5273/1/5273 5276/1/5276 5275/1/5275
f 5273/1/5273 5274/1/5274 5277/1/5277 5276/1/5276
f 110/1/110 1302/1/1302 5269/1/5269 1794/1/1794
f 1302/1/1302 1301/1/1301 5270/1/5270 5269/1/5269
f 1301/1/1301 1300/1/1300 5271/1/5271 5270/1/5270
f 1300/1/1300 112/1/112 1782/1/1782 5271/1/5271
f 5271/1/5271 1782/1/1782 1781/1/1781 5274/1/5274
f 5274/1/5274 1781/1/1781 1780/1/1780 5277/1/5277
f 5277/1/5277 1780/1/1780 254/1/254 1795/1/1795
f 5276/1/5276 5277/1/5277 1795/1/1795 1796/1/1796
f 5275/1/5275 5276/1/5276 1796/1/1796 1797/1/1797
f 1792/1/1792 5275/1/5275 1797/1/1797 256/1/256
f 1793/1/1793 5272/1/5272 5275/1/5275 1792/1/1792
f 1794/1/1794 5269/1/5269 5272/1/5272 1793/1/1793
f 5278/1/5278 5279/1/5279 5282/1/5282 5281/1/5281
f 5279/1/5279 5280/1/5280 5283/1/5283 5282/1/5282
f 5281/1/5281 5282/1/5282 5285/1/5285 5284/1/5284
f 5282/1/5282 5283/1/5283 5286/1/5286 5285/1/5285
f 255/1/255 1791/1/1791 5278/1/5278 1800/1/1800
f 1791/1/1791 1790/1/1790 5279/1/5279 5278/1/5278
f 1790/1/1790 1789/1/1789 5280/1/5280 5279/1/5279
f 1789/1/1789 113/1/113 1311/1/1311 5280/1/5280
f 5280/1/5280 1311/1/1311 1310/1/1310 5283/1/5283
f 5283/1/5283 1310/1/1310 1309/1/1309 5286/1/5286
f 5286/1/5286 1309/1/1309 111/1/111 1801/1/1801
f 5285/1/5285 5286/1/5286 1801/1/1801 1802/1/1802
f 5284/1/5284 5285/1/5285 1802/1/1802 1803/1/1803
f 1798/1/1798 5284/1/5284 1803/1/1803 257/1/257
f 1799/1/1799 5281/1/5281 5284/1/5284 1798/1/1798
f 1800/1/1800 5278/1/5278 5281/1/5281 1799/1/1799
f 5287/1/5287 5288/1/5288 5291/1/5291 5290/1/5290
f 5288/1/5288 5289/1/5289 5292/1/5292 5291/1/5291
f 5290/1/5290 5291/1/5291 5294/1/5294 5293/1/5293
f 5291/1/5291 5292/1/5292 5295/1/5295 5294/1/5294
f 181/1/181 1284/1/1284 5287/1/5287 1765/1/1765
f 1284/1/1284 1283/1/1283 5288/1/5288 5287/1/5287
f 1283/1/1283 1282/1/1282 5289/1/5289 5288/1/5288
f 1282/1/1282 114/1/114 1804/1/1804 5289/1/5289
f 5289/1/5289 1804/1/1804 1805/1/1805 5292/1/5292
f 5292/1/5292 1805/1/1805 1806/1/1806 5295/1/5295
f 5295/1/5295 1806/1/1806 252/1/252 1807/1/1807
f 5294/1/5294 5295/1/5295 1807/1/1807 1808/1/1808
f 5293/1/5293 5294/1/5294 1808/1/1808 1809/1/1809
f 1767/1/1767 5293/1/5293 1809/1/1809 234/1/234
f 1766/1/1766 5290/1/5290 5293/1/5293 1767/1/1767
f 1765/1/1765 5287/1/5287 5290/1/5290 1766/1/1766
f 5296/1/5296 5297/1/5297 5300/1/5300 5299/1/5299
f 5297/1/5297 5298/1/5298 5301/1/5301 5300/1/5300
f 5299/1/5299 5300/1/5300 5303/1/5303 5302/1/5302
f 5300/1/5300 5301/1/5301 5304/1/5304 5303/1/5303
f 253/1/253 1813/1/1813 5296/1/5296 1812/1/1812
f 1813/1/1813 1814/1/1814 5297/1/5297 5296/1/5296
f 1814/1/1814 1815/1/1815 5298/1/5298 5297/1/5297
f 1815/1/1815 115/1/115 1299/1/1299 5298/1/5298
f 5298/1/5298 1299/1/1299 1298/1/1298 5301/1/5301
f 5301/1/5301 1298/1/1298 1297/1/1297 5304/1/5304
f 5304/1/5304 1297/1/1297 182/1/182 1776/1/1776
f 5303/1/5303 5304/1/5304 1776/1/1776 1775/1/1775
f 5302/1/5302 5303/1/5303 1775/1/1775 1774/1/1774
f 1810/1/1810 5302/1/5302 1774/1/1774 235/1/235
f 1811/1/1811 5299/1/5299 5302/1/5302 1810/1/1810
f 1812/1/1812 5296/1/5296 5299/1/5299 1811/1/1811
f 5305/1/5305 5306/1/5306 5309/1/5309 5308/1/5308
f 5306/1/5306 5307/1/5307 5310/1/5310 5309/1/5309
f 5308/1/5308 5309/1/5309 5312/1/5312 5311/1/5311
f 5309/1/5309 5310/1/5310 5313/1/5313 5312/1/5312
f 114/1/114 1272/1/1272 5305/1/5305 1804/1/1804
f 1272/1/1272 1271/1/1271 5306/1/5306 5305/1/5305
f 1271/1/1271 1270/1/1270 5307/1/5307 5306/1/5306
f 1270/1/1270 116/1/116 1816/1/1816 5307/1/5307
f 5307/1/5307 1816/1/1816 1817/1/1817 5310/1/5310
f 5310/1/5310 1817/1/1817 1818/1/1818 5313/1/5313
f 5313/1/5313 1818/1/1818 250/1/250 1819/1/1819
f 5312/1/5312 5313/1/5313 1819/1/1819 1820/1/1820
f 5311/1/5311 5312/1/5312 1820/1/1820 1821/1/1821
f 1806/1/1806 5311/1/5311 1821/1/1821 252/1/252
f 1805/1/1805 5308/1/5308 5311/1/5311 1806/1/1806
f 1804/1/1804 5305/1/5305 5308/1/5308 1805/1/1805
f 5314/1/5314 5315/1/5315 5318/1/5318 5317/1/5317
f 5315/1/5315 5316/1/5316 5319/1/5319 5318/1/5318
f 5317/1/5317 5318/1/5318 5321/1/5321 5320/1/5320
f 5318/1/5318 5319/1/5319 5322/1/5322 5321/1/5321
f 251/1/251 1825/1/1825 5314/1/5314 1824/1/1824
f 1825/1/1825 1826/1/1826 5315/1/5315 5314/1/5314
f 1826/1/1826 1827/1/1827 5316/1/5316 5315/1/5315
f 1827/1/1827 117/1/117 1281/1/1281 5316/1/5316
f 5316/1/5316 1281/1/1281 1280/1/1280 5319/1/5319
f 5319/1/5319 1280/1/1280 1279/1/1279 5322/1/5322
f 5322/1/5322 1279/1/1279 115/1/115 1815/1/1815
f 5321/1/5321 5322/1/5322 1815/1/1815 1814/1/1814
f 5320/1/5320 5321/1/5321 1814/1/1814 1813/1/1813
f 1822/1/1822 5320/1/5320 1813/1/1813 253/1/253
f 1823/1/1823 5317/1/5317 5320/1/5320 1822/1/1822
f 1824/1/1824 5314/1/5314 5317/1/5317 1823/1/1823
f 5323/1/5323 5324/1/5324 5327/1/5327 5326/1/5326
f 5324/1/5324 5325/1/5325 5328/1/5328 5327/1/5327
f 5326/1/5326 5327/1/5327 5330/1/5330 5329/1/5329
f 5327/1/5327 5328/1/5328 5331/1/5331 5330/1/5330
f 116/1/116 1260/1/1260 5323/1/5323 1816/1/1816
f 1260/1/1260 1259/1/1259 5324/1/5324 5323/1/5323
f 1259/1/1259 1258/1/1258 5325/1/5325 5324/1/5324
f 1258/1/1258 118/1/118 1828/1/1828 5325/1/5325
f 5325/1/5325 1828/1/1828 1829/1/1829 5328/1/5328
f 5328/1/5328 1829/1/1829 1830/1/1830 5331/1/5331
f 5331/1/5331 1830/1/1830 248/1/248 1831/1/1831
f 5330/1/5330 5331/1/5331 1831/1/1831 1832/1/1832
f 5329/1/5329 5330/1/5330 1832/1/1832 1833/1/1833
f 1818/1/1818 5329/1/5329 1833/1/1833 250/1/250
f 1817/1/1817 5326/1/5326 5329/1/5329 1818/1/1818
f 1816/1/1816 5323/1/5323 5326/1/5326 1817/1/1817
f 5332/1/5332 5333/1/5333 5336/1/5336 5335/1/5335
f 5333/1/5333 5334/1/5334 5337/1/5337 5336/1/5336
f 5335/1/5335 5336/1/5336 5339/1/5339 5338/1/5338
f 5336/1/5336 5337/1/5337 5340/1/5340 5339/1/5339
f 249/1/249 1837/1/1837 5332/1/5332 1836/1/1836
f 1837/1/1837 1838/1/1838 5333/1/5333 5332/1/5332
f 1838/1/1838 1839/1/1839 5334/1/5334 5333/1/5333
f 1839/1/1839 119/1/119 1269/1/1269 5334/1/5334
f 5334/1/5334 1269/1/1269 1268/1/1268 5337/1/5337
f 5337/1/5337 1268/1/1268 1267/1/1267 5340/1/5340
f 5340/1/5340 1267/1/1267 117/1/117 1827/1/1827
f 5339/1/5339 5340/1/5340 1827/1/1827 1826/1/1826
f 5338/1/5338 5339/1/5339 1826/1/1826 1825/1/1825
f 1834/1/1834 5338/1/5338 1825/1/1825 251/1/251
f 1835/1/1835 5335/1/5335 5338/1/5338 1834/1/1834
f 1836/1/1836 5332/1/5332 5335/1/5335 1835/1/1835
f 5341/1/5341 5342/1/5342 5345/1/5345 5344/1/5344
f 5342/1/5342 5343/1/5343 5346/1/5346 5345/1/5345
f 5344/1/5344 5345/1/5345 5348/1/5348 5347/1/5347
f 5345/1/5345 5346/1/5346 5349/1/5349 5348/1/5348
f 118/1/118 1248/1/1248 5341/1/5341 1828/1/1828
f 1248/1/1248 1247/1/1247 5342/1/5342 5341/1/5341
f 1247/1/1247 1246/1/1246 5343/1/5343 5342/1/5342
f 1246/1/1246 120/1/120 1840/1/1840 5343/1/5343
f 5343/1/5343 1840/1/1840 1841/1/1841 5346/1/5346
f 5346/1/5346 1841/1/1841 1842/1/1842 5349/1/5349
f 5349/1/5349 1842/1/1842 246/1/246 1843/1/1843
f 5348/1/5348 5349/1/5349 1843/1/1843 1844/1/1844
f 5347/1/5347 5348/1/5348 1844/1/1844 1845/1/1845
f 1830/1/1830 5347/1/5347 1845/1/1845 248/1/248
f 1829/1/1829 5344/1/5344 5347/1/5347 1830/1/1830
f 1828/1/1828 5341/1/5341 5344/1/5344 1829/1/1829
f 5350/1/5350 5351/1/5351 5354/1/5354 5353/1/5353
f 5351/1/5351 5352/1/5352 5355/1/5355 5354/1/5354
f 5353/1/5353 5354/1/5354 5357/1/5357 5356/1/5356
f 5354/1/5354 5355/1/5355 5358/1/5358 5357/1/5357
f 247/1/247 1849/1/1849 5350/1/5350 1848/1/1848
f 1849/1/1849 1850/1/1850 5351/1/5351 5350/1/5350
f 1850/1/1850 1851/1/1851 5352/1/5352 5351/1/5351
f 1851/1/1851 121/1/121 1257/1/1257 5352/1/5352
f 5352/1/5352 1257/1/1257 1256/1/1256 5355/1/5355
f 5355/1/5355 1256/1/1256 1255/1/1255 5358/1/5358
f 5358/1/5358 1255/1/1255 119/1/119 1839/1/1839
f 5357/1/5357 5358/1/5358 1839/1/1839 1838/1/1838
f 5356/1/5356 5357/1/5357 1838/1/1838 1837/1/1837
f 1846/1/1846 5356/1/5356 1837/1/1837 249/1/249
f 1847/1/1847 5353/1/5353 5356/1/5356 1846/1/1846
f 1848/1/1848 5350/1/5350 5353/1/5353 1847/1/1847
f 5359/1/5359 5360/1/5360 5363/1/5363 5362/1/5362
f 5360/1/5360 5361/1/5361 5364/1/5364 5363/1/5363
f 5362/1/5362 5363/1/5363 5366/1/5366 5365/1/5365
f 5363/1/5363 5364/1/5364 5367/1/5367 5366/1/5366
f 120/1/120 1236/1/1236 5359/1/5359 1840/1/1840
f 1236/1/1236 1235/1/1235 5360/1/5360 5359/1/5359
f 1235/1/1235 1234/1/1234 5361/1/5361 5360/1/5360
f 1234/1/1234 122/1/122 1852/1/1852 5361/1/5361
f 5361/1/5361 1852/1/1852 1853/1/1853 5364/1/5364
f 5364/1/5364 1853/1/1853 1854/1/1854 5367/1/5367
f 5367/1/5367 1854/1/1854 244/1/244 1855/1/1855
f 5366/1/5366 5367/1/5367 1855/1/1855 1856/1/1856
f 5365/1/5365 5366/1/5366 1856/1/1856 1857/1/1857
f 1842/1/1842 5365/1/5365 1857/1/1857 246/1/246
f 1841/1/1841 5362/1/5362 5365/1/5365 1842/1/1842
f 1840/1/1840 5359/1/5359 5362/1/5362 1841/1/1841
f 5368/1/5368 5369/1/5369 5372/1/5372 5371/1/5371
f 5369/1/5369 5370/1/5370 5373/1/5373 5372/1/5372
f 5371/1/5371 5372/1/5372 5375/1/5375 5374/1/5374
f 5372/1/5372 5373/1/5373 5376/1/5376 5375/1/5375
f 245/1/245 1861/1/1861 5368/1/5368 1860/1/1860
f 1861/1/1861 1862/1/1862 5369/1/5369 5368/1/5368
f 1862/1/1862 1863/1/1863 5370/1/5370 5369/1/5369
f 1863/1/1863 123/1/123 1245/1/1245 5370/1/5370
f 5370/1/5370 1245/1/1245 1244/1/1244 5373/1/5373
f 5373/1/5373 1244/1/1244 1243/1/1243 5376/1/5376
f 5376/1/5376 1243/1/1243 121/1/121 1851/1/1851
f 5375/1/5375 5376/1/5376 1851/1/1851 1850/1/1850
f 5374/1/5374 5375/1/5375 1850/1/1850 1849/1/1849
f 1858/1/1858 5374/1/5374 1849/1/1849 247/1/247
f 1859/1/1859 5371/1/5371 5374/1/5374 1858/1/1858
f 1860/1/1860 5368/1/5368 5371/1/5371 1859/1/1859
f 5377/1/5377 5378/1/5378 5381/1/5381 5380/1/5380
f 5378/1/5378 5379/1/5379 5382/1/5382 5381/1/5381
f 5380/1/5380 5381/1/5381 5384/1/5384 5383/1/5383
f 5381/1/5381 5382/1/5382 5385/1/5385 5384/1/5384
f 122/1/122 1224/1/1224 5377/1/5377 1852/1/1852
f 1224/1/1224 1223/1/1223 5378/1/5378 5377/1/5377
f 1223/1/1223 1222/1/1222 5379/1/5379 5378/1/5378
f 1222/1/1222 124/1/124 1864/1/1864 5379/1/5379
f 5379/1/5379 1864/1/1864 1865/1/1865 5382/1/5382
f 5382/1/5382 1865/1/1865 1866/1/1866 5385/1/5385
f 5385/1/5385 1866/1/1866 242/1/242 1867/1/1867
f 5384/1/5384 5385/1/5385 1867/1/1867 1868/1/1868
f 5383/1/5383 5384/1/5384 1868/1/1868 1869/1/1869
f 1854/1/1854 5383/1/5383 1869/1/1869 244/1/244
f 1853/1/1853 5380/1/5380 5383/1/5383 1854/1/1854
f 1852/1/1852 5377/1/5377 5380/1/5380 1853/1/1853
f 5386/1/5386 5387/1/5387 5390/1/5390 5389/1/5389
f 5387/1/5387 5388/1/5388 5391/1/5391 5390/1/5390
f 5389/1/5389 5390/1/5390 5393/1/5393 5392/1/5392
f 5390/1/5390 5391/1/5391 5394/1/5394 5393/1/5393
f 243/1/243 1873/1/1873 5386/1/5386 1872/1/1872
f 1873/1/1873 1874/1/1874 5387/1/5387 5386/1/5386
f 1874/1/1874 1875/1/1875 5388/1/5388 5387/1/5387
f 1875/1/1875 125/1/125 1233/1/1233 5388/1/5388
f 5388/1/5388 1233/1/1233 1232/1/1232 5391/1/5391
f 5391/1/5391 1232/1/1232 1231/1/1231 5394/1/5394
f 5394/1/5394 1231/1/1231 123/1/123 1863/1/1863
f 5393/1/5393 5394/1/5394 1863/1/1863 1862/1/1862
f 5392/1/5392 5393/1/5393 1862/1/1862 1861/1/1861
f 1870/1/1870 5392/1/5392 1861/1/1861 245/1/245
f 1871/1/1871 5389/1/5389 5392/1/5392 1870/1/1870
f 1872/1/1872 5386/1/5386 5389/1/5389 1871/1/1871
f 5395/1/5395 5396/1/5396 5399/1/5399 5398/1/5398
f 5396/1/5396 5397/1/5397 5400/1/5400 5399/1/5399
f 5398/1/5398 5399/1/5399 5402/1/5402 5401/1/5401
f 5399/1/5399 5400/1/5400 5403/1/5403 5402/1/5402
f 124/1/124 1212/1/1212 5395/1/5395 1864/1/1864
f 1212/1/1212 1211/1/1211 5396/1/5396 5395/1/5395
f 1211/1/1211 1210/1/1210 5397/1/5397 5396/1/5396
f 1210/1/1210 126/1/126 1876/1/1876 5397/1/5397
f 5397/1/5397 1876/1/1876 1877/1/1877 5400/1/5400
f 5400/1/5400 1877/1/1877 1878/1/1878 5403/1/5403
f 5403/1/5403 1878/1/1878 240/1/240 1879/1/1879
f 5402/1/5402 5403/1/5403 1879/1/1879 1880/1/1880
f 5401/1/5401 5402/1/5402 1880/1/1880 1881/1/1881
f 1866/1/1866 5401/1/5401 1881/1/1881 242/1/242
f 1865/1/1865 5398/1/5398 5401/1/5401 1866/1/1866
f 1864/1/1864 5395/1/5395 5398/1/5398 1865/1/1865
f 5404/1/5404 5405/1/5405 5408/1/5408 5407/1/5407
f 5405/1/5405 5406/1/5406 5409/1/5409 5408/1/5408
f 5407/1/5407 5408/1/5408 5411/1/5411 5410/1/5410
f 5408/1/5408 5409/1/5409 5412/1/5412 5411/1/5411
f 241/1/241 1885/1/1885 5404/1/5404 1884/1/1884
f 1885/1/1885 1886/1/1886 5405/1/5405 5404/1/5404
f 1886/1/1886 1887/1/1887 5406/1/5406 5405/1/5405
f 1887/1/1887 127/1/127 1221/1/1221 5406/1/5406
f 5406/1/5406 1221/1/1221 1220/1/1220 5409/1/5409
f 5409/1/5409 1220/1/1220 1219/1/1219 5412/1/5412
f 5412/1/5412 1219/1/1219 125/1/125 1875/1/1875
f 5411/1/5411 5412/1/5412 1875/1/1875 1874/1/1874
f 5410/1/5410 5411/1/5411 1874/1/1874 1873/1/1873
f 1882/1/1882 5410/1/5410 1873/1/1873 243/1/243
f 1883/1/1883 5407/1/5407 5410/1/5410 1882/1/1882
f 1884/1/1884 5404/1/5404 5407/1/5407 1883/1/1883
f 5413/1/5413 5414/1/5414 5417/1/5417 5416/1/5416
f 5414/1/5414 5415/1/5415 5418/1/5418 5417/1/5417
f 5416/1/5416 5417/1/5417 5420/1/5420 5419/1/5419
f 5417/1/5417 5418/1/5418 5421/1/5421 5420/1/5420
f 126/1/126 1200/1/1200 5413/1/5413 1876/1/1876
f 1200/1/1200 1199/1/1199 5414/1/5414 5413/1/5413
f 1199/1/1199 1198/1/1198 5415/1/5415 5414/1/5414
f 1198/1/1198 179/1/179 1888/1/1888 5415/1/5415
f 5415/1/5415 1888/1/1888 1889/1/1889 5418/1/5418
f 5418/1/5418 1889/1/1889 1890/1/1890 5421/1/5421
f 5421/1/5421 1890/1/1890 236/1/236 1891/1/1891
f 5420/1/5420 5421/1/5421 1891/1/1891 1892/1/1892
f 5419/1/5419 5420/1/5420 1892/1/1892 1893/1/1893
f 1878/1/1878 5419/1/5419 1893/1/1893 240/1/240
f 1877/1/1877 5416/1/5416 5419/1/5419 1878/1/1878
f 1876/1/1876 5413/1/5413 5416/1/5416 1877/1/1877
f 5422/1/5422 5423/1/5423 5426/1/5426 5425/1/5425
f 5423/1/5423 5424/1/5424 5427/1/5427 5426/1/5426
f 5425/1/5425 5426/1/5426 5429/1/5429 5428/1/5428
f 5426/1/5426 5427/1/5427 5430/1/5430 5429/1/5429
f 237/1/237 1897/1/1897 5422/1/5422 1896/1/1896
f 1897/1/1897 1898/1/1898 5423/1/5423 5422/1/5422
f 1898/1/1898 1899/1/1899 5424/1/5424 5423/1/5423
f 1899/1/1899 180/1/180 1209/1/1209 5424/1/5424
f 5424/1/5424 1209/1/1209 1208/1/1208 5427/1/5427
f 5427/1/5427 1208/1/1208 1207/1/1207 5430/1/5430
f 5430/1/5430 1207/1/1207 127/1/127 1887/1/1887
f 5429/1/5429 5430/1/5430 1887/1/1887 1886/1/1886
f 5428/1/5428 5429/1/5429 1886/1/1886 1885/1/1885
f 1894/1/1894 5428/1/5428 1885/1/1885 241/1/241
f 1895/1/1895 5425/1/5425 5428/1/5428 1894/1/1894
f 1896/1/1896 5422/1/5422 5425/1/5425 1895/1/1895
f 5431/1/5431 5432/1/5432 5435/1/5435 5434/1/5434
f 5432/1/5432 5433/1/5433 5436/1/5436 5435/1/5435
f 5434/1/5434 5435/1/5435 5438/1/5438 5437/1/5437
f 5435/1/5435 5436/1/5436 5439/1/5439 5438/1/5438
f 179/1/179 1188/1/1188 5431/1/5431 1888/1/1888
f 1188/1/1188 1187/1/1187 5432/1/5432 5431/1/5431
f 1187/1/1187 1186/1/1186 5433/1/5433 5432/1/5432
f 1186/1/1186 128/1/128 1900/1/1900 5433/1/5433
f 5433/1/5433 1900/1/1900 1901/1/1901 5436/1/5436
f 5436/1/5436 1901/1/1901 1902/1/1902 5439/1/5439
f 5439/1/5439 1902/1/1902 238/1/238 1903/1/1903
f 5438/1/5438 5439/1/5439 1903/1/1903 1904/1/1904
f 5437/1/5437 5438/1/5438 1904/1/1904 1905/1/1905
f 1890/1/1890 5437/1/5437 1905/1/1905 236/1/236
f 1889/1/1889 5434/1/5434 5437/1/5437 1890/1/1890
f 1888/1/1888 5431/1/5431 5434/1/5434 1889/1/1889
f 5440/1/5440 5441/1/5441 5444/1/5444 5443/1/5443
f 5441/1/5441 5442/1/5442 5445/1/5445 5444/1/5444
f 5443/1/5443 5444/1/5444 5447/1/5447 5446/1/5446
f 5444/1/5444 5445/1/5445 5448/1/5448 5447/1/5447
f 239/1/239 1909/1/1909 5440/1/5440 1908/1/1908
f 1909/1/1909 1910/1/1910 5441/1/5441 5440/1/5440
f 1910/1/1910 1911/1/1911 5442/1/5442 5441/1/5441
f 1911/1/1911 129/1/129 1197/1/1197 5442/1/5442
f 5442/1/5442 1197/1/1197 1196/1/1196 5445/1/5445
f 5445/1/5445 1196/1/1196 1195/1/1195 5448/1/5448
f 5448/1/5448 1195/1/1195 180/1/180 1899/1/1899
f 5447/1/5447 5448/1/5448 1899/1/1899 1898/1/1898
f 5446/1/5446 5447/1/5447 1898/1/1898 1897/1/1897
f 1906/1/1906 5446/1/5446 1897/1/1897 237/1/237
f 1907/1/1907 5443/1/5443 5446/1/5446 1906/1/1906
f 1908/1/1908 5440/1/5440 5443/1/5443 1907/1/1907
f 5449/1/5449 5450/1/5450 5453/1/5453 5452/1/5452
f 5450/1/5450 5451/1/5451 5454/1/5454 5453/1/5453
f 5452/1/5452 5453/1/5453 5456/1/5456 5455/1/5455
f 5453/1/5453 5454/1/5454 5457/1/5457 5456/1/5456
f 128/1/128 1173/1/1173 5449/1/5449 1900/1/1900
f 1173/1/1173 1172/1/1172 5450/1/5450 5449/1/5449
f 1172/1/1172 1171/1/1171 5451/1/5451 5450/1/5450
f 1171/1/1171 110/1/110 1794/1/1794 5451/1/5451
f 5451/1/5451 1794/1/1794 1793/1/1793 5454/1/5454
f 5454/1/5454 1793/1/1793 1792/1/1792 5457/1/5457
f 5457/1/5457 1792/1/1792 256/1/256 1912/1/1912
f 5456/1/5456 5457/1/5457 1912/1/1912 1913/1/1913
f 5455/1/5455 5456/1/5456 1913/1/1913 1914/1/1914
f 1902/1/1902 5455/1/5455 1914/1/1914 238/1/238
f 1901/1/1901 5452/1/5452 5455/1/5455 1902/1/1902
f 1900/1/1900 5449/1/5449 5452/1/5452 1901/1/1901
f 5458/1/5458 5459/1/5459 5462/1/5462 5461/1/5461
f 5459/1/5459 5460/1/5460 5463/1/5463 5462/1/5462
f 5461/1/5461 5462/1/5462 5465/1/5465 5464/1/5464
f 5462/1/5462 5463/1/5463 5466/1/5466 5465/1/5465
f 257/1/257 1803/1/1803 5458/1/5458 1917/1/1917
f 1803/1/1803 1802/1/1802 5459/1/5459 5458/1/5458
f 1802/1/1802 1801/1/1801 5460/1/5460 5459/1/5459
f 1801/1/1801 111/1/111 1182/1/1182 5460/1/5460
f 5460/1/5460 1182/1/1182 1181/1/1181 5463/1/5463
f 5463/1/5463 1181/1/1181 1180/1/1180 5466/1/5466
f 5466/1/5466 1180/1/1180 129/1/129 1911/1/1911
f 5465/1/5465 5466/1/5466 1911/1/1911 1910/1/1910
f 5464/1/5464 5465/1/5465 1910/1/1910 1909/1/1909
f 1915/1/1915 5464/1/5464 1909/1/1909 239/1/239
f 1916/1/1916 5461/1/5461 5464/1/5464 1915/1/1915
f 1917/1/1917 5458/1/5458 5461/1/5461 1916/1/1916
f 5467/1/5467 5468/1/5468 5471/1/5471 5470/1/5470
f 5468/1/5468 5469/1/5469 5472/1/5472 5471/1/5471
f 5470/1/5470 5471/1/5471 5474/1/5474 5473/1/5473
f 5471/1/5471 5472/1/5472 5475/1/5475 5474/1/5474
f 238/1/238 1914/1/1914 5467/1/5467 1920/1/1920
f 1914/1/1914 1913/1/1913 5468/1/5468 5467/1/5467
f 1913/1/1913 1912/1/1912 5469/1/5469 5468/1/5468
f 1912/1/1912 256/1/256 1921/1/1921 5469/1/5469
f 5469/1/5469 1921/1/1921 1922/1/1922 5472/1/5472
f 5472/1/5472 1922/1/1922 1923/1/1923 5475/1/5475
f 5475/1/5475 1923/1/1923 258/1/258 1924/1/1924
f 5474/1/5474 5475/1/5475 1924/1/1924 1925/1/1925
f 5473/1/5473 5474/1/5474 1925/1/1925 1926/1/1926
f 1918/1/1918 5473/1/5473 1926/1/1926 276/1/276
f 1919/1/1919 5470/1/5470 5473/1/5473 1918/1/1918
f 1920/1/1920 5467/1/5467 5470/1/5470 1919/1/1919
f 5476/1/5476 5477/1/5477 5480/1/5480 5479/1/5479
f 5477/1/5477 5478/1/5478 5481/1/5481 5480/1/5480
f 5479/1/5479 5480/1/5480 5483/1/5483 5482/1/5482
f 5480/1/5480 5481/1/5481 5484/1/5484 5483/1/5483
f 259/1/259 1930/1/1930 5476/1/5476 1929/1/1929
f 1930/1/1930 1931/1/1931 5477/1/5477 5476/1/5476
f 1931/1/1931 1932/1/1932 5478/1/5478 5477/1/5477
f 1932/1/1932 257/1/257 1917/1/1917 5478/1/5478
f 5478/1/5478 1917/1/1917 1916/1/1916 5481/1/5481
f 5481/1/5481 1916/1/1916 1915/1/1915 5484/1/5484
f 5484/1/5484 1915/1/1915 239/1/239 1933/1/1933
f 5483/1/5483 5484/1/5484 1933/1/1933 1934/1/1934
f 5482/1/5482 5483/1/5483 1934/1/1934 1935/1/1935
f 1927/1/1927 5482/1/5482 1935/1/1935 277/1/277
f 1928/1/1928 5479/1/5479 5482/1/5482 1927/1/1927
f 1929/1/1929 5476/1/5476 5479/1/5479 1928/1/1928
f 5485/1/5485 5486/1/5486 5489/1/5489 5488/1/5488
f 5486/1/5486 5487/1/5487 5490/1/5490 5489/1/5489
f 5488/1/5488 5489/1/5489 5492/1/5492 5491/1/5491
f 5489/1/5489 5490/1/5490 5493/1/5493 5492/1/5492
f 236/1/236 1905/1/1905 5485/1/5485 1938/1/1938
f 1905/1/1905 1904/1/1904 5486/1/5486 5485/1/5485
f 1904/1/1904 1903/1/1903 5487/1/5487 5486/1/5486
f 1903/1/1903 238/1/238 1920/1/1920 5487/1/5487
f 5487/1/5487 1920/1/1920 1919/1/1919 5490/1/5490
f 5490/1/5490 1919/1/1919 1918/1/1918 5493/1/5493
f 5493/1/5493 1918/1/1918 276/1/276 1939/1/1939
f 5492/1/5492 5493/1/5493 1939/1/1939 1940/1/1940
f 5491/1/5491 5492/1/5492 1940/1/1940 1941/1/1941
f 1936/1/1936 5491/1/5491 1941/1/1941 278/1/278
f 1937/1/1937 5488/1/5488 5491/1/5491 1936/1/1936
f 1938/1/1938 5485/1/5485 5488/1/5488 1937/1/1937
f 5494/1/5494 5495/1/5495 5498/1/5498 5497/1/5497
f 5495/1/5495 5496/1/5496 5499/1/5499 5498/1/5498
f 5497/1/5497 5498/1/5498 5501/1/5501 5500/1/5500
f 5498/1/5498 5499/1/5499 5502/1/5502 5501/1/5501
f 277/1/277 1935/1/1935 5494/1/5494 1944/1/1944
f 1935/1/1935 1934/1/1934 5495/1/5495 5494/1/5494
f 1934/1/1934 1933/1/1933 5496/1/5496 5495/1/5495
f 1933/1/1933 239/1/239 1908/1/1908 5496/1/5496
f 5496/1/5496 1908/1/1908 1907/1/1907 5499/1/5499
f 5499/1/5499 1907/1/1907 1906/1/1906 5502/1/5502
f 5502/1/5502 1906/1/1906 237/1/237 1945/1/1945
f 5501/1/5501 5502/1/5502 1945/1/1945 1946/1/1946
f 5500/1/5500 5501/1/5501 1946/1/1946 1947/1/1947
f 1942/1/1942 5500/1/5500 1947/1/1947 279/1/279
f 1943/1/1943 5497/1/5497 5500/1/5500 1942/1/1942
f 1944/1/1944 5494/1/5494 5497/1/5497 1943/1/1943
f 5503/1/5503 5504/1/5504 5507/1/5507 5506/1/5506
f 5504/1/5504 5505/1/5505 5508/1/5508 5507/1/5507
f 5506/1/5506 5507/1/5507 5510/1/5510 5509/1/5509
f 5507/1/5507 5508/1/5508 5511/1/5511 5510/1/5510
f 240/1/240 1893/1/1893 5503/1/5503 1950/1/1950
f 1893/1/1893 1892/1/1892 5504/1/5504 5503/1/5503
f 1892/1/1892 1891/1/1891 5505/1/5505 5504/1/5504
f 1891/1/1891 236/1/236 1938/1/1938 5505/1/5505
f 5505/1/5505 1938/1/1938 1937/1/1937 5508/1/5508
f 5508/1/5508 1937/1/1937 1936/1/1936 5511/1/5511
f 5511/1/5511 1936/1/1936 278/1/278 1951/1/1951
f 5510/1/5510 5511/1/5511 1951/1/1951 1952/1/1952
f 5509/1/5509 5510/1/5510 1952/1/1952 1953/1/1953
f 1948/1/1948 5509/1/5509 1953/1/1953 274/1/274
f 1949/1/1949 5506/1/5506 5509/1/5509 1948/1/1948
f 1950/1/1950 5503/1/5503 5506/1/5506 1949/1/1949
f 5512/1/5512 5513/1/5513 5516/1/5516 5515/1/5515
f 5513/1/5513 5514/1/5514 5517/1/5517 5516/1/5516
f 5515/1/5515 5516/1/5516 5519/1/5519 5518/1/5518
f 5516/1/5516 5517/1/5517 5520/1/5520 5519/1/5519
f 279/1/279 1947/1/1947 5512/1/5512 1956/1/1956
f 1947/1/1947 1946/1/1946 5513/1/5513 5512/1/5512
f 1946/1/1946 1945/1/1945 5514/1/5514 5513/1/5513
f 1945/1/1945 237/1/237 1896/1/1896 5514/1/5514
f 5514/1/5514 1896/1/1896 1895/1/1895 5517/1/5517
f 5517/1/5517 1895/1/1895 1894/1/1894 5520/1/5520
f 5520/1/5520 1894/1/1894 241/1/241 1957/1/1957
f 5519/1/5519 5520/1/5520 1957/1/1957 1958/1/1958
f 5518/1/5518 5519/1/5519 1958/1/1958 1959/1/1959
f 1954/1/1954 5518/1/5518 1959/1/1959 275/1/275
f 1955/1/1955 5515/1/5515 5518/1/5518 1954/1/1954
f 1956/1/1956 5512/1/5512 5515/1/5515 1955/1/1955
f 5521/1/5521 5522/1/5522 5525/1/5525 5524/1/5524
f 5522/1/5522 5523/1/5523 5526/1/5526 5525/1/5525
f 5524/1/5524 5525/1/5525 5528/1/5528 5527/1/5527
f 5525/1/5525 5526/1/5526 5529/1/5529 5528/1/5528
f 242/1/242 1881/1/1881 5521/1/5521 1962/1/1962
f 1881/1/1881 1880/1/1880 5522/1/5522 5521/1/5521
f 1880/1/1880 1879/1/1879 5523/1/5523 5522/1/5522
f 1879/1/1879 240/1/240 1950/1/1950 5523/1/5523
f 5523/1/5523 1950/1/1950 1949/1/1949 5526/1/5526
f 5526/1/5526 1949/1/1949 1948/1/1948 5529/1/5529
f 5529/1/5529 1948/1/1948 274/1/274 1963/1/1963
f 5528/1/5528 5529/1/5529 1963/1/1963 1964/1/1964
f 5527/1/5527 5528/1/5528 1964/1/1964 1965/1/1965
f 1960/1/1960 5527/1/5527 1965/1/1965 272/1/272
f 1961/1/1961 5524/1/5524 5527/1/5527 1960/1/1960
f 1962/1/1962 5521/1/5521 5524/1/5524 1961/1/1961
f 5530/1/5530 5531/1/5531 5534/1/5534 5533/1/5533
f 5531/1/5531 5532/1/5532 5535/1/5535 5534/1/5534
f 5533/1/5533 5534/1/5534 5537/1/5537 5536/1/5536
f 5534/1/5534 5535/1/5535 5538/1/5538 5537/1/5537
f 275/1/275 1959/1/1959 5530/1/5530 1968/1/1968
f 1959/1/1959 1958/1/1958 5531/1/5531 5530/1/5530
f 1958/1/1958 1957/1/1957 5532/1/5532 5531/1/5531
f 1957/1/1957 241/1/241 1884/1/1884 5532/1/5532
f 5532/1/5532 1884/1/1884 1883/1/1883 5535/1/5535
f 5535/1/5535 1883/1/1883 1882/1/1882 5538/1/5538
f 5538/1/5538 1882/1/1882 243/1/243 1969/1/1969
f 5537/1/5537 5538/1/5538 1969/1/1969 1970/1/1970
f 5536/1/5536 5537/1/5537 1970/1/1970 1971/1/1971
f 1966/1/1966 5536/1/5536 1971/1/1971 273/1/273
f 1967/1/1967 5533/1/5533 5536/1/5536 1966/1/1966
f 1968/1/1968 5530/1/5530 5533/1/5533 1967/1/1967
f 5539/1/5539 5540/1/5540 5543/1/5543 5542/1/5542
f 5540/1/5540 5541/1/5541 5544/1/5544 5543/1/5543
f 5542/1/5542 5543/1/5543 5546/1/5546 5545/1/5545
f 5543/1/5543 5544/1/5544 5547/1/5547 5546/1/5546
f 244/1/244 1869/1/1869 5539/1/5539 1974/1/1974
f 1869/1/1869 1868/1/1868 5540/1/5540 5539/1/5539
f 1868/1/1868 1867/1/1867 5541/1/5541 5540/1/5540
f 1867/1/1867 242/1/242 1962/1/1962 5541/1/5541
f 5541/1/5541 1962/1/1962 1961/1/1961 5544/1/5544
f 5544/1/5544 1961/1/1961 1960/1/1960 5547/1/5547
f 5547/1/5547 1960/1/1960 272/1/272 1975/1/1975
f 5546/1/5546 5547/1/5547 1975/1/1975 1976/1/1976
f 5545/1/5545 5546/1/5546 1976/1/1976 1977/1/1977
f 1972/1/1972 5545/1/5545 1977/1/1977 270/1/270
f 1973/1/1973 5542/1/5542 5545/1/5545 1972/1/1972
f 1974/1/1974 5539/1/5539 5542/1/5542 1973/1/1973
f 5548/1/5548 5549/1/5549 5552/1/5552 5551/1/5551
f 5549/1/5549 5550/1/5550 5553/1/5553 5552/1/5552
f 5551/1/5551 5552/1/5552 5555/1/5555 5554/1/5554
f 5552/1/5552 5553/1/5553 5556/1/5556 5555/1/5555
f 273/1/273 1971/1/1971 5548/1/5548 1980/1/1980
f 1971/1/1971 1970/1/1970 5549/1/5549 5548/1/5548
f 1970/1/1970 1969/1/1969 5550/1/5550 5549/1/5549
f 1969/1/1969 243/1/243 1872/1/1872 5550/1/5550
f 5550/1/5550 1872/1/1872 1871/1/1871 5553/1/5553
f 5553/1/5553 1871/1/1871 1870/1/1870 5556/1/5556
f 5556/1/5556 1870/1/1870 245/1/245 1981/1/1981
f 5555/1/5555 5556/1/5556 1981/1/1981 1982/1/1982
f 5554/1/5554 5555/1/5555 1982/1/1982 1983/1/1983
f 1978/1/1978 5554/1/5554 1983/1/1983 271/1/271
f 1979/1/1979 5551/1/5551 5554/1/5554 1978/1/1978
f 1980/1/1980 5548/1/5548 5551/1/5551 1979/1/1979
f 5557/1/5557 5558/1/5558 5561/1/5561 5560/1/5560
f 5558/1/5558 5559/1/5559 5562/1/5562 5561/1/5561
f 5560/1/5560 5561/1/5561 5564/1/5564 5563/1/5563
f 5561/1/5561 5562/1/5562 5565/1/5565 5564/1/5564
f 246/1/246 1857/1/1857 5557/1/5557 1986/1/1986
f 1857/1/1857 1856/1/1856 5558/1/5558 5557/1/5557
f 1856/1/1856 1855/1/1855 5559/1/5559 5558/1/5558
f 1855/1/1855 244/1/244 1974/1/1974 5559/1/5559
f 5559/1/5559 1974/1/1974 1973/1/1973 5562/1/5562
f 5562/1/5562 1973/1/1973 1972/1/1972 5565/1/5565
f 5565/1/5565 1972/1/1972 270/1/270 1987/1/1987
f 5564/1/5564 5565/1/5565 1987/1/1987 1988/1/1988
f 5563/1/5563 5564/1/5564 1988/1/1988 1989/1/1989
f 1984/1/1984 5563/1/5563 1989/1/1989 268/1/268
f 1985/1/1985 5560/1/5560 5563/1/5563 1984/1/1984
f 1986/1/1986 5557/1/5557 5560/1/5560 1985/1/1985
f 5566/1/5566 5567/1/5567 5570/1/5570 5569/1/5569
f 5567/1/5567 5568/1/5568 5571/1/5571 5570/1/5570
f 5569/1/5569 5570/1/5570 5573/1/5573 5572/1/5572
f 5570/1/5570 5571/1/5571 5574/1/5574 5573/1/5573
f 271/1/271 1983/1/1983 5566/1/5566 1992/1/1992
f 1983/1/1983 1982/1/1982 5567/1/5567 5566/1/5566
f 1982/1/1982 1981/1/1981 5568/1/5568 5567/1/5567
f 1981/1/1981 245/1/245 1860/1/1860 5568/1/5568
f 5568/1/5568 1860/1/1860 1859/1/1859 5571/1/5571
f 5571/1/5571 1859/1/1859 1858/1/1858 5574/1/5574
f 5574/1/5574 1858/1/1858 247/1/247 1993/1/1993
f 5573/1/5573 5574/1/5574 1993/1/1993 1994/1/1994
f 5572/1/5572 5573/1/5573 1994/1/1994 1995/1/1995
f 1990/1/1990 5572/1/5572 1995/1/1995 269/1/269
f 1991/1/1991 5569/1/5569 5572/1/5572 1990/1/1990
f 1992/1/1992 5566/1/5566 5569/1/5569 1991/1/1991
f 5575/1/5575 5576/1/5576 5579/1/5579 5578/1/5578
f 5576/1/5576 5577/1/5577 5580/1/5580 5579/1/5579
f 5578/1/5578 5579/1/5579 5582/1/5582 5581/1/5581
f 5579/1/5579 5580/1/5580 5583/1/5583 5582/1/5582
f 248/1/248 1845/1/1845 5575/1/5575 1998/1/1998
f 1845/1/1845 1844/1/1844 5576/1/5576 5575/1/5575
f 1844/1/1844 1843/1/1843 5577/1/5577 5576/1/5576
f 1843/1/1843 246/1/246 1986/1/1986 5577/1/5577
f 5577/1/5577 1986/1/1986 1985/1/1985 5580/1/5580
f 5580/1/5580 1985/1/1985 1984/1/1984 5583/1/5583
f 5583/1/5583 1984/1/1984 268/1/268 1999/1/1999
f 5582/1/5582 5583/1/5583 1999/1/1999 2000/1/2000
f 5581/1/5581 5582/1/5582 2000/1/2000 2001/1/2001
f 1996/1/1996 5581/1/5581 2001/1/2001 266/1/266
f 1997/1/1997 5578/1/5578 5581/1/5581 1996/1/1996
f 1998/1/1998 5575/1/5575 5578/1/5578 1997/1/1997
f 5584/1/5584 5585/1/5585 5588/1/5588 5587/1/5587
f 5585/1/5585 5586/1/5586 5589/1/5589 5588/1/5588
f 5587/1/5587 5588/1/5588 5591/1/5591 5590/1/5590
f 5588/1/5588 5589/1/5589 5592/1/5592 5591/1/5591
f 269/1/269 1995/1/1995 5584/1/5584 2004/1/2004
f 1995/1/1995 1994/1/1994 5585/1/5585 5584/1/5584
f 1994/1/1994 1993/1/1993 5586/1/5586 5585/1/5585
f 1993/1/1993 247/1/247 1848/1/1848 5586/1/5586
f 5586/1/5586 1848/1/1848 1847/1/1847 5589/1/5589
f 5589/1/5589 1847/1/1847 1846/1/1846 5592/1/5592
f 5592/1/5592 1846/1/1846 249/1/249 2005/1/2005
f 5591/1/5591 5592/1/5592 2005/1/2005 2006/1/2006
f 5590/1/5590 5591/1/5591 2006/1/2006 2007/1/2007
f 2002/1/2002 5590/1/5590 2007/1/2007 267/1/267
f 2003/1/2003 5587/1/5587 5590/1/5590 2002/1/2002
f 2004/1/2004 5584/1/5584 5587/1/5587 2003/1/2003
f 5593/1/5593 5594/1/5594 5597/1/5597 5596/1/5596
f 5594/1/5594 5595/1/5595 5598/1/5598 5597/1/5597
f 5596/1/5596 5597/1/5597 5600/1/5600 5599/1/5599
f 5597/1/5597 5598/1/5598 5601/1/5601 5600/1/5600
f 250/1/250 1833/1/1833 5593/1/5593 2010/1/2010
f 1833/1/1833 1832/1/1832 5594/1/5594 5593/1/5593
f 1832/1/1832 1831/1/1831 5595/1/5595 5594/1/5594
f 1831/1/1831 248/1/248 1998/1/1998 5595/1/5595
f 5595/1/5595 1998/1/1998 1997/1/1997 5598/1/5598
f 5598/1/5598 1997/1/1997 1996/1/1996 5601/1/5601
f 5601/1/5601 1996/1/1996 266/1/266 2011/1/2011
f 5600/1/5600 5601/1/5601 2011/1/2011 2012/1/2012
f 5599/1/5599 5600/1/5600 2012/1/2012 2013/1/2013
f 2008/1/2008 5599/1/5599 2013/1/2013 264/1/264
f 2009/1/2009 5596/1/5596 5599/1/5599 2008/1/2008
f 2010/1/2010 5593/1/5593 5596/1/5596 2009/1/2009
f 5602/1/5602 5603/1/5603 5606/1/5606 5605/1/5605
f 5603/1/5603 5604/1/5604 5607/1/5607 5606/1/5606
f 5605/1/5605 5606/1/5606 5609/1/5609 5608/1/5608
f 5606/1/5606 5607/1/5607 5610/1/5610 5609/1/5609
f 267/1/267 2007/1/2007 5602/1/5602 2016/1/2016
f 2007/1/2007 2006/1/2006 5603/1/5603 5602/1/5602
f 2006/1/2006 2005/1/2005 5604/1/5604 5603/1/5603
f 2005/1/2005 249/1/249 1836/1/1836 5604/1/5604
f 5604/1/5604 1836/1/1836 1835/1/1835 5607/1/5607
f 5607/1/5607 1835/1/1835 1834/1/1834 5610/1/5610
f 5610/1/5610 1834/1/1834 251/1/251 2017/1/2017
f 5609/1/5609 5610/1/5610 2017/1/2017 2018/1/2018
f 5608/1/5608 5609/1/5609 2018/1/2018 2019/1/2019
f 2014/1/2014 5608/1/5608 2019/1/2019 265/1/265
f 2015/1/2015 5605/1/5605 5608/1/5608 2014/1/2014
f 2016/1/2016 5602/1/5602 5605/1/5605 2015/1/2015
f 5611/1/5611 5612/1/5612 5615/1/5615 5614/1/5614
f 5612/1/5612 5613/1/5613 5616/1/5616 5615/1/5615
f 5614/1/5614 5615/1/5615 5618/1/5618 5617/1/5617
f 5615/1/5615 5616/1/5616 5619/1/5619 5618/1/5618
f 252/1/252 1821/1/1821 5611/1/5611 2022/1/2022
f 1821/1/1821 1820/1/1820 5612/1/5612 5611/1/5611
f 1820/1/1820 1819/1/1819 5613/1/5613 5612/1/5612
f 1819/1/1819 250/1/250 2010/1/2010 5613/1/5613
f 5613/1/5613 2010/1/2010 2009/1/2009 5616/1/5616
f 5616/1/5616 2009/1/2009 2008/1/2008 5619/1/5619
f 5619/1/5619 2008/1/2008 264/1/264 2023/1/2023
f 5618/1/5618 5619/1/5619 2023/1/2023 2024/1/2024
f 5617/1/5617 5618/1/5618 2024/1/2024 2025/1/2025
f 2020/1/2020 5617/1/5617 2025/1/2025 262/1/262
f 2021/1/2021 5614/1/5614 5617/1/5617 2020/1/2020
f 2022/1/2022 5611/1/5611 5614/1/5614 2021/1/2021
f 5620/1/5620 5621/1/5621 5624/1/5624 5623/1/5623
f 5621/1/5621 5622/1/5622 5625/1/5625 5624/1/5624
f 5623/1/5623 5624/1/5624 5627/1/5627 5626/1/5626
f 5624/1/5624 5625/1/5625 5628/1/5628 5627/1/5627
f 265/1/265 2019/1/2019 5620/1/5620 2028/1/2028
f 2019/1/2019 2018/1/2018 5621/1/5621 5620/1/5620
f 2018/1/2018 2017/1/2017 5622/1/5622 5621/1/5621
f 2017/1/2017 251/1/251 1824/1/1824 5622/1/5622
f 5622/1/5622 1824/1/1824 1823/1/1823 5625/1/5625
f 5625/1/5625 1823/1/1823 1822/1/1822 5628/1/5628
f 5628/1/5628 1822/1/1822 253/1/253 2029/1/2029
f 5627/1/5627 5628/1/5628 2029/1/2029 2030/1/2030
f 5626/1/5626 5627/1/5627 2030/1/2030 2031/1/2031
f 2026/1/2026 5626/1/5626 2031/1/2031 263/1/263
f 2027/1/2027 5623/1/5623 5626/1/5626 2026/1/2026
f 2028/1/2028 5620/1/5620 5623/1/5623 2027/1/2027
f 5629/1/5629 5630/1/5630 5633/1/5633 5632/1/5632
f 5630/1/5630 5631/1/5631 5634/1/5634 5633/1/5633
f 5632/1/5632 5633/1/5633 5636/1/5636 5635/1/5635
f 5633/1/5633 5634/1/5634 5637/1/5637 5636/1/5636
f 234/1/234 1809/1/1809 5629/1/5629 2034/1/2034
f 1809/1/1809 1808/1/1808 5630/1/5630 5629/1/5629
f 1808/1/1808 1807/1/1807 5631/1/5631 5630/1/5630
f 1807/1/1807 252/1/252 2022/1/2022 5631/1/5631
f 5631/1/5631 2022/1/2022 2021/1/2021 5634/1/5634
f 5634/1/5634 2021/1/2021 2020/1/2020 5637/1/5637
f 5637/1/5637 2020/1/2020 262/1/262 2035/1/2035
f 5636/1/5636 5637/1/5637 2035/1/2035 2036/1/2036
f 5635/1/5635 5636/1/5636 2036/1/2036 2037/1/2037
f 2032/1/2032 5635/1/5635 2037/1/2037 280/1/280
f 2033/1/2033 5632/1/5632 5635/1/5635 2032/1/2032
f 2034/1/2034 5629/1/5629 5632/1/5632 2033/1/2033
f 5638/1/5638 5639/1/5639 5642/1/5642 5641/1/5641
f 5639/1/5639 5640/1/5640 5643/1/5643 5642/1/5642
f 5641/1/5641 5642/1/5642 5645/1/5645 5644/1/5644
f 5642/1/5642 5643/1/5643 5646/1/5646 5645/1/5645
f 263/1/263 2031/1/2031 5638/1/5638 2040/1/2040
f 2031/1/2031 2030/1/2030 5639/1/5639 5638/1/5638
f 2030/1/2030 2029/1/2029 5640/1/5640 5639/1/5639
f 2029/1/2029 253/1/253 1812/1/1812 5640/1/5640
f 5640/1/5640 1812/1/1812 1811/1/1811 5643/1/5643
f 5643/1/5643 1811/1/1811 1810/1/1810 5646/1/5646
f 5646/1/5646 1810/1/1810 235/1/235 2041/1/2041
f 5645/1/5645 5646/1/5646 2041/1/2041 2042/1/2042
f 5644/1/5644 5645/1/5645 2042/1/2042 2043/1/2043
f 2038/1/2038 5644/1/5644 2043/1/2043 281/1/281
f 2039/1/2039 5641/1/5641 5644/1/5644 2038/1/2038
f 2040/1/2040 5638/1/5638 5641/1/5641 2039/1/2039
f 5647/1/5647 5648/1/5648 5651/1/5651 5650/1/5650
f 5648/1/5648 5649/1/5649 5652/1/5652 5651/1/5651
f 5650/1/5650 5651/1/5651 5654/1/5654 5653/1/5653
f 5651/1/5651 5652/1/5652 5655/1/5655 5654/1/5654
f 256/1/256 1797/1/1797 5647/1/5647 1921/1/1921
f 1797/1/1797 1796/1/1796 5648/1/5648 5647/1/5647
f 1796/1/1796 1795/1/1795 5649/1/5649 5648/1/5648
f 1795/1/1795 254/1/254 2044/1/2044 5649/1/5649
f 5649/1/5649 2044/1/2044 2045/1/2045 5652/1/5652
f 5652/1/5652 2045/1/2045 2046/1/2046 5655/1/5655
f 5655/1/5655 2046/1/2046 260/1/260 2047/1/2047
f 5654/1/5654 5655/1/5655 2047/1/2047 2048/1/2048
f 5653/1/5653 5654/1/5654 2048/1/2048 2049/1/2049
f 1923/1/1923 5653/1/5653 2049/1/2049 258/1/258
f 1922/1/1922 5650/1/5650 5653/1/5653 1923/1/1923
f 1921/1/1921 5647/1/5647 5650/1/5650 1922/1/1922
f 5656/1/5656 5657/1/5657 5660/1/5660 5659/1/5659
f 5657/1/5657 5658/1/5658 5661/1/5661 5660/1/5660
f 5659/1/5659 5660/1/5660 5663/1/5663 5662/1/5662
f 5660/1/5660 5661/1/5661 5664/1/5664 5663/1/5663
f 261/1/261 2053/1/2053 5656/1/5656 2052/1/2052
f 2053/1/2053 2054/1/2054 5657/1/5657 5656/1/5656
f 2054/1/2054 2055/1/2055 5658/1/5658 5657/1/5657
f 2055/1/2055 255/1/255 1800/1/1800 5658/1/5658
f 5658/1/5658 1800/1/1800 1799/1/1799 5661/1/5661
f 5661/1/5661 1799/1/1799 1798/1/1798 5664/1/5664
f 5664/1/5664 1798/1/1798 257/1/257 1932/1/1932
f 5663/1/5663 5664/1/5664 1932/1/1932 1931/1/1931
f 5662/1/5662 5663/1/5663 1931/1/1931 1930/1/1930
f 2050/1/2050 5662/1/5662 1930/1/1930 259/1/259
f 2051/1/2051 5659/1/5659 5662/1/5662 2050/1/2050
f 2052/1/2052 5656/1/5656 5659/1/5659 2051/1/2051
f 5665/1/5665 5666/1/5666 5669/1/5669 5668/1/5668
f 5666/1/5666 5667/1/5667 5670/1/5670 5669/1/5669
f 5668/1/5668 5669/1/5669 5672/1/5672 5671/1/5671
f 5669/1/5669 5670/1/5670 5673/1/5673 5672/1/5672
f 254/1/254 1785/1/1785 5665/1/5665 2044/1/2044
f 1785/1/1785 1784/1/1784 5666/1/5666 5665/1/5665
f 1784/1/1784 1783/1/1783 5667/1/5667 5666/1/5666
f 1783/1/1783 232/1/232 2056/1/2056 5667/1/5667
f 5667/1/5667 2056/1/2056 2057/1/2057 5670/1/5670
f 5670/1/5670 2057/1/2057 2058/1/2058 5673/1/5673
f 5673/1/5673 2058/1/2058 282/1/282 2059/1/2059
f 5672/1/5672 5673/1/5673 2059/1/2059 2060/1/2060
f 5671/1/5671 5672/1/5672 2060/1/2060 2061/1/2061
f 2046/1/2046 5671/1/5671 2061/1/2061 260/1/260
f 2045/1/2045 5668/1/5668 5671/1/5671 2046/1/2046
f 2044/1/2044 5665/1/5665 5668/1/5668 2045/1/2045
f 5674/1/5674 5675/1/5675 5678/1/5678 5677/1/5677
f 5675/1/5675 5676/1/5676 5679/1/5679 5678/1/5678
f 5677/1/5677 5678/1/5678 5681/1/5681 5680/1/5680
f 5678/1/5678 5679/1/5679 5682/1/5682 5681/1/5681
f 283/1/283 2065/1/2065 5674/1/5674 2064/1/2064
f 2065/1/2065 2066/1/2066 5675/1/5675 5674/1/5674
f 2066/1/2066 2067/1/2067 5676/1/5676 5675/1/5675
f 2067/1/2067 233/1/233 1788/1/1788 5676/1/5676
f 5676/1/5676 1788/1/1788 1787/1/1787 5679/1/5679
f 5679/1/5679 1787/1/1787 1786/1/1786 5682/1/5682
f 5682/1/5682 1786/1/1786 255/1/255 2055/1/2055
f 5681/1/5681 5682/1/5682 2055/1/2055 2054/1/2054
f 5680/1/5680 5681/1/5681 2054/1/2054 2053/1/2053
f 2062/1/2062 5680/1/5680 2053/1/2053 261/1/261
f 2063/1/2063 5677/1/5677 5680/1/5680 2062/1/2062
f 2064/1/2064 5674/1/5674 5677/1/5677 2063/1/2063
f 5683/1/5683 5684/1/5684 5687/1/5687 5686/1/5686
f 5684/1/5684 5685/1/5685 5688/1/5688 5687/1/5687
f 5686/1/5686 5687/1/5687 5690/1/5690 5689/1/5689
f 5687/1/5687 5688/1/5688 5691/1/5691 5690/1/5690
f 232/1/232 1770/1/1770 5683/1/5683 2056/1/2056
f 1770/1/1770 1769/1/1769 5684/1/5684 5683/1/5683
f 1769/1/1769 1768/1/1768 5685/1/5685 5684/1/5684
f 1768/1/1768 234/1/234 2034/1/2034 5685/1/5685
f 5685/1/5685 2034/1/2034 2033/1/2033 5688/1/5688
f 5688/1/5688 2033/1/2033 2032/1/2032 5691/1/5691
f 5691/1/5691 2032/1/2032 280/1/280 2068/1/2068
f 5690/1/5690 5691/1/5691 2068/1/2068 2069/1/2069
f 5689/1/5689 5690/1/5690 2069/1/2069 2070/1/2070
f 2058/1/2058 5689/1/5689 2070/1/2070 282/1/282
f 2057/1/2057 5686/1/5686 5689/1/5689 2058/1/2058
f 2056/1/2056 5683/1/5683 5686/1/5686 2057/1/2057
f 5692/1/5692 5693/1/5693 5696/1/5696 5695/1/5695
f 5693/1/5693 5694/1/5694 5697/1/5697 5696/1/5696
f 5695/1/5695 5696/1/5696 5699/1/5699 5698/1/5698
f 5696/1/5696 5697/1/5697 5700/1/5700 5699/1/5699
f 281/1/281 2043/1/2043 5692/1/5692 2073/1/2073
f 2043/1/2043 2042/1/2042 5693/1/5693 5692/1/5692
f 2042/1/2042 2041/1/2041 5694/1/5694 5693/1/5693
f 2041/1/2041 235/1/235 1773/1/1773 5694/1/5694
f 5694/1/5694 1773/1/1773 1772/1/1772 5697/1/5697
f 5697/1/5697 1772/1/1772 1771/1/1771 5700/1/5700
f 5700/1/5700 1771/1/1771 233/1/233 2067/1/2067
f 5699/1/5699 5700/1/5700 2067/1/2067 2066/1/2066
f 5698/1/5698 5699/1/5699 2066/1/2066 2065/1/2065
f 2071/1/2071 5698/1/5698 2065/1/2065 283/1/283
f 2072/1/2072 5695/1/5695 5698/1/5698 2071/1/2071
f 2073/1/2073 5692/1/5692 5695/1/5695 2072/1/2072
f 5701/1/5701 5702/1/5702 5705/1/5705 5704/1/5704
f 5702/1/5702 5703/1/5703 5706/1/5706 5705/1/5705
f 5704/1/5704 5705/1/5705 5708/1/5708 5707/1/5707
f 5705/1/5705 5706/1/5706 5709/1/5709 5708/1/5708
f 67/1/67 1155/1/1155 5701/1/5701 2076/1/2076
f 1155/1/1155 1154/1/1154 5702/1/5702 5701/1/5701
f 1154/1/1154 1153/1/1153 5703/1/5703 5702/1/5702
f 1153/1/1153 108/1/108 2077/1/2077 5703/1/5703
f 5703/1/5703 2077/1/2077 2078/1/2078 5706/1/5706
f 5706/1/5706 2078/1/2078 2079/1/2079 5709/1/5709
f 5709/1/5709 2079/1/2079 284/1/284 2080/1/2080
f 5708/1/5708 5709/1/5709 2080/1/2080 2081/1/2081
f 5707/1/5707 5708/1/5708 2081/1/2081 2082/1/2082
f 2074/1/2074 5707/1/5707 2082/1/2082 73/1/73
f 2075/1/2075 5704/1/5704 5707/1/5707 2074/1/2074
f 2076/1/2076 5701/1/5701 5704/1/5704 2075/1/2075
f 5710/1/5710 5711/1/5711 5714/1/5714 5713/1/5713
f 5711/1/5711 5712/1/5712 5715/1/5715 5714/1/5714
f 5713/1/5713 5714/1/5714 5717/1/5717 5716/1/5716
f 5714/1/5714 5715/1/5715 5718/1/5718 5717/1/5717
f 285/1/285 2086/1/2086 5710/1/5710 2085/1/2085
f 2086/1/2086 2087/1/2087 5711/1/5711 5710/1/5710
f 2087/1/2087 2088/1/2088 5712/1/5712 5711/1/5711
f 2088/1/2088 109/1/109 1167/1/1167 5712/1/5712
f 5712/1/5712 1167/1/1167 1166/1/1166 5715/1/5715
f 5715/1/5715 1166/1/1166 1165/1/1165 5718/1/5718
f 5718/1/5718 1165/1/1165 67/1/67 2076/1/2076
f 5717/1/5717 5718/1/5718 2076/1/2076 2075/1/2075
f 5716/1/5716 5717/1/5717 2075/1/2075 2074/1/2074
f 2083/1/2083 5716/1/5716 2074/1/2074 73/1/73
f 2084/1/2084 5713/1/5713 5716/1/5716 2083/1/2083
f 2085/1/2085 5710/1/5710 5713/1/5713 2084/1/2084
f 5719/1/5719 5720/1/5720 5723/1/5723 5722/1/5722
f 5720/1/5720 5721/1/5721 5724/1/5724 5723/1/5723
f 5722/1/5722 5723/1/5723 5726/1/5726 5725/1/5725
f 5723/1/5723 5724/1/5724 5727/1/5727 5726/1/5726
f 108/1/108 1137/1/1137 5719/1/5719 2077/1/2077
f 1137/1/1137 1136/1/1136 5720/1/5720 5719/1/5719
f 1136/1/1136 1135/1/1135 5721/1/5721 5720/1/5720
f 1135/1/1135 106/1/106 2089/1/2089 5721/1/5721
f 5721/1/5721 2089/1/2089 2090/1/2090 5724/1/5724
f 5724/1/5724 2090/1/2090 2091/1/2091 5727/1/5727
f 5727/1/5727 2091/1/2091 286/1/286 2092/1/2092
f 5726/1/5726 5727/1/5727 2092/1/2092 2093/1/2093
f 5725/1/5725 5726/1/5726 2093/1/2093 2094/1/2094
f 2079/1/2079 5725/1/5725 2094/1/2094 284/1/284
f 2078/1/2078 5722/1/5722 5725/1/5725 2079/1/2079
f 2077/1/2077 5719/1/5719 5722/1/5722 2078/1/2078
f 5728/1/5728 5729/1/5729 5732/1/5732 5731/1/5731
f 5729/1/5729 5730/1/5730 5733/1/5733 5732/1/5732
f 5731/1/5731 5732/1/5732 5735/1/5735 5734/1/5734
f 5732/1/5732 5733/1/5733 5736/1/5736 5735/1/5735
f 287/1/287 2098/1/2098 5728/1/5728 2097/1/2097
f 2098/1/2098 2099/1/2099 5729/1/5729 5728/1/5728
f 2099/1/2099 2100/1/2100 5730/1/5730 5729/1/5729
f 2100/1/2100 107/1/107 1152/1/1152 5730/1/5730
f 5730/1/5730 1152/1/1152 1151/1/1151 5733/1/5733
f 5733/1/5733 1151/1/1151 1150/1/1150 5736/1/5736
f 5736/1/5736 1150/1/1150 109/1/109 2088/1/2088
f 5735/1/5735 5736/1/5736 2088/1/2088 2087/1/2087
f 5734/1/5734 5735/1/5735 2087/1/2087 2086/1/2086
f 2095/1/2095 5734/1/5734 2086/1/2086 285/1/285
f 2096/1/2096 5731/1/5731 5734/1/5734 2095/1/2095
f 2097/1/2097 5728/1/5728 5731/1/5731 2096/1/2096
f 5737/1/5737 5738/1/5738 5741/1/5741 5740/1/5740
f 5738/1/5738 5739/1/5739 5742/1/5742 5741/1/5741
f 5740/1/5740 5741/1/5741 5744/1/5744 5743/1/5743
f 5741/1/5741 5742/1/5742 5745/1/5745 5744/1/5744
f 106/1/106 1119/1/1119 5737/1/5737 2089/1/2089
f 1119/1/1119 1118/1/1118 5738/1/5738 5737/1/5737
f 1118/1/1118 1117/1/1117 5739/1/5739 5738/1/5738
f 1117/1/1117 104/1/104 2101/1/2101 5739/1/5739
f 5739/1/5739 2101/1/2101 2102/1/2102 5742/1/5742
f 5742/1/5742 2102/1/2102 2103/1/2103 5745/1/5745
f 5745/1/5745 2103/1/2103 288/1/288 2104/1/2104
f 5744/1/5744 5745/1/5745 2104/1/2104 2105/1/2105
f 5743/1/5743 5744/1/5744 2105/1/2105 2106/1/2106
f 2091/1/2091 5743/1/5743 2106/1/2106 286/1/286
f 2090/1/2090 5740/1/5740 5743/1/5743 2091/1/2091
f 2089/1/2089 5737/1/5737 5740/1/5740 2090/1/2090
f 5746/1/5746 5747/1/5747 5750/1/5750 5749/1/5749
f 5747/1/5747 5748/1/5748 5751/1/5751 5750/1/5750
f 5749/1/5749 5750/1/5750 5753/1/5753 5752/1/5752
f 5750/1/5750 5751/1/5751 5754/1/5754 5753/1/5753
f 289/1/289 2110/1/2110 5746/1/5746 2109/1/2109
f 2110/1/2110 2111/1/2111 5747/1/5747 5746/1/5746
f 2111/1/2111 2112/1/2112 5748/1/5748 5747/1/5747
f 2112/1/2112 105/1/105 1134/1/1134 5748/1/5748
f 5748/1/5748 1134/1/1134 1133/1/1133 5751/1/5751
f 5751/1/5751 1133/1/1133 1132/1/1132 5754/1/5754
f 5754/1/5754 1132/1/1132 107/1/107 2100/1/2100
f 5753/1/5753 5754/1/5754 2100/1/2100 2099/1/2099
f 5752/1/5752 5753/1/5753 2099/1/2099 2098/1/2098
f 2107/1/2107 5752/1/5752 2098/1/2098 287/1/287
f 2108/1/2108 5749/1/5749 5752/1/5752 2107/1/2107
f 2109/1/2109 5746/1/5746 5749/1/5749 2108/1/2108
f 5755/1/5755 5756/1/5756 5759/1/5759 5758/1/5758
f 5756/1/5756 5757/1/5757 5760/1/5760 5759/1/5759
f 5758/1/5758 5759/1/5759 5762/1/5762 5761/1/5761
f 5759/1/5759 5760/1/5760 5763/1/5763 5762/1/5762
f 104/1/104 1101/1/1101 5755/1/5755 2101/1/2101
f 1101/1/1101 1100/1/1100 5756/1/5756 5755/1/5755
f 1100/1/1100 1099/1/1099 5757/1/5757 5756/1/5756
f 1099/1/1099 102/1/102 2113/1/2113 5757/1/5757
f 5757/1/5757 2113/1/2113 2114/1/2114 5760/1/5760
f 5760/1/5760 2114/1/2114 2115/1/2115 5763/1/5763
f 5763/1/5763 2115/1/2115 290/1/290 2116/1/2116
f 5762/1/5762 5763/1/5763 2116/1/2116 2117/1/2117
f 5761/1/5761 5762/1/5762 2117/1/2117 2118/1/2118
f 2103/1/2103 5761/1/5761 2118/1/2118 288/1/288
f 2102/1/2102 5758/1/5758 5761/1/5761 2103/1/2103
f 2101/1/2101 5755/1/5755 5758/1/5758 2102/1/2102
f 5764/1/5764 5765/1/5765 5768/1/5768 5767/1/5767
f 5765/1/5765 5766/1/5766 5769/1/5769 5768/1/5768
f 5767/1/5767 5768/1/5768 5771/1/5771 5770/1/5770
f 5768/1/5768 5769/1/5769 5772/1/5772 5771/1/5771
f 291/1/291 2122/1/2122 5764/1/5764 2121/1/2121
f 2122/1/2122 2123/1/2123 5765/1/5765 5764/1/5764
f 2123/1/2123 2124/1/2124 5766/1/5766 5765/1/5765
f 2124/1/2124 103/1/103 1116/1/1116 5766/1/5766
f 5766/1/5766 1116/1/1116 1115/1/1115 5769/1/5769
f 5769/1/5769 1115/1/1115 1114/1/1114 5772/1/5772
f 5772/1/5772 1114/1/1114 105/1/105 2112/1/2112
f 5771/1/5771 5772/1/5772 2112/1/2112 2111/1/2111
f 5770/1/5770 5771/1/5771 2111/1/2111 2110/1/2110
f 2119/1/2119 5770/1/5770 2110/1/2110 289/1/289
f 2120/1/2120 5767/1/5767 5770/1/5770 2119/1/2119
f 2121/1/2121 5764/1/5764 5767/1/5767 2120/1/2120
f 5773/1/5773 5774/1/5774 5777/1/5777 5776/1/5776
f 5774/1/5774 5775/1/5775 5778/1/5778 5777/1/5777
f 5776/1/5776 5777/1/5777 5780/1/5780 5779/1/5779
f 5777/1/5777 5778/1/5778 5781/1/5781 5780/1/5780
f 102/1/102 1083/1/1083 5773/1/5773 2113/1/2113
f 1083/1/1083 1082/1/1082 5774/1/5774 5773/1/5773
f 1082/1/1082 1081/1/1081 5775/1/5775 5774/1/5774
f 1081/1/1081 100/1/100 2125/1/2125 5775/1/5775
f 5775/1/5775 2125/1/2125 2126/1/2126 5778/1/5778
f 5778/1/5778 2126/1/2126 2127/1/2127 5781/1/5781
f 5781/1/5781 2127/1/2127 292/1/292 2128/1/2128
f 5780/1/5780 5781/1/5781 2128/1/2128 2129/1/2129
f 5779/1/5779 5780/1/5780 2129/1/2129 2130/1/2130
f 2115/1/2115 5779/1/5779 2130/1/2130 290/1/290
f 2114/1/2114 5776/1/5776 5779/1/5779 2115/1/2115
f 2113/1/2113 5773/1/5773 5776/1/5776 2114/1/2114
f 5782/1/5782 5783/1/5783 5786/1/5786 5785/1/5785
f 5783/1/5783 5784/1/5784 5787/1/5787 5786/1/5786
f 5785/1/5785 5786/1/5786 5789/1/5789 5788/1/5788
f 5786/1/5786 5787/1/5787 5790/1/5790 5789/1/5789
f 293/1/293 2134/1/2134 5782/1/5782 2133/1/2133
f 2134/1/2134 2135/1/2135 5783/1/5783 5782/1/5782
f 2135/1/2135 2136/1/2136 5784/1/5784 5783/1/5783
f 2136/1/2136 101/1/101 1098/1/1098 5784/1/5784
f 5784/1/5784 1098/1/1098 1097/1/1097 5787/1/5787
f 5787/1/5787 1097/1/1097 1096/1/1096 5790/1/5790
f 5790/1/5790 1096/1/1096 103/1/103 2124/1/2124
f 5789/1/5789 5790/1/5790 2124/1/2124 2123/1/2123
f 5788/1/5788 5789/1/5789 2123/1/2123 2122/1/2122
f 2131/1/2131 5788/1/5788 2122/1/2122 291/1/291
f 2132/1/2132 5785/1/5785 5788/1/5788 2131/1/2131
f 2133/1/2133 5782/1/5782 5785/1/5785 2132/1/2132
f 5791/1/5791 5792/1/5792 5795/1/5795 5794/1/5794
f 5792/1/5792 5793/1/5793 5796/1/5796 5795/1/5795
f 5794/1/5794 5795/1/5795 5798/1/5798 5797/1/5797
f 5795/1/5795 5796/1/5796 5799/1/5799 5798/1/5798
f 100/1/100 1065/1/1065 5791/1/5791 2125/1/2125
f 1065/1/1065 1064/1/1064 5792/1/5792 5791/1/5791
f 1064/1/1064 1063/1/1063 5793/1/5793 5792/1/5792
f 1063/1/1063 98/1/98 2137/1/2137 5793/1/5793
f 5793/1/5793 2137/1/2137 2138/1/2138 5796/1/5796
f 5796/1/5796 2138/1/2138 2139/1/2139 5799/1/5799
f 5799/1/5799 2139/1/2139 294/1/294 2140/1/2140
f 5798/1/5798 5799/1/5799 2140/1/2140 2141/1/2141
f 5797/1/5797 5798/1/5798 2141/1/2141 2142/1/2142
f 2127/1/2127 5797/1/5797 2142/1/2142 292/1/292
f 2126/1/2126 5794/1/5794 5797/1/5797 2127/1/2127
f 2125/1/2125 5791/1/5791 5794/1/5794 2126/1/2126
f 5800/1/5800 5801/1/5801 5804/1/5804 5803/1/5803
f 5801/1/5801 5802/1/5802 5805/1/5805 5804/1/5804
f 5803/1/5803 5804/1/5804 5807/1/5807 5806/1/5806
f 5804/1/5804 5805/1/5805 5808/1/5808 5807/1/5807
f 295/1/295 2146/1/2146 5800/1/5800 2145/1/2145
f 2146/1/2146 2147/1/2147 5801/1/5801 5800/1/5800
f 2147/1/2147 2148/1/2148 5802/1/5802 5801/1/5801
f 2148/1/2148 99/1/99 1080/1/1080 5802/1/5802
f 5802/1/5802 1080/1/1080 1079/1/1079 5805/1/5805
f 5805/1/5805 1079/1/1079 1078/1/1078 5808/1/5808
f 5808/1/5808 1078/1/1078 101/1/101 2136/1/2136
f 5807/1/5807 5808/1/5808 2136/1/2136 2135/1/2135
f 5806/1/5806 5807/1/5807 2135/1/2135 2134/1/2134
f 2143/1/2143 5806/1/5806 2134/1/2134 293/1/293
f 2144/1/2144 5803/1/5803 5806/1/5806 2143/1/2143
f 2145/1/2145 5800/1/5800 5803/1/5803 2144/1/2144
f 5809/1/5809 5810/1/5810 5813/1/5813 5812/1/5812
f 5810/1/5810 5811/1/5811 5814/1/5814 5813/1/5813
f 5812/1/5812 5813/1/5813 5816/1/5816 5815/1/5815
f 5813/1/5813 5814/1/5814 5817/1/5817 5816/1/5816
f 98/1/98 1047/1/1047 5809/1/5809 2137/1/2137
f 1047/1/1047 1046/1/1046 5810/1/5810 5809/1/5809
f 1046/1/1046 1045/1/1045 5811/1/5811 5810/1/5810
f 1045/1/1045 96/1/96 2149/1/2149 5811/1/5811
f 5811/1/5811 2149/1/2149 2150/1/2150 5814/1/5814
f 5814/1/5814 2150/1/2150 2151/1/2151 5817/1/5817
f 5817/1/5817 2151/1/2151 296/1/296 2152/1/2152
f 5816/1/5816 5817/1/5817 2152/1/2152 2153/1/2153
f 5815/1/5815 5816/1/5816 2153/1/2153 2154/1/2154
f 2139/1/2139 5815/1/5815 2154/1/2154 294/1/294
f 2138/1/2138 5812/1/5812 5815/1/5815 2139/1/2139
f 2137/1/2137 5809/1/5809 5812/1/5812 2138/1/2138
f 5818/1/5818 5819/1/5819 5822/1/5822 5821/1/5821
f 5819/1/5819 5820/1/5820 5823/1/5823 5822/1/5822
f 5821/1/5821 5822/1/5822 5825/1/5825 5824/1/5824
f 5822/1/5822 5823/1/5823 5826/1/5826 5825/1/5825
f 297/1/297 2158/1/2158 5818/1/5818 2157/1/2157
f 2158/1/2158 2159/1/2159 5819/1/5819 5818/1/5818
f 2159/1/2159 2160/1/2160 5820/1/5820 5819/1/5819
f 2160/1/2160 97/1/97 1062/1/1062 5820/1/5820
f 5820/1/5820 1062/1/1062 1061/1/1061 5823/1/5823
f 5823/1/5823 1061/1/1061 1060/1/1060 5826/1/5826
f 5826/1/5826 1060/1/1060 99/1/99 2148/1/2148
f 5825/1/5825 5826/1/5826 2148/1/2148 2147/1/2147
f 5824/1/5824 5825/1/5825 2147/1/2147 2146/1/2146
f 2155/1/2155 5824/1/5824 2146/1/2146 295/1/295
f 2156/1/2156 5821/1/5821 5824/1/5824 2155/1/2155
f 2157/1/2157 5818/1/5818 5821/1/5821 2156/1/2156
f 5827/1/5827 5828/1/5828 5831/1/5831 5830/1/5830
f 5828/1/5828 5829/1/5829 5832/1/5832 5831/1/5831
f 5830/1/5830 5831/1/5831 5834/1/5834 5833/1/5833
f 5831/1/5831 5832/1/5832 5835/1/5835 5834/1/5834
f 96/1/96 1029/1/1029 5827/1/5827 2149/1/2149
f 1029/1/1029 1028/1/1028 5828/1/5828 5827/1/5827
f 1028/1/1028 1027/1/1027 5829/1/5829 5828/1/5828
f 1027/1/1027 94/1/94 2161/1/2161 5829/1/5829
f 5829/1/5829 2161/1/2161 2162/1/2162 5832/1/5832
f 5832/1/5832 2162/1/2162 2163/1/2163 5835/1/5835
f 5835/1/5835 2163/1/2163 298/1/298 2164/1/2164
f 5834/1/5834 5835/1/5835 2164/1/2164 2165/1/2165
f 5833/1/5833 5834/1/5834 2165/1/2165 2166/1/2166
f 2151/1/2151 5833/1/5833 2166/1/2166 296/1/296
f 2150/1/2150 5830/1/5830 5833/1/5833 2151/1/2151
f 2149/1/2149 5827/1/5827 5830/1/5830 2150/1/2150
f 5836/1/5836 5837/1/5837 5840/1/5840 5839/1/5839
f 5837/1/5837 5838/1/5838 5841/1/5841 5840/1/5840
f 5839/1/5839 5840/1/5840 5843/1/5843 5842/1/5842
f 5840/1/5840 5841/1/5841 5844/1/5844 5843/1/5843
f 299/1/299 2170/1/2170 5836/1/5836 2169/1/2169
f 2170/1/2170 2171/1/2171 5837/1/5837 5836/1/5836
f 2171/1/2171 2172/1/2172 5838/1/5838 5837/1/5837
f 2172/1/2172 95/1/95 1044/1/1044 5838/1/5838
f 5838/1/5838 1044/1/1044 1043/1/1043 5841/1/5841
f 5841/1/5841 1043/1/1043 1042/1/1042 5844/1/5844
f 5844/1/5844 1042/1/1042 97/1/97 2160/1/2160
f 5843/1/5843 5844/1/5844 2160/1/2160 2159/1/2159
f 5842/1/5842 5843/1/5843 2159/1/2159 2158/1/2158
f 2167/1/2167 5842/1/5842 2158/1/2158 297/1/297
f 2168/1/2168 5839/1/5839 5842/1/5842 2167/1/2167
f 2169/1/2169 5836/1/5836 5839/1/5839 2168/1/2168
f 5845/1/5845 5846/1/5846 5849/1/5849 5848/1/5848
f 5846/1/5846 5847/1/5847 5850/1/5850 5849/1/5849
f 5848/1/5848 5849/1/5849 5852/1/5852 5851/1/5851
f 5849/1/5849 5850/1/5850 5853/1/5853 5852/1/5852
f 94/1/94 1011/1/1011 5845/1/5845 2161/1/2161
f 1011/1/1011 1010/1/1010 5846/1/5846 5845/1/5845
f 1010/1/1010 1009/1/1009 5847/1/5847 5846/1/5846
f 1009/1/1009 92/1/92 2173/1/2173 5847/1/5847
f 5847/1/5847 2173/1/2173 2174/1/2174 5850/1/5850
f 5850/1/5850 2174/1/2174 2175/1/2175 5853/1/5853
f 5853/1/5853 2175/1/2175 300/1/300 2176/1/2176
f 5852/1/5852 5853/1/5853 2176/1/2176 2177/1/2177
f 5851/1/5851 5852/1/5852 2177/1/2177 2178/1/2178
f 2163/1/2163 5851/1/5851 2178/1/2178 298/1/298
f 2162/1/2162 5848/1/5848 5851/1/5851 2163/1/2163
f 2161/1/2161 5845/1/5845 5848/1/5848 2162/1/2162
f 5854/1/5854 5855/1/5855 5858/1/5858 5857/1/5857
f 5855/1/5855 5856/1/5856 5859/1/5859 5858/1/5858
f 5857/1/5857 5858/1/5858 5861/1/5861 5860/1/5860
f 5858/1/5858 5859/1/5859 5862/1/5862 5861/1/5861
f 301/1/301 2182/1/2182 5854/1/5854 2181/1/2181
f 2182/1/2182 2183/1/2183 5855/1/5855 5854/1/5854
f 2183/1/2183 2184/1/2184 5856/1/5856 5855/1/5855
f 2184/1/2184 93/1/93 1026/1/1026 5856/1/5856
f 5856/1/5856 1026/1/1026 1025/1/1025 5859/1/5859
f 5859/1/5859 1025/1/1025 1024/1/1024 5862/1/5862
f 5862/1/5862 1024/1/1024 95/1/95 2172/1/2172
f 5861/1/5861 5862/1/5862 2172/1/2172 2171/1/2171
f 5860/1/5860 5861/1/5861 2171/1/2171 2170/1/2170
f 2179/1/2179 5860/1/5860 2170/1/2170 299/1/299
f 2180/1/2180 5857/1/5857 5860/1/5860 2179/1/2179
f 2181/1/2181 5854/1/5854 5857/1/5857 2180/1/2180
f 5863/1/5863 5864/1/5864 5867/1/5867 5866/1/5866
f 5864/1/5864 5865/1/5865 5868/1/5868 5867/1/5867
f 5866/1/5866 5867/1/5867 5870/1/5870 5869/1/5869
f 5867/1/5867 5868/1/5868 5871/1/5871 5870/1/5870
f 308/1/308 2188/1/2188 5863/1/5863 2187/1/2187
f 2188/1/2188 2189/1/2189 5864/1/5864 5863/1/5863
f 2189/1/2189 2190/1/2190 5865/1/5865 5864/1/5864
f 2190/1/2190 309/1/309 2191/1/2191 5865/1/5865
f 5865/1/5865 2191/1/2191 2192/1/2192 5868/1/5868
f 5868/1/5868 2192/1/2192 2193/1/2193 5871/1/5871
f 5871/1/5871 2193/1/2193 328/1/328 2194/1/2194
f 5870/1/5870 5871/1/5871 2194/1/2194 2195/1/2195
f 5869/1/5869 5870/1/5870 2195/1/2195 2196/1/2196
f 2185/1/2185 5869/1/5869 2196/1/2196 338/1/338
f 2186/1/2186 5866/1/5866 5869/1/5869 2185/1/2185
f 2187/1/2187 5863/1/5863 5866/1/5866 2186/1/2186
f 5872/1/5872 5873/1/5873 5876/1/5876 5875/1/5875
f 5873/1/5873 5874/1/5874 5877/1/5877 5876/1/5876
f 5875/1/5875 5876/1/5876 5879/1/5879 5878/1/5878
f 5876/1/5876 5877/1/5877 5880/1/5880 5879/1/5879
f 329/1/329 2200/1/2200 5872/1/5872 2199/1/2199
f 2200/1/2200 2201/1/2201 5873/1/5873 5872/1/5872
f 2201/1/2201 2202/1/2202 5874/1/5874 5873/1/5873
f 2202/1/2202 309/1/309 2190/1/2190 5874/1/5874
f 5874/1/5874 2190/1/2190 2189/1/2189 5877/1/5877
f 5877/1/5877 2189/1/2189 2188/1/2188 5880/1/5880
f 5880/1/5880 2188/1/2188 308/1/308 2203/1/2203
f 5879/1/5879 5880/1/5880 2203/1/2203 2204/1/2204
f 5878/1/5878 5879/1/5879 2204/1/2204 2205/1/2205
f 2197/1/2197 5878/1/5878 2205/1/2205 339/1/339
f 2198/1/2198 5875/1/5875 5878/1/5878 2197/1/2197
f 2199/1/2199 5872/1/5872 5875/1/5875 2198/1/2198
f 5881/1/5881 5882/1/5882 5885/1/5885 5884/1/5884
f 5882/1/5882 5883/1/5883 5886/1/5886 5885/1/5885
f 5884/1/5884 5885/1/5885 5888/1/5888 5887/1/5887
f 5885/1/5885 5886/1/5886 5889/1/5889 5888/1/5888
f 307/1/307 2209/1/2209 5881/1/5881 2208/1/2208
f 2209/1/2209 2210/1/2210 5882/1/5882 5881/1/5881
f 2210/1/2210 2211/1/2211 5883/1/5883 5882/1/5882
f 2211/1/2211 308/1/308 2187/1/2187 5883/1/5883
f 5883/1/5883 2187/1/2187 2186/1/2186 5886/1/5886
f 5886/1/5886 2186/1/2186 2185/1/2185 5889/1/5889
f 5889/1/5889 2185/1/2185 338/1/338 2212/1/2212
f 5888/1/5888 5889/1/5889 2212/1/2212 2213/1/2213
f 5887/1/5887 5888/1/5888 2213/1/2213 2214/1/2214
f 2206/1/2206 5887/1/5887 2214/1/2214 336/1/336
f 2207/1/2207 5884/1/5884 5887/1/5887 2206/1/2206
f 2208/1/2208 5881/1/5881 5884/1/5884 2207/1/2207
f 5890/1/5890 5891/1/5891 5894/1/5894 5893/1/5893
f 5891/1/5891 5892/1/5892 5895/1/5895 5894/1/5894
f 5893/1/5893 5894/1/5894 5897/1/5897 5896/1/5896
f 5894/1/5894 5895/1/5895 5898/1/5898 5897/1/5897
f 339/1/339 2205/1/2205 5890/1/5890 2217/1/2217
f 2205/1/2205 2204/1/2204 5891/1/5891 5890/1/5890
f 2204/1/2204 2203/1/2203 5892/1/5892 5891/1/5891
f 2203/1/2203 308/1/308 2211/1/2211 5892/1/5892
f 5892/1/5892 2211/1/2211 2210/1/2210 5895/1/5895
f 5895/1/5895 2210/1/2210 2209/1/2209 5898/1/5898
f 5898/1/5898 2209/1/2209 307/1/307 2218/1/2218
f 5897/1/5897 5898/1/5898 2218/1/2218 2219/1/2219
f 5896/1/5896 5897/1/5897 2219/1/2219 2220/1/2220
f 2215/1/2215 5896/1/5896 2220/1/2220 337/1/337
f 2216/1/2216 5893/1/5893 5896/1/5896 2215/1/2215
f 2217/1/2217 5890/1/5890 5893/1/5893 2216/1/2216
f 5899/1/5899 5900/1/5900 5903/1/5903 5902/1/5902
f 5900/1/5900 5901/1/5901 5904/1/5904 5903/1/5903
f 5902/1/5902 5903/1/5903 5906/1/5906 5905/1/5905
f 5903/1/5903 5904/1/5904 5907/1/5907 5906/1/5906
f 306/1/306 2224/1/2224 5899/1/5899 2223/1/2223
f 2224/1/2224 2225/1/2225 5900/1/5900 5899/1/5899
f 2225/1/2225 2226/1/2226 5901/1/5901 5900/1/5900
f 2226/1/2226 307/1/307 2208/1/2208 5901/1/5901
f 5901/1/5901 2208/1/2208 2207/1/2207 5904/1/5904
f 5904/1/5904 2207/1/2207 2206/1/2206 5907/1/5907
f 5907/1/5907 2206/1/2206 336/1/336 2227/1/2227
f 5906/1/5906 5907/1/5907 2227/1/2227 2228/1/2228
f 5905/1/5905 5906/1/5906 2228/1/2228 2229/1/2229
f 2221/1/2221 5905/1/5905 2229/1/2229 340/1/340
f 2222/1/2222 5902/1/5902 5905/1/5905 2221/1/2221
f 2223/1/2223 5899/1/5899 5902/1/5902 2222/1/2222
f 5908/1/5908 5909/1/5909 5912/1/5912 5911/1/5911
f 5909/1/5909 5910/1/5910 5913/1/5913 5912/1/5912
f 5911/1/5911 5912/1/5912 5915/1/5915 5914/1/5914
f 5912/1/5912 5913/1/5913 5916/1/5916 5915/1/5915
f 337/1/337 2220/1/2220 5908/1/5908 2232/1/2232
f 2220/1/2220 2219/1/2219 5909/1/5909 5908/1/5908
f 2219/1/2219 2218/1/2218 5910/1/5910 5909/1/5909
f 2218/1/2218 307/1/307 2226/1/2226 5910/1/5910
f 5910/1/5910 2226/1/2226 2225/1/2225 5913/1/5913
f 5913/1/5913 2225/1/2225 2224/1/2224 5916/1/5916
f 5916/1/5916 2224/1/2224 306/1/306 2233/1/2233
f 5915/1/5915 5916/1/5916 2233/1/2233 2234/1/2234
f 5914/1/5914 5915/1/5915 2234/1/2234 2235/1/2235
f 2230/1/2230 5914/1/5914 2235/1/2235 341/1/341
f 2231/1/2231 5911/1/5911 5914/1/5914 2230/1/2230
f 2232/1/2232 5908/1/5908 5911/1/5911 2231/1/2231
f 5917/1/5917 5918/1/5918 5921/1/5921 5920/1/5920
f 5918/1/5918 5919/1/5919 5922/1/5922 5921/1/5921
f 5920/1/5920 5921/1/5921 5924/1/5924 5923/1/5923
f 5921/1/5921 5922/1/5922 5925/1/5925 5924/1/5924
f 89/1/89 894/1/894 5917/1/5917 2238/1/2238
f 894/1/894 893/1/893 5918/1/5918 5917/1/5917
f 893/1/893 892/1/892 5919/1/5919 5918/1/5918
f 892/1/892 91/1/91 2239/1/2239 5919/1/5919
f 5919/1/5919 2239/1/2239 2240/1/2240 5922/1/5922
f 5922/1/5922 2240/1/2240 2241/1/2241 5925/1/5925
f 5925/1/5925 2241/1/2241 306/1/306 2223/1/2223
f 5924/1/5924 5925/1/5925 2223/1/2223 2222/1/2222
f 5923/1/5923 5924/1/5924 2222/1/2222 2221/1/2221
f 2236/1/2236 5923/1/5923 2221/1/2221 340/1/340
f 2237/1/2237 5920/1/5920 5923/1/5923 2236/1/2236
f 2238/1/2238 5917/1/5917 5920/1/5920 2237/1/2237
f 5926/1/5926 5927/1/5927 5930/1/5930 5929/1/5929
f 5927/1/5927 5928/1/5928 5931/1/5931 5930/1/5930
f 5929/1/5929 5930/1/5930 5933/1/5933 5932/1/5932
f 5930/1/5930 5931/1/5931 5934/1/5934 5933/1/5933
f 306/1/306 2241/1/2241 5926/1/5926 2233/1/2233
f 2241/1/2241 2240/1/2240 5927/1/5927 5926/1/5926
f 2240/1/2240 2239/1/2239 5928/1/5928 5927/1/5927
f 2239/1/2239 91/1/91 912/1/912 5928/1/5928
f 5928/1/5928 912/1/912 911/1/911 5931/1/5931
f 5931/1/5931 911/1/911 910/1/910 5934/1/5934
f 5934/1/5934 910/1/910 90/1/90 2242/1/2242
f 5933/1/5933 5934/1/5934 2242/1/2242 2243/1/2243
f 5932/1/5932 5933/1/5933 2243/1/2243 2244/1/2244
f 2235/1/2235 5932/1/5932 2244/1/2244 341/1/341
f 2234/1/2234 5929/1/5929 5932/1/5932 2235/1/2235
f 2233/1/2233 5926/1/5926 5929/1/5929 2234/1/2234
f 5935/1/5935 5936/1/5936 5939/1/5939 5938/1/5938
f 5936/1/5936 5937/1/5937 5940/1/5940 5939/1/5939
f 5938/1/5938 5939/1/5939 5942/1/5942 5941/1/5941
f 5939/1/5939 5940/1/5940 5943/1/5943 5942/1/5942
f 87/1/87 915/1/915 5935/1/5935 2247/1/2247
f 915/1/915 914/1/914 5936/1/5936 5935/1/5935
f 914/1/914 913/1/913 5937/1/5937 5936/1/5936
f 913/1/913 89/1/89 2238/1/2238 5937/1/5937
f 5937/1/5937 2238/1/2238 2237/1/2237 5940/1/5940
f 5940/1/5940 2237/1/2237 2236/1/2236 5943/1/5943
f 5943/1/5943 2236/1/2236 340/1/340 2248/1/2248
f 5942/1/5942 5943/1/5943 2248/1/2248 2249/1/2249
f 5941/1/5941 5942/1/5942 2249/1/2249 2250/1/2250
f 2245/1/2245 5941/1/5941 2250/1/2250 334/1/334
f 2246/1/2246 5938/1/5938 5941/1/5941 2245/1/2245
f 2247/1/2247 5935/1/5935 5938/1/5938 2246/1/2246
f 5944/1/5944 5945/1/5945 5948/1/5948 5947/1/5947
f 5945/1/5945 5946/1/5946 5949/1/5949 5948/1/5948
f 5947/1/5947 5948/1/5948 5951/1/5951 5950/1/5950
f 5948/1/5948 5949/1/5949 5952/1/5952 5951/1/5951
f 341/1/341 2244/1/2244 5944/1/5944 2253/1/2253
f 2244/1/2244 2243/1/2243 5945/1/5945 5944/1/5944
f 2243/1/2243 2242/1/2242 5946/1/5946 5945/1/5945
f 2242/1/2242 90/1/90 930/1/930 5946/1/5946
f 5946/1/5946 930/1/930 929/1/929 5949/1/5949
f 5949/1/5949 929/1/929 928/1/928 5952/1/5952
f 5952/1/5952 928/1/928 88/1/88 2254/1/2254
f 5951/1/5951 5952/1/5952 2254/1/2254 2255/1/2255
f 5950/1/5950 5951/1/5951 2255/1/2255 2256/1/2256
f 2251/1/2251 5950/1/5950 2256/1/2256 335/1/335
f 2252/1/2252 5947/1/5947 5950/1/5950 2251/1/2251
f 2253/1/2253 5944/1/5944 5947/1/5947 2252/1/2252
f 5953/1/5953 5954/1/5954 5957/1/5957 5956/1/5956
f 5954/1/5954 5955/1/5955 5958/1/5958 5957/1/5957
f 5956/1/5956 5957/1/5957 5960/1/5960 5959/1/5959
f 5957/1/5957 5958/1/5958 5961/1/5961 5960/1/5960
f 85/1/85 933/1/933 5953/1/5953 2259/1/2259
f 933/1/933 932/1/932 5954/1/5954 5953/1/5953
f 932/1/932 931/1/931 5955/1/5955 5954/1/5954
f 931/1/931 87/1/87 2247/1/2247 5955/1/5955
f 5955/1/5955 2247/1/2247 2246/1/2246 5958/1/5958
f 5958/1/5958 2246/1/2246 2245/1/2245 5961/1/5961
f 5961/1/5961 2245/1/2245 334/1/334 2260/1/2260
f 5960/1/5960 5961/1/5961 2260/1/2260 2261/1/2261
f 5959/1/5959 5960/1/5960 2261/1/2261 2262/1/2262
f 2257/1/2257 5959/1/5959 2262/1/2262 330/1/330
f 2258/1/2258 5956/1/5956 5959/1/5959 2257/1/2257
f 2259/1/2259 5953/1/5953 5956/1/5956 2258/1/2258
f 5962/1/5962 5963/1/5963 5966/1/5966 5965/1/5965
f 5963/1/5963 5964/1/5964 5967/1/5967 5966/1/5966
f 5965/1/5965 5966/1/5966 5969/1/5969 5968/1/5968
f 5966/1/5966 5967/1/5967 5970/1/5970 5969/1/5969
f 335/1/335 2256/1/2256 5962/1/5962 2265/1/2265
f 2256/1/2256 2255/1/2255 5963/1/5963 5962/1/5962
f 2255/1/2255 2254/1/2254 5964/1/5964 5963/1/5963
f 2254/1/2254 88/1/88 948/1/948 5964/1/5964
f 5964/1/5964 948/1/948 947/1/947 5967/1/5967
f 5967/1/5967 947/1/947 946/1/946 5970/1/5970
f 5970/1/5970 946/1/946 86/1/86 2266/1/2266
f 5969/1/5969 5970/1/5970 2266/1/2266 2267/1/2267
f 5968/1/5968 5969/1/5969 2267/1/2267 2268/1/2268
f 2263/1/2263 5968/1/5968 2268/1/2268 331/1/331
f 2264/1/2264 5965/1/5965 5968/1/5968 2263/1/2263
f 2265/1/2265 5962/1/5962 5965/1/5965 2264/1/2264
f 5971/1/5971 5972/1/5972 5975/1/5975 5974/1/5974
f 5972/1/5972 5973/1/5973 5976/1/5976 5975/1/5975
f 5974/1/5974 5975/1/5975 5978/1/5978 5977/1/5977
f 5975/1/5975 5976/1/5976 5979/1/5979 5978/1/5978
f 83/1/83 951/1/951 5971/1/5971 2271/1/2271
f 951/1/951 950/1/950 5972/1/5972 5971/1/5971
f 950/1/950 949/1/949 5973/1/5973 5972/1/5972
f 949/1/949 85/1/85 2259/1/2259 5973/1/5973
f 5973/1/5973 2259/1/2259 2258/1/2258 5976/1/5976
f 5976/1/5976 2258/1/2258 2257/1/2257 5979/1/5979
f 5979/1/5979 2257/1/2257 330/1/330 2272/1/2272
f 5978/1/5978 5979/1/5979 2272/1/2272 2273/1/2273
f 5977/1/5977 5978/1/5978 2273/1/2273 2274/1/2274
f 2269/1/2269 5977/1/5977 2274/1/2274 332/1/332
f 2270/1/2270 5974/1/5974 5977/1/5977 2269/1/2269
f 2271/1/2271 5971/1/5971 5974/1/5974 2270/1/2270
f 5980/1/5980 5981/1/5981 5984/1/5984 5983/1/5983
f 5981/1/5981 5982/1/5982 5985/1/5985 5984/1/5984
f 5983/1/5983 5984/1/5984 5987/1/5987 5986/1/5986
f 5984/1/5984 5985/1/5985 5988/1/5988 5987/1/5987
f 331/1/331 2268/1/2268 5980/1/5980 2277/1/2277
f 2268/1/2268 2267/1/2267 5981/1/5981 5980/1/5980
f 2267/1/2267 2266/1/2266 5982/1/5982 5981/1/5981
f 2266/1/2266 86/1/86 966/1/966 5982/1/5982
f 5982/1/5982 966/1/966 965/1/965 5985/1/5985
f 5985/1/5985 965/1/965 964/1/964 5988/1/5988
f 5988/1/5988 964/1/964 84/1/84 2278/1/2278
f 5987/1/5987 5988/1/5988 2278/1/2278 2279/1/2279
f 5986/1/5986 5987/1/5987 2279/1/2279 2280/1/2280
f 2275/1/2275 5986/1/5986 2280/1/2280 333/1/333
f 2276/1/2276 5983/1/5983 5986/1/5986 2275/1/2275
f 2277/1/2277 5980/1/5980 5983/1/5983 2276/1/2276
f 5989/1/5989 5990/1/5990 5993/1/5993 5992/1/5992
f 5990/1/5990 5991/1/5991 5994/1/5994 5993/1/5993
f 5992/1/5992 5993/1/5993 5996/1/5996 5995/1/5995
f 5993/1/5993 5994/1/5994 5997/1/5997 5996/1/5996
f 330/1/330 2281/1/2281 5989/1/5989 2272/1/2272
f 2281/1/2281 2282/1/2282 5990/1/5990 5989/1/5989
f 2282/1/2282 2283/1/2283 5991/1/5991 5990/1/5990
f 2283/1/2283 336/1/336 2214/1/2214 5991/1/5991
f 5991/1/5991 2214/1/2214 2213/1/2213 5994/1/5994
f 5994/1/5994 2213/1/2213 2212/1/2212 5997/1/5997
f 5997/1/5997 2212/1/2212 338/1/338 2284/1/2284
f 5996/1/5996 5997/1/5997 2284/1/2284 2285/1/2285
f 5995/1/5995 5996/1/5996 2285/1/2285 2286/1/2286
f 2274/1/2274 5995/1/5995 2286/1/2286 332/1/332
f 2273/1/2273 5992/1/5992 5995/1/5995 2274/1/2274
f 2272/1/2272 5989/1/5989 5992/1/5992 2273/1/2273
f 5998/1/5998 5999/1/5999 6002/1/6002 6001/1/6001
f 5999/1/5999 6000/1/6000 6003/1/6003 6002/1/6002
f 6001/1/6001 6002/1/6002 6005/1/6005 6004/1/6004
f 6002/1/6002 6003/1/6003 6006/1/6006 6005/1/6005
f 339/1/339 2217/1/2217 5998/1/5998 2289/1/2289
f 2217/1/2217 2216/1/2216 5999/1/5999 5998/1/5998
f 2216/1/2216 2215/1/2215 6000/1/6000 5999/1/5999
f 2215/1/2215 337/1/337 2290/1/2290 6000/1/6000
f 6000/1/6000 2290/1/2290 2291/1/2291 6003/1/6003
f 6003/1/6003 2291/1/2291 2292/1/2292 6006/1/6006
f 6006/1/6006 2292/1/2292 331/1/331 2277/1/2277
f 6005/1/6005 6006/1/6006 2277/1/2277 2276/1/2276
f 6004/1/6004 6005/1/6005 2276/1/2276 2275/1/2275
f 2287/1/2287 6004/1/6004 2275/1/2275 333/1/333
f 2288/1/2288 6001/1/6001 6004/1/6004 2287/1/2287
f 2289/1/2289 5998/1/5998 6001/1/6001 2288/1/2288
f 6007/1/6007 6008/1/6008 6011/1/6011 6010/1/6010
f 6008/1/6008 6009/1/6009 6012/1/6012 6011/1/6011
f 6010/1/6010 6011/1/6011 6014/1/6014 6013/1/6013
f 6011/1/6011 6012/1/6012 6015/1/6015 6014/1/6014
f 330/1/330 2262/1/2262 6007/1/6007 2281/1/2281
f 2262/1/2262 2261/1/2261 6008/1/6008 6007/1/6007
f 2261/1/2261 2260/1/2260 6009/1/6009 6008/1/6008
f 2260/1/2260 334/1/334 2250/1/2250 6009/1/6009
f 6009/1/6009 2250/1/2250 2249/1/2249 6012/1/6012
f 6012/1/6012 2249/1/2249 2248/1/2248 6015/1/6015
f 6015/1/6015 2248/1/2248 340/1/340 2229/1/2229
f 6014/1/6014 6015/1/6015 2229/1/2229 2228/1/2228
f 6013/1/6013 6014/1/6014 2228/1/2228 2227/1/2227
f 2283/1/2283 6013/1/6013 2227/1/2227 336/1/336
f 2282/1/2282 6010/1/6010 6013/1/6013 2283/1/2283
f 2281/1/2281 6007/1/6007 6010/1/6010 2282/1/2282
f 6016/1/6016 6017/1/6017 6020/1/6020 6019/1/6019
f 6017/1/6017 6018/1/6018 6021/1/6021 6020/1/6020
f 6019/1/6019 6020/1/6020 6023/1/6023 6022/1/6022
f 6020/1/6020 6021/1/6021 6024/1/6024 6023/1/6023
f 341/1/341 2253/1/2253 6016/1/6016 2230/1/2230
f 2253/1/2253 2252/1/2252 6017/1/6017 6016/1/6016
f 2252/1/2252 2251/1/2251 6018/1/6018 6017/1/6017
f 2251/1/2251 335/1/335 2265/1/2265 6018/1/6018
f 6018/1/6018 2265/1/2265 2264/1/2264 6021/1/6021
f 6021/1/6021 2264/1/2264 2263/1/2263 6024/1/6024
f 6024/1/6024 2263/1/2263 331/1/331 2292/1/2292
f 6023/1/6023 6024/1/6024 2292/1/2292 2291/1/2291
f 6022/1/6022 6023/1/6023 2291/1/2291 2290/1/2290
f 2232/1/2232 6022/1/6022 2290/1/2290 337/1/337
f 2231/1/2231 6019/1/6019 6022/1/6022 2232/1/2232
f 2230/1/2230 6016/1/6016 6019/1/6019 2231/1/2231
f 6025/1/6025 6026/1/6026 6029/1/6029 6028/1/6028
f 6026/1/6026 6027/1/6027 6030/1/6030 6029/1/6029
f 6028/1/6028 6029/1/6029 6032/1/6032 6031/1/6031
f 6029/1/6029 6030/1/6030 6033/1/6033 6032/1/6032
f 326/1/326 2296/1/2296 6025/1/6025 2295/1/2295
f 2296/1/2296 2297/1/2297 6026/1/6026 6025/1/6025
f 2297/1/2297 2298/1/2298 6027/1/6027 6026/1/6026
f 2298/1/2298 332/1/332 2286/1/2286 6027/1/6027
f 6027/1/6027 2286/1/2286 2285/1/2285 6030/1/6030
f 6030/1/6030 2285/1/2285 2284/1/2284 6033/1/6033
f 6033/1/6033 2284/1/2284 338/1/338 2196/1/2196
f 6032/1/6032 6033/1/6033 2196/1/2196 2195/1/2195
f 6031/1/6031 6032/1/6032 2195/1/2195 2194/1/2194
f 2293/1/2293 6031/1/6031 2194/1/2194 328/1/328
f 2294/1/2294 6028/1/6028 6031/1/6031 2293/1/2293
f 2295/1/2295 6025/1/6025 6028/1/6028 2294/1/2294
f 6034/1/6034 6035/1/6035 6038/1/6038 6037/1/6037
f 6035/1/6035 6036/1/6036 6039/1/6039 6038/1/6038
f 6037/1/6037 6038/1/6038 6041/1/6041 6040/1/6040
f 6038/1/6038 6039/1/6039 6042/1/6042 6041/1/6041
f 339/1/339 2289/1/2289 6034/1/6034 2197/1/2197
f 2289/1/2289 2288/1/2288 6035/1/6035 6034/1/6034
f 2288/1/2288 2287/1/2287 6036/1/6036 6035/1/6035
f 2287/1/2287 333/1/333 2299/1/2299 6036/1/6036
f 6036/1/6036 2299/1/2299 2300/1/2300 6039/1/6039
f 6039/1/6039 2300/1/2300 2301/1/2301 6042/1/6042
f 6042/1/6042 2301/1/2301 327/1/327 2302/1/2302
f 6041/1/6041 6042/1/6042 2302/1/2302 2303/1/2303
f 6040/1/6040 6041/1/6041 2303/1/2303 2304/1/2304
f 2199/1/2199 6040/1/6040 2304/1/2304 329/1/329
f 2198/1/2198 6037/1/6037 6040/1/6040 2199/1/2199
f 2197/1/2197 6034/1/6034 6037/1/6037 2198/1/2198
f 6043/1/6043 6044/1/6044 6047/1/6047 6046/1/6046
f 6044/1/6044 6045/1/6045 6048/1/6048 6047/1/6047
f 6046/1/6046 6047/1/6047 6050/1/6050 6049/1/6049
f 6047/1/6047 6048/1/6048 6051/1/6051 6050/1/6050
f 81/1/81 969/1/969 6043/1/6043 2307/1/2307
f 969/1/969 968/1/968 6044/1/6044 6043/1/6043
f 968/1/968 967/1/967 6045/1/6045 6044/1/6044
f 967/1/967 83/1/83 2271/1/2271 6045/1/6045
f 6045/1/6045 2271/1/2271 2270/1/2270 6048/1/6048
f 6048/1/6048 2270/1/2270 2269/1/2269 6051/1/6051
f 6051/1/6051 2269/1/2269 332/1/332 2298/1/2298
f 6050/1/6050 6051/1/6051 2298/1/2298 2297/1/2297
f 6049/1/6049 6050/1/6050 2297/1/2297 2296/1/2296
f 2305/1/2305 6049/1/6049 2296/1/2296 326/1/326
f 2306/1/2306 6046/1/6046 6049/1/6049 2305/1/2305
f 2307/1/2307 6043/1/6043 6046/1/6046 2306/1/2306
f 6052/1/6052 6053/1/6053 6056/1/6056 6055/1/6055
f 6053/1/6053 6054/1/6054 6057/1/6057 6056/1/6056
f 6055/1/6055 6056/1/6056 6059/1/6059 6058/1/6058
f 6056/1/6056 6057/1/6057 6060/1/6060 6059/1/6059
f 333/1/333 2280/1/2280 6052/1/6052 2299/1/2299
f 2280/1/2280 2279/1/2279 6053/1/6053 6052/1/6052
f 2279/1/2279 2278/1/2278 6054/1/6054 6053/1/6053
f 2278/1/2278 84/1/84 984/1/984 6054/1/6054
f 6054/1/6054 984/1/984 983/1/983 6057/1/6057
f 6057/1/6057 983/1/983 982/1/982 6060/1/6060
f 6060/1/6060 982/1/982 82/1/82 2308/1/2308
f 6059/1/6059 6060/1/6060 2308/1/2308 2309/1/2309
f 6058/1/6058 6059/1/6059 2309/1/2309 2310/1/2310
f 2301/1/2301 6058/1/6058 2310/1/2310 327/1/327
f 2300/1/2300 6055/1/6055 6058/1/6058 2301/1/2301
f 2299/1/2299 6052/1/6052 6055/1/6055 2300/1/2300
f 6061/1/6061 6062/1/6062 6065/1/6065 6064/1/6064
f 6062/1/6062 6063/1/6063 6066/1/6066 6065/1/6065
f 6064/1/6064 6065/1/6065 6068/1/6068 6067/1/6067
f 6065/1/6065 6066/1/6066 6069/1/6069 6068/1/6068
f 209/1/209 2311/1/2311 6061/1/6061 1639/1/1639
f 2311/1/2311 2312/1/2312 6062/1/6062 6061/1/6061
f 2312/1/2312 2313/1/2313 6063/1/6063 6062/1/6062
f 2313/1/2313 342/1/342 2314/1/2314 6063/1/6063
f 6063/1/6063 2314/1/2314 2315/1/2315 6066/1/6066
f 6066/1/6066 2315/1/2315 2316/1/2316 6069/1/6069
f 6069/1/6069 2316/1/2316 344/1/344 2317/1/2317
f 6068/1/6068 6069/1/6069 2317/1/2317 2318/1/2318
f 6067/1/6067 6068/1/6068 2318/1/2318 2319/1/2319
f 1641/1/1641 6067/1/6067 2319/1/2319 215/1/215
f 1640/1/1640 6064/1/6064 6067/1/6067 1641/1/1641
f 1639/1/1639 6061/1/6061 6064/1/6064 1640/1/1640
f 6070/1/6070 6071/1/6071 6074/1/6074 6073/1/6073
f 6071/1/6071 6072/1/6072 6075/1/6075 6074/1/6074
f 6073/1/6073 6074/1/6074 6077/1/6077 6076/1/6076
f 6074/1/6074 6075/1/6075 6078/1/6078 6077/1/6077
f 345/1/345 2323/1/2323 6070/1/6070 2322/1/2322
f 2323/1/2323 2324/1/2324 6071/1/6071 6070/1/6070
f 2324/1/2324 2325/1/2325 6072/1/6072 6071/1/6071
f 2325/1/2325 343/1/343 2326/1/2326 6072/1/6072
f 6072/1/6072 2326/1/2326 2327/1/2327 6075/1/6075
f 6075/1/6075 2327/1/2327 2328/1/2328 6078/1/6078
f 6078/1/6078 2328/1/2328 210/1/210 1650/1/1650
f 6077/1/6077 6078/1/6078 1650/1/1650 1649/1/1649
f 6076/1/6076 6077/1/6077 1649/1/1649 1648/1/1648
f 2320/1/2320 6076/1/6076 1648/1/1648 216/1/216
f 2321/1/2321 6073/1/6073 6076/1/6076 2320/1/2320
f 2322/1/2322 6070/1/6070 6073/1/6073 2321/1/2321
f 6079/1/6079 6080/1/6080 6083/1/6083 6082/1/6082
f 6080/1/6080 6081/1/6081 6084/1/6084 6083/1/6083
f 6082/1/6082 6083/1/6083 6086/1/6086 6085/1/6085
f 6083/1/6083 6084/1/6084 6087/1/6087 6086/1/6086
f 81/1/81 2307/1/2307 6079/1/6079 1627/1/1627
f 2307/1/2307 2306/1/2306 6080/1/6080 6079/1/6079
f 2306/1/2306 2305/1/2305 6081/1/6081 6080/1/6080
f 2305/1/2305 326/1/326 2329/1/2329 6081/1/6081
f 6081/1/6081 2329/1/2329 2330/1/2330 6084/1/6084
f 6084/1/6084 2330/1/2330 2331/1/2331 6087/1/6087
f 6087/1/6087 2331/1/2331 342/1/342 2313/1/2313
f 6086/1/6086 6087/1/6087 2313/1/2313 2312/1/2312
f 6085/1/6085 6086/1/6086 2312/1/2312 2311/1/2311
f 1629/1/1629 6085/1/6085 2311/1/2311 209/1/209
f 1628/1/1628 6082/1/6082 6085/1/6085 1629/1/1629
f 1627/1/1627 6079/1/6079 6082/1/6082 1628/1/1628
f 6088/1/6088 6089/1/6089 6092/1/6092 6091/1/6091
f 6089/1/6089 6090/1/6090 6093/1/6093 6092/1/6092
f 6091/1/6091 6092/1/6092 6095/1/6095 6094/1/6094
f 6092/1/6092 6093/1/6093 6096/1/6096 6095/1/6095
f 343/1/343 2332/1/2332 6088/1/6088 2326/1/2326
f 2332/1/2332 2333/1/2333 6089/1/6089 6088/1/6088
f 2333/1/2333 2334/1/2334 6090/1/6090 6089/1/6089
f 2334/1/2334 327/1/327 2310/1/2310 6090/1/6090
f 6090/1/6090 2310/1/2310 2309/1/2309 6093/1/6093
f 6093/1/6093 2309/1/2309 2308/1/2308 6096/1/6096
f 6096/1/6096 2308/1/2308 82/1/82 1638/1/1638
f 6095/1/6095 6096/1/6096 1638/1/1638 1637/1/1637
f 6094/1/6094 6095/1/6095 1637/1/1637 1636/1/1636
f 2328/1/2328 6094/1/6094 1636/1/1636 210/1/210
f 2327/1/2327 6091/1/6091 6094/1/6094 2328/1/2328
f 2326/1/2326 6088/1/6088 6091/1/6091 2327/1/2327
f 6097/1/6097 6098/1/6098 6101/1/6101 6100/1/6100
f 6098/1/6098 6099/1/6099 6102/1/6102 6101/1/6101
f 6100/1/6100 6101/1/6101 6104/1/6104 6103/1/6103
f 6101/1/6101 6102/1/6102 6105/1/6105 6104/1/6104
f 79/1/79 1653/1/1653 6097/1/6097 2337/1/2337
f 1653/1/1653 1652/1/1652 6098/1/6098 6097/1/6097
f 1652/1/1652 1651/1/1651 6099/1/6099 6098/1/6098
f 1651/1/1651 215/1/215 2319/1/2319 6099/1/6099
f 6099/1/6099 2319/1/2319 2318/1/2318 6102/1/6102
f 6102/1/6102 2318/1/2318 2317/1/2317 6105/1/6105
f 6105/1/6105 2317/1/2317 344/1/344 2338/1/2338
f 6104/1/6104 6105/1/6105 2338/1/2338 2339/1/2339
f 6103/1/6103 6104/1/6104 2339/1/2339 2340/1/2340
f 2335/1/2335 6103/1/6103 2340/1/2340 346/1/346
f 2336/1/2336 6100/1/6100 6103/1/6103 2335/1/2335
f 2337/1/2337 6097/1/6097 6100/1/6100 2336/1/2336
f 6106/1/6106 6107/1/6107 6110/1/6110 6109/1/6109
f 6107/1/6107 6108/1/6108 6111/1/6111 6110/1/6110
f 6109/1/6109 6110/1/6110 6113/1/6113 6112/1/6112
f 6110/1/6110 6111/1/6111 6114/1/6114 6113/1/6113
f 345/1/345 2322/1/2322 6106/1/6106 2343/1/2343
f 2322/1/2322 2321/1/2321 6107/1/6107 6106/1/6106
f 2321/1/2321 2320/1/2320 6108/1/6108 6107/1/6107
f 2320/1/2320 216/1/216 1656/1/1656 6108/1/6108
f 6108/1/6108 1656/1/1656 1655/1/1655 6111/1/6111
f 6111/1/6111 1655/1/1655 1654/1/1654 6114/1/6114
f 6114/1/6114 1654/1/1654 80/1/80 2344/1/2344
f 6113/1/6113 6114/1/6114 2344/1/2344 2345/1/2345
f 6112/1/6112 6113/1/6113 2345/1/2345 2346/1/2346
f 2341/1/2341 6112/1/6112 2346/1/2346 347/1/347
f 2342/1/2342 6109/1/6109 6112/1/6112 2341/1/2341
f 2343/1/2343 6106/1/6106 6109/1/6109 2342/1/2342
f 6115/1/6115 6116/1/6116 6119/1/6119 6118/1/6118
f 6116/1/6116 6117/1/6117 6120/1/6120 6119/1/6119
f 6118/1/6118 6119/1/6119 6122/1/6122 6121/1/6121
f 6119/1/6119 6120/1/6120 6123/1/6123 6122/1/6122
f 79/1/79 2337/1/2337 6115/1/6115 988/1/988
f 2337/1/2337 2336/1/2336 6116/1/6116 6115/1/6115
f 2336/1/2336 2335/1/2335 6117/1/6117 6116/1/6116
f 2335/1/2335 346/1/346 2347/1/2347 6117/1/6117
f 6117/1/6117 2347/1/2347 2348/1/2348 6120/1/6120
f 6120/1/6120 2348/1/2348 2349/1/2349 6123/1/6123
f 6123/1/6123 2349/1/2349 300/1/300 2175/1/2175
f 6122/1/6122 6123/1/6123 2175/1/2175 2174/1/2174
f 6121/1/6121 6122/1/6122 2174/1/2174 2173/1/2173
f 990/1/990 6121/1/6121 2173/1/2173 92/1/92
f 989/1/989 6118/1/6118 6121/1/6121 990/1/990
f 988/1/988 6115/1/6115 6118/1/6118 989/1/989
f 6124/1/6124 6125/1/6125 6128/1/6128 6127/1/6127
f 6125/1/6125 6126/1/6126 6129/1/6129 6128/1/6128
f 6127/1/6127 6128/1/6128 6131/1/6131 6130/1/6130
f 6128/1/6128 6129/1/6129 6132/1/6132 6131/1/6131
f 301/1/301 2350/1/2350 6124/1/6124 2182/1/2182
f 2350/1/2350 2351/1/2351 6125/1/6125 6124/1/6124
f 2351/1/2351 2352/1/2352 6126/1/6126 6125/1/6125
f 2352/1/2352 347/1/347 2346/1/2346 6126/1/6126
f 6126/1/6126 2346/1/2346 2345/1/2345 6129/1/6129
f 6129/1/6129 2345/1/2345 2344/1/2344 6132/1/6132
f 6132/1/6132 2344/1/2344 80/1/80 1005/1/1005
f 6131/1/6131 6132/1/6132 1005/1/1005 1004/1/1004
f 6130/1/6130 6131/1/6131 1004/1/1004 1003/1/1003
f 2184/1/2184 6130/1/6130 1003/1/1003 93/1/93
f 2183/1/2183 6127/1/6127 6130/1/6130 2184/1/2184
f 2182/1/2182 6124/1/6124 6127/1/6127 2183/1/2183
f 6133/1/6133 6134/1/6134 6137/1/6137 6136/1/6136
f 6134/1/6134 6135/1/6135 6138/1/6138 6137/1/6137
f 6136/1/6136 6137/1/6137 6140/1/6140 6139/1/6139
f 6137/1/6137 6138/1/6138 6141/1/6141 6140/1/6140
f 77/1/77 2356/1/2356 6133/1/6133 2355/1/2355
f 2356/1/2356 2357/1/2357 6134/1/6134 6133/1/6133
f 2357/1/2357 2358/1/2358 6135/1/6135 6134/1/6134
f 2358/1/2358 324/1/324 2359/1/2359 6135/1/6135
f 6135/1/6135 2359/1/2359 2360/1/2360 6138/1/6138
f 6138/1/6138 2360/1/2360 2361/1/2361 6141/1/6141
f 6141/1/6141 2361/1/2361 352/1/352 2362/1/2362
f 6140/1/6140 6141/1/6141 2362/1/2362 2363/1/2363
f 6139/1/6139 6140/1/6140 2363/1/2363 2364/1/2364
f 2353/1/2353 6139/1/6139 2364/1/2364 304/1/304
f 2354/1/2354 6136/1/6136 6139/1/6139 2353/1/2353
f 2355/1/2355 6133/1/6133 6136/1/6136 2354/1/2354
f 6142/1/6142 6143/1/6143 6146/1/6146 6145/1/6145
f 6143/1/6143 6144/1/6144 6147/1/6147 6146/1/6146
f 6145/1/6145 6146/1/6146 6149/1/6149 6148/1/6148
f 6146/1/6146 6147/1/6147 6150/1/6150 6149/1/6149
f 353/1/353 2368/1/2368 6142/1/6142 2367/1/2367
f 2368/1/2368 2369/1/2369 6143/1/6143 6142/1/6142
f 2369/1/2369 2370/1/2370 6144/1/6144 6143/1/6143
f 2370/1/2370 325/1/325 2371/1/2371 6144/1/6144
f 6144/1/6144 2371/1/2371 2372/1/2372 6147/1/6147
f 6147/1/6147 2372/1/2372 2373/1/2373 6150/1/6150
f 6150/1/6150 2373/1/2373 77/1/77 2355/1/2355
f 6149/1/6149 6150/1/6150 2355/1/2355 2354/1/2354
f 6148/1/6148 6149/1/6149 2354/1/2354 2353/1/2353
f 2365/1/2365 6148/1/6148 2353/1/2353 304/1/304
f 2366/1/2366 6145/1/6145 6148/1/6148 2365/1/2365
f 2367/1/2367 6142/1/6142 6145/1/6145 2366/1/2366
f 6151/1/6151 6152/1/6152 6155/1/6155 6154/1/6154
f 6152/1/6152 6153/1/6153 6156/1/6156 6155/1/6155
f 6154/1/6154 6155/1/6155 6158/1/6158 6157/1/6157
f 6155/1/6155 6156/1/6156 6159/1/6159 6158/1/6158
f 304/1/304 2364/1/2364 6151/1/6151 2376/1/2376
f 2364/1/2364 2363/1/2363 6152/1/6152 6151/1/6151
f 2363/1/2363 2362/1/2362 6153/1/6153 6152/1/6152
f 2362/1/2362 352/1/352 2377/1/2377 6153/1/6153
f 6153/1/6153 2377/1/2377 2378/1/2378 6156/1/6156
f 6156/1/6156 2378/1/2378 2379/1/2379 6159/1/6159
f 6159/1/6159 2379/1/2379 350/1/350 2380/1/2380
f 6158/1/6158 6159/1/6159 2380/1/2380 2381/1/2381
f 6157/1/6157 6158/1/6158 2381/1/2381 2382/1/2382
f 2374/1/2374 6157/1/6157 2382/1/2382 78/1/78
f 2375/1/2375 6154/1/6154 6157/1/6157 2374/1/2374
f 2376/1/2376 6151/1/6151 6154/1/6154 2375/1/2375
f 6160/1/6160 6161/1/6161 6164/1/6164 6163/1/6163
f 6161/1/6161 6162/1/6162 6165/1/6165 6164/1/6164
f 6163/1/6163 6164/1/6164 6167/1/6167 6166/1/6166
f 6164/1/6164 6165/1/6165 6168/1/6168 6167/1/6167
f 351/1/351 2386/1/2386 6160/1/6160 2385/1/2385
f 2386/1/2386 2387/1/2387 6161/1/6161 6160/1/6160
f 2387/1/2387 2388/1/2388 6162/1/6162 6161/1/6161
f 2388/1/2388 353/1/353 2367/1/2367 6162/1/6162
f 6162/1/6162 2367/1/2367 2366/1/2366 6165/1/6165
f 6165/1/6165 2366/1/2366 2365/1/2365 6168/1/6168
f 6168/1/6168 2365/1/2365 304/1/304 2376/1/2376
f 6167/1/6167 6168/1/6168 2376/1/2376 2375/1/2375
f 6166/1/6166 6167/1/6167 2375/1/2375 2374/1/2374
f 2383/1/2383 6166/1/6166 2374/1/2374 78/1/78
f 2384/1/2384 6163/1/6163 6166/1/6166 2383/1/2383
f 2385/1/2385 6160/1/6160 6163/1/6163 2384/1/2384
f 6169/1/6169 6170/1/6170 6173/1/6173 6172/1/6172
f 6170/1/6170 6171/1/6171 6174/1/6174 6173/1/6173
f 6172/1/6172 6173/1/6173 6176/1/6176 6175/1/6175
f 6173/1/6173 6174/1/6174 6177/1/6177 6176/1/6176
f 78/1/78 2382/1/2382 6169/1/6169 2391/1/2391
f 2382/1/2382 2381/1/2381 6170/1/6170 6169/1/6169
f 2381/1/2381 2380/1/2380 6171/1/6171 6170/1/6170
f 2380/1/2380 350/1/350 2392/1/2392 6171/1/6171
f 6171/1/6171 2392/1/2392 2393/1/2393 6174/1/6174
f 6174/1/6174 2393/1/2393 2394/1/2394 6177/1/6177
f 6177/1/6177 2394/1/2394 348/1/348 2395/1/2395
f 6176/1/6176 6177/1/6177 2395/1/2395 2396/1/2396
f 6175/1/6175 6176/1/6176 2396/1/2396 2397/1/2397
f 2389/1/2389 6175/1/6175 2397/1/2397 305/1/305
f 2390/1/2390 6172/1/6172 6175/1/6175 2389/1/2389
f 2391/1/2391 6169/1/6169 6172/1/6172 2390/1/2390
f 6178/1/6178 6179/1/6179 6182/1/6182 6181/1/6181
f 6179/1/6179 6180/1/6180 6183/1/6183 6182/1/6182
f 6181/1/6181 6182/1/6182 6185/1/6185 6184/1/6184
f 6182/1/6182 6183/1/6183 6186/1/6186 6185/1/6185
f 349/1/349 2401/1/2401 6178/1/6178 2400/1/2400
f 2401/1/2401 2402/1/2402 6179/1/6179 6178/1/6178
f 2402/1/2402 2403/1/2403 6180/1/6180 6179/1/6179
f 2403/1/2403 351/1/351 2385/1/2385 6180/1/6180
f 6180/1/6180 2385/1/2385 2384/1/2384 6183/1/6183
f 6183/1/6183 2384/1/2384 2383/1/2383 6186/1/6186
f 6186/1/6186 2383/1/2383 78/1/78 2391/1/2391
f 6185/1/6185 6186/1/6186 2391/1/2391 2390/1/2390
f 6184/1/6184 6185/1/6185 2390/1/2390 2389/1/2389
f 2398/1/2398 6184/1/6184 2389/1/2389 305/1/305
f 2399/1/2399 6181/1/6181 6184/1/6184 2398/1/2398
f 2400/1/2400 6178/1/6178 6181/1/6181 2399/1/2399
f 6187/1/6187 6188/1/6188 6191/1/6191 6190/1/6190
f 6188/1/6188 6189/1/6189 6192/1/6192 6191/1/6191
f 6190/1/6190 6191/1/6191 6194/1/6194 6193/1/6193
f 6191/1/6191 6192/1/6192 6195/1/6195 6194/1/6194
f 305/1/305 2397/1/2397 6187/1/6187 2406/1/2406
f 2397/1/2397 2396/1/2396 6188/1/6188 6187/1/6187
f 2396/1/2396 2395/1/2395 6189/1/6189 6188/1/6188
f 2395/1/2395 348/1/348 2407/1/2407 6189/1/6189
f 6189/1/6189 2407/1/2407 2408/1/2408 6192/1/6192
f 6192/1/6192 2408/1/2408 2409/1/2409 6195/1/6195
f 6195/1/6195 2409/1/2409 328/1/328 2193/1/2193
f 6194/1/6194 6195/1/6195 2193/1/2193 2192/1/2192
f 6193/1/6193 6194/1/6194 2192/1/2192 2191/1/2191
f 2404/1/2404 6193/1/6193 2191/1/2191 309/1/309
f 2405/1/2405 6190/1/6190 6193/1/6193 2404/1/2404
f 2406/1/2406 6187/1/6187 6190/1/6190 2405/1/2405
f 6196/1/6196 6197/1/6197 6200/1/6200 6199/1/6199
f 6197/1/6197 6198/1/6198 6201/1/6201 6200/1/6200
f 6199/1/6199 6200/1/6200 6203/1/6203 6202/1/6202
f 6200/1/6200 6201/1/6201 6204/1/6204 6203/1/6203
f 329/1/329 2410/1/2410 6196/1/6196 2200/1/2200
f 2410/1/2410 2411/1/2411 6197/1/6197 6196/1/6196
f 2411/1/2411 2412/1/2412 6198/1/6198 6197/1/6197
f 2412/1/2412 349/1/349 2400/1/2400 6198/1/6198
f 6198/1/6198 2400/1/2400 2399/1/2399 6201/1/6201
f 6201/1/6201 2399/1/2399 2398/1/2398 6204/1/6204
f 6204/1/6204 2398/1/2398 305/1/305 2406/1/2406
f 6203/1/6203 6204/1/6204 2406/1/2406 2405/1/2405
f 6202/1/6202 6203/1/6203 2405/1/2405 2404/1/2404
f 2202/1/2202 6202/1/6202 2404/1/2404 309/1/309
f 2201/1/2201 6199/1/6199 6202/1/6202 2202/1/2202
f 2200/1/2200 6196/1/6196 6199/1/6199 2201/1/2201
f 6205/1/6205 6206/1/6206 6209/1/6209 6208/1/6208
f 6206/1/6206 6207/1/6207 6210/1/6210 6209/1/6209
f 6208/1/6208 6209/1/6209 6212/1/6212 6211/1/6211
f 6209/1/6209 6210/1/6210 6213/1/6213 6212/1/6212
f 326/1/326 2295/1/2295 6205/1/6205 2329/1/2329
f 2295/1/2295 2294/1/2294 6206/1/6206 6205/1/6205
f 2294/1/2294 2293/1/2293 6207/1/6207 6206/1/6206
f 2293/1/2293 328/1/328 2409/1/2409 6207/1/6207
f 6207/1/6207 2409/1/2409 2408/1/2408 6210/1/6210
f 6210/1/6210 2408/1/2408 2407/1/2407 6213/1/6213
f 6213/1/6213 2407/1/2407 348/1/348 2413/1/2413
f 6212/1/6212 6213/1/6213 2413/1/2413 2414/1/2414
f 6211/1/6211 6212/1/6212 2414/1/2414 2415/1/2415
f 2331/1/2331 6211/1/6211 2415/1/2415 342/1/342
f 2330/1/2330 6208/1/6208 6211/1/6211 2331/1/2331
f 2329/1/2329 6205/1/6205 6208/1/6208 2330/1/2330
f 6214/1/6214 6215/1/6215 6218/1/6218 6217/1/6217
f 6215/1/6215 6216/1/6216 6219/1/6219 6218/1/6218
f 6217/1/6217 6218/1/6218 6221/1/6221 6220/1/6220
f 6218/1/6218 6219/1/6219 6222/1/6222 6221/1/6221
f 349/1/349 2412/1/2412 6214/1/6214 2418/1/2418
f 2412/1/2412 2411/1/2411 6215/1/6215 6214/1/6214
f 2411/1/2411 2410/1/2410 6216/1/6216 6215/1/6215
f 2410/1/2410 329/1/329 2304/1/2304 6216/1/6216
f 6216/1/6216 2304/1/2304 2303/1/2303 6219/1/6219
f 6219/1/6219 2303/1/2303 2302/1/2302 6222/1/6222
f 6222/1/6222 2302/1/2302 327/1/327 2334/1/2334
f 6221/1/6221 6222/1/6222 2334/1/2334 2333/1/2333
f 6220/1/6220 6221/1/6221 2333/1/2333 2332/1/2332
f 2416/1/2416 6220/1/6220 2332/1/2332 343/1/343
f 2417/1/2417 6217/1/6217 6220/1/6220 2416/1/2416
f 2418/1/2418 6214/1/6214 6217/1/6217 2417/1/2417
f 6223/1/6223 6224/1/6224 6227/1/6227 6226/1/6226
f 6224/1/6224 6225/1/6225 6228/1/6228 6227/1/6227
f 6226/1/6226 6227/1/6227 6230/1/6230 6229/1/6229
f 6227/1/6227 6228/1/6228 6231/1/6231 6230/1/6230
f 296/1/296 2166/1/2166 6223/1/6223 2421/1/2421
f 2166/1/2166 2165/1/2165 6224/1/6224 6223/1/6223
f 2165/1/2165 2164/1/2164 6225/1/6225 6224/1/6224
f 2164/1/2164 298/1/298 2422/1/2422 6225/1/6225
f 6225/1/6225 2422/1/2422 2423/1/2423 6228/1/6228
f 6228/1/6228 2423/1/2423 2424/1/2424 6231/1/6231
f 6231/1/6231 2424/1/2424 318/1/318 2425/1/2425
f 6230/1/6230 6231/1/6231 2425/1/2425 2426/1/2426
f 6229/1/6229 6230/1/6230 2426/1/2426 2427/1/2427
f 2419/1/2419 6229/1/6229 2427/1/2427 310/1/310
f 2420/1/2420 6226/1/6226 6229/1/6229 2419/1/2419
f 2421/1/2421 6223/1/6223 6226/1/6226 2420/1/2420
f 6232/1/6232 6233/1/6233 6236/1/6236 6235/1/6235
f 6233/1/6233 6234/1/6234 6237/1/6237 6236/1/6236
f 6235/1/6235 6236/1/6236 6239/1/6239 6238/1/6238
f 6236/1/6236 6237/1/6237 6240/1/6240 6239/1/6239
f 319/1/319 2431/1/2431 6232/1/6232 2430/1/2430
f 2431/1/2431 2432/1/2432 6233/1/6233 6232/1/6232
f 2432/1/2432 2433/1/2433 6234/1/6234 6233/1/6233
f 2433/1/2433 299/1/299 2169/1/2169 6234/1/6234
f 6234/1/6234 2169/1/2169 2168/1/2168 6237/1/6237
f 6237/1/6237 2168/1/2168 2167/1/2167 6240/1/6240
f 6240/1/6240 2167/1/2167 297/1/297 2434/1/2434
f 6239/1/6239 6240/1/6240 2434/1/2434 2435/1/2435
f 6238/1/6238 6239/1/6239 2435/1/2435 2436/1/2436
f 2428/1/2428 6238/1/6238 2436/1/2436 311/1/311
f 2429/1/2429 6235/1/6235 6238/1/6238 2428/1/2428
f 2430/1/2430 6232/1/6232 6235/1/6235 2429/1/2429
f 6241/1/6241 6242/1/6242 6245/1/6245 6244/1/6244
f 6242/1/6242 6243/1/6243 6246/1/6246 6245/1/6245
f 6244/1/6244 6245/1/6245 6248/1/6248 6247/1/6247
f 6245/1/6245 6246/1/6246 6249/1/6249 6248/1/6248
f 76/1/76 2440/1/2440 6241/1/6241 2439/1/2439
f 2440/1/2440 2441/1/2441 6242/1/6242 6241/1/6241
f 2441/1/2441 2442/1/2442 6243/1/6243 6242/1/6242
f 2442/1/2442 316/1/316 2443/1/2443 6243/1/6243
f 6243/1/6243 2443/1/2443 2444/1/2444 6246/1/6246
f 6246/1/6246 2444/1/2444 2445/1/2445 6249/1/6249
f 6249/1/6249 2445/1/2445 324/1/324 2358/1/2358
f 6248/1/6248 6249/1/6249 2358/1/2358 2357/1/2357
f 6247/1/6247 6248/1/6248 2357/1/2357 2356/1/2356
f 2437/1/2437 6247/1/6247 2356/1/2356 77/1/77
f 2438/1/2438 6244/1/6244 6247/1/6247 2437/1/2437
f 2439/1/2439 6241/1/6241 6244/1/6244 2438/1/2438
f 6250/1/6250 6251/1/6251 6254/1/6254 6253/1/6253
f 6251/1/6251 6252/1/6252 6255/1/6255 6254/1/6254
f 6253/1/6253 6254/1/6254 6257/1/6257 6256/1/6256
f 6254/1/6254 6255/1/6255 6258/1/6258 6257/1/6257
f 325/1/325 2446/1/2446 6250/1/6250 2371/1/2371
f 2446/1/2446 2447/1/2447 6251/1/6251 6250/1/6250
f 2447/1/2447 2448/1/2448 6252/1/6252 6251/1/6251
f 2448/1/2448 317/1/317 2449/1/2449 6252/1/6252
f 6252/1/6252 2449/1/2449 2450/1/2450 6255/1/6255
f 6255/1/6255 2450/1/2450 2451/1/2451 6258/1/6258
f 6258/1/6258 2451/1/2451 76/1/76 2439/1/2439
f 6257/1/6257 6258/1/6258 2439/1/2439 2438/1/2438
f 6256/1/6256 6257/1/6257 2438/1/2438 2437/1/2437
f 2373/1/2373 6256/1/6256 2437/1/2437 77/1/77
f 2372/1/2372 6253/1/6253 6256/1/6256 2373/1/2373
f 2371/1/2371 6250/1/6250 6253/1/6253 2372/1/2372
f 6259/1/6259 6260/1/6260 6263/1/6263 6262/1/6262
f 6260/1/6260 6261/1/6261 6264/1/6264 6263/1/6263
f 6262/1/6262 6263/1/6263 6266/1/6266 6265/1/6265
f 6263/1/6263 6264/1/6264 6267/1/6267 6266/1/6266
f 302/1/302 2455/1/2455 6259/1/6259 2454/1/2454
f 2455/1/2455 2456/1/2456 6260/1/6260 6259/1/6259
f 2456/1/2456 2457/1/2457 6261/1/6261 6260/1/6260
f 2457/1/2457 358/1/358 2458/1/2458 6261/1/6261
f 6261/1/6261 2458/1/2458 2459/1/2459 6264/1/6264
f 6264/1/6264 2459/1/2459 2460/1/2460 6267/1/6267
f 6267/1/6267 2460/1/2460 356/1/356 2461/1/2461
f 6266/1/6266 6267/1/6267 2461/1/2461 2462/1/2462
f 6265/1/6265 6266/1/6266 2462/1/2462 2463/1/2463
f 2452/1/2452 6265/1/6265 2463/1/2463 303/1/303
f 2453/1/2453 6262/1/6262 6265/1/6265 2452/1/2452
f 2454/1/2454 6259/1/6259 6262/1/6262 2453/1/2453
f 6268/1/6268 6269/1/6269 6272/1/6272 6271/1/6271
f 6269/1/6269 6270/1/6270 6273/1/6273 6272/1/6272
f 6271/1/6271 6272/1/6272 6275/1/6275 6274/1/6274
f 6272/1/6272 6273/1/6273 6276/1/6276 6275/1/6275
f 357/1/357 2467/1/2467 6268/1/6268 2466/1/2466
f 2467/1/2467 2468/1/2468 6269/1/6269 6268/1/6268
f 2468/1/2468 2469/1/2469 6270/1/6270 6269/1/6269
f 2469/1/2469 359/1/359 2470/1/2470 6270/1/6270
f 6270/1/6270 2470/1/2470 2471/1/2471 6273/1/6273
f 6273/1/6273 2471/1/2471 2472/1/2472 6276/1/6276
f 6276/1/6276 2472/1/2472 302/1/302 2454/1/2454
f 6275/1/6275 6276/1/6276 2454/1/2454 2453/1/2453
f 6274/1/6274 6275/1/6275 2453/1/2453 2452/1/2452
f 2464/1/2464 6274/1/6274 2452/1/2452 303/1/303
f 2465/1/2465 6271/1/6271 6274/1/6274 2464/1/2464
f 2466/1/2466 6268/1/6268 6271/1/6271 2465/1/2465
f 6277/1/6277 6278/1/6278 6281/1/6281 6280/1/6280
f 6278/1/6278 6279/1/6279 6282/1/6282 6281/1/6281
f 6280/1/6280 6281/1/6281 6284/1/6284 6283/1/6283
f 6281/1/6281 6282/1/6282 6285/1/6285 6284/1/6284
f 303/1/303 2463/1/2463 6277/1/6277 2475/1/2475
f 2463/1/2463 2462/1/2462 6278/1/6278 6277/1/6277
f 2462/1/2462 2461/1/2461 6279/1/6279 6278/1/6278
f 2461/1/2461 356/1/356 2476/1/2476 6279/1/6279
f 6279/1/6279 2476/1/2476 2477/1/2477 6282/1/6282
f 6282/1/6282 2477/1/2477 2478/1/2478 6285/1/6285
f 6285/1/6285 2478/1/2478 354/1/354 2479/1/2479
f 6284/1/6284 6285/1/6285 2479/1/2479 2480/1/2480
f 6283/1/6283 6284/1/6284 2480/1/2480 2481/1/2481
f 2473/1/2473 6283/1/6283 2481/1/2481 75/1/75
f 2474/1/2474 6280/1/6280 6283/1/6283 2473/1/2473
f 2475/1/2475 6277/1/6277 6280/1/6280 2474/1/2474
f 6286/1/6286 6287/1/6287 6290/1/6290 6289/1/6289
f 6287/1/6287 6288/1/6288 6291/1/6291 6290/1/6290
f 6289/1/6289 6290/1/6290 6293/1/6293 6292/1/6292
f 6290/1/6290 6291/1/6291 6294/1/6294 6293/1/6293
f 355/1/355 2485/1/2485 6286/1/6286 2484/1/2484
f 2485/1/2485 2486/1/2486 6287/1/6287 6286/1/6286
f 2486/1/2486 2487/1/2487 6288/1/6288 6287/1/6287
f 2487/1/2487 357/1/357 2466/1/2466 6288/1/6288
f 6288/1/6288 2466/1/2466 2465/1/2465 6291/1/6291
f 6291/1/6291 2465/1/2465 2464/1/2464 6294/1/6294
f 6294/1/6294 2464/1/2464 303/1/303 2475/1/2475
f 6293/1/6293 6294/1/6294 2475/1/2475 2474/1/2474
f 6292/1/6292 6293/1/6293 2474/1/2474 2473/1/2473
f 2482/1/2482 6292/1/6292 2473/1/2473 75/1/75
f 2483/1/2483 6289/1/6289 6292/1/6292 2482/1/2482
f 2484/1/2484 6286/1/6286 6289/1/6289 2483/1/2483
f 6295/1/6295 6296/1/6296 6299/1/6299 6298/1/6298
f 6296/1/6296 6297/1/6297 6300/1/6300 6299/1/6299
f 6298/1/6298 6299/1/6299 6302/1/6302 6301/1/6301
f 6299/1/6299 6300/1/6300 6303/1/6303 6302/1/6302
f 75/1/75 2481/1/2481 6295/1/6295 2490/1/2490
f 2481/1/2481 2480/1/2480 6296/1/6296 6295/1/6295
f 2480/1/2480 2479/1/2479 6297/1/6297 6296/1/6296
f 2479/1/2479 354/1/354 2491/1/2491 6297/1/6297
f 6297/1/6297 2491/1/2491 2492/1/2492 6300/1/6300
f 6300/1/6300 2492/1/2492 2493/1/2493 6303/1/6303
f 6303/1/6303 2493/1/2493 316/1/316 2442/1/2442
f 6302/1/6302 6303/1/6303 2442/1/2442 2441/1/2441
f 6301/1/6301 6302/1/6302 2441/1/2441 2440/1/2440
f 2488/1/2488 6301/1/6301 2440/1/2440 76/1/76
f 2489/1/2489 6298/1/6298 6301/1/6301 2488/1/2488
f 2490/1/2490 6295/1/6295 6298/1/6298 2489/1/2489
f 6304/1/6304 6305/1/6305 6308/1/6308 6307/1/6307
f 6305/1/6305 6306/1/6306 6309/1/6309 6308/1/6308
f 6307/1/6307 6308/1/6308 6311/1/6311 6310/1/6310
f 6308/1/6308 6309/1/6309 6312/1/6312 6311/1/6311
f 317/1/317 2494/1/2494 6304/1/6304 2449/1/2449
f 2494/1/2494 2495/1/2495 6305/1/6305 6304/1/6304
f 2495/1/2495 2496/1/2496 6306/1/6306 6305/1/6305
f 2496/1/2496 355/1/355 2484/1/2484 6306/1/6306
f 6306/1/6306 2484/1/2484 2483/1/2483 6309/1/6309
f 6309/1/6309 2483/1/2483 2482/1/2482 6312/1/6312
f 6312/1/6312 2482/1/2482 75/1/75 2490/1/2490
f 6311/1/6311 6312/1/6312 2490/1/2490 2489/1/2489
f 6310/1/6310 6311/1/6311 2489/1/2489 2488/1/2488
f 2451/1/2451 6310/1/6310 2488/1/2488 76/1/76
f 2450/1/2450 6307/1/6307 6310/1/6310 2451/1/2451
f 2449/1/2449 6304/1/6304 6307/1/6307 2450/1/2450
f 6313/1/6313 6314/1/6314 6317/1/6317 6316/1/6316
f 6314/1/6314 6315/1/6315 6318/1/6318 6317/1/6317
f 6316/1/6316 6317/1/6317 6320/1/6320 6319/1/6319
f 6317/1/6317 6318/1/6318 6321/1/6321 6320/1/6320
f 292/1/292 2142/1/2142 6313/1/6313 2499/1/2499
f 2142/1/2142 2141/1/2141 6314/1/6314 6313/1/6313
f 2141/1/2141 2140/1/2140 6315/1/6315 6314/1/6314
f 2140/1/2140 294/1/294 2500/1/2500 6315/1/6315
f 6315/1/6315 2500/1/2500 2501/1/2501 6318/1/6318
f 6318/1/6318 2501/1/2501 2502/1/2502 6321/1/6321
f 6321/1/6321 2502/1/2502 362/1/362 2503/1/2503
f 6320/1/6320 6321/1/6321 2503/1/2503 2504/1/2504
f 6319/1/6319 6320/1/6320 2504/1/2504 2505/1/2505
f 2497/1/2497 6319/1/6319 2505/1/2505 364/1/364
f 2498/1/2498 6316/1/6316 6319/1/6319 2497/1/2497
f 2499/1/2499 6313/1/6313 6316/1/6316 2498/1/2498
f 6322/1/6322 6323/1/6323 6326/1/6326 6325/1/6325
f 6323/1/6323 6324/1/6324 6327/1/6327 6326/1/6326
f 6325/1/6325 6326/1/6326 6329/1/6329 6328/1/6328
f 6326/1/6326 6327/1/6327 6330/1/6330 6329/1/6329
f 363/1/363 2509/1/2509 6322/1/6322 2508/1/2508
f 2509/1/2509 2510/1/2510 6323/1/6323 6322/1/6322
f 2510/1/2510 2511/1/2511 6324/1/6324 6323/1/6323
f 2511/1/2511 295/1/295 2145/1/2145 6324/1/6324
f 6324/1/6324 2145/1/2145 2144/1/2144 6327/1/6327
f 6327/1/6327 2144/1/2144 2143/1/2143 6330/1/6330
f 6330/1/6330 2143/1/2143 293/1/293 2512/1/2512
f 6329/1/6329 6330/1/6330 2512/1/2512 2513/1/2513
f 6328/1/6328 6329/1/6329 2513/1/2513 2514/1/2514
f 2506/1/2506 6328/1/6328 2514/1/2514 365/1/365
f 2507/1/2507 6325/1/6325 6328/1/6328 2506/1/2506
f 2508/1/2508 6322/1/6322 6325/1/6325 2507/1/2507
f 6331/1/6331 6332/1/6332 6335/1/6335 6334/1/6334
f 6332/1/6332 6333/1/6333 6336/1/6336 6335/1/6335
f 6334/1/6334 6335/1/6335 6338/1/6338 6337/1/6337
f 6335/1/6335 6336/1/6336 6339/1/6339 6338/1/6338
f 364/1/364 2505/1/2505 6331/1/6331 2517/1/2517
f 2505/1/2505 2504/1/2504 6332/1/6332 6331/1/6331
f 2504/1/2504 2503/1/2503 6333/1/6333 6332/1/6332
f 2503/1/2503 362/1/362 2518/1/2518 6333/1/6333
f 6333/1/6333 2518/1/2518 2519/1/2519 6336/1/6336
f 6336/1/6336 2519/1/2519 2520/1/2520 6339/1/6339
f 6339/1/6339 2520/1/2520 368/1/368 2521/1/2521
f 6338/1/6338 6339/1/6339 2521/1/2521 2522/1/2522
f 6337/1/6337 6338/1/6338 2522/1/2522 2523/1/2523
f 2515/1/2515 6337/1/6337 2523/1/2523 366/1/366
f 2516/1/2516 6334/1/6334 6337/1/6337 2515/1/2515
f 2517/1/2517 6331/1/6331 6334/1/6334 2516/1/2516
f 6340/1/6340 6341/1/6341 6344/1/6344 6343/1/6343
f 6341/1/6341 6342/1/6342 6345/1/6345 6344/1/6344
f 6343/1/6343 6344/1/6344 6347/1/6347 6346/1/6346
f 6344/1/6344 6345/1/6345 6348/1/6348 6347/1/6347
f 369/1/369 2527/1/2527 6340/1/6340 2526/1/2526
f 2527/1/2527 2528/1/2528 6341/1/6341 6340/1/6340
f 2528/1/2528 2529/1/2529 6342/1/6342 6341/1/6341
f 2529/1/2529 363/1/363 2508/1/2508 6342/1/6342
f 6342/1/6342 2508/1/2508 2507/1/2507 6345/1/6345
f 6345/1/6345 2507/1/2507 2506/1/2506 6348/1/6348
f 6348/1/6348 2506/1/2506 365/1/365 2530/1/2530
f 6347/1/6347 6348/1/6348 2530/1/2530 2531/1/2531
f 6346/1/6346 6347/1/6347 2531/1/2531 2532/1/2532
f 2524/1/2524 6346/1/6346 2532/1/2532 367/1/367
f 2525/1/2525 6343/1/6343 6346/1/6346 2524/1/2524
f 2526/1/2526 6340/1/6340 6343/1/6343 2525/1/2525
f 6349/1/6349 6350/1/6350 6353/1/6353 6352/1/6352
f 6350/1/6350 6351/1/6351 6354/1/6354 6353/1/6353
f 6352/1/6352 6353/1/6353 6356/1/6356 6355/1/6355
f 6353/1/6353 6354/1/6354 6357/1/6357 6356/1/6356
f 366/1/366 2523/1/2523 6349/1/6349 2535/1/2535
f 2523/1/2523 2522/1/2522 6350/1/6350 6349/1/6349
f 2522/1/2522 2521/1/2521 6351/1/6351 6350/1/6350
f 2521/1/2521 368/1/368 2536/1/2536 6351/1/6351
f 6351/1/6351 2536/1/2536 2537/1/2537 6354/1/6354
f 6354/1/6354 2537/1/2537 2538/1/2538 6357/1/6357
f 6357/1/6357 2538/1/2538 370/1/370 2539/1/2539
f 6356/1/6356 6357/1/6357 2539/1/2539 2540/1/2540
f 6355/1/6355 6356/1/6356 2540/1/2540 2541/1/2541
f 2533/1/2533 6355/1/6355 2541/1/2541 372/1/372
f 2534/1/2534 6352/1/6352 6355/1/6355 2533/1/2533
f 2535/1/2535 6349/1/6349 6352/1/6352 2534/1/2534
f 6358/1/6358 6359/1/6359 6362/1/6362 6361/1/6361
f 6359/1/6359 6360/1/6360 6363/1/6363 6362/1/6362
f 6361/1/6361 6362/1/6362 6365/1/6365 6364/1/6364
f 6362/1/6362 6363/1/6363 6366/1/6366 6365/1/6365
f 371/1/371 2545/1/2545 6358/1/6358 2544/1/2544
f 2545/1/2545 2546/1/2546 6359/1/6359 6358/1/6358
f 2546/1/2546 2547/1/2547 6360/1/6360 6359/1/6359
f 2547/1/2547 369/1/369 2526/1/2526 6360/1/6360
f 6360/1/6360 2526/1/2526 2525/1/2525 6363/1/6363
f 6363/1/6363 2525/1/2525 2524/1/2524 6366/1/6366
f 6366/1/6366 2524/1/2524 367/1/367 2548/1/2548
f 6365/1/6365 6366/1/6366 2548/1/2548 2549/1/2549
f 6364/1/6364 6365/1/6365 2549/1/2549 2550/1/2550
f 2542/1/2542 6364/1/6364 2550/1/2550 373/1/373
f 2543/1/2543 6361/1/6361 6364/1/6364 2542/1/2542
f 2544/1/2544 6358/1/6358 6361/1/6361 2543/1/2543
f 6367/1/6367 6368/1/6368 6371/1/6371 6370/1/6370
f 6368/1/6368 6369/1/6369 6372/1/6372 6371/1/6371
f 6370/1/6370 6371/1/6371 6374/1/6374 6373/1/6373
f 6371/1/6371 6372/1/6372 6375/1/6375 6374/1/6374
f 372/1/372 2541/1/2541 6367/1/6367 2553/1/2553
f 2541/1/2541 2540/1/2540 6368/1/6368 6367/1/6367
f 2540/1/2540 2539/1/2539 6369/1/6369 6368/1/6368
f 2539/1/2539 370/1/370 2554/1/2554 6369/1/6369
f 6369/1/6369 2554/1/2554 2555/1/2555 6372/1/6372
f 6372/1/6372 2555/1/2555 2556/1/2556 6375/1/6375
f 6375/1/6375 2556/1/2556 376/1/376 2557/1/2557
f 6374/1/6374 6375/1/6375 2557/1/2557 2558/1/2558
f 6373/1/6373 6374/1/6374 2558/1/2558 2559/1/2559
f 2551/1/2551 6373/1/6373 2559/1/2559 374/1/374
f 2552/1/2552 6370/1/6370 6373/1/6373 2551/1/2551
f 2553/1/2553 6367/1/6367 6370/1/6370 2552/1/2552
f 6376/1/6376 6377/1/6377 6380/1/6380 6379/1/6379
f 6377/1/6377 6378/1/6378 6381/1/6381 6380/1/6380
f 6379/1/6379 6380/1/6380 6383/1/6383 6382/1/6382
f 6380/1/6380 6381/1/6381 6384/1/6384 6383/1/6383
f 377/1/377 2563/1/2563 6376/1/6376 2562/1/2562
f 2563/1/2563 2564/1/2564 6377/1/6377 6376/1/6376
f 2564/1/2564 2565/1/2565 6378/1/6378 6377/1/6377
f 2565/1/2565 371/1/371 2544/1/2544 6378/1/6378
f 6378/1/6378 2544/1/2544 2543/1/2543 6381/1/6381
f 6381/1/6381 2543/1/2543 2542/1/2542 6384/1/6384
f 6384/1/6384 2542/1/2542 373/1/373 2566/1/2566
f 6383/1/6383 6384/1/6384 2566/1/2566 2567/1/2567
f 6382/1/6382 6383/1/6383 2567/1/2567 2568/1/2568
f 2560/1/2560 6382/1/6382 2568/1/2568 375/1/375
f 2561/1/2561 6379/1/6379 6382/1/6382 2560/1/2560
f 2562/1/2562 6376/1/6376 6379/1/6379 2561/1/2561
f 6385/1/6385 6386/1/6386 6389/1/6389 6388/1/6388
f 6386/1/6386 6387/1/6387 6390/1/6390 6389/1/6389
f 6388/1/6388 6389/1/6389 6392/1/6392 6391/1/6391
f 6389/1/6389 6390/1/6390 6393/1/6393 6392/1/6392
f 314/1/314 2572/1/2572 6385/1/6385 2571/1/2571
f 2572/1/2572 2573/1/2573 6386/1/6386 6385/1/6385
f 2573/1/2573 2574/1/2574 6387/1/6387 6386/1/6386
f 2574/1/2574 378/1/378 2575/1/2575 6387/1/6387
f 6387/1/6387 2575/1/2575 2576/1/2576 6390/1/6390
f 6390/1/6390 2576/1/2576 2577/1/2577 6393/1/6393
f 6393/1/6393 2577/1/2577 374/1/374 2559/1/2559
f 6392/1/6392 6393/1/6393 2559/1/2559 2558/1/2558
f 6391/1/6391 6392/1/6392 2558/1/2558 2557/1/2557
f 2569/1/2569 6391/1/6391 2557/1/2557 376/1/376
f 2570/1/2570 6388/1/6388 6391/1/6391 2569/1/2569
f 2571/1/2571 6385/1/6385 6388/1/6388 2570/1/2570
f 6394/1/6394 6395/1/6395 6398/1/6398 6397/1/6397
f 6395/1/6395 6396/1/6396 6399/1/6399 6398/1/6398
f 6397/1/6397 6398/1/6398 6401/1/6401 6400/1/6400
f 6398/1/6398 6399/1/6399 6402/1/6402 6401/1/6401
f 375/1/375 2578/1/2578 6394/1/6394 2560/1/2560
f 2578/1/2578 2579/1/2579 6395/1/6395 6394/1/6394
f 2579/1/2579 2580/1/2580 6396/1/6396 6395/1/6395
f 2580/1/2580 379/1/379 2581/1/2581 6396/1/6396
f 6396/1/6396 2581/1/2581 2582/1/2582 6399/1/6399
f 6399/1/6399 2582/1/2582 2583/1/2583 6402/1/6402
f 6402/1/6402 2583/1/2583 315/1/315 2584/1/2584
f 6401/1/6401 6402/1/6402 2584/1/2584 2585/1/2585
f 6400/1/6400 6401/1/6401 2585/1/2585 2586/1/2586
f 2562/1/2562 6400/1/6400 2586/1/2586 377/1/377
f 2561/1/2561 6397/1/6397 6400/1/6400 2562/1/2562
f 2560/1/2560 6394/1/6394 6397/1/6397 2561/1/2561
f 6403/1/6403 6404/1/6404 6407/1/6407 6406/1/6406
f 6404/1/6404 6405/1/6405 6408/1/6408 6407/1/6407
f 6406/1/6406 6407/1/6407 6410/1/6410 6409/1/6409
f 6407/1/6407 6408/1/6408 6411/1/6411 6410/1/6410
f 316/1/316 2493/1/2493 6403/1/6403 2589/1/2589
f 2493/1/2493 2492/1/2492 6404/1/6404 6403/1/6403
f 2492/1/2492 2491/1/2491 6405/1/6405 6404/1/6404
f 2491/1/2491 354/1/354 2590/1/2590 6405/1/6405
f 6405/1/6405 2590/1/2590 2591/1/2591 6408/1/6408
f 6408/1/6408 2591/1/2591 2592/1/2592 6411/1/6411
f 6411/1/6411 2592/1/2592 374/1/374 2577/1/2577
f 6410/1/6410 6411/1/6411 2577/1/2577 2576/1/2576
f 6409/1/6409 6410/1/6410 2576/1/2576 2575/1/2575
f 2587/1/2587 6409/1/6409 2575/1/2575 378/1/378
f 2588/1/2588 6406/1/6406 6409/1/6409 2587/1/2587
f 2589/1/2589 6403/1/6403 6406/1/6406 2588/1/2588
f 6412/1/6412 6413/1/6413 6416/1/6416 6415/1/6415
f 6413/1/6413 6414/1/6414 6417/1/6417 6416/1/6416
f 6415/1/6415 6416/1/6416 6419/1/6419 6418/1/6418
f 6416/1/6416 6417/1/6417 6420/1/6420 6419/1/6419
f 375/1/375 2593/1/2593 6412/1/6412 2578/1/2578
f 2593/1/2593 2594/1/2594 6413/1/6413 6412/1/6412
f 2594/1/2594 2595/1/2595 6414/1/6414 6413/1/6413
f 2595/1/2595 355/1/355 2496/1/2496 6414/1/6414
f 6414/1/6414 2496/1/2496 2495/1/2495 6417/1/6417
f 6417/1/6417 2495/1/2495 2494/1/2494 6420/1/6420
f 6420/1/6420 2494/1/2494 317/1/317 2596/1/2596
f 6419/1/6419 6420/1/6420 2596/1/2596 2597/1/2597
f 6418/1/6418 6419/1/6419 2597/1/2597 2598/1/2598
f 2580/1/2580 6418/1/6418 2598/1/2598 379/1/379
f 2579/1/2579 6415/1/6415 6418/1/6418 2580/1/2580
f 2578/1/2578 6412/1/6412 6415/1/6415 2579/1/2579
f 6421/1/6421 6422/1/6422 6425/1/6425 6424/1/6424
f 6422/1/6422 6423/1/6423 6426/1/6426 6425/1/6425
f 6424/1/6424 6425/1/6425 6428/1/6428 6427/1/6427
f 6425/1/6425 6426/1/6426 6429/1/6429 6428/1/6428
f 354/1/354 2478/1/2478 6421/1/6421 2590/1/2590
f 2478/1/2478 2477/1/2477 6422/1/6422 6421/1/6421
f 2477/1/2477 2476/1/2476 6423/1/6423 6422/1/6422
f 2476/1/2476 356/1/356 2599/1/2599 6423/1/6423
f 6423/1/6423 2599/1/2599 2600/1/2600 6426/1/6426
f 6426/1/6426 2600/1/2600 2601/1/2601 6429/1/6429
f 6429/1/6429 2601/1/2601 372/1/372 2553/1/2553
f 6428/1/6428 6429/1/6429 2553/1/2553 2552/1/2552
f 6427/1/6427 6428/1/6428 2552/1/2552 2551/1/2551
f 2592/1/2592 6427/1/6427 2551/1/2551 374/1/374
f 2591/1/2591 6424/1/6424 6427/1/6427 2592/1/2592
f 2590/1/2590 6421/1/6421 6424/1/6424 2591/1/2591
f 6430/1/6430 6431/1/6431 6434/1/6434 6433/1/6433
f 6431/1/6431 6432/1/6432 6435/1/6435 6434/1/6434
f 6433/1/6433 6434/1/6434 6437/1/6437 6436/1/6436
f 6434/1/6434 6435/1/6435 6438/1/6438 6437/1/6437
f 373/1/373 2602/1/2602 6430/1/6430 2566/1/2566
f 2602/1/2602 2603/1/2603 6431/1/6431 6430/1/6430
f 2603/1/2603 2604/1/2604 6432/1/6432 6431/1/6431
f 2604/1/2604 357/1/357 2487/1/2487 6432/1/6432
f 6432/1/6432 2487/1/2487 2486/1/2486 6435/1/6435
f 6435/1/6435 2486/1/2486 2485/1/2485 6438/1/6438
f 6438/1/6438 2485/1/2485 355/1/355 2595/1/2595
f 6437/1/6437 6438/1/6438 2595/1/2595 2594/1/2594
f 6436/1/6436 6437/1/6437 2594/1/2594 2593/1/2593
f 2568/1/2568 6436/1/6436 2593/1/2593 375/1/375
f 2567/1/2567 6433/1/6433 6436/1/6436 2568/1/2568
f 2566/1/2566 6430/1/6430 6433/1/6433 2567/1/2567
f 6439/1/6439 6440/1/6440 6443/1/6443 6442/1/6442
f 6440/1/6440 6441/1/6441 6444/1/6444 6443/1/6443
f 6442/1/6442 6443/1/6443 6446/1/6446 6445/1/6445
f 6443/1/6443 6444/1/6444 6447/1/6447 6446/1/6446
f 356/1/356 2460/1/2460 6439/1/6439 2599/1/2599
f 2460/1/2460 2459/1/2459 6440/1/6440 6439/1/6439
f 2459/1/2459 2458/1/2458 6441/1/6441 6440/1/6440
f 2458/1/2458 358/1/358 2605/1/2605 6441/1/6441
f 6441/1/6441 2605/1/2605 2606/1/2606 6444/1/6444
f 6444/1/6444 2606/1/2606 2607/1/2607 6447/1/6447
f 6447/1/6447 2607/1/2607 366/1/366 2535/1/2535
f 6446/1/6446 6447/1/6447 2535/1/2535 2534/1/2534
f 6445/1/6445 6446/1/6446 2534/1/2534 2533/1/2533
f 2601/1/2601 6445/1/6445 2533/1/2533 372/1/372
f 2600/1/2600 6442/1/6442 6445/1/6445 2601/1/2601
f 2599/1/2599 6439/1/6439 6442/1/6442 2600/1/2600
f 6448/1/6448 6449/1/6449 6452/1/6452 6451/1/6451
f 6449/1/6449 6450/1/6450 6453/1/6453 6452/1/6452
f 6451/1/6451 6452/1/6452 6455/1/6455 6454/1/6454
f 6452/1/6452 6453/1/6453 6456/1/6456 6455/1/6455
f 367/1/367 2608/1/2608 6448/1/6448 2548/1/2548
f 2608/1/2608 2609/1/2609 6449/1/6449 6448/1/6448
f 2609/1/2609 2610/1/2610 6450/1/6450 6449/1/6449
f 2610/1/2610 359/1/359 2469/1/2469 6450/1/6450
f 6450/1/6450 2469/1/2469 2468/1/2468 6453/1/6453
f 6453/1/6453 2468/1/2468 2467/1/2467 6456/1/6456
f 6456/1/6456 2467/1/2467 357/1/357 2604/1/2604
f 6455/1/6455 6456/1/6456 2604/1/2604 2603/1/2603
f 6454/1/6454 6455/1/6455 2603/1/2603 2602/1/2602
f 2550/1/2550 6454/1/6454 2602/1/2602 373/1/373
f 2549/1/2549 6451/1/6451 6454/1/6454 2550/1/2550
f 2548/1/2548 6448/1/6448 6451/1/6451 2549/1/2549
f 6457/1/6457 6458/1/6458 6461/1/6461 6460/1/6460
f 6458/1/6458 6459/1/6459 6462/1/6462 6461/1/6461
f 6460/1/6460 6461/1/6461 6464/1/6464 6463/1/6463
f 6461/1/6461 6462/1/6462 6465/1/6465 6464/1/6464
f 358/1/358 2611/1/2611 6457/1/6457 2605/1/2605
f 2611/1/2611 2612/1/2612 6458/1/6458 6457/1/6457
f 2612/1/2612 2613/1/2613 6459/1/6459 6458/1/6458
f 2613/1/2613 360/1/360 2614/1/2614 6459/1/6459
f 6459/1/6459 2614/1/2614 2615/1/2615 6462/1/6462
f 6462/1/6462 2615/1/2615 2616/1/2616 6465/1/6465
f 6465/1/6465 2616/1/2616 364/1/364 2517/1/2517
f 6464/1/6464 6465/1/6465 2517/1/2517 2516/1/2516
f 6463/1/6463 6464/1/6464 2516/1/2516 2515/1/2515
f 2607/1/2607 6463/1/6463 2515/1/2515 366/1/366
f 2606/1/2606 6460/1/6460 6463/1/6463 2607/1/2607
f 2605/1/2605 6457/1/6457 6460/1/6460 2606/1/2606
f 6466/1/6466 6467/1/6467 6470/1/6470 6469/1/6469
f 6467/1/6467 6468/1/6468 6471/1/6471 6470/1/6470
f 6469/1/6469 6470/1/6470 6473/1/6473 6472/1/6472
f 6470/1/6470 6471/1/6471 6474/1/6474 6473/1/6473
f 365/1/365 2617/1/2617 6466/1/6466 2530/1/2530
f 2617/1/2617 2618/1/2618 6467/1/6467 6466/1/6466
f 2618/1/2618 2619/1/2619 6468/1/6468 6467/1/6467
f 2619/1/2619 361/1/361 2620/1/2620 6468/1/6468
f 6468/1/6468 2620/1/2620 2621/1/2621 6471/1/6471
f 6471/1/6471 2621/1/2621 2622/1/2622 6474/1/6474
f 6474/1/6474 2622/1/2622 359/1/359 2610/1/2610
f 6473/1/6473 6474/1/6474 2610/1/2610 2609/1/2609
f 6472/1/6472 6473/1/6473 2609/1/2609 2608/1/2608
f 2532/1/2532 6472/1/6472 2608/1/2608 367/1/367
f 2531/1/2531 6469/1/6469 6472/1/6472 2532/1/2532
f 2530/1/2530 6466/1/6466 6469/1/6469 2531/1/2531
f 6475/1/6475 6476/1/6476 6479/1/6479 6478/1/6478
f 6476/1/6476 6477/1/6477 6480/1/6480 6479/1/6479
f 6478/1/6478 6479/1/6479 6482/1/6482 6481/1/6481
f 6479/1/6479 6480/1/6480 6483/1/6483 6482/1/6482
f 290/1/290 2130/1/2130 6475/1/6475 2625/1/2625
f 2130/1/2130 2129/1/2129 6476/1/6476 6475/1/6475
f 2129/1/2129 2128/1/2128 6477/1/6477 6476/1/6476
f 2128/1/2128 292/1/292 2499/1/2499 6477/1/6477
f 6477/1/6477 2499/1/2499 2498/1/2498 6480/1/6480
f 6480/1/6480 2498/1/2498 2497/1/2497 6483/1/6483
f 6483/1/6483 2497/1/2497 364/1/364 2616/1/2616
f 6482/1/6482 6483/1/6483 2616/1/2616 2615/1/2615
f 6481/1/6481 6482/1/6482 2615/1/2615 2614/1/2614
f 2623/1/2623 6481/1/6481 2614/1/2614 360/1/360
f 2624/1/2624 6478/1/6478 6481/1/6481 2623/1/2623
f 2625/1/2625 6475/1/6475 6478/1/6478 2624/1/2624
f 6484/1/6484 6485/1/6485 6488/1/6488 6487/1/6487
f 6485/1/6485 6486/1/6486 6489/1/6489 6488/1/6488
f 6487/1/6487 6488/1/6488 6491/1/6491 6490/1/6490
f 6488/1/6488 6489/1/6489 6492/1/6492 6491/1/6491
f 365/1/365 2514/1/2514 6484/1/6484 2617/1/2617
f 2514/1/2514 2513/1/2513 6485/1/6485 6484/1/6484
f 2513/1/2513 2512/1/2512 6486/1/6486 6485/1/6485
f 2512/1/2512 293/1/293 2133/1/2133 6486/1/6486
f 6486/1/6486 2133/1/2133 2132/1/2132 6489/1/6489
f 6489/1/6489 2132/1/2132 2131/1/2131 6492/1/6492
f 6492/1/6492 2131/1/2131 291/1/291 2626/1/2626
f 6491/1/6491 6492/1/6492 2626/1/2626 2627/1/2627
f 6490/1/6490 6491/1/6491 2627/1/2627 2628/1/2628
f 2619/1/2619 6490/1/6490 2628/1/2628 361/1/361
f 2618/1/2618 6487/1/6487 6490/1/6490 2619/1/2619
f 2617/1/2617 6484/1/6484 6487/1/6487 2618/1/2618
f 6493/1/6493 6494/1/6494 6497/1/6497 6496/1/6496
f 6494/1/6494 6495/1/6495 6498/1/6498 6497/1/6497
f 6496/1/6496 6497/1/6497 6500/1/6500 6499/1/6499
f 6497/1/6497 6498/1/6498 6501/1/6501 6500/1/6500
f 74/1/74 2632/1/2632 6493/1/6493 2631/1/2631
f 2632/1/2632 2633/1/2633 6494/1/6494 6493/1/6493
f 2633/1/2633 2634/1/2634 6495/1/6495 6494/1/6494
f 2634/1/2634 360/1/360 2613/1/2613 6495/1/6495
f 6495/1/6495 2613/1/2613 2612/1/2612 6498/1/6498
f 6498/1/6498 2612/1/2612 2611/1/2611 6501/1/6501
f 6501/1/6501 2611/1/2611 358/1/358 2457/1/2457
f 6500/1/6500 6501/1/6501 2457/1/2457 2456/1/2456
f 6499/1/6499 6500/1/6500 2456/1/2456 2455/1/2455
f 2629/1/2629 6499/1/6499 2455/1/2455 302/1/302
f 2630/1/2630 6496/1/6496 6499/1/6499 2629/1/2629
f 2631/1/2631 6493/1/6493 6496/1/6496 2630/1/2630
f 6502/1/6502 6503/1/6503 6506/1/6506 6505/1/6505
f 6503/1/6503 6504/1/6504 6507/1/6507 6506/1/6506
f 6505/1/6505 6506/1/6506 6509/1/6509 6508/1/6508
f 6506/1/6506 6507/1/6507 6510/1/6510 6509/1/6509
f 359/1/359 2622/1/2622 6502/1/6502 2470/1/2470
f 2622/1/2622 2621/1/2621 6503/1/6503 6502/1/6502
f 2621/1/2621 2620/1/2620 6504/1/6504 6503/1/6503
f 2620/1/2620 361/1/361 2635/1/2635 6504/1/6504
f 6504/1/6504 2635/1/2635 2636/1/2636 6507/1/6507
f 6507/1/6507 2636/1/2636 2637/1/2637 6510/1/6510
f 6510/1/6510 2637/1/2637 74/1/74 2631/1/2631
f 6509/1/6509 6510/1/6510 2631/1/2631 2630/1/2630
f 6508/1/6508 6509/1/6509 2630/1/2630 2629/1/2629
f 2472/1/2472 6508/1/6508 2629/1/2629 302/1/302
f 2471/1/2471 6505/1/6505 6508/1/6508 2472/1/2472
f 2470/1/2470 6502/1/6502 6505/1/6505 2471/1/2471
f 6511/1/6511 6512/1/6512 6515/1/6515 6514/1/6514
f 6512/1/6512 6513/1/6513 6516/1/6516 6515/1/6515
f 6514/1/6514 6515/1/6515 6518/1/6518 6517/1/6517
f 6515/1/6515 6516/1/6516 6519/1/6519 6518/1/6518
f 284/1/284 2094/1/2094 6511/1/6511 2640/1/2640
f 2094/1/2094 2093/1/2093 6512/1/6512 6511/1/6511
f 2093/1/2093 2092/1/2092 6513/1/6513 6512/1/6512
f 2092/1/2092 286/1/286 2106/1/2106 6513/1/6513
f 6513/1/6513 2106/1/2106 2105/1/2105 6516/1/6516
f 6516/1/6516 2105/1/2105 2104/1/2104 6519/1/6519
f 6519/1/6519 2104/1/2104 288/1/288 2118/1/2118
f 6518/1/6518 6519/1/6519 2118/1/2118 2117/1/2117
f 6517/1/6517 6518/1/6518 2117/1/2117 2116/1/2116
f 2638/1/2638 6517/1/6517 2116/1/2116 290/1/290
f 2639/1/2639 6514/1/6514 6517/1/6517 2638/1/2638
f 2640/1/2640 6511/1/6511 6514/1/6514 2639/1/2639
f 6520/1/6520 6521/1/6521 6524/1/6524 6523/1/6523
f 6521/1/6521 6522/1/6522 6525/1/6525 6524/1/6524
f 6523/1/6523 6524/1/6524 6527/1/6527 6526/1/6526
f 6524/1/6524 6525/1/6525 6528/1/6528 6527/1/6527
f 289/1/289 2109/1/2109 6520/1/6520 2119/1/2119
f 2109/1/2109 2108/1/2108 6521/1/6521 6520/1/6520
f 2108/1/2108 2107/1/2107 6522/1/6522 6521/1/6521
f 2107/1/2107 287/1/287 2097/1/2097 6522/1/6522
f 6522/1/6522 2097/1/2097 2096/1/2096 6525/1/6525
f 6525/1/6525 2096/1/2096 2095/1/2095 6528/1/6528
f 6528/1/6528 2095/1/2095 285/1/285 2641/1/2641
f 6527/1/6527 6528/1/6528 2641/1/2641 2642/1/2642
f 6526/1/6526 6527/1/6527 2642/1/2642 2643/1/2643
f 2121/1/2121 6526/1/6526 2643/1/2643 291/1/291
f 2120/1/2120 6523/1/6523 6526/1/6526 2121/1/2121
f 2119/1/2119 6520/1/6520 6523/1/6523 2120/1/2120
f 6529/1/6529 6530/1/6530 6533/1/6533 6532/1/6532
f 6530/1/6530 6531/1/6531 6534/1/6534 6533/1/6533
f 6532/1/6532 6533/1/6533 6536/1/6536 6535/1/6535
f 6533/1/6533 6534/1/6534 6537/1/6537 6536/1/6536
f 284/1/284 2640/1/2640 6529/1/6529 2646/1/2646
f 2640/1/2640 2639/1/2639 6530/1/6530 6529/1/6529
f 2639/1/2639 2638/1/2638 6531/1/6531 6530/1/6530
f 2638/1/2638 290/1/290 2625/1/2625 6531/1/6531
f 6531/1/6531 2625/1/2625 2624/1/2624 6534/1/6534
f 6534/1/6534 2624/1/2624 2623/1/2623 6537/1/6537
f 6537/1/6537 2623/1/2623 360/1/360 2634/1/2634
f 6536/1/6536 6537/1/6537 2634/1/2634 2633/1/2633
f 6535/1/6535 6536/1/6536 2633/1/2633 2632/1/2632
f 2644/1/2644 6535/1/6535 2632/1/2632 74/1/74
f 2645/1/2645 6532/1/6532 6535/1/6535 2644/1/2644
f 2646/1/2646 6529/1/6529 6532/1/6532 2645/1/2645
f 6538/1/6538 6539/1/6539 6542/1/6542 6541/1/6541
f 6539/1/6539 6540/1/6540 6543/1/6543 6542/1/6542
f 6541/1/6541 6542/1/6542 6545/1/6545 6544/1/6544
f 6542/1/6542 6543/1/6543 6546/1/6546 6545/1/6545
f 361/1/361 2628/1/2628 6538/1/6538 2635/1/2635
f 2628/1/2628 2627/1/2627 6539/1/6539 6538/1/6538
f 2627/1/2627 2626/1/2626 6540/1/6540 6539/1/6539
f 2626/1/2626 291/1/291 2643/1/2643 6540/1/6540
f 6540/1/6540 2643/1/2643 2642/1/2642 6543/1/6543
f 6543/1/6543 2642/1/2642 2641/1/2641 6546/1/6546
f 6546/1/6546 2641/1/2641 285/1/285 2647/1/2647
f 6545/1/6545 6546/1/6546 2647/1/2647 2648/1/2648
f 6544/1/6544 6545/1/6545 2648/1/2648 2649/1/2649
f 2637/1/2637 6544/1/6544 2649/1/2649 74/1/74
f 2636/1/2636 6541/1/6541 6544/1/6544 2637/1/2637
f 2635/1/2635 6538/1/6538 6541/1/6541 2636/1/2636
f 6548/1/6548 6549/1/6549 6547/1/6547 6553/1/6553
f 6550/1/6550 6551/1/6551 6547/1/6547 6549/1/6549
f 6552/1/6552 6553/1/6553 6547/1/6547 6551/1/6551
f 73/1/73 2082/1/2082 6548/1/6548 2652/1/2652
f 2082/1/2082 2081/1/2081 6549/1/6549 6548/1/6548
f 2652/1/2652 6548/1/6548 6553/1/6553 2651/1/2651
f 284/1/284 2646/1/2646 6550/1/6550 2080/1/2080
f 2646/1/2646 2645/1/2645 6551/1/6551 6550/1/6550
f 2080/1/2080 6550/1/6550 6549/1/6549 2081/1/2081
f 74/1/74 2650/1/2650 6552/1/6552 2644/1/2644
f 2650/1/2650 2651/1/2651 6553/1/6553 6552/1/6552
f 2644/1/2644 6552/1/6552 6551/1/6551 2645/1/2645
f 6555/1/6555 6556/1/6556 6554/1/6554 6560/1/6560
f 6557/1/6557 6558/1/6558 6554/1/6554 6556/1/6556
f 6559/1/6559 6560/1/6560 6554/1/6554 6558/1/6558
f 74/1/74 2649/1/2649 6555/1/6555 2650/1/2650
f 2649/1/2649 2648/1/2648 6556/1/6556 6555/1/6555
f 2650/1/2650 6555/1/6555 6560/1/6560 2651/1/2651
f 285/1/285 2085/1/2085 6557/1/6557 2647/1/2647
f 2085/1/2085 2084/1/2084 6558/1/6558 6557/1/6557
f 2647/1/2647 6557/1/6557 6556/1/6556 2648/1/2648
f 73/1/73 2652/1/2652 6559/1/6559 2083/1/2083
f 2652/1/2652 2651/1/2651 6560/1/6560 6559/1/6559
f 2083/1/2083 6559/1/6559 6558/1/6558 2084/1/2084
f 6561/1/6561 6562/1/6562 6565/1/6565 6564/1/6564
f 6562/1/6562 6563/1/6563 6566/1/6566 6565/1/6565
f 6564/1/6564 6565/1/6565 6568/1/6568 6567/1/6567
f 6565/1/6565 6566/1/6566 6569/1/6569 6568/1/6568
f 294/1/294 2154/1/2154 6561/1/6561 2500/1/2500
f 2154/1/2154 2153/1/2153 6562/1/6562 6561/1/6561
f 2153/1/2153 2152/1/2152 6563/1/6563 6562/1/6562
f 2152/1/2152 296/1/296 2421/1/2421 6563/1/6563
f 6563/1/6563 2421/1/2421 2420/1/2420 6566/1/6566
f 6566/1/6566 2420/1/2420 2419/1/2419 6569/1/6569
f 6569/1/6569 2419/1/2419 310/1/310 2653/1/2653
f 6568/1/6568 6569/1/6569 2653/1/2653 2654/1/2654
f 6567/1/6567 6568/1/6568 2654/1/2654 2655/1/2655
f 2502/1/2502 6567/1/6567 2655/1/2655 362/1/362
f 2501/1/2501 6564/1/6564 6567/1/6567 2502/1/2502
f 2500/1/2500 6561/1/6561 6564/1/6564 2501/1/2501
f 6570/1/6570 6571/1/6571 6574/1/6574 6573/1/6573
f 6571/1/6571 6572/1/6572 6575/1/6575 6574/1/6574
f 6573/1/6573 6574/1/6574 6577/1/6577 6576/1/6576
f 6574/1/6574 6575/1/6575 6578/1/6578 6577/1/6577
f 311/1/311 2436/1/2436 6570/1/6570 2658/1/2658
f 2436/1/2436 2435/1/2435 6571/1/6571 6570/1/6570
f 2435/1/2435 2434/1/2434 6572/1/6572 6571/1/6571
f 2434/1/2434 297/1/297 2157/1/2157 6572/1/6572
f 6572/1/6572 2157/1/2157 2156/1/2156 6575/1/6575
f 6575/1/6575 2156/1/2156 2155/1/2155 6578/1/6578
f 6578/1/6578 2155/1/2155 295/1/295 2511/1/2511
f 6577/1/6577 6578/1/6578 2511/1/2511 2510/1/2510
f 6576/1/6576 6577/1/6577 2510/1/2510 2509/1/2509
f 2656/1/2656 6576/1/6576 2509/1/2509 363/1/363
f 2657/1/2657 6573/1/6573 6576/1/6576 2656/1/2656
f 2658/1/2658 6570/1/6570 6573/1/6573 2657/1/2657
f 6579/1/6579 6580/1/6580 6583/1/6583 6582/1/6582
f 6580/1/6580 6581/1/6581 6584/1/6584 6583/1/6583
f 6582/1/6582 6583/1/6583 6586/1/6586 6585/1/6585
f 6583/1/6583 6584/1/6584 6587/1/6587 6586/1/6586
f 310/1/310 2659/1/2659 6579/1/6579 2653/1/2653
f 2659/1/2659 2660/1/2660 6580/1/6580 6579/1/6579
f 2660/1/2660 2661/1/2661 6581/1/6581 6580/1/6580
f 2661/1/2661 312/1/312 2662/1/2662 6581/1/6581
f 6581/1/6581 2662/1/2662 2663/1/2663 6584/1/6584
f 6584/1/6584 2663/1/2663 2664/1/2664 6587/1/6587
f 6587/1/6587 2664/1/2664 368/1/368 2520/1/2520
f 6586/1/6586 6587/1/6587 2520/1/2520 2519/1/2519
f 6585/1/6585 6586/1/6586 2519/1/2519 2518/1/2518
f 2655/1/2655 6585/1/6585 2518/1/2518 362/1/362
f 2654/1/2654 6582/1/6582 6585/1/6585 2655/1/2655
f 2653/1/2653 6579/1/6579 6582/1/6582 2654/1/2654
f 6588/1/6588 6589/1/6589 6592/1/6592 6591/1/6591
f 6589/1/6589 6590/1/6590 6593/1/6593 6592/1/6592
f 6591/1/6591 6592/1/6592 6595/1/6595 6594/1/6594
f 6592/1/6592 6593/1/6593 6596/1/6596 6595/1/6595
f 369/1/369 2665/1/2665 6588/1/6588 2527/1/2527
f 2665/1/2665 2666/1/2666 6589/1/6589 6588/1/6588
f 2666/1/2666 2667/1/2667 6590/1/6590 6589/1/6589
f 2667/1/2667 313/1/313 2668/1/2668 6590/1/6590
f 6590/1/6590 2668/1/2668 2669/1/2669 6593/1/6593
f 6593/1/6593 2669/1/2669 2670/1/2670 6596/1/6596
f 6596/1/6596 2670/1/2670 311/1/311 2658/1/2658
f 6595/1/6595 6596/1/6596 2658/1/2658 2657/1/2657
f 6594/1/6594 6595/1/6595 2657/1/2657 2656/1/2656
f 2529/1/2529 6594/1/6594 2656/1/2656 363/1/363
f 2528/1/2528 6591/1/6591 6594/1/6594 2529/1/2529
f 2527/1/2527 6588/1/6588 6591/1/6591 2528/1/2528
f 6597/1/6597 6598/1/6598 6601/1/6601 6600/1/6600
f 6598/1/6598 6599/1/6599 6602/1/6602 6601/1/6601
f 6600/1/6600 6601/1/6601 6604/1/6604 6603/1/6603
f 6601/1/6601 6602/1/6602 6605/1/6605 6604/1/6604
f 312/1/312 2671/1/2671 6597/1/6597 2662/1/2662
f 2671/1/2671 2672/1/2672 6598/1/6598 6597/1/6597
f 2672/1/2672 2673/1/2673 6599/1/6599 6598/1/6598
f 2673/1/2673 382/1/382 2674/1/2674 6599/1/6599
f 6599/1/6599 2674/1/2674 2675/1/2675 6602/1/6602
f 6602/1/6602 2675/1/2675 2676/1/2676 6605/1/6605
f 6605/1/6605 2676/1/2676 370/1/370 2538/1/2538
f 6604/1/6604 6605/1/6605 2538/1/2538 2537/1/2537
f 6603/1/6603 6604/1/6604 2537/1/2537 2536/1/2536
f 2664/1/2664 6603/1/6603 2536/1/2536 368/1/368
f 2663/1/2663 6600/1/6600 6603/1/6603 2664/1/2664
f 2662/1/2662 6597/1/6597 6600/1/6600 2663/1/2663
f 6606/1/6606 6607/1/6607 6610/1/6610 6609/1/6609
f 6607/1/6607 6608/1/6608 6611/1/6611 6610/1/6610
f 6609/1/6609 6610/1/6610 6613/1/6613 6612/1/6612
f 6610/1/6610 6611/1/6611 6614/1/6614 6613/1/6613
f 371/1/371 2677/1/2677 6606/1/6606 2545/1/2545
f 2677/1/2677 2678/1/2678 6607/1/6607 6606/1/6606
f 2678/1/2678 2679/1/2679 6608/1/6608 6607/1/6607
f 2679/1/2679 383/1/383 2680/1/2680 6608/1/6608
f 6608/1/6608 2680/1/2680 2681/1/2681 6611/1/6611
f 6611/1/6611 2681/1/2681 2682/1/2682 6614/1/6614
f 6614/1/6614 2682/1/2682 313/1/313 2667/1/2667
f 6613/1/6613 6614/1/6614 2667/1/2667 2666/1/2666
f 6612/1/6612 6613/1/6613 2666/1/2666 2665/1/2665
f 2547/1/2547 6612/1/6612 2665/1/2665 369/1/369
f 2546/1/2546 6609/1/6609 6612/1/6612 2547/1/2547
f 2545/1/2545 6606/1/6606 6609/1/6609 2546/1/2546
f 6615/1/6615 6616/1/6616 6619/1/6619 6618/1/6618
f 6616/1/6616 6617/1/6617 6620/1/6620 6619/1/6619
f 6618/1/6618 6619/1/6619 6622/1/6622 6621/1/6621
f 6619/1/6619 6620/1/6620 6623/1/6623 6622/1/6622
f 314/1/314 2571/1/2571 6615/1/6615 2685/1/2685
f 2571/1/2571 2570/1/2570 6616/1/6616 6615/1/6615
f 2570/1/2570 2569/1/2569 6617/1/6617 6616/1/6616
f 2569/1/2569 376/1/376 2556/1/2556 6617/1/6617
f 6617/1/6617 2556/1/2556 2555/1/2555 6620/1/6620
f 6620/1/6620 2555/1/2555 2554/1/2554 6623/1/6623
f 6623/1/6623 2554/1/2554 370/1/370 2676/1/2676
f 6622/1/6622 6623/1/6623 2676/1/2676 2675/1/2675
f 6621/1/6621 6622/1/6622 2675/1/2675 2674/1/2674
f 2683/1/2683 6621/1/6621 2674/1/2674 382/1/382
f 2684/1/2684 6618/1/6618 6621/1/6621 2683/1/2683
f 2685/1/2685 6615/1/6615 6618/1/6618 2684/1/2684
f 6624/1/6624 6625/1/6625 6628/1/6628 6627/1/6627
f 6625/1/6625 6626/1/6626 6629/1/6629 6628/1/6628
f 6627/1/6627 6628/1/6628 6631/1/6631 6630/1/6630
f 6628/1/6628 6629/1/6629 6632/1/6632 6631/1/6631
f 371/1/371 2565/1/2565 6624/1/6624 2677/1/2677
f 2565/1/2565 2564/1/2564 6625/1/6625 6624/1/6624
f 2564/1/2564 2563/1/2563 6626/1/6626 6625/1/6625
f 2563/1/2563 377/1/377 2586/1/2586 6626/1/6626
f 6626/1/6626 2586/1/2586 2585/1/2585 6629/1/6629
f 6629/1/6629 2585/1/2585 2584/1/2584 6632/1/6632
f 6632/1/6632 2584/1/2584 315/1/315 2686/1/2686
f 6631/1/6631 6632/1/6632 2686/1/2686 2687/1/2687
f 6630/1/6630 6631/1/6631 2687/1/2687 2688/1/2688
f 2679/1/2679 6630/1/6630 2688/1/2688 383/1/383
f 2678/1/2678 6627/1/6627 6630/1/6630 2679/1/2679
f 2677/1/2677 6624/1/6624 6627/1/6627 2678/1/2678
f 6633/1/6633 6634/1/6634 6637/1/6637 6636/1/6636
f 6634/1/6634 6635/1/6635 6638/1/6638 6637/1/6637
f 6636/1/6636 6637/1/6637 6640/1/6640 6639/1/6639
f 6637/1/6637 6638/1/6638 6641/1/6641 6640/1/6640
f 348/1/348 2394/1/2394 6633/1/6633 2691/1/2691
f 2394/1/2394 2393/1/2393 6634/1/6634 6633/1/6633
f 2393/1/2393 2392/1/2392 6635/1/6635 6634/1/6634
f 2392/1/2392 350/1/350 2692/1/2692 6635/1/6635
f 6635/1/6635 2692/1/2692 2693/1/2693 6638/1/6638
f 6638/1/6638 2693/1/2693 2694/1/2694 6641/1/6641
f 6641/1/6641 2694/1/2694 386/1/386 2695/1/2695
f 6640/1/6640 6641/1/6641 2695/1/2695 2696/1/2696
f 6639/1/6639 6640/1/6640 2696/1/2696 2697/1/2697
f 2689/1/2689 6639/1/6639 2697/1/2697 384/1/384
f 2690/1/2690 6636/1/6636 6639/1/6639 2689/1/2689
f 2691/1/2691 6633/1/6633 6636/1/6636 2690/1/2690
f 6642/1/6642 6643/1/6643 6646/1/6646 6645/1/6645
f 6643/1/6643 6644/1/6644 6647/1/6647 6646/1/6646
f 6645/1/6645 6646/1/6646 6649/1/6649 6648/1/6648
f 6646/1/6646 6647/1/6647 6650/1/6650 6649/1/6649
f 387/1/387 2701/1/2701 6642/1/6642 2700/1/2700
f 2701/1/2701 2702/1/2702 6643/1/6643 6642/1/6642
f 2702/1/2702 2703/1/2703 6644/1/6644 6643/1/6643
f 2703/1/2703 351/1/351 2403/1/2403 6644/1/6644
f 6644/1/6644 2403/1/2403 2402/1/2402 6647/1/6647
f 6647/1/6647 2402/1/2402 2401/1/2401 6650/1/6650
f 6650/1/6650 2401/1/2401 349/1/349 2704/1/2704
f 6649/1/6649 6650/1/6650 2704/1/2704 2705/1/2705
f 6648/1/6648 6649/1/6649 2705/1/2705 2706/1/2706
f 2698/1/2698 6648/1/6648 2706/1/2706 385/1/385
f 2699/1/2699 6645/1/6645 6648/1/6648 2698/1/2698
f 2700/1/2700 6642/1/6642 6645/1/6645 2699/1/2699
f 6651/1/6651 6652/1/6652 6655/1/6655 6654/1/6654
f 6652/1/6652 6653/1/6653 6656/1/6656 6655/1/6655
f 6654/1/6654 6655/1/6655 6658/1/6658 6657/1/6657
f 6655/1/6655 6656/1/6656 6659/1/6659 6658/1/6658
f 318/1/318 2710/1/2710 6651/1/6651 2709/1/2709
f 2710/1/2710 2711/1/2711 6652/1/6652 6651/1/6651
f 2711/1/2711 2712/1/2712 6653/1/6653 6652/1/6652
f 2712/1/2712 384/1/384 2697/1/2697 6653/1/6653
f 6653/1/6653 2697/1/2697 2696/1/2696 6656/1/6656
f 6656/1/6656 2696/1/2696 2695/1/2695 6659/1/6659
f 6659/1/6659 2695/1/2695 386/1/386 2713/1/2713
f 6658/1/6658 6659/1/6659 2713/1/2713 2714/1/2714
f 6657/1/6657 6658/1/6658 2714/1/2714 2715/1/2715
f 2707/1/2707 6657/1/6657 2715/1/2715 320/1/320
f 2708/1/2708 6654/1/6654 6657/1/6657 2707/1/2707
f 2709/1/2709 6651/1/6651 6654/1/6654 2708/1/2708
f 6660/1/6660 6661/1/6661 6664/1/6664 6663/1/6663
f 6661/1/6661 6662/1/6662 6665/1/6665 6664/1/6664
f 6663/1/6663 6664/1/6664 6667/1/6667 6666/1/6666
f 6664/1/6664 6665/1/6665 6668/1/6668 6667/1/6667
f 387/1/387 2700/1/2700 6660/1/6660 2718/1/2718
f 2700/1/2700 2699/1/2699 6661/1/6661 6660/1/6660
f 2699/1/2699 2698/1/2698 6662/1/6662 6661/1/6661
f 2698/1/2698 385/1/385 2719/1/2719 6662/1/6662
f 6662/1/6662 2719/1/2719 2720/1/2720 6665/1/6665
f 6665/1/6665 2720/1/2720 2721/1/2721 6668/1/6668
f 6668/1/6668 2721/1/2721 319/1/319 2722/1/2722
f 6667/1/6667 6668/1/6668 2722/1/2722 2723/1/2723
f 6666/1/6666 6667/1/6667 2723/1/2723 2724/1/2724
f 2716/1/2716 6666/1/6666 2724/1/2724 321/1/321
f 2717/1/2717 6663/1/6663 6666/1/6666 2716/1/2716
f 2718/1/2718 6660/1/6660 6663/1/6663 2717/1/2717
f 6669/1/6669 6670/1/6670 6673/1/6673 6672/1/6672
f 6670/1/6670 6671/1/6671 6674/1/6674 6673/1/6673
f 6672/1/6672 6673/1/6673 6676/1/6676 6675/1/6675
f 6673/1/6673 6674/1/6674 6677/1/6677 6676/1/6676
f 298/1/298 2178/1/2178 6669/1/6669 2422/1/2422
f 2178/1/2178 2177/1/2177 6670/1/6670 6669/1/6669
f 2177/1/2177 2176/1/2176 6671/1/6671 6670/1/6670
f 2176/1/2176 300/1/300 2725/1/2725 6671/1/6671
f 6671/1/6671 2725/1/2725 2726/1/2726 6674/1/6674
f 6674/1/6674 2726/1/2726 2727/1/2727 6677/1/6677
f 6677/1/6677 2727/1/2727 384/1/384 2712/1/2712
f 6676/1/6676 6677/1/6677 2712/1/2712 2711/1/2711
f 6675/1/6675 6676/1/6676 2711/1/2711 2710/1/2710
f 2424/1/2424 6675/1/6675 2710/1/2710 318/1/318
f 2423/1/2423 6672/1/6672 6675/1/6675 2424/1/2424
f 2422/1/2422 6669/1/6669 6672/1/6672 2423/1/2423
f 6678/1/6678 6679/1/6679 6682/1/6682 6681/1/6681
f 6679/1/6679 6680/1/6680 6683/1/6683 6682/1/6682
f 6681/1/6681 6682/1/6682 6685/1/6685 6684/1/6684
f 6682/1/6682 6683/1/6683 6686/1/6686 6685/1/6685
f 385/1/385 2728/1/2728 6678/1/6678 2719/1/2719
f 2728/1/2728 2729/1/2729 6679/1/6679 6678/1/6678
f 2729/1/2729 2730/1/2730 6680/1/6680 6679/1/6679
f 2730/1/2730 301/1/301 2181/1/2181 6680/1/6680
f 6680/1/6680 2181/1/2181 2180/1/2180 6683/1/6683
f 6683/1/6683 2180/1/2180 2179/1/2179 6686/1/6686
f 6686/1/6686 2179/1/2179 299/1/299 2433/1/2433
f 6685/1/6685 6686/1/6686 2433/1/2433 2432/1/2432
f 6684/1/6684 6685/1/6685 2432/1/2432 2431/1/2431
f 2721/1/2721 6684/1/6684 2431/1/2431 319/1/319
f 2720/1/2720 6681/1/6681 6684/1/6684 2721/1/2721
f 2719/1/2719 6678/1/6678 6681/1/6681 2720/1/2720
f 6687/1/6687 6688/1/6688 6691/1/6691 6690/1/6690
f 6688/1/6688 6689/1/6689 6692/1/6692 6691/1/6691
f 6690/1/6690 6691/1/6691 6694/1/6694 6693/1/6693
f 6691/1/6691 6692/1/6692 6695/1/6695 6694/1/6694
f 300/1/300 2731/1/2731 6687/1/6687 2725/1/2725
f 2731/1/2731 2732/1/2732 6688/1/6688 6687/1/6687
f 2732/1/2732 2733/1/2733 6689/1/6689 6688/1/6688
f 2733/1/2733 344/1/344 2316/1/2316 6689/1/6689
f 6689/1/6689 2316/1/2316 2315/1/2315 6692/1/6692
f 6692/1/6692 2315/1/2315 2314/1/2314 6695/1/6695
f 6695/1/6695 2314/1/2314 342/1/342 2734/1/2734
f 6694/1/6694 6695/1/6695 2734/1/2734 2735/1/2735
f 6693/1/6693 6694/1/6694 2735/1/2735 2736/1/2736
f 2727/1/2727 6693/1/6693 2736/1/2736 384/1/384
f 2726/1/2726 6690/1/6690 6693/1/6693 2727/1/2727
f 2725/1/2725 6687/1/6687 6690/1/6690 2726/1/2726
f 6696/1/6696 6697/1/6697 6700/1/6700 6699/1/6699
f 6697/1/6697 6698/1/6698 6701/1/6701 6700/1/6700
f 6699/1/6699 6700/1/6700 6703/1/6703 6702/1/6702
f 6700/1/6700 6701/1/6701 6704/1/6704 6703/1/6703
f 343/1/343 2325/1/2325 6696/1/6696 2739/1/2739
f 2325/1/2325 2324/1/2324 6697/1/6697 6696/1/6696
f 2324/1/2324 2323/1/2323 6698/1/6698 6697/1/6697
f 2323/1/2323 345/1/345 2740/1/2740 6698/1/6698
f 6698/1/6698 2740/1/2740 2741/1/2741 6701/1/6701
f 6701/1/6701 2741/1/2741 2742/1/2742 6704/1/6704
f 6704/1/6704 2742/1/2742 301/1/301 2730/1/2730
f 6703/1/6703 6704/1/6704 2730/1/2730 2729/1/2729
f 6702/1/6702 6703/1/6703 2729/1/2729 2728/1/2728
f 2737/1/2737 6702/1/6702 2728/1/2728 385/1/385
f 2738/1/2738 6699/1/6699 6702/1/6702 2737/1/2737
f 2739/1/2739 6696/1/6696 6699/1/6699 2738/1/2738
f 6706/1/6706 6707/1/6707 6705/1/6705 6711/1/6711
f 6708/1/6708 6709/1/6709 6705/1/6705 6707/1/6707
f 6710/1/6710 6711/1/6711 6705/1/6705 6709/1/6709
f 342/1/342 2415/1/2415 6706/1/6706 2734/1/2734
f 2415/1/2415 2414/1/2414 6707/1/6707 6706/1/6706
f 2734/1/2734 6706/1/6706 6711/1/6711 2735/1/2735
f 348/1/348 2691/1/2691 6708/1/6708 2413/1/2413
f 2691/1/2691 2690/1/2690 6709/1/6709 6708/1/6708
f 2413/1/2413 6708/1/6708 6707/1/6707 2414/1/2414
f 384/1/384 2736/1/2736 6710/1/6710 2689/1/2689
f 2736/1/2736 2735/1/2735 6711/1/6711 6710/1/6710
f 2689/1/2689 6710/1/6710 6709/1/6709 2690/1/2690
f 6713/1/6713 6714/1/6714 6712/1/6712 6718/1/6718
f 6715/1/6715 6716/1/6716 6712/1/6712 6714/1/6714
f 6717/1/6717 6718/1/6718 6712/1/6712 6716/1/6716
f 385/1/385 2706/1/2706 6713/1/6713 2737/1/2737
f 2706/1/2706 2705/1/2705 6714/1/6714 6713/1/6713
f 2737/1/2737 6713/1/6713 6718/1/6718 2738/1/2738
f 349/1/349 2418/1/2418 6715/1/6715 2704/1/2704
f 2418/1/2418 2417/1/2417 6716/1/6716 6715/1/6715
f 2704/1/2704 6715/1/6715 6714/1/6714 2705/1/2705
f 343/1/343 2739/1/2739 6717/1/6717 2416/1/2416
f 2739/1/2739 2738/1/2738 6718/1/6718 6717/1/6717
f 2416/1/2416 6717/1/6717 6716/1/6716 2417/1/2417
f 6720/1/6720 6721/1/6721 6719/1/6719 6725/1/6725
f 6722/1/6722 6723/1/6723 6719/1/6719 6721/1/6721
f 6724/1/6724 6725/1/6725 6719/1/6719 6723/1/6723
f 300/1/300 2349/1/2349 6720/1/6720 2731/1/2731
f 2349/1/2349 2348/1/2348 6721/1/6721 6720/1/6720
f 2731/1/2731 6720/1/6720 6725/1/6725 2732/1/2732
f 346/1/346 2340/1/2340 6722/1/6722 2347/1/2347
f 2340/1/2340 2339/1/2339 6723/1/6723 6722/1/6722
f 2347/1/2347 6722/1/6722 6721/1/6721 2348/1/2348
f 344/1/344 2733/1/2733 6724/1/6724 2338/1/2338
f 2733/1/2733 2732/1/2732 6725/1/6725 6724/1/6724
f 2338/1/2338 6724/1/6724 6723/1/6723 2339/1/2339
f 6727/1/6727 6728/1/6728 6726/1/6726 6732/1/6732
f 6729/1/6729 6730/1/6730 6726/1/6726 6728/1/6728
f 6731/1/6731 6732/1/6732 6726/1/6726 6730/1/6730
f 345/1/345 2343/1/2343 6727/1/6727 2740/1/2740
f 2343/1/2343 2342/1/2342 6728/1/6728 6727/1/6727
f 2740/1/2740 6727/1/6727 6732/1/6732 2741/1/2741
f 347/1/347 2352/1/2352 6729/1/6729 2341/1/2341
f 2352/1/2352 2351/1/2351 6730/1/6730 6729/1/6729
f 2341/1/2341 6729/1/6729 6728/1/6728 2342/1/2342
f 301/1/301 2742/1/2742 6731/1/6731 2350/1/2350
f 2742/1/2742 2741/1/2741 6732/1/6732 6731/1/6731
f 2350/1/2350 6731/1/6731 6730/1/6730 2351/1/2351
f 6733/1/6733 6734/1/6734 6737/1/6737 6736/1/6736
f 6734/1/6734 6735/1/6735 6738/1/6738 6737/1/6737
f 6736/1/6736 6737/1/6737 6740/1/6740 6739/1/6739
f 6737/1/6737 6738/1/6738 6741/1/6741 6740/1/6740
f 314/1/314 2743/1/2743 6733/1/6733 2572/1/2572
f 2743/1/2743 2744/1/2744 6734/1/6734 6733/1/6733
f 2744/1/2744 2745/1/2745 6735/1/6735 6734/1/6734
f 2745/1/2745 322/1/322 2746/1/2746 6735/1/6735
f 6735/1/6735 2746/1/2746 2747/1/2747 6738/1/6738
f 6738/1/6738 2747/1/2747 2748/1/2748 6741/1/6741
f 6741/1/6741 2748/1/2748 380/1/380 2749/1/2749
f 6740/1/6740 6741/1/6741 2749/1/2749 2750/1/2750
f 6739/1/6739 6740/1/6740 2750/1/2750 2751/1/2751
f 2574/1/2574 6739/1/6739 2751/1/2751 378/1/378
f 2573/1/2573 6736/1/6736 6739/1/6739 2574/1/2574
f 2572/1/2572 6733/1/6733 6736/1/6736 2573/1/2573
f 6742/1/6742 6743/1/6743 6746/1/6746 6745/1/6745
f 6743/1/6743 6744/1/6744 6747/1/6747 6746/1/6746
f 6745/1/6745 6746/1/6746 6749/1/6749 6748/1/6748
f 6746/1/6746 6747/1/6747 6750/1/6750 6749/1/6749
f 381/1/381 2755/1/2755 6742/1/6742 2754/1/2754
f 2755/1/2755 2756/1/2756 6743/1/6743 6742/1/6742
f 2756/1/2756 2757/1/2757 6744/1/6744 6743/1/6743
f 2757/1/2757 323/1/323 2758/1/2758 6744/1/6744
f 6744/1/6744 2758/1/2758 2759/1/2759 6747/1/6747
f 6747/1/6747 2759/1/2759 2760/1/2760 6750/1/6750
f 6750/1/6750 2760/1/2760 315/1/315 2583/1/2583
f 6749/1/6749 6750/1/6750 2583/1/2583 2582/1/2582
f 6748/1/6748 6749/1/6749 2582/1/2582 2581/1/2581
f 2752/1/2752 6748/1/6748 2581/1/2581 379/1/379
f 2753/1/2753 6745/1/6745 6748/1/6748 2752/1/2752
f 2754/1/2754 6742/1/6742 6745/1/6745 2753/1/2753
f 6751/1/6751 6752/1/6752 6755/1/6755 6754/1/6754
f 6752/1/6752 6753/1/6753 6756/1/6756 6755/1/6755
f 6754/1/6754 6755/1/6755 6758/1/6758 6757/1/6757
f 6755/1/6755 6756/1/6756 6759/1/6759 6758/1/6758
f 316/1/316 2589/1/2589 6751/1/6751 2443/1/2443
f 2589/1/2589 2588/1/2588 6752/1/6752 6751/1/6751
f 2588/1/2588 2587/1/2587 6753/1/6753 6752/1/6752
f 2587/1/2587 378/1/378 2751/1/2751 6753/1/6753
f 6753/1/6753 2751/1/2751 2750/1/2750 6756/1/6756
f 6756/1/6756 2750/1/2750 2749/1/2749 6759/1/6759
f 6759/1/6759 2749/1/2749 380/1/380 2761/1/2761
f 6758/1/6758 6759/1/6759 2761/1/2761 2762/1/2762
f 6757/1/6757 6758/1/6758 2762/1/2762 2763/1/2763
f 2445/1/2445 6757/1/6757 2763/1/2763 324/1/324
f 2444/1/2444 6754/1/6754 6757/1/6757 2445/1/2445
f 2443/1/2443 6751/1/6751 6754/1/6754 2444/1/2444
f 6760/1/6760 6761/1/6761 6764/1/6764 6763/1/6763
f 6761/1/6761 6762/1/6762 6765/1/6765 6764/1/6764
f 6763/1/6763 6764/1/6764 6767/1/6767 6766/1/6766
f 6764/1/6764 6765/1/6765 6768/1/6768 6767/1/6767
f 381/1/381 2754/1/2754 6760/1/6760 2766/1/2766
f 2754/1/2754 2753/1/2753 6761/1/6761 6760/1/6760
f 2753/1/2753 2752/1/2752 6762/1/6762 6761/1/6761
f 2752/1/2752 379/1/379 2598/1/2598 6762/1/6762
f 6762/1/6762 2598/1/2598 2597/1/2597 6765/1/6765
f 6765/1/6765 2597/1/2597 2596/1/2596 6768/1/6768
f 6768/1/6768 2596/1/2596 317/1/317 2448/1/2448
f 6767/1/6767 6768/1/6768 2448/1/2448 2447/1/2447
f 6766/1/6766 6767/1/6767 2447/1/2447 2446/1/2446
f 2764/1/2764 6766/1/6766 2446/1/2446 325/1/325
f 2765/1/2765 6763/1/6763 6766/1/6766 2764/1/2764
f 2766/1/2766 6760/1/6760 6763/1/6763 2765/1/2765
f 6769/1/6769 6770/1/6770 6773/1/6773 6772/1/6772
f 6770/1/6770 6771/1/6771 6774/1/6774 6773/1/6773
f 6772/1/6772 6773/1/6773 6776/1/6776 6775/1/6775
f 6773/1/6773 6774/1/6774 6777/1/6777 6776/1/6776
f 320/1/320 2715/1/2715 6769/1/6769 2769/1/2769
f 2715/1/2715 2714/1/2714 6770/1/6770 6769/1/6769
f 2714/1/2714 2713/1/2713 6771/1/6771 6770/1/6770
f 2713/1/2713 386/1/386 2770/1/2770 6771/1/6771
f 6771/1/6771 2770/1/2770 2771/1/2771 6774/1/6774
f 6774/1/6774 2771/1/2771 2772/1/2772 6777/1/6777
f 6777/1/6777 2772/1/2772 380/1/380 2748/1/2748
f 6776/1/6776 6777/1/6777 2748/1/2748 2747/1/2747
f 6775/1/6775 6776/1/6776 2747/1/2747 2746/1/2746
f 2767/1/2767 6775/1/6775 2746/1/2746 322/1/322
f 2768/1/2768 6772/1/6772 6775/1/6775 2767/1/2767
f 2769/1/2769 6769/1/6769 6772/1/6772 2768/1/2768
f 6778/1/6778 6779/1/6779 6782/1/6782 6781/1/6781
f 6779/1/6779 6780/1/6780 6783/1/6783 6782/1/6782
f 6781/1/6781 6782/1/6782 6785/1/6785 6784/1/6784
f 6782/1/6782 6783/1/6783 6786/1/6786 6785/1/6785
f 381/1/381 2773/1/2773 6778/1/6778 2755/1/2755
f 2773/1/2773 2774/1/2774 6779/1/6779 6778/1/6778
f 2774/1/2774 2775/1/2775 6780/1/6780 6779/1/6779
f 2775/1/2775 387/1/387 2718/1/2718 6780/1/6780
f 6780/1/6780 2718/1/2718 2717/1/2717 6783/1/6783
f 6783/1/6783 2717/1/2717 2716/1/2716 6786/1/6786
f 6786/1/6786 2716/1/2716 321/1/321 2776/1/2776
f 6785/1/6785 6786/1/6786 2776/1/2776 2777/1/2777
f 6784/1/6784 6785/1/6785 2777/1/2777 2778/1/2778
f 2757/1/2757 6784/1/6784 2778/1/2778 323/1/323
f 2756/1/2756 6781/1/6781 6784/1/6784 2757/1/2757
f 2755/1/2755 6778/1/6778 6781/1/6781 2756/1/2756
f 6787/1/6787 6788/1/6788 6791/1/6791 6790/1/6790
f 6788/1/6788 6789/1/6789 6792/1/6792 6791/1/6791
f 6790/1/6790 6791/1/6791 6794/1/6794 6793/1/6793
f 6791/1/6791 6792/1/6792 6795/1/6795 6794/1/6794
f 350/1/350 2379/1/2379 6787/1/6787 2692/1/2692
f 2379/1/2379 2378/1/2378 6788/1/6788 6787/1/6787
f 2378/1/2378 2377/1/2377 6789/1/6789 6788/1/6788
f 2377/1/2377 352/1/352 2779/1/2779 6789/1/6789
f 6789/1/6789 2779/1/2779 2780/1/2780 6792/1/6792
f 6792/1/6792 2780/1/2780 2781/1/2781 6795/1/6795
f 6795/1/6795 2781/1/2781 380/1/380 2772/1/2772
f 6794/1/6794 6795/1/6795 2772/1/2772 2771/1/2771
f 6793/1/6793 6794/1/6794 2771/1/2771 2770/1/2770
f 2694/1/2694 6793/1/6793 2770/1/2770 386/1/386
f 2693/1/2693 6790/1/6790 6793/1/6793 2694/1/2694
f 2692/1/2692 6787/1/6787 6790/1/6790 2693/1/2693
f 6796/1/6796 6797/1/6797 6800/1/6800 6799/1/6799
f 6797/1/6797 6798/1/6798 6801/1/6801 6800/1/6800
f 6799/1/6799 6800/1/6800 6803/1/6803 6802/1/6802
f 6800/1/6800 6801/1/6801 6804/1/6804 6803/1/6803
f 381/1/381 2782/1/2782 6796/1/6796 2773/1/2773
f 2782/1/2782 2783/1/2783 6797/1/6797 6796/1/6796
f 2783/1/2783 2784/1/2784 6798/1/6798 6797/1/6797
f 2784/1/2784 353/1/353 2388/1/2388 6798/1/6798
f 6798/1/6798 2388/1/2388 2387/1/2387 6801/1/6801
f 6801/1/6801 2387/1/2387 2386/1/2386 6804/1/6804
f 6804/1/6804 2386/1/2386 351/1/351 2703/1/2703
f 6803/1/6803 6804/1/6804 2703/1/2703 2702/1/2702
f 6802/1/6802 6803/1/6803 2702/1/2702 2701/1/2701
f 2775/1/2775 6802/1/6802 2701/1/2701 387/1/387
f 2774/1/2774 6799/1/6799 6802/1/6802 2775/1/2775
f 2773/1/2773 6796/1/6796 6799/1/6799 2774/1/2774
f 6806/1/6806 6807/1/6807 6805/1/6805 6811/1/6811
f 6808/1/6808 6809/1/6809 6805/1/6805 6807/1/6807
f 6810/1/6810 6811/1/6811 6805/1/6805 6809/1/6809
f 324/1/324 2763/1/2763 6806/1/6806 2359/1/2359
f 2763/1/2763 2762/1/2762 6807/1/6807 6806/1/6806
f 2359/1/2359 6806/1/6806 6811/1/6811 2360/1/2360
f 380/1/380 2781/1/2781 6808/1/6808 2761/1/2761
f 2781/1/2781 2780/1/2780 6809/1/6809 6808/1/6808
f 2761/1/2761 6808/1/6808 6807/1/6807 2762/1/2762
f 352/1/352 2361/1/2361 6810/1/6810 2779/1/2779
f 2361/1/2361 2360/1/2360 6811/1/6811 6810/1/6810
f 2779/1/2779 6810/1/6810 6809/1/6809 2780/1/2780
f 6813/1/6813 6814/1/6814 6812/1/6812 6818/1/6818
f 6815/1/6815 6816/1/6816 6812/1/6812 6814/1/6814
f 6817/1/6817 6818/1/6818 6812/1/6812 6816/1/6816
f 353/1/353 2784/1/2784 6813/1/6813 2368/1/2368
f 2784/1/2784 2783/1/2783 6814/1/6814 6813/1/6813
f 2368/1/2368 6813/1/6813 6818/1/6818 2369/1/2369
f 381/1/381 2766/1/2766 6815/1/6815 2782/1/2782
f 2766/1/2766 2765/1/2765 6816/1/6816 6815/1/6815
f 2782/1/2782 6815/1/6815 6814/1/6814 2783/1/2783
f 325/1/325 2370/1/2370 6817/1/6817 2764/1/2764
f 2370/1/2370 2369/1/2369 6818/1/6818 6817/1/6817
f 2764/1/2764 6817/1/6817 6816/1/6816 2765/1/2765
f 6819/1/6819 6820/1/6820 6823/1/6823 6822/1/6822
f 6820/1/6820 6821/1/6821 6824/1/6824 6823/1/6823
f 6822/1/6822 6823/1/6823 6826/1/6826 6825/1/6825
f 6823/1/6823 6824/1/6824 6827/1/6827 6826/1/6826
f 400/1/400 2788/1/2788 6819/1/6819 2787/1/2787
f 2788/1/2788 2789/1/2789 6820/1/6820 6819/1/6819
f 2789/1/2789 2790/1/2790 6821/1/6821 6820/1/6820
f 2790/1/2790 388/1/388 2791/1/2791 6821/1/6821
f 6821/1/6821 2791/1/2791 2792/1/2792 6824/1/6824
f 6824/1/6824 2792/1/2792 2793/1/2793 6827/1/6827
f 6827/1/6827 2793/1/2793 414/1/414 2794/1/2794
f 6826/1/6826 6827/1/6827 2794/1/2794 2795/1/2795
f 6825/1/6825 6826/1/6826 2795/1/2795 2796/1/2796
f 2785/1/2785 6825/1/6825 2796/1/2796 402/1/402
f 2786/1/2786 6822/1/6822 6825/1/6825 2785/1/2785
f 2787/1/2787 6819/1/6819 6822/1/6822 2786/1/2786
f 6828/1/6828 6829/1/6829 6832/1/6832 6831/1/6831
f 6829/1/6829 6830/1/6830 6833/1/6833 6832/1/6832
f 6831/1/6831 6832/1/6832 6835/1/6835 6834/1/6834
f 6832/1/6832 6833/1/6833 6836/1/6836 6835/1/6835
f 415/1/415 2800/1/2800 6828/1/6828 2799/1/2799
f 2800/1/2800 2801/1/2801 6829/1/6829 6828/1/6828
f 2801/1/2801 2802/1/2802 6830/1/6830 6829/1/6829
f 2802/1/2802 389/1/389 2803/1/2803 6830/1/6830
f 6830/1/6830 2803/1/2803 2804/1/2804 6833/1/6833
f 6833/1/6833 2804/1/2804 2805/1/2805 6836/1/6836
f 6836/1/6836 2805/1/2805 401/1/401 2806/1/2806
f 6835/1/6835 6836/1/6836 2806/1/2806 2807/1/2807
f 6834/1/6834 6835/1/6835 2807/1/2807 2808/1/2808
f 2797/1/2797 6834/1/6834 2808/1/2808 403/1/403
f 2798/1/2798 6831/1/6831 6834/1/6834 2797/1/2797
f 2799/1/2799 6828/1/6828 6831/1/6831 2798/1/2798
f 6837/1/6837 6838/1/6838 6841/1/6841 6840/1/6840
f 6838/1/6838 6839/1/6839 6842/1/6842 6841/1/6841
f 6840/1/6840 6841/1/6841 6844/1/6844 6843/1/6843
f 6841/1/6841 6842/1/6842 6845/1/6845 6844/1/6844
f 400/1/400 2787/1/2787 6837/1/6837 2811/1/2811
f 2787/1/2787 2786/1/2786 6838/1/6838 6837/1/6837
f 2786/1/2786 2785/1/2785 6839/1/6839 6838/1/6838
f 2785/1/2785 402/1/402 2812/1/2812 6839/1/6839
f 6839/1/6839 2812/1/2812 2813/1/2813 6842/1/6842
f 6842/1/6842 2813/1/2813 2814/1/2814 6845/1/6845
f 6845/1/6845 2814/1/2814 404/1/404 2815/1/2815
f 6844/1/6844 6845/1/6845 2815/1/2815 2816/1/2816
f 6843/1/6843 6844/1/6844 2816/1/2816 2817/1/2817
f 2809/1/2809 6843/1/6843 2817/1/2817 398/1/398
f 2810/1/2810 6840/1/6840 6843/1/6843 2809/1/2809
f 2811/1/2811 6837/1/6837 6840/1/6840 2810/1/2810
f 6846/1/6846 6847/1/6847 6850/1/6850 6849/1/6849
f 6847/1/6847 6848/1/6848 6851/1/6851 6850/1/6850
f 6849/1/6849 6850/1/6850 6853/1/6853 6852/1/6852
f 6850/1/6850 6851/1/6851 6854/1/6854 6853/1/6853
f 405/1/405 2821/1/2821 6846/1/6846 2820/1/2820
f 2821/1/2821 2822/1/2822 6847/1/6847 6846/1/6846
f 2822/1/2822 2823/1/2823 6848/1/6848 6847/1/6847
f 2823/1/2823 403/1/403 2808/1/2808 6848/1/6848
f 6848/1/6848 2808/1/2808 2807/1/2807 6851/1/6851
f 6851/1/6851 2807/1/2807 2806/1/2806 6854/1/6854
f 6854/1/6854 2806/1/2806 401/1/401 2824/1/2824
f 6853/1/6853 6854/1/6854 2824/1/2824 2825/1/2825
f 6852/1/6852 6853/1/6853 2825/1/2825 2826/1/2826
f 2818/1/2818 6852/1/6852 2826/1/2826 399/1/399
f 2819/1/2819 6849/1/6849 6852/1/6852 2818/1/2818
f 2820/1/2820 6846/1/6846 6849/1/6849 2819/1/2819
f 6855/1/6855 6856/1/6856 6859/1/6859 6858/1/6858
f 6856/1/6856 6857/1/6857 6860/1/6860 6859/1/6859
f 6858/1/6858 6859/1/6859 6862/1/6862 6861/1/6861
f 6859/1/6859 6860/1/6860 6863/1/6863 6862/1/6862
f 398/1/398 2817/1/2817 6855/1/6855 2829/1/2829
f 2817/1/2817 2816/1/2816 6856/1/6856 6855/1/6855
f 2816/1/2816 2815/1/2815 6857/1/6857 6856/1/6856
f 2815/1/2815 404/1/404 2830/1/2830 6857/1/6857
f 6857/1/6857 2830/1/2830 2831/1/2831 6860/1/6860
f 6860/1/6860 2831/1/2831 2832/1/2832 6863/1/6863
f 6863/1/6863 2832/1/2832 406/1/406 2833/1/2833
f 6862/1/6862 6863/1/6863 2833/1/2833 2834/1/2834
f 6861/1/6861 6862/1/6862 2834/1/2834 2835/1/2835
f 2827/1/2827 6861/1/6861 2835/1/2835 396/1/396
f 2828/1/2828 6858/1/6858 6861/1/6861 2827/1/2827
f 2829/1/2829 6855/1/6855 6858/1/6858 2828/1/2828
f 6864/1/6864 6865/1/6865 6868/1/6868 6867/1/6867
f 6865/1/6865 6866/1/6866 6869/1/6869 6868/1/6868
f 6867/1/6867 6868/1/6868 6871/1/6871 6870/1/6870
f 6868/1/6868 6869/1/6869 6872/1/6872 6871/1/6871
f 407/1/407 2839/1/2839 6864/1/6864 2838/1/2838
f 2839/1/2839 2840/1/2840 6865/1/6865 6864/1/6864
f 2840/1/2840 2841/1/2841 6866/1/6866 6865/1/6865
f 2841/1/2841 405/1/405 2820/1/2820 6866/1/6866
f 6866/1/6866 2820/1/2820 2819/1/2819 6869/1/6869
f 6869/1/6869 2819/1/2819 2818/1/2818 6872/1/6872
f 6872/1/6872 2818/1/2818 399/1/399 2842/1/2842
f 6871/1/6871 6872/1/6872 2842/1/2842 2843/1/2843
f 6870/1/6870 6871/1/6871 2843/1/2843 2844/1/2844
f 2836/1/2836 6870/1/6870 2844/1/2844 397/1/397
f 2837/1/2837 6867/1/6867 6870/1/6870 2836/1/2836
f 2838/1/2838 6864/1/6864 6867/1/6867 2837/1/2837
f 6873/1/6873 6874/1/6874 6877/1/6877 6876/1/6876
f 6874/1/6874 6875/1/6875 6878/1/6878 6877/1/6877
f 6876/1/6876 6877/1/6877 6880/1/6880 6879/1/6879
f 6877/1/6877 6878/1/6878 6881/1/6881 6880/1/6880
f 396/1/396 2835/1/2835 6873/1/6873 2847/1/2847
f 2835/1/2835 2834/1/2834 6874/1/6874 6873/1/6873
f 2834/1/2834 2833/1/2833 6875/1/6875 6874/1/6874
f 2833/1/2833 406/1/406 2848/1/2848 6875/1/6875
f 6875/1/6875 2848/1/2848 2849/1/2849 6878/1/6878
f 6878/1/6878 2849/1/2849 2850/1/2850 6881/1/6881
f 6881/1/6881 2850/1/2850 408/1/408 2851/1/2851
f 6880/1/6880 6881/1/6881 2851/1/2851 2852/1/2852
f 6879/1/6879 6880/1/6880 2852/1/2852 2853/1/2853
f 2845/1/2845 6879/1/6879 2853/1/2853 394/1/394
f 2846/1/2846 6876/1/6876 6879/1/6879 2845/1/2845
f 2847/1/2847 6873/1/6873 6876/1/6876 2846/1/2846
f 6882/1/6882 6883/1/6883 6886/1/6886 6885/1/6885
f 6883/1/6883 6884/1/6884 6887/1/6887 6886/1/6886
f 6885/1/6885 6886/1/6886 6889/1/6889 6888/1/6888
f 6886/1/6886 6887/1/6887 6890/1/6890 6889/1/6889
f 409/1/409 2857/1/2857 6882/1/6882 2856/1/2856
f 2857/1/2857 2858/1/2858 6883/1/6883 6882/1/6882
f 2858/1/2858 2859/1/2859 6884/1/6884 6883/1/6883
f 2859/1/2859 407/1/407 2838/1/2838 6884/1/6884
f 6884/1/6884 2838/1/2838 2837/1/2837 6887/1/6887
f 6887/1/6887 2837/1/2837 2836/1/2836 6890/1/6890
f 6890/1/6890 2836/1/2836 397/1/397 2860/1/2860
f 6889/1/6889 6890/1/6890 2860/1/2860 2861/1/2861
f 6888/1/6888 6889/1/6889 2861/1/2861 2862/1/2862
f 2854/1/2854 6888/1/6888 2862/1/2862 395/1/395
f 2855/1/2855 6885/1/6885 6888/1/6888 2854/1/2854
f 2856/1/2856 6882/1/6882 6885/1/6885 2855/1/2855
f 6891/1/6891 6892/1/6892 6895/1/6895 6894/1/6894
f 6892/1/6892 6893/1/6893 6896/1/6896 6895/1/6895
f 6894/1/6894 6895/1/6895 6898/1/6898 6897/1/6897
f 6895/1/6895 6896/1/6896 6899/1/6899 6898/1/6898
f 394/1/394 2853/1/2853 6891/1/6891 2865/1/2865
f 2853/1/2853 2852/1/2852 6892/1/6892 6891/1/6891
f 2852/1/2852 2851/1/2851 6893/1/6893 6892/1/6892
f 2851/1/2851 408/1/408 2866/1/2866 6893/1/6893
f 6893/1/6893 2866/1/2866 2867/1/2867 6896/1/6896
f 6896/1/6896 2867/1/2867 2868/1/2868 6899/1/6899
f 6899/1/6899 2868/1/2868 410/1/410 2869/1/2869
f 6898/1/6898 6899/1/6899 2869/1/2869 2870/1/2870
f 6897/1/6897 6898/1/6898 2870/1/2870 2871/1/2871
f 2863/1/2863 6897/1/6897 2871/1/2871 392/1/392
f 2864/1/2864 6894/1/6894 6897/1/6897 2863/1/2863
f 2865/1/2865 6891/1/6891 6894/1/6894 2864/1/2864
f 6900/1/6900 6901/1/6901 6904/1/6904 6903/1/6903
f 6901/1/6901 6902/1/6902 6905/1/6905 6904/1/6904
f 6903/1/6903 6904/1/6904 6907/1/6907 6906/1/6906
f 6904/1/6904 6905/1/6905 6908/1/6908 6907/1/6907
f 411/1/411 2875/1/2875 6900/1/6900 2874/1/2874
f 2875/1/2875 2876/1/2876 6901/1/6901 6900/1/6900
f 2876/1/2876 2877/1/2877 6902/1/6902 6901/1/6901
f 2877/1/2877 409/1/409 2856/1/2856 6902/1/6902
f 6902/1/6902 2856/1/2856 2855/1/2855 6905/1/6905
f 6905/1/6905 2855/1/2855 2854/1/2854 6908/1/6908
f 6908/1/6908 2854/1/2854 395/1/395 2878/1/2878
f 6907/1/6907 6908/1/6908 2878/1/2878 2879/1/2879
f 6906/1/6906 6907/1/6907 2879/1/2879 2880/1/2880
f 2872/1/2872 6906/1/6906 2880/1/2880 393/1/393
f 2873/1/2873 6903/1/6903 6906/1/6906 2872/1/2872
f 2874/1/2874 6900/1/6900 6903/1/6903 2873/1/2873
f 6909/1/6909 6910/1/6910 6913/1/6913 6912/1/6912
f 6910/1/6910 6911/1/6911 6914/1/6914 6913/1/6913
f 6912/1/6912 6913/1/6913 6916/1/6916 6915/1/6915
f 6913/1/6913 6914/1/6914 6917/1/6917 6916/1/6916
f 392/1/392 2871/1/2871 6909/1/6909 2883/1/2883
f 2871/1/2871 2870/1/2870 6910/1/6910 6909/1/6909
f 2870/1/2870 2869/1/2869 6911/1/6911 6910/1/6910
f 2869/1/2869 410/1/410 2884/1/2884 6911/1/6911
f 6911/1/6911 2884/1/2884 2885/1/2885 6914/1/6914
f 6914/1/6914 2885/1/2885 2886/1/2886 6917/1/6917
f 6917/1/6917 2886/1/2886 412/1/412 2887/1/2887
f 6916/1/6916 6917/1/6917 2887/1/2887 2888/1/2888
f 6915/1/6915 6916/1/6916 2888/1/2888 2889/1/2889
f 2881/1/2881 6915/1/6915 2889/1/2889 390/1/390
f 2882/1/2882 6912/1/6912 6915/1/6915 2881/1/2881
f 2883/1/2883 6909/1/6909 6912/1/6912 2882/1/2882
f 6918/1/6918 6919/1/6919 6922/1/6922 6921/1/6921
f 6919/1/6919 6920/1/6920 6923/1/6923 6922/1/6922
f 6921/1/6921 6922/1/6922 6925/1/6925 6924/1/6924
f 6922/1/6922 6923/1/6923 6926/1/6926 6925/1/6925
f 413/1/413 2893/1/2893 6918/1/6918 2892/1/2892
f 2893/1/2893 2894/1/2894 6919/1/6919 6918/1/6918
f 2894/1/2894 2895/1/2895 6920/1/6920 6919/1/6919
f 2895/1/2895 411/1/411 2874/1/2874 6920/1/6920
f 6920/1/6920 2874/1/2874 2873/1/2873 6923/1/6923
f 6923/1/6923 2873/1/2873 2872/1/2872 6926/1/6926
f 6926/1/6926 2872/1/2872 393/1/393 2896/1/2896
f 6925/1/6925 6926/1/6926 2896/1/2896 2897/1/2897
f 6924/1/6924 6925/1/6925 2897/1/2897 2898/1/2898
f 2890/1/2890 6924/1/6924 2898/1/2898 391/1/391
f 2891/1/2891 6921/1/6921 6924/1/6924 2890/1/2890
f 2892/1/2892 6918/1/6918 6921/1/6921 2891/1/2891
f 6927/1/6927 6928/1/6928 6931/1/6931 6930/1/6930
f 6928/1/6928 6929/1/6929 6932/1/6932 6931/1/6931
f 6930/1/6930 6931/1/6931 6934/1/6934 6933/1/6933
f 6931/1/6931 6932/1/6932 6935/1/6935 6934/1/6934
f 410/1/410 2899/1/2899 6927/1/6927 2884/1/2884
f 2899/1/2899 2900/1/2900 6928/1/6928 6927/1/6927
f 2900/1/2900 2901/1/2901 6929/1/6929 6928/1/6928
f 2901/1/2901 420/1/420 2902/1/2902 6929/1/6929
f 6929/1/6929 2902/1/2902 2903/1/2903 6932/1/6932
f 6932/1/6932 2903/1/2903 2904/1/2904 6935/1/6935
f 6935/1/6935 2904/1/2904 418/1/418 2905/1/2905
f 6934/1/6934 6935/1/6935 2905/1/2905 2906/1/2906
f 6933/1/6933 6934/1/6934 2906/1/2906 2907/1/2907
f 2886/1/2886 6933/1/6933 2907/1/2907 412/1/412
f 2885/1/2885 6930/1/6930 6933/1/6933 2886/1/2886
f 2884/1/2884 6927/1/6927 6930/1/6930 2885/1/2885
f 6936/1/6936 6937/1/6937 6940/1/6940 6939/1/6939
f 6937/1/6937 6938/1/6938 6941/1/6941 6940/1/6940
f 6939/1/6939 6940/1/6940 6943/1/6943 6942/1/6942
f 6940/1/6940 6941/1/6941 6944/1/6944 6943/1/6943
f 419/1/419 2911/1/2911 6936/1/6936 2910/1/2910
f 2911/1/2911 2912/1/2912 6937/1/6937 6936/1/6936
f 2912/1/2912 2913/1/2913 6938/1/6938 6937/1/6937
f 2913/1/2913 421/1/421 2914/1/2914 6938/1/6938
f 6938/1/6938 2914/1/2914 2915/1/2915 6941/1/6941
f 6941/1/6941 2915/1/2915 2916/1/2916 6944/1/6944
f 6944/1/6944 2916/1/2916 411/1/411 2895/1/2895
f 6943/1/6943 6944/1/6944 2895/1/2895 2894/1/2894
f 6942/1/6942 6943/1/6943 2894/1/2894 2893/1/2893
f 2908/1/2908 6942/1/6942 2893/1/2893 413/1/413
f 2909/1/2909 6939/1/6939 6942/1/6942 2908/1/2908
f 2910/1/2910 6936/1/6936 6939/1/6939 2909/1/2909
f 6945/1/6945 6946/1/6946 6949/1/6949 6948/1/6948
f 6946/1/6946 6947/1/6947 6950/1/6950 6949/1/6949
f 6948/1/6948 6949/1/6949 6952/1/6952 6951/1/6951
f 6949/1/6949 6950/1/6950 6953/1/6953 6952/1/6952
f 408/1/408 2917/1/2917 6945/1/6945 2866/1/2866
f 2917/1/2917 2918/1/2918 6946/1/6946 6945/1/6945
f 2918/1/2918 2919/1/2919 6947/1/6947 6946/1/6946
f 2919/1/2919 422/1/422 2920/1/2920 6947/1/6947
f 6947/1/6947 2920/1/2920 2921/1/2921 6950/1/6950
f 6950/1/6950 2921/1/2921 2922/1/2922 6953/1/6953
f 6953/1/6953 2922/1/2922 420/1/420 2901/1/2901
f 6952/1/6952 6953/1/6953 2901/1/2901 2900/1/2900
f 6951/1/6951 6952/1/6952 2900/1/2900 2899/1/2899
f 2868/1/2868 6951/1/6951 2899/1/2899 410/1/410
f 2867/1/2867 6948/1/6948 6951/1/6951 2868/1/2868
f 2866/1/2866 6945/1/6945 6948/1/6948 2867/1/2867
f 6954/1/6954 6955/1/6955 6958/1/6958 6957/1/6957
f 6955/1/6955 6956/1/6956 6959/1/6959 6958/1/6958
f 6957/1/6957 6958/1/6958 6961/1/6961 6960/1/6960
f 6958/1/6958 6959/1/6959 6962/1/6962 6961/1/6961
f 421/1/421 2923/1/2923 6954/1/6954 2914/1/2914
f 2923/1/2923 2924/1/2924 6955/1/6955 6954/1/6954
f 2924/1/2924 2925/1/2925 6956/1/6956 6955/1/6955
f 2925/1/2925 423/1/423 2926/1/2926 6956/1/6956
f 6956/1/6956 2926/1/2926 2927/1/2927 6959/1/6959
f 6959/1/6959 2927/1/2927 2928/1/2928 6962/1/6962
f 6962/1/6962 2928/1/2928 409/1/409 2877/1/2877
f 6961/1/6961 6962/1/6962 2877/1/2877 2876/1/2876
f 6960/1/6960 6961/1/6961 2876/1/2876 2875/1/2875
f 2916/1/2916 6960/1/6960 2875/1/2875 411/1/411
f 2915/1/2915 6957/1/6957 6960/1/6960 2916/1/2916
f 2914/1/2914 6954/1/6954 6957/1/6957 2915/1/2915
f 6963/1/6963 6964/1/6964 6967/1/6967 6966/1/6966
f 6964/1/6964 6965/1/6965 6968/1/6968 6967/1/6967
f 6966/1/6966 6967/1/6967 6970/1/6970 6969/1/6969
f 6967/1/6967 6968/1/6968 6971/1/6971 6970/1/6970
f 406/1/406 2929/1/2929 6963/1/6963 2848/1/2848
f 2929/1/2929 2930/1/2930 6964/1/6964 6963/1/6963
f 2930/1/2930 2931/1/2931 6965/1/6965 6964/1/6964
f 2931/1/2931 424/1/424 2932/1/2932 6965/1/6965
f 6965/1/6965 2932/1/2932 2933/1/2933 6968/1/6968
f 6968/1/6968 2933/1/2933 2934/1/2934 6971/1/6971
f 6971/1/6971 2934/1/2934 422/1/422 2919/1/2919
f 6970/1/6970 6971/1/6971 2919/1/2919 2918/1/2918
f 6969/1/6969 6970/1/6970 2918/1/2918 2917/1/2917
f 2850/1/2850 6969/1/6969 2917/1/2917 408/1/408
f 2849/1/2849 6966/1/6966 6969/1/6969 2850/1/2850
f 2848/1/2848 6963/1/6963 6966/1/6966 2849/1/2849
f 6972/1/6972 6973/1/6973 6976/1/6976 6975/1/6975
f 6973/1/6973 6974/1/6974 6977/1/6977 6976/1/6976
f 6975/1/6975 6976/1/6976 6979/1/6979 6978/1/6978
f 6976/1/6976 6977/1/6977 6980/1/6980 6979/1/6979
f 423/1/423 2935/1/2935 6972/1/6972 2926/1/2926
f 2935/1/2935 2936/1/2936 6973/1/6973 6972/1/6972
f 2936/1/2936 2937/1/2937 6974/1/6974 6973/1/6973
f 2937/1/2937 425/1/425 2938/1/2938 6974/1/6974
f 6974/1/6974 2938/1/2938 2939/1/2939 6977/1/6977
f 6977/1/6977 2939/1/2939 2940/1/2940 6980/1/6980
f 6980/1/6980 2940/1/2940 407/1/407 2859/1/2859
f 6979/1/6979 6980/1/6980 2859/1/2859 2858/1/2858
f 6978/1/6978 6979/1/6979 2858/1/2858 2857/1/2857
f 2928/1/2928 6978/1/6978 2857/1/2857 409/1/409
f 2927/1/2927 6975/1/6975 6978/1/6978 2928/1/2928
f 2926/1/2926 6972/1/6972 6975/1/6975 2927/1/2927
f 6981/1/6981 6982/1/6982 6985/1/6985 6984/1/6984
f 6982/1/6982 6983/1/6983 6986/1/6986 6985/1/6985
f 6984/1/6984 6985/1/6985 6988/1/6988 6987/1/6987
f 6985/1/6985 6986/1/6986 6989/1/6989 6988/1/6988
f 404/1/404 2941/1/2941 6981/1/6981 2830/1/2830
f 2941/1/2941 2942/1/2942 6982/1/6982 6981/1/6981
f 2942/1/2942 2943/1/2943 6983/1/6983 6982/1/6982
f 2943/1/2943 426/1/426 2944/1/2944 6983/1/6983
f 6983/1/6983 2944/1/2944 2945/1/2945 6986/1/6986
f 6986/1/6986 2945/1/2945 2946/1/2946 6989/1/6989
f 6989/1/6989 2946/1/2946 424/1/424 2931/1/2931
f 6988/1/6988 6989/1/6989 2931/1/2931 2930/1/2930
f 6987/1/6987 6988/1/6988 2930/1/2930 2929/1/2929
f 2832/1/2832 6987/1/6987 2929/1/2929 406/1/406
f 2831/1/2831 6984/1/6984 6987/1/6987 2832/1/2832
f 2830/1/2830 6981/1/6981 6984/1/6984 2831/1/2831
f 6990/1/6990 6991/1/6991 6994/1/6994 6993/1/6993
f 6991/1/6991 6992/1/6992 6995/1/6995 6994/1/6994
f 6993/1/6993 6994/1/6994 6997/1/6997 6996/1/6996
f 6994/1/6994 6995/1/6995 6998/1/6998 6997/1/6997
f 425/1/425 2947/1/2947 6990/1/6990 2938/1/2938
f 2947/1/2947 2948/1/2948 6991/1/6991 6990/1/6990
f 2948/1/2948 2949/1/2949 6992/1/6992 6991/1/6991
f 2949/1/2949 427/1/427 2950/1/2950 6992/1/6992
f 6992/1/6992 2950/1/2950 2951/1/2951 6995/1/6995
f 6995/1/6995 2951/1/2951 2952/1/2952 6998/1/6998
f 6998/1/6998 2952/1/2952 405/1/405 2841/1/2841
f 6997/1/6997 6998/1/6998 2841/1/2841 2840/1/2840
f 6996/1/6996 6997/1/6997 2840/1/2840 2839/1/2839
f 2940/1/2940 6996/1/6996 2839/1/2839 407/1/407
f 2939/1/2939 6993/1/6993 6996/1/6996 2940/1/2940
f 2938/1/2938 6990/1/6990 6993/1/6993 2939/1/2939
f 6999/1/6999 7000/1/7000 7003/1/7003 7002/1/7002
f 7000/1/7000 7001/1/7001 7004/1/7004 7003/1/7003
f 7002/1/7002 7003/1/7003 7006/1/7006 7005/1/7005
f 7003/1/7003 7004/1/7004 7007/1/7007 7006/1/7006
f 402/1/402 2953/1/2953 6999/1/6999 2812/1/2812
f 2953/1/2953 2954/1/2954 7000/1/7000 6999/1/6999
f 2954/1/2954 2955/1/2955 7001/1/7001 7000/1/7000
f 2955/1/2955 428/1/428 2956/1/2956 7001/1/7001
f 7001/1/7001 2956/1/2956 2957/1/2957 7004/1/7004
f 7004/1/7004 2957/1/2957 2958/1/2958 7007/1/7007
f 7007/1/7007 2958/1/2958 426/1/426 2943/1/2943
f 7006/1/7006 7007/1/7007 2943/1/2943 2942/1/2942
f 7005/1/7005 7006/1/7006 2942/1/2942 2941/1/2941
f 2814/1/2814 7005/1/7005 2941/1/2941 404/1/404
f 2813/1/2813 7002/1/7002 7005/1/7005 2814/1/2814
f 2812/1/2812 6999/1/6999 7002/1/7002 2813/1/2813
f 7008/1/7008 7009/1/7009 7012/1/7012 7011/1/7011
f 7009/1/7009 7010/1/7010 7013/1/7013 7012/1/7012
f 7011/1/7011 7012/1/7012 7015/1/7015 7014/1/7014
f 7012/1/7012 7013/1/7013 7016/1/7016 7015/1/7015
f 427/1/427 2959/1/2959 7008/1/7008 2950/1/2950
f 2959/1/2959 2960/1/2960 7009/1/7009 7008/1/7008
f 2960/1/2960 2961/1/2961 7010/1/7010 7009/1/7009
f 2961/1/2961 429/1/429 2962/1/2962 7010/1/7010
f 7010/1/7010 2962/1/2962 2963/1/2963 7013/1/7013
f 7013/1/7013 2963/1/2963 2964/1/2964 7016/1/7016
f 7016/1/7016 2964/1/2964 403/1/403 2823/1/2823
f 7015/1/7015 7016/1/7016 2823/1/2823 2822/1/2822
f 7014/1/7014 7015/1/7015 2822/1/2822 2821/1/2821
f 2952/1/2952 7014/1/7014 2821/1/2821 405/1/405
f 2951/1/2951 7011/1/7011 7014/1/7014 2952/1/2952
f 2950/1/2950 7008/1/7008 7011/1/7011 2951/1/2951
f 7017/1/7017 7018/1/7018 7021/1/7021 7020/1/7020
f 7018/1/7018 7019/1/7019 7022/1/7022 7021/1/7021
f 7020/1/7020 7021/1/7021 7024/1/7024 7023/1/7023
f 7021/1/7021 7022/1/7022 7025/1/7025 7024/1/7024
f 402/1/402 2796/1/2796 7017/1/7017 2953/1/2953
f 2796/1/2796 2795/1/2795 7018/1/7018 7017/1/7017
f 2795/1/2795 2794/1/2794 7019/1/7019 7018/1/7018
f 2794/1/2794 414/1/414 2965/1/2965 7019/1/7019
f 7019/1/7019 2965/1/2965 2966/1/2966 7022/1/7022
f 7022/1/7022 2966/1/2966 2967/1/2967 7025/1/7025
f 7025/1/7025 2967/1/2967 416/1/416 2968/1/2968
f 7024/1/7024 7025/1/7025 2968/1/2968 2969/1/2969
f 7023/1/7023 7024/1/7024 2969/1/2969 2970/1/2970
f 2955/1/2955 7023/1/7023 2970/1/2970 428/1/428
f 2954/1/2954 7020/1/7020 7023/1/7023 2955/1/2955
f 2953/1/2953 7017/1/7017 7020/1/7020 2954/1/2954
f 7026/1/7026 7027/1/7027 7030/1/7030 7029/1/7029
f 7027/1/7027 7028/1/7028 7031/1/7031 7030/1/7030
f 7029/1/7029 7030/1/7030 7033/1/7033 7032/1/7032
f 7030/1/7030 7031/1/7031 7034/1/7034 7033/1/7033
f 417/1/417 2974/1/2974 7026/1/7026 2973/1/2973
f 2974/1/2974 2975/1/2975 7027/1/7027 7026/1/7026
f 2975/1/2975 2976/1/2976 7028/1/7028 7027/1/7027
f 2976/1/2976 415/1/415 2799/1/2799 7028/1/7028
f 7028/1/7028 2799/1/2799 2798/1/2798 7031/1/7031
f 7031/1/7031 2798/1/2798 2797/1/2797 7034/1/7034
f 7034/1/7034 2797/1/2797 403/1/403 2964/1/2964
f 7033/1/7033 7034/1/7034 2964/1/2964 2963/1/2963
f 7032/1/7032 7033/1/7033 2963/1/2963 2962/1/2962
f 2971/1/2971 7032/1/7032 2962/1/2962 429/1/429
f 2972/1/2972 7029/1/7029 7032/1/7032 2971/1/2971
f 2973/1/2973 7026/1/7026 7029/1/7029 2972/1/2972
f 7035/1/7035 7036/1/7036 7039/1/7039 7038/1/7038
f 7036/1/7036 7037/1/7037 7040/1/7040 7039/1/7039
f 7038/1/7038 7039/1/7039 7042/1/7042 7041/1/7041
f 7039/1/7039 7040/1/7040 7043/1/7043 7042/1/7042
f 318/1/318 2709/1/2709 7035/1/7035 2979/1/2979
f 2709/1/2709 2708/1/2708 7036/1/7036 7035/1/7035
f 2708/1/2708 2707/1/2707 7037/1/7037 7036/1/7036
f 2707/1/2707 320/1/320 2980/1/2980 7037/1/7037
f 7037/1/7037 2980/1/2980 2981/1/2981 7040/1/7040
f 7040/1/7040 2981/1/2981 2982/1/2982 7043/1/7043
f 7043/1/7043 2982/1/2982 444/1/444 2983/1/2983
f 7042/1/7042 7043/1/7043 2983/1/2983 2984/1/2984
f 7041/1/7041 7042/1/7042 2984/1/2984 2985/1/2985
f 2977/1/2977 7041/1/7041 2985/1/2985 442/1/442
f 2978/1/2978 7038/1/7038 7041/1/7041 2977/1/2977
f 2979/1/2979 7035/1/7035 7038/1/7038 2978/1/2978
f 7044/1/7044 7045/1/7045 7048/1/7048 7047/1/7047
f 7045/1/7045 7046/1/7046 7049/1/7049 7048/1/7048
f 7047/1/7047 7048/1/7048 7051/1/7051 7050/1/7050
f 7048/1/7048 7049/1/7049 7052/1/7052 7051/1/7051
f 445/1/445 2989/1/2989 7044/1/7044 2988/1/2988
f 2989/1/2989 2990/1/2990 7045/1/7045 7044/1/7044
f 2990/1/2990 2991/1/2991 7046/1/7046 7045/1/7045
f 2991/1/2991 321/1/321 2724/1/2724 7046/1/7046
f 7046/1/7046 2724/1/2724 2723/1/2723 7049/1/7049
f 7049/1/7049 2723/1/2723 2722/1/2722 7052/1/7052
f 7052/1/7052 2722/1/2722 319/1/319 2992/1/2992
f 7051/1/7051 7052/1/7052 2992/1/2992 2993/1/2993
f 7050/1/7050 7051/1/7051 2993/1/2993 2994/1/2994
f 2986/1/2986 7050/1/7050 2994/1/2994 443/1/443
f 2987/1/2987 7047/1/7047 7050/1/7050 2986/1/2986
f 2988/1/2988 7044/1/7044 7047/1/7047 2987/1/2987
f 7053/1/7053 7054/1/7054 7057/1/7057 7056/1/7056
f 7054/1/7054 7055/1/7055 7058/1/7058 7057/1/7057
f 7056/1/7056 7057/1/7057 7060/1/7060 7059/1/7059
f 7057/1/7057 7058/1/7058 7061/1/7061 7060/1/7060
f 320/1/320 2995/1/2995 7053/1/7053 2980/1/2980
f 2995/1/2995 2996/1/2996 7054/1/7054 7053/1/7053
f 2996/1/2996 2997/1/2997 7055/1/7055 7054/1/7054
f 2997/1/2997 390/1/390 2889/1/2889 7055/1/7055
f 7055/1/7055 2889/1/2889 2888/1/2888 7058/1/7058
f 7058/1/7058 2888/1/2888 2887/1/2887 7061/1/7061
f 7061/1/7061 2887/1/2887 412/1/412 2998/1/2998
f 7060/1/7060 7061/1/7061 2998/1/2998 2999/1/2999
f 7059/1/7059 7060/1/7060 2999/1/2999 3000/1/3000
f 2982/1/2982 7059/1/7059 3000/1/3000 444/1/444
f 2981/1/2981 7056/1/7056 7059/1/7059 2982/1/2982
f 2980/1/2980 7053/1/7053 7056/1/7056 2981/1/2981
f 7062/1/7062 7063/1/7063 7066/1/7066 7065/1/7065
f 7063/1/7063 7064/1/7064 7067/1/7067 7066/1/7066
f 7065/1/7065 7066/1/7066 7069/1/7069 7068/1/7068
f 7066/1/7066 7067/1/7067 7070/1/7070 7069/1/7069
f 413/1/413 2892/1/2892 7062/1/7062 3003/1/3003
f 2892/1/2892 2891/1/2891 7063/1/7063 7062/1/7062
f 2891/1/2891 2890/1/2890 7064/1/7064 7063/1/7063
f 2890/1/2890 391/1/391 3004/1/3004 7064/1/7064
f 7064/1/7064 3004/1/3004 3005/1/3005 7067/1/7067
f 7067/1/7067 3005/1/3005 3006/1/3006 7070/1/7070
f 7070/1/7070 3006/1/3006 321/1/321 2991/1/2991
f 7069/1/7069 7070/1/7070 2991/1/2991 2990/1/2990
f 7068/1/7068 7069/1/7069 2990/1/2990 2989/1/2989
f 3001/1/3001 7068/1/7068 2989/1/2989 445/1/445
f 3002/1/3002 7065/1/7065 7068/1/7068 3001/1/3001
f 3003/1/3003 7062/1/7062 7065/1/7065 3002/1/3002
f 7071/1/7071 7072/1/7072 7075/1/7075 7074/1/7074
f 7072/1/7072 7073/1/7073 7076/1/7076 7075/1/7075
f 7074/1/7074 7075/1/7075 7078/1/7078 7077/1/7077
f 7075/1/7075 7076/1/7076 7079/1/7079 7078/1/7078
f 310/1/310 2427/1/2427 7071/1/7071 2659/1/2659
f 2427/1/2427 2426/1/2426 7072/1/7072 7071/1/7071
f 2426/1/2426 2425/1/2425 7073/1/7073 7072/1/7072
f 2425/1/2425 318/1/318 2979/1/2979 7073/1/7073
f 7073/1/7073 2979/1/2979 2978/1/2978 7076/1/7076
f 7076/1/7076 2978/1/2978 2977/1/2977 7079/1/7079
f 7079/1/7079 2977/1/2977 442/1/442 3007/1/3007
f 7078/1/7078 7079/1/7079 3007/1/3007 3008/1/3008
f 7077/1/7077 7078/1/7078 3008/1/3008 3009/1/3009
f 2661/1/2661 7077/1/7077 3009/1/3009 312/1/312
f 2660/1/2660 7074/1/7074 7077/1/7077 2661/1/2661
f 2659/1/2659 7071/1/7071 7074/1/7074 2660/1/2660
f 7080/1/7080 7081/1/7081 7084/1/7084 7083/1/7083
f 7081/1/7081 7082/1/7082 7085/1/7085 7084/1/7084
f 7083/1/7083 7084/1/7084 7087/1/7087 7086/1/7086
f 7084/1/7084 7085/1/7085 7088/1/7088 7087/1/7087
f 443/1/443 2994/1/2994 7080/1/7080 3012/1/3012
f 2994/1/2994 2993/1/2993 7081/1/7081 7080/1/7080
f 2993/1/2993 2992/1/2992 7082/1/7082 7081/1/7081
f 2992/1/2992 319/1/319 2430/1/2430 7082/1/7082
f 7082/1/7082 2430/1/2430 2429/1/2429 7085/1/7085
f 7085/1/7085 2429/1/2429 2428/1/2428 7088/1/7088
f 7088/1/7088 2428/1/2428 311/1/311 2670/1/2670
f 7087/1/7087 7088/1/7088 2670/1/2670 2669/1/2669
f 7086/1/7086 7087/1/7087 2669/1/2669 2668/1/2668
f 3010/1/3010 7086/1/7086 2668/1/2668 313/1/313
f 3011/1/3011 7083/1/7083 7086/1/7086 3010/1/3010
f 3012/1/3012 7080/1/7080 7083/1/7083 3011/1/3011
f 7089/1/7089 7090/1/7090 7093/1/7093 7092/1/7092
f 7090/1/7090 7091/1/7091 7094/1/7094 7093/1/7093
f 7092/1/7092 7093/1/7093 7096/1/7096 7095/1/7095
f 7093/1/7093 7094/1/7094 7097/1/7097 7096/1/7096
f 382/1/382 3016/1/3016 7089/1/7089 3015/1/3015
f 3016/1/3016 3017/1/3017 7090/1/7090 7089/1/7089
f 3017/1/3017 3018/1/3018 7091/1/7091 7090/1/7090
f 3018/1/3018 430/1/430 3019/1/3019 7091/1/7091
f 7091/1/7091 3019/1/3019 3020/1/3020 7094/1/7094
f 7094/1/7094 3020/1/3020 3021/1/3021 7097/1/7097
f 7097/1/7097 3021/1/3021 414/1/414 2793/1/2793
f 7096/1/7096 7097/1/7097 2793/1/2793 2792/1/2792
f 7095/1/7095 7096/1/7096 2792/1/2792 2791/1/2791
f 3013/1/3013 7095/1/7095 2791/1/2791 388/1/388
f 3014/1/3014 7092/1/7092 7095/1/7095 3013/1/3013
f 3015/1/3015 7089/1/7089 7092/1/7092 3014/1/3014
f 7098/1/7098 7099/1/7099 7102/1/7102 7101/1/7101
f 7099/1/7099 7100/1/7100 7103/1/7103 7102/1/7102
f 7101/1/7101 7102/1/7102 7105/1/7105 7104/1/7104
f 7102/1/7102 7103/1/7103 7106/1/7106 7105/1/7105
f 415/1/415 3022/1/3022 7098/1/7098 2800/1/2800
f 3022/1/3022 3023/1/3023 7099/1/7099 7098/1/7098
f 3023/1/3023 3024/1/3024 7100/1/7100 7099/1/7099
f 3024/1/3024 431/1/431 3025/1/3025 7100/1/7100
f 7100/1/7100 3025/1/3025 3026/1/3026 7103/1/7103
f 7103/1/7103 3026/1/3026 3027/1/3027 7106/1/7106
f 7106/1/7106 3027/1/3027 383/1/383 3028/1/3028
f 7105/1/7105 7106/1/7106 3028/1/3028 3029/1/3029
f 7104/1/7104 7105/1/7105 3029/1/3029 3030/1/3030
f 2802/1/2802 7104/1/7104 3030/1/3030 389/1/389
f 2801/1/2801 7101/1/7101 7104/1/7104 2802/1/2802
f 2800/1/2800 7098/1/7098 7101/1/7101 2801/1/2801
f 7107/1/7107 7108/1/7108 7111/1/7111 7110/1/7110
f 7108/1/7108 7109/1/7109 7112/1/7112 7111/1/7111
f 7110/1/7110 7111/1/7111 7114/1/7114 7113/1/7113
f 7111/1/7111 7112/1/7112 7115/1/7115 7114/1/7114
f 412/1/412 2907/1/2907 7107/1/7107 2998/1/2998
f 2907/1/2907 2906/1/2906 7108/1/7108 7107/1/7107
f 2906/1/2906 2905/1/2905 7109/1/7109 7108/1/7108
f 2905/1/2905 418/1/418 3031/1/3031 7109/1/7109
f 7109/1/7109 3031/1/3031 3032/1/3032 7112/1/7112
f 7112/1/7112 3032/1/3032 3033/1/3033 7115/1/7115
f 7115/1/7115 3033/1/3033 440/1/440 3034/1/3034
f 7114/1/7114 7115/1/7115 3034/1/3034 3035/1/3035
f 7113/1/7113 7114/1/7114 3035/1/3035 3036/1/3036
f 3000/1/3000 7113/1/7113 3036/1/3036 444/1/444
f 2999/1/2999 7110/1/7110 7113/1/7113 3000/1/3000
f 2998/1/2998 7107/1/7107 7110/1/7110 2999/1/2999
f 7116/1/7116 7117/1/7117 7120/1/7120 7119/1/7119
f 7117/1/7117 7118/1/7118 7121/1/7121 7120/1/7120
f 7119/1/7119 7120/1/7120 7123/1/7123 7122/1/7122
f 7120/1/7120 7121/1/7121 7124/1/7124 7123/1/7123
f 441/1/441 3040/1/3040 7116/1/7116 3039/1/3039
f 3040/1/3040 3041/1/3041 7117/1/7117 7116/1/7116
f 3041/1/3041 3042/1/3042 7118/1/7118 7117/1/7117
f 3042/1/3042 419/1/419 2910/1/2910 7118/1/7118
f 7118/1/7118 2910/1/2910 2909/1/2909 7121/1/7121
f 7121/1/7121 2909/1/2909 2908/1/2908 7124/1/7124
f 7124/1/7124 2908/1/2908 413/1/413 3003/1/3003
f 7123/1/7123 7124/1/7124 3003/1/3003 3002/1/3002
f 7122/1/7122 7123/1/7123 3002/1/3002 3001/1/3001
f 3037/1/3037 7122/1/7122 3001/1/3001 445/1/445
f 3038/1/3038 7119/1/7119 7122/1/7122 3037/1/3037
f 3039/1/3039 7116/1/7116 7119/1/7119 3038/1/3038
f 7125/1/7125 7126/1/7126 7129/1/7129 7128/1/7128
f 7126/1/7126 7127/1/7127 7130/1/7130 7129/1/7129
f 7128/1/7128 7129/1/7129 7132/1/7132 7131/1/7131
f 7129/1/7129 7130/1/7130 7133/1/7133 7132/1/7132
f 438/1/438 3046/1/3046 7125/1/7125 3045/1/3045
f 3046/1/3046 3047/1/3047 7126/1/7126 7125/1/7125
f 3047/1/3047 3048/1/3048 7127/1/7127 7126/1/7126
f 3048/1/3048 446/1/446 3049/1/3049 7127/1/7127
f 7127/1/7127 3049/1/3049 3050/1/3050 7130/1/7130
f 7130/1/7130 3050/1/3050 3051/1/3051 7133/1/7133
f 7133/1/7133 3051/1/3051 444/1/444 3036/1/3036
f 7132/1/7132 7133/1/7133 3036/1/3036 3035/1/3035
f 7131/1/7131 7132/1/7132 3035/1/3035 3034/1/3034
f 3043/1/3043 7131/1/7131 3034/1/3034 440/1/440
f 3044/1/3044 7128/1/7128 7131/1/7131 3043/1/3043
f 3045/1/3045 7125/1/7125 7128/1/7128 3044/1/3044
f 7134/1/7134 7135/1/7135 7138/1/7138 7137/1/7137
f 7135/1/7135 7136/1/7136 7139/1/7139 7138/1/7138
f 7137/1/7137 7138/1/7138 7141/1/7141 7140/1/7140
f 7138/1/7138 7139/1/7139 7142/1/7142 7141/1/7141
f 445/1/445 3052/1/3052 7134/1/7134 3037/1/3037
f 3052/1/3052 3053/1/3053 7135/1/7135 7134/1/7134
f 3053/1/3053 3054/1/3054 7136/1/7136 7135/1/7135
f 3054/1/3054 447/1/447 3055/1/3055 7136/1/7136
f 7136/1/7136 3055/1/3055 3056/1/3056 7139/1/7139
f 7139/1/7139 3056/1/3056 3057/1/3057 7142/1/7142
f 7142/1/7142 3057/1/3057 439/1/439 3058/1/3058
f 7141/1/7141 7142/1/7142 3058/1/3058 3059/1/3059
f 7140/1/7140 7141/1/7141 3059/1/3059 3060/1/3060
f 3039/1/3039 7140/1/7140 3060/1/3060 441/1/441
f 3038/1/3038 7137/1/7137 7140/1/7140 3039/1/3039
f 3037/1/3037 7134/1/7134 7137/1/7137 3038/1/3038
f 7143/1/7143 7144/1/7144 7147/1/7147 7146/1/7146
f 7144/1/7144 7145/1/7145 7148/1/7148 7147/1/7147
f 7146/1/7146 7147/1/7147 7150/1/7150 7149/1/7149
f 7147/1/7147 7148/1/7148 7151/1/7151 7150/1/7150
f 434/1/434 3064/1/3064 7143/1/7143 3063/1/3063
f 3064/1/3064 3065/1/3065 7144/1/7144 7143/1/7143
f 3065/1/3065 3066/1/3066 7145/1/7145 7144/1/7144
f 3066/1/3066 446/1/446 3048/1/3048 7145/1/7145
f 7145/1/7145 3048/1/3048 3047/1/3047 7148/1/7148
f 7148/1/7148 3047/1/3047 3046/1/3046 7151/1/7151
f 7151/1/7151 3046/1/3046 438/1/438 3067/1/3067
f 7150/1/7150 7151/1/7151 3067/1/3067 3068/1/3068
f 7149/1/7149 7150/1/7150 3068/1/3068 3069/1/3069
f 3061/1/3061 7149/1/7149 3069/1/3069 436/1/436
f 3062/1/3062 7146/1/7146 7149/1/7149 3061/1/3061
f 3063/1/3063 7143/1/7143 7146/1/7146 3062/1/3062
f 7152/1/7152 7153/1/7153 7156/1/7156 7155/1/7155
f 7153/1/7153 7154/1/7154 7157/1/7157 7156/1/7156
f 7155/1/7155 7156/1/7156 7159/1/7159 7158/1/7158
f 7156/1/7156 7157/1/7157 7160/1/7160 7159/1/7159
f 439/1/439 3057/1/3057 7152/1/7152 3072/1/3072
f 3057/1/3057 3056/1/3056 7153/1/7153 7152/1/7152
f 3056/1/3056 3055/1/3055 7154/1/7154 7153/1/7153
f 3055/1/3055 447/1/447 3073/1/3073 7154/1/7154
f 7154/1/7154 3073/1/3073 3074/1/3074 7157/1/7157
f 7157/1/7157 3074/1/3074 3075/1/3075 7160/1/7160
f 7160/1/7160 3075/1/3075 435/1/435 3076/1/3076
f 7159/1/7159 7160/1/7160 3076/1/3076 3077/1/3077
f 7158/1/7158 7159/1/7159 3077/1/3077 3078/1/3078
f 3070/1/3070 7158/1/7158 3078/1/3078 437/1/437
f 3071/1/3071 7155/1/7155 7158/1/7158 3070/1/3070
f 3072/1/3072 7152/1/7152 7155/1/7155 3071/1/3071
f 7161/1/7161 7162/1/7162 7165/1/7165 7164/1/7164
f 7162/1/7162 7163/1/7163 7166/1/7166 7165/1/7165
f 7164/1/7164 7165/1/7165 7168/1/7168 7167/1/7167
f 7165/1/7165 7166/1/7166 7169/1/7169 7168/1/7168
f 432/1/432 3082/1/3082 7161/1/7161 3081/1/3081
f 3082/1/3082 3083/1/3083 7162/1/7162 7161/1/7161
f 3083/1/3083 3084/1/3084 7163/1/7163 7162/1/7162
f 3084/1/3084 448/1/448 3085/1/3085 7163/1/7163
f 7163/1/7163 3085/1/3085 3086/1/3086 7166/1/7166
f 7166/1/7166 3086/1/3086 3087/1/3087 7169/1/7169
f 7169/1/7169 3087/1/3087 446/1/446 3066/1/3066
f 7168/1/7168 7169/1/7169 3066/1/3066 3065/1/3065
f 7167/1/7167 7168/1/7168 3065/1/3065 3064/1/3064
f 3079/1/3079 7167/1/7167 3064/1/3064 434/1/434
f 3080/1/3080 7164/1/7164 7167/1/7167 3079/1/3079
f 3081/1/3081 7161/1/7161 7164/1/7164 3080/1/3080
f 7170/1/7170 7171/1/7171 7174/1/7174 7173/1/7173
f 7171/1/7171 7172/1/7172 7175/1/7175 7174/1/7174
f 7173/1/7173 7174/1/7174 7177/1/7177 7176/1/7176
f 7174/1/7174 7175/1/7175 7178/1/7178 7177/1/7177
f 447/1/447 3088/1/3088 7170/1/7170 3073/1/3073
f 3088/1/3088 3089/1/3089 7171/1/7171 7170/1/7170
f 3089/1/3089 3090/1/3090 7172/1/7172 7171/1/7171
f 3090/1/3090 449/1/449 3091/1/3091 7172/1/7172
f 7172/1/7172 3091/1/3091 3092/1/3092 7175/1/7175
f 7175/1/7175 3092/1/3092 3093/1/3093 7178/1/7178
f 7178/1/7178 3093/1/3093 433/1/433 3094/1/3094
f 7177/1/7177 7178/1/7178 3094/1/3094 3095/1/3095
f 7176/1/7176 7177/1/7177 3095/1/3095 3096/1/3096
f 3075/1/3075 7176/1/7176 3096/1/3096 435/1/435
f 3074/1/3074 7173/1/7173 7176/1/7176 3075/1/3075
f 3073/1/3073 7170/1/7170 7173/1/7173 3074/1/3074
f 7179/1/7179 7180/1/7180 7183/1/7183 7182/1/7182
f 7180/1/7180 7181/1/7181 7184/1/7184 7183/1/7183
f 7182/1/7182 7183/1/7183 7186/1/7186 7185/1/7185
f 7183/1/7183 7184/1/7184 7187/1/7187 7186/1/7186
f 430/1/430 3100/1/3100 7179/1/7179 3099/1/3099
f 3100/1/3100 3101/1/3101 7180/1/7180 7179/1/7179
f 3101/1/3101 3102/1/3102 7181/1/7181 7180/1/7180
f 3102/1/3102 448/1/448 3084/1/3084 7181/1/7181
f 7181/1/7181 3084/1/3084 3083/1/3083 7184/1/7184
f 7184/1/7184 3083/1/3083 3082/1/3082 7187/1/7187
f 7187/1/7187 3082/1/3082 432/1/432 3103/1/3103
f 7186/1/7186 7187/1/7187 3103/1/3103 3104/1/3104
f 7185/1/7185 7186/1/7186 3104/1/3104 3105/1/3105
f 3097/1/3097 7185/1/7185 3105/1/3105 450/1/450
f 3098/1/3098 7182/1/7182 7185/1/7185 3097/1/3097
f 3099/1/3099 7179/1/7179 7182/1/7182 3098/1/3098
f 7188/1/7188 7189/1/7189 7192/1/7192 7191/1/7191
f 7189/1/7189 7190/1/7190 7193/1/7193 7192/1/7192
f 7191/1/7191 7192/1/7192 7195/1/7195 7194/1/7194
f 7192/1/7192 7193/1/7193 7196/1/7196 7195/1/7195
f 433/1/433 3093/1/3093 7188/1/7188 3108/1/3108
f 3093/1/3093 3092/1/3092 7189/1/7189 7188/1/7188
f 3092/1/3092 3091/1/3091 7190/1/7190 7189/1/7189
f 3091/1/3091 449/1/449 3109/1/3109 7190/1/7190
f 7190/1/7190 3109/1/3109 3110/1/3110 7193/1/7193
f 7193/1/7193 3110/1/3110 3111/1/3111 7196/1/7196
f 7196/1/7196 3111/1/3111 431/1/431 3112/1/3112
f 7195/1/7195 7196/1/7196 3112/1/3112 3113/1/3113
f 7194/1/7194 7195/1/7195 3113/1/3113 3114/1/3114
f 3106/1/3106 7194/1/7194 3114/1/3114 451/1/451
f 3107/1/3107 7191/1/7191 7194/1/7194 3106/1/3106
f 3108/1/3108 7188/1/7188 7191/1/7191 3107/1/3107
f 7197/1/7197 7198/1/7198 7201/1/7201 7200/1/7200
f 7198/1/7198 7199/1/7199 7202/1/7202 7201/1/7201
f 7200/1/7200 7201/1/7201 7204/1/7204 7203/1/7203
f 7201/1/7201 7202/1/7202 7205/1/7205 7204/1/7204
f 414/1/414 3021/1/3021 7197/1/7197 2965/1/2965
f 3021/1/3021 3020/1/3020 7198/1/7198 7197/1/7197
f 3020/1/3020 3019/1/3019 7199/1/7199 7198/1/7198
f 3019/1/3019 430/1/430 3099/1/3099 7199/1/7199
f 7199/1/7199 3099/1/3099 3098/1/3098 7202/1/7202
f 7202/1/7202 3098/1/3098 3097/1/3097 7205/1/7205
f 7205/1/7205 3097/1/3097 450/1/450 3115/1/3115
f 7204/1/7204 7205/1/7205 3115/1/3115 3116/1/3116
f 7203/1/7203 7204/1/7204 3116/1/3116 3117/1/3117
f 2967/1/2967 7203/1/7203 3117/1/3117 416/1/416
f 2966/1/2966 7200/1/7200 7203/1/7203 2967/1/2967
f 2965/1/2965 7197/1/7197 7200/1/7200 2966/1/2966
f 7206/1/7206 7207/1/7207 7210/1/7210 7209/1/7209
f 7207/1/7207 7208/1/7208 7211/1/7211 7210/1/7210
f 7209/1/7209 7210/1/7210 7213/1/7213 7212/1/7212
f 7210/1/7210 7211/1/7211 7214/1/7214 7213/1/7213
f 451/1/451 3114/1/3114 7206/1/7206 3120/1/3120
f 3114/1/3114 3113/1/3113 7207/1/7207 7206/1/7206
f 3113/1/3113 3112/1/3112 7208/1/7208 7207/1/7207
f 3112/1/3112 431/1/431 3024/1/3024 7208/1/7208
f 7208/1/7208 3024/1/3024 3023/1/3023 7211/1/7211
f 7211/1/7211 3023/1/3023 3022/1/3022 7214/1/7214
f 7214/1/7214 3022/1/3022 415/1/415 2976/1/2976
f 7213/1/7213 7214/1/7214 2976/1/2976 2975/1/2975
f 7212/1/7212 7213/1/7213 2975/1/2975 2974/1/2974
f 3118/1/3118 7212/1/7212 2974/1/2974 417/1/417
f 3119/1/3119 7209/1/7209 7212/1/7212 3118/1/3118
f 3120/1/3120 7206/1/7206 7209/1/7209 3119/1/3119
f 7215/1/7215 7216/1/7216 7219/1/7219 7218/1/7218
f 7216/1/7216 7217/1/7217 7220/1/7220 7219/1/7219
f 7218/1/7218 7219/1/7219 7222/1/7222 7221/1/7221
f 7219/1/7219 7220/1/7220 7223/1/7223 7222/1/7222
f 312/1/312 3121/1/3121 7215/1/7215 2671/1/2671
f 3121/1/3121 3122/1/3122 7216/1/7216 7215/1/7215
f 3122/1/3122 3123/1/3123 7217/1/7217 7216/1/7216
f 3123/1/3123 448/1/448 3102/1/3102 7217/1/7217
f 7217/1/7217 3102/1/3102 3101/1/3101 7220/1/7220
f 7220/1/7220 3101/1/3101 3100/1/3100 7223/1/7223
f 7223/1/7223 3100/1/3100 430/1/430 3018/1/3018
f 7222/1/7222 7223/1/7223 3018/1/3018 3017/1/3017
f 7221/1/7221 7222/1/7222 3017/1/3017 3016/1/3016
f 2673/1/2673 7221/1/7221 3016/1/3016 382/1/382
f 2672/1/2672 7218/1/7218 7221/1/7221 2673/1/2673
f 2671/1/2671 7215/1/7215 7218/1/7218 2672/1/2672
f 7224/1/7224 7225/1/7225 7228/1/7228 7227/1/7227
f 7225/1/7225 7226/1/7226 7229/1/7229 7228/1/7228
f 7227/1/7227 7228/1/7228 7231/1/7231 7230/1/7230
f 7228/1/7228 7229/1/7229 7232/1/7232 7231/1/7231
f 431/1/431 3111/1/3111 7224/1/7224 3025/1/3025
f 3111/1/3111 3110/1/3110 7225/1/7225 7224/1/7224
f 3110/1/3110 3109/1/3109 7226/1/7226 7225/1/7225
f 3109/1/3109 449/1/449 3124/1/3124 7226/1/7226
f 7226/1/7226 3124/1/3124 3125/1/3125 7229/1/7229
f 7229/1/7229 3125/1/3125 3126/1/3126 7232/1/7232
f 7232/1/7232 3126/1/3126 313/1/313 2682/1/2682
f 7231/1/7231 7232/1/7232 2682/1/2682 2681/1/2681
f 7230/1/7230 7231/1/7231 2681/1/2681 2680/1/2680
f 3027/1/3027 7230/1/7230 2680/1/2680 383/1/383
f 3026/1/3026 7227/1/7227 7230/1/7230 3027/1/3027
f 3025/1/3025 7224/1/7224 7227/1/7227 3026/1/3026
f 7233/1/7233 7234/1/7234 7237/1/7237 7236/1/7236
f 7234/1/7234 7235/1/7235 7238/1/7238 7237/1/7237
f 7236/1/7236 7237/1/7237 7240/1/7240 7239/1/7239
f 7237/1/7237 7238/1/7238 7241/1/7241 7240/1/7240
f 312/1/312 3009/1/3009 7233/1/7233 3121/1/3121
f 3009/1/3009 3008/1/3008 7234/1/7234 7233/1/7233
f 3008/1/3008 3007/1/3007 7235/1/7235 7234/1/7234
f 3007/1/3007 442/1/442 3127/1/3127 7235/1/7235
f 7235/1/7235 3127/1/3127 3128/1/3128 7238/1/7238
f 7238/1/7238 3128/1/3128 3129/1/3129 7241/1/7241
f 7241/1/7241 3129/1/3129 446/1/446 3087/1/3087
f 7240/1/7240 7241/1/7241 3087/1/3087 3086/1/3086
f 7239/1/7239 7240/1/7240 3086/1/3086 3085/1/3085
f 3123/1/3123 7239/1/7239 3085/1/3085 448/1/448
f 3122/1/3122 7236/1/7236 7239/1/7239 3123/1/3123
f 3121/1/3121 7233/1/7233 7236/1/7236 3122/1/3122
f 7242/1/7242 7243/1/7243 7246/1/7246 7245/1/7245
f 7243/1/7243 7244/1/7244 7247/1/7247 7246/1/7246
f 7245/1/7245 7246/1/7246 7249/1/7249 7248/1/7248
f 7246/1/7246 7247/1/7247 7250/1/7250 7249/1/7249
f 447/1/447 3130/1/3130 7242/1/7242 3088/1/3088
f 3130/1/3130 3131/1/3131 7243/1/7243 7242/1/7242
f 3131/1/3131 3132/1/3132 7244/1/7244 7243/1/7243
f 3132/1/3132 443/1/443 3012/1/3012 7244/1/7244
f 7244/1/7244 3012/1/3012 3011/1/3011 7247/1/7247
f 7247/1/7247 3011/1/3011 3010/1/3010 7250/1/7250
f 7250/1/7250 3010/1/3010 313/1/313 3126/1/3126
f 7249/1/7249 7250/1/7250 3126/1/3126 3125/1/3125
f 7248/1/7248 7249/1/7249 3125/1/3125 3124/1/3124
f 3090/1/3090 7248/1/7248 3124/1/3124 449/1/449
f 3089/1/3089 7245/1/7245 7248/1/7248 3090/1/3090
f 3088/1/3088 7242/1/7242 7245/1/7245 3089/1/3089
f 7252/1/7252 7253/1/7253 7251/1/7251 7257/1/7257
f 7254/1/7254 7255/1/7255 7251/1/7251 7253/1/7253
f 7256/1/7256 7257/1/7257 7251/1/7251 7255/1/7255
f 442/1/442 2985/1/2985 7252/1/7252 3127/1/3127
f 2985/1/2985 2984/1/2984 7253/1/7253 7252/1/7252
f 3127/1/3127 7252/1/7252 7257/1/7257 3128/1/3128
f 444/1/444 3051/1/3051 7254/1/7254 2983/1/2983
f 3051/1/3051 3050/1/3050 7255/1/7255 7254/1/7254
f 2983/1/2983 7254/1/7254 7253/1/7253 2984/1/2984
f 446/1/446 3129/1/3129 7256/1/7256 3049/1/3049
f 3129/1/3129 3128/1/3128 7257/1/7257 7256/1/7256
f 3049/1/3049 7256/1/7256 7255/1/7255 3050/1/3050
f 7259/1/7259 7260/1/7260 7258/1/7258 7264/1/7264
f 7261/1/7261 7262/1/7262 7258/1/7258 7260/1/7260
f 7263/1/7263 7264/1/7264 7258/1/7258 7262/1/7262
f 447/1/447 3054/1/3054 7259/1/7259 3130/1/3130
f 3054/1/3054 3053/1/3053 7260/1/7260 7259/1/7259
f 3130/1/3130 7259/1/7259 7264/1/7264 3131/1/3131
f 445/1/445 2988/1/2988 7261/1/7261 3052/1/3052
f 2988/1/2988 2987/1/2987 7262/1/7262 7261/1/7261
f 3052/1/3052 7261/1/7261 7260/1/7260 3053/1/3053
f 443/1/443 3132/1/3132 7263/1/7263 2986/1/2986
f 3132/1/3132 3131/1/3131 7264/1/7264 7263/1/7263
f 2986/1/2986 7263/1/7263 7262/1/7262 2987/1/2987
f 7265/1/7265 7266/1/7266 7269/1/7269 7268/1/7268
f 7266/1/7266 7267/1/7267 7270/1/7270 7269/1/7269
f 7268/1/7268 7269/1/7269 7272/1/7272 7271/1/7271
f 7269/1/7269 7270/1/7270 7273/1/7273 7272/1/7272
f 416/1/416 3117/1/3117 7265/1/7265 3135/1/3135
f 3117/1/3117 3116/1/3116 7266/1/7266 7265/1/7265
f 3116/1/3116 3115/1/3115 7267/1/7267 7266/1/7266
f 3115/1/3115 450/1/450 3136/1/3136 7267/1/7267
f 7267/1/7267 3136/1/3136 3137/1/3137 7270/1/7270
f 7270/1/7270 3137/1/3137 3138/1/3138 7273/1/7273
f 7273/1/7273 3138/1/3138 452/1/452 3139/1/3139
f 7272/1/7272 7273/1/7273 3139/1/3139 3140/1/3140
f 7271/1/7271 7272/1/7272 3140/1/3140 3141/1/3141
f 3133/1/3133 7271/1/7271 3141/1/3141 476/1/476
f 3134/1/3134 7268/1/7268 7271/1/7271 3133/1/3133
f 3135/1/3135 7265/1/7265 7268/1/7268 3134/1/3134
f 7274/1/7274 7275/1/7275 7278/1/7278 7277/1/7277
f 7275/1/7275 7276/1/7276 7279/1/7279 7278/1/7278
f 7277/1/7277 7278/1/7278 7281/1/7281 7280/1/7280
f 7278/1/7278 7279/1/7279 7282/1/7282 7281/1/7281
f 453/1/453 3145/1/3145 7274/1/7274 3144/1/3144
f 3145/1/3145 3146/1/3146 7275/1/7275 7274/1/7274
f 3146/1/3146 3147/1/3147 7276/1/7276 7275/1/7275
f 3147/1/3147 451/1/451 3120/1/3120 7276/1/7276
f 7276/1/7276 3120/1/3120 3119/1/3119 7279/1/7279
f 7279/1/7279 3119/1/3119 3118/1/3118 7282/1/7282
f 7282/1/7282 3118/1/3118 417/1/417 3148/1/3148
f 7281/1/7281 7282/1/7282 3148/1/3148 3149/1/3149
f 7280/1/7280 7281/1/7281 3149/1/3149 3150/1/3150
f 3142/1/3142 7280/1/7280 3150/1/3150 477/1/477
f 3143/1/3143 7277/1/7277 7280/1/7280 3142/1/3142
f 3144/1/3144 7274/1/7274 7277/1/7277 3143/1/3143
f 7283/1/7283 7284/1/7284 7287/1/7287 7286/1/7286
f 7284/1/7284 7285/1/7285 7288/1/7288 7287/1/7287
f 7286/1/7286 7287/1/7287 7290/1/7290 7289/1/7289
f 7287/1/7287 7288/1/7288 7291/1/7291 7290/1/7290
f 450/1/450 3105/1/3105 7283/1/7283 3136/1/3136
f 3105/1/3105 3104/1/3104 7284/1/7284 7283/1/7283
f 3104/1/3104 3103/1/3103 7285/1/7285 7284/1/7284
f 3103/1/3103 432/1/432 3151/1/3151 7285/1/7285
f 7285/1/7285 3151/1/3151 3152/1/3152 7288/1/7288
f 7288/1/7288 3152/1/3152 3153/1/3153 7291/1/7291
f 7291/1/7291 3153/1/3153 462/1/462 3154/1/3154
f 7290/1/7290 7291/1/7291 3154/1/3154 3155/1/3155
f 7289/1/7289 7290/1/7290 3155/1/3155 3156/1/3156
f 3138/1/3138 7289/1/7289 3156/1/3156 452/1/452
f 3137/1/3137 7286/1/7286 7289/1/7289 3138/1/3138
f 3136/1/3136 7283/1/7283 7286/1/7286 3137/1/3137
f 7292/1/7292 7293/1/7293 7296/1/7296 7295/1/7295
f 7293/1/7293 7294/1/7294 7297/1/7297 7296/1/7296
f 7295/1/7295 7296/1/7296 7299/1/7299 7298/1/7298
f 7296/1/7296 7297/1/7297 7300/1/7300 7299/1/7299
f 463/1/463 3160/1/3160 7292/1/7292 3159/1/3159
f 3160/1/3160 3161/1/3161 7293/1/7293 7292/1/7292
f 3161/1/3161 3162/1/3162 7294/1/7294 7293/1/7293
f 3162/1/3162 433/1/433 3108/1/3108 7294/1/7294
f 7294/1/7294 3108/1/3108 3107/1/3107 7297/1/7297
f 7297/1/7297 3107/1/3107 3106/1/3106 7300/1/7300
f 7300/1/7300 3106/1/3106 451/1/451 3147/1/3147
f 7299/1/7299 7300/1/7300 3147/1/3147 3146/1/3146
f 7298/1/7298 7299/1/7299 3146/1/3146 3145/1/3145
f 3157/1/3157 7298/1/7298 3145/1/3145 453/1/453
f 3158/1/3158 7295/1/7295 7298/1/7298 3157/1/3157
f 3159/1/3159 7292/1/7292 7295/1/7295 3158/1/3158
f 7301/1/7301 7302/1/7302 7305/1/7305 7304/1/7304
f 7302/1/7302 7303/1/7303 7306/1/7306 7305/1/7305
f 7304/1/7304 7305/1/7305 7308/1/7308 7307/1/7307
f 7305/1/7305 7306/1/7306 7309/1/7309 7308/1/7308
f 432/1/432 3081/1/3081 7301/1/7301 3151/1/3151
f 3081/1/3081 3080/1/3080 7302/1/7302 7301/1/7301
f 3080/1/3080 3079/1/3079 7303/1/7303 7302/1/7302
f 3079/1/3079 434/1/434 3163/1/3163 7303/1/7303
f 7303/1/7303 3163/1/3163 3164/1/3164 7306/1/7306
f 7306/1/7306 3164/1/3164 3165/1/3165 7309/1/7309
f 7309/1/7309 3165/1/3165 460/1/460 3166/1/3166
f 7308/1/7308 7309/1/7309 3166/1/3166 3167/1/3167
f 7307/1/7307 7308/1/7308 3167/1/3167 3168/1/3168
f 3153/1/3153 7307/1/7307 3168/1/3168 462/1/462
f 3152/1/3152 7304/1/7304 7307/1/7307 3153/1/3153
f 3151/1/3151 7301/1/7301 7304/1/7304 3152/1/3152
f 7310/1/7310 7311/1/7311 7314/1/7314 7313/1/7313
f 7311/1/7311 7312/1/7312 7315/1/7315 7314/1/7314
f 7313/1/7313 7314/1/7314 7317/1/7317 7316/1/7316
f 7314/1/7314 7315/1/7315 7318/1/7318 7317/1/7317
f 461/1/461 3172/1/3172 7310/1/7310 3171/1/3171
f 3172/1/3172 3173/1/3173 7311/1/7311 7310/1/7310
f 3173/1/3173 3174/1/3174 7312/1/7312 7311/1/7311
f 3174/1/3174 435/1/435 3096/1/3096 7312/1/7312
f 7312/1/7312 3096/1/3096 3095/1/3095 7315/1/7315
f 7315/1/7315 3095/1/3095 3094/1/3094 7318/1/7318
f 7318/1/7318 3094/1/3094 433/1/433 3162/1/3162
f 7317/1/7317 7318/1/7318 3162/1/3162 3161/1/3161
f 7316/1/7316 7317/1/7317 3161/1/3161 3160/1/3160
f 3169/1/3169 7316/1/7316 3160/1/3160 463/1/463
f 3170/1/3170 7313/1/7313 7316/1/7316 3169/1/3169
f 3171/1/3171 7310/1/7310 7313/1/7313 3170/1/3170
f 7319/1/7319 7320/1/7320 7323/1/7323 7322/1/7322
f 7320/1/7320 7321/1/7321 7324/1/7324 7323/1/7323
f 7322/1/7322 7323/1/7323 7326/1/7326 7325/1/7325
f 7323/1/7323 7324/1/7324 7327/1/7327 7326/1/7326
f 434/1/434 3063/1/3063 7319/1/7319 3163/1/3163
f 3063/1/3063 3062/1/3062 7320/1/7320 7319/1/7319
f 3062/1/3062 3061/1/3061 7321/1/7321 7320/1/7320
f 3061/1/3061 436/1/436 3175/1/3175 7321/1/7321
f 7321/1/7321 3175/1/3175 3176/1/3176 7324/1/7324
f 7324/1/7324 3176/1/3176 3177/1/3177 7327/1/7327
f 7327/1/7327 3177/1/3177 458/1/458 3178/1/3178
f 7326/1/7326 7327/1/7327 3178/1/3178 3179/1/3179
f 7325/1/7325 7326/1/7326 3179/1/3179 3180/1/3180
f 3165/1/3165 7325/1/7325 3180/1/3180 460/1/460
f 3164/1/3164 7322/1/7322 7325/1/7325 3165/1/3165
f 3163/1/3163 7319/1/7319 7322/1/7322 3164/1/3164
f 7328/1/7328 7329/1/7329 7332/1/7332 7331/1/7331
f 7329/1/7329 7330/1/7330 7333/1/7333 7332/1/7332
f 7331/1/7331 7332/1/7332 7335/1/7335 7334/1/7334
f 7332/1/7332 7333/1/7333 7336/1/7336 7335/1/7335
f 459/1/459 3184/1/3184 7328/1/7328 3183/1/3183
f 3184/1/3184 3185/1/3185 7329/1/7329 7328/1/7328
f 3185/1/3185 3186/1/3186 7330/1/7330 7329/1/7329
f 3186/1/3186 437/1/437 3078/1/3078 7330/1/7330
f 7330/1/7330 3078/1/3078 3077/1/3077 7333/1/7333
f 7333/1/7333 3077/1/3077 3076/1/3076 7336/1/7336
f 7336/1/7336 3076/1/3076 435/1/435 3174/1/3174
f 7335/1/7335 7336/1/7336 3174/1/3174 3173/1/3173
f 7334/1/7334 7335/1/7335 3173/1/3173 3172/1/3172
f 3181/1/3181 7334/1/7334 3172/1/3172 461/1/461
f 3182/1/3182 7331/1/7331 7334/1/7334 3181/1/3181
f 3183/1/3183 7328/1/7328 7331/1/7331 3182/1/3182
f 7337/1/7337 7338/1/7338 7341/1/7341 7340/1/7340
f 7338/1/7338 7339/1/7339 7342/1/7342 7341/1/7341
f 7340/1/7340 7341/1/7341 7344/1/7344 7343/1/7343
f 7341/1/7341 7342/1/7342 7345/1/7345 7344/1/7344
f 436/1/436 3069/1/3069 7337/1/7337 3175/1/3175
f 3069/1/3069 3068/1/3068 7338/1/7338 7337/1/7337
f 3068/1/3068 3067/1/3067 7339/1/7339 7338/1/7338
f 3067/1/3067 438/1/438 3187/1/3187 7339/1/7339
f 7339/1/7339 3187/1/3187 3188/1/3188 7342/1/7342
f 7342/1/7342 3188/1/3188 3189/1/3189 7345/1/7345
f 7345/1/7345 3189/1/3189 456/1/456 3190/1/3190
f 7344/1/7344 7345/1/7345 3190/1/3190 3191/1/3191
f 7343/1/7343 7344/1/7344 3191/1/3191 3192/1/3192
f 3177/1/3177 7343/1/7343 3192/1/3192 458/1/458
f 3176/1/3176 7340/1/7340 7343/1/7343 3177/1/3177
f 3175/1/3175 7337/1/7337 7340/1/7340 3176/1/3176
f 7346/1/7346 7347/1/7347 7350/1/7350 7349/1/7349
f 7347/1/7347 7348/1/7348 7351/1/7351 7350/1/7350
f 7349/1/7349 7350/1/7350 7353/1/7353 7352/1/7352
f 7350/1/7350 7351/1/7351 7354/1/7354 7353/1/7353
f 457/1/457 3196/1/3196 7346/1/7346 3195/1/3195
f 3196/1/3196 3197/1/3197 7347/1/7347 7346/1/7346
f 3197/1/3197 3198/1/3198 7348/1/7348 7347/1/7347
f 3198/1/3198 439/1/439 3072/1/3072 7348/1/7348
f 7348/1/7348 3072/1/3072 3071/1/3071 7351/1/7351
f 7351/1/7351 3071/1/3071 3070/1/3070 7354/1/7354
f 7354/1/7354 3070/1/3070 437/1/437 3186/1/3186
f 7353/1/7353 7354/1/7354 3186/1/3186 3185/1/3185
f 7352/1/7352 7353/1/7353 3185/1/3185 3184/1/3184
f 3193/1/3193 7352/1/7352 3184/1/3184 459/1/459
f 3194/1/3194 7349/1/7349 7352/1/7352 3193/1/3193
f 3195/1/3195 7346/1/7346 7349/1/7349 3194/1/3194
f 7355/1/7355 7356/1/7356 7359/1/7359 7358/1/7358
f 7356/1/7356 7357/1/7357 7360/1/7360 7359/1/7359
f 7358/1/7358 7359/1/7359 7362/1/7362 7361/1/7361
f 7359/1/7359 7360/1/7360 7363/1/7363 7362/1/7362
f 438/1/438 3045/1/3045 7355/1/7355 3187/1/3187
f 3045/1/3045 3044/1/3044 7356/1/7356 7355/1/7355
f 3044/1/3044 3043/1/3043 7357/1/7357 7356/1/7356
f 3043/1/3043 440/1/440 3199/1/3199 7357/1/7357
f 7357/1/7357 3199/1/3199 3200/1/3200 7360/1/7360
f 7360/1/7360 3200/1/3200 3201/1/3201 7363/1/7363
f 7363/1/7363 3201/1/3201 454/1/454 3202/1/3202
f 7362/1/7362 7363/1/7363 3202/1/3202 3203/1/3203
f 7361/1/7361 7362/1/7362 3203/1/3203 3204/1/3204
f 3189/1/3189 7361/1/7361 3204/1/3204 456/1/456
f 3188/1/3188 7358/1/7358 7361/1/7361 3189/1/3189
f 3187/1/3187 7355/1/7355 7358/1/7358 3188/1/3188
f 7364/1/7364 7365/1/7365 7368/1/7368 7367/1/7367
f 7365/1/7365 7366/1/7366 7369/1/7369 7368/1/7368
f 7367/1/7367 7368/1/7368 7371/1/7371 7370/1/7370
f 7368/1/7368 7369/1/7369 7372/1/7372 7371/1/7371
f 455/1/455 3208/1/3208 7364/1/7364 3207/1/3207
f 3208/1/3208 3209/1/3209 7365/1/7365 7364/1/7364
f 3209/1/3209 3210/1/3210 7366/1/7366 7365/1/7365
f 3210/1/3210 441/1/441 3060/1/3060 7366/1/7366
f 7366/1/7366 3060/1/3060 3059/1/3059 7369/1/7369
f 7369/1/7369 3059/1/3059 3058/1/3058 7372/1/7372
f 7372/1/7372 3058/1/3058 439/1/439 3198/1/3198
f 7371/1/7371 7372/1/7372 3198/1/3198 3197/1/3197
f 7370/1/7370 7371/1/7371 3197/1/3197 3196/1/3196
f 3205/1/3205 7370/1/7370 3196/1/3196 457/1/457
f 3206/1/3206 7367/1/7367 7370/1/7370 3205/1/3205
f 3207/1/3207 7364/1/7364 7367/1/7367 3206/1/3206
f 7373/1/7373 7374/1/7374 7377/1/7377 7376/1/7376
f 7374/1/7374 7375/1/7375 7378/1/7378 7377/1/7377
f 7376/1/7376 7377/1/7377 7380/1/7380 7379/1/7379
f 7377/1/7377 7378/1/7378 7381/1/7381 7380/1/7380
f 440/1/440 3033/1/3033 7373/1/7373 3199/1/3199
f 3033/1/3033 3032/1/3032 7374/1/7374 7373/1/7373
f 3032/1/3032 3031/1/3031 7375/1/7375 7374/1/7374
f 3031/1/3031 418/1/418 3211/1/3211 7375/1/7375
f 7375/1/7375 3211/1/3211 3212/1/3212 7378/1/7378
f 7378/1/7378 3212/1/3212 3213/1/3213 7381/1/7381
f 7381/1/7381 3213/1/3213 474/1/474 3214/1/3214
f 7380/1/7380 7381/1/7381 3214/1/3214 3215/1/3215
f 7379/1/7379 7380/1/7380 3215/1/3215 3216/1/3216
f 3201/1/3201 7379/1/7379 3216/1/3216 454/1/454
f 3200/1/3200 7376/1/7376 7379/1/7379 3201/1/3201
f 3199/1/3199 7373/1/7373 7376/1/7376 3200/1/3200
f 7382/1/7382 7383/1/7383 7386/1/7386 7385/1/7385
f 7383/1/7383 7384/1/7384 7387/1/7387 7386/1/7386
f 7385/1/7385 7386/1/7386 7389/1/7389 7388/1/7388
f 7386/1/7386 7387/1/7387 7390/1/7390 7389/1/7389
f 475/1/475 3220/1/3220 7382/1/7382 3219/1/3219
f 3220/1/3220 3221/1/3221 7383/1/7383 7382/1/7382
f 3221/1/3221 3222/1/3222 7384/1/7384 7383/1/7383
f 3222/1/3222 419/1/419 3042/1/3042 7384/1/7384
f 7384/1/7384 3042/1/3042 3041/1/3041 7387/1/7387
f 7387/1/7387 3041/1/3041 3040/1/3040 7390/1/7390
f 7390/1/7390 3040/1/3040 441/1/441 3210/1/3210
f 7389/1/7389 7390/1/7390 3210/1/3210 3209/1/3209
f 7388/1/7388 7389/1/7389 3209/1/3209 3208/1/3208
f 3217/1/3217 7388/1/7388 3208/1/3208 455/1/455
f 3218/1/3218 7385/1/7385 7388/1/7388 3217/1/3217
f 3219/1/3219 7382/1/7382 7385/1/7385 3218/1/3218
f 7391/1/7391 7392/1/7392 7395/1/7395 7394/1/7394
f 7392/1/7392 7393/1/7393 7396/1/7396 7395/1/7395
f 7394/1/7394 7395/1/7395 7398/1/7398 7397/1/7397
f 7395/1/7395 7396/1/7396 7399/1/7399 7398/1/7398
f 428/1/428 2970/1/2970 7391/1/7391 3225/1/3225
f 2970/1/2970 2969/1/2969 7392/1/7392 7391/1/7391
f 2969/1/2969 2968/1/2968 7393/1/7393 7392/1/7392
f 2968/1/2968 416/1/416 3135/1/3135 7393/1/7393
f 7393/1/7393 3135/1/3135 3134/1/3134 7396/1/7396
f 7396/1/7396 3134/1/3134 3133/1/3133 7399/1/7399
f 7399/1/7399 3133/1/3133 476/1/476 3226/1/3226
f 7398/1/7398 7399/1/7399 3226/1/3226 3227/1/3227
f 7397/1/7397 7398/1/7398 3227/1/3227 3228/1/3228
f 3223/1/3223 7397/1/7397 3228/1/3228 464/1/464
f 3224/1/3224 7394/1/7394 7397/1/7397 3223/1/3223
f 3225/1/3225 7391/1/7391 7394/1/7394 3224/1/3224
f 7400/1/7400 7401/1/7401 7404/1/7404 7403/1/7403
f 7401/1/7401 7402/1/7402 7405/1/7405 7404/1/7404
f 7403/1/7403 7404/1/7404 7407/1/7407 7406/1/7406
f 7404/1/7404 7405/1/7405 7408/1/7408 7407/1/7407
f 477/1/477 3150/1/3150 7400/1/7400 3231/1/3231
f 3150/1/3150 3149/1/3149 7401/1/7401 7400/1/7400
f 3149/1/3149 3148/1/3148 7402/1/7402 7401/1/7401
f 3148/1/3148 417/1/417 2973/1/2973 7402/1/7402
f 7402/1/7402 2973/1/2973 2972/1/2972 7405/1/7405
f 7405/1/7405 2972/1/2972 2971/1/2971 7408/1/7408
f 7408/1/7408 2971/1/2971 429/1/429 3232/1/3232
f 7407/1/7407 7408/1/7408 3232/1/3232 3233/1/3233
f 7406/1/7406 7407/1/7407 3233/1/3233 3234/1/3234
f 3229/1/3229 7406/1/7406 3234/1/3234 465/1/465
f 3230/1/3230 7403/1/7403 7406/1/7406 3229/1/3229
f 3231/1/3231 7400/1/7400 7403/1/7403 3230/1/3230
f 7409/1/7409 7410/1/7410 7413/1/7413 7412/1/7412
f 7410/1/7410 7411/1/7411 7414/1/7414 7413/1/7413
f 7412/1/7412 7413/1/7413 7416/1/7416 7415/1/7415
f 7413/1/7413 7414/1/7414 7417/1/7417 7416/1/7416
f 426/1/426 2958/1/2958 7409/1/7409 3237/1/3237
f 2958/1/2958 2957/1/2957 7410/1/7410 7409/1/7409
f 2957/1/2957 2956/1/2956 7411/1/7411 7410/1/7410
f 2956/1/2956 428/1/428 3225/1/3225 7411/1/7411
f 7411/1/7411 3225/1/3225 3224/1/3224 7414/1/7414
f 7414/1/7414 3224/1/3224 3223/1/3223 7417/1/7417
f 7417/1/7417 3223/1/3223 464/1/464 3238/1/3238
f 7416/1/7416 7417/1/7417 3238/1/3238 3239/1/3239
f 7415/1/7415 7416/1/7416 3239/1/3239 3240/1/3240
f 3235/1/3235 7415/1/7415 3240/1/3240 466/1/466
f 3236/1/3236 7412/1/7412 7415/1/7415 3235/1/3235
f 3237/1/3237 7409/1/7409 7412/1/7412 3236/1/3236
f 7418/1/7418 7419/1/7419 7422/1/7422 7421/1/7421
f 7419/1/7419 7420/1/7420 7423/1/7423 7422/1/7422
f 7421/1/7421 7422/1/7422 7425/1/7425 7424/1/7424
f 7422/1/7422 7423/1/7423 7426/1/7426 7425/1/7425
f 465/1/465 3234/1/3234 7418/1/7418 3243/1/3243
f 3234/1/3234 3233/1/3233 7419/1/7419 7418/1/7418
f 3233/1/3233 3232/1/3232 7420/1/7420 7419/1/7419
f 3232/1/3232 429/1/429 2961/1/2961 7420/1/7420
f 7420/1/7420 2961/1/2961 2960/1/2960 7423/1/7423
f 7423/1/7423 2960/1/2960 2959/1/2959 7426/1/7426
f 7426/1/7426 2959/1/2959 427/1/427 3244/1/3244
f 7425/1/7425 7426/1/7426 3244/1/3244 3245/1/3245
f 7424/1/7424 7425/1/7425 3245/1/3245 3246/1/3246
f 3241/1/3241 7424/1/7424 3246/1/3246 467/1/467
f 3242/1/3242 7421/1/7421 7424/1/7424 3241/1/3241
f 3243/1/3243 7418/1/7418 7421/1/7421 3242/1/3242
f 7427/1/7427 7428/1/7428 7431/1/7431 7430/1/7430
f 7428/1/7428 7429/1/7429 7432/1/7432 7431/1/7431
f 7430/1/7430 7431/1/7431 7434/1/7434 7433/1/7433
f 7431/1/7431 7432/1/7432 7435/1/7435 7434/1/7434
f 424/1/424 2946/1/2946 7427/1/7427 3249/1/3249
f 2946/1/2946 2945/1/2945 7428/1/7428 7427/1/7427
f 2945/1/2945 2944/1/2944 7429/1/7429 7428/1/7428
f 2944/1/2944 426/1/426 3237/1/3237 7429/1/7429
f 7429/1/7429 3237/1/3237 3236/1/3236 7432/1/7432
f 7432/1/7432 3236/1/3236 3235/1/3235 7435/1/7435
f 7435/1/7435 3235/1/3235 466/1/466 3250/1/3250
f 7434/1/7434 7435/1/7435 3250/1/3250 3251/1/3251
f 7433/1/7433 7434/1/7434 3251/1/3251 3252/1/3252
f 3247/1/3247 7433/1/7433 3252/1/3252 468/1/468
f 3248/1/3248 7430/1/7430 7433/1/7433 3247/1/3247
f 3249/1/3249 7427/1/7427 7430/1/7430 3248/1/3248
f 7436/1/7436 7437/1/7437 7440/1/7440 7439/1/7439
f 7437/1/7437 7438/1/7438 7441/1/7441 7440/1/7440
f 7439/1/7439 7440/1/7440 7443/1/7443 7442/1/7442
f 7440/1/7440 7441/1/7441 7444/1/7444 7443/1/7443
f 467/1/467 3246/1/3246 7436/1/7436 3255/1/3255
f 3246/1/3246 3245/1/3245 7437/1/7437 7436/1/7436
f 3245/1/3245 3244/1/3244 7438/1/7438 7437/1/7437
f 3244/1/3244 427/1/427 2949/1/2949 7438/1/7438
f 7438/1/7438 2949/1/2949 2948/1/2948 7441/1/7441
f 7441/1/7441 2948/1/2948 2947/1/2947 7444/1/7444
f 7444/1/7444 2947/1/2947 425/1/425 3256/1/3256
f 7443/1/7443 7444/1/7444 3256/1/3256 3257/1/3257
f 7442/1/7442 7443/1/7443 3257/1/3257 3258/1/3258
f 3253/1/3253 7442/1/7442 3258/1/3258 469/1/469
f 3254/1/3254 7439/1/7439 7442/1/7442 3253/1/3253
f 3255/1/3255 7436/1/7436 7439/1/7439 3254/1/3254
f 7445/1/7445 7446/1/7446 7449/1/7449 7448/1/7448
f 7446/1/7446 7447/1/7447 7450/1/7450 7449/1/7449
f 7448/1/7448 7449/1/7449 7452/1/7452 7451/1/7451
f 7449/1/7449 7450/1/7450 7453/1/7453 7452/1/7452
f 422/1/422 2934/1/2934 7445/1/7445 3261/1/3261
f 2934/1/2934 2933/1/2933 7446/1/7446 7445/1/7445
f 2933/1/2933 2932/1/2932 7447/1/7447 7446/1/7446
f 2932/1/2932 424/1/424 3249/1/3249 7447/1/7447
f 7447/1/7447 3249/1/3249 3248/1/3248 7450/1/7450
f 7450/1/7450 3248/1/3248 3247/1/3247 7453/1/7453
f 7453/1/7453 3247/1/3247 468/1/468 3262/1/3262
f 7452/1/7452 7453/1/7453 3262/1/3262 3263/1/3263
f 7451/1/7451 7452/1/7452 3263/1/3263 3264/1/3264
f 3259/1/3259 7451/1/7451 3264/1/3264 470/1/470
f 3260/1/3260 7448/1/7448 7451/1/7451 3259/1/3259
f 3261/1/3261 7445/1/7445 7448/1/7448 3260/1/3260
f 7454/1/7454 7455/1/7455 7458/1/7458 7457/1/7457
f 7455/1/7455 7456/1/7456 7459/1/7459 7458/1/7458
f 7457/1/7457 7458/1/7458 7461/1/7461 7460/1/7460
f 7458/1/7458 7459/1/7459 7462/1/7462 7461/1/7461
f 469/1/469 3258/1/3258 7454/1/7454 3267/1/3267
f 3258/1/3258 3257/1/3257 7455/1/7455 7454/1/7454
f 3257/1/3257 3256/1/3256 7456/1/7456 7455/1/7455
f 3256/1/3256 425/1/425 2937/1/2937 7456/1/7456
f 7456/1/7456 2937/1/2937 2936/1/2936 7459/1/7459
f 7459/1/7459 2936/1/2936 2935/1/2935 7462/1/7462
f 7462/1/7462 2935/1/2935 423/1/423 3268/1/3268
f 7461/1/7461 7462/1/7462 3268/1/3268 3269/1/3269
f 7460/1/7460 7461/1/7461 3269/1/3269 3270/1/3270
f 3265/1/3265 7460/1/7460 3270/1/3270 471/1/471
f 3266/1/3266 7457/1/7457 7460/1/7460 3265/1/3265
f 3267/1/3267 7454/1/7454 7457/1/7457 3266/1/3266
f 7463/1/7463 7464/1/7464 7467/1/7467 7466/1/7466
f 7464/1/7464 7465/1/7465 7468/1/7468 7467/1/7467
f 7466/1/7466 7467/1/7467 7470/1/7470 7469/1/7469
f 7467/1/7467 7468/1/7468 7471/1/7471 7470/1/7470
f 420/1/420 2922/1/2922 7463/1/7463 3273/1/3273
f 2922/1/2922 2921/1/2921 7464/1/7464 7463/1/7463
f 2921/1/2921 2920/1/2920 7465/1/7465 7464/1/7464
f 2920/1/2920 422/1/422 3261/1/3261 7465/1/7465
f 7465/1/7465 3261/1/3261 3260/1/3260 7468/1/7468
f 7468/1/7468 3260/1/3260 3259/1/3259 7471/1/7471
f 7471/1/7471 3259/1/3259 470/1/470 3274/1/3274
f 7470/1/7470 7471/1/7471 3274/1/3274 3275/1/3275
f 7469/1/7469 7470/1/7470 3275/1/3275 3276/1/3276
f 3271/1/3271 7469/1/7469 3276/1/3276 472/1/472
f 3272/1/3272 7466/1/7466 7469/1/7469 3271/1/3271
f 3273/1/3273 7463/1/7463 7466/1/7466 3272/1/3272
f 7472/1/7472 7473/1/7473 7476/1/7476 7475/1/7475
f 7473/1/7473 7474/1/7474 7477/1/7477 7476/1/7476
f 7475/1/7475 7476/1/7476 7479/1/7479 7478/1/7478
f 7476/1/7476 7477/1/7477 7480/1/7480 7479/1/7479
f 471/1/471 3270/1/3270 7472/1/7472 3279/1/3279
f 3270/1/3270 3269/1/3269 7473/1/7473 7472/1/7472
f 3269/1/3269 3268/1/3268 7474/1/7474 7473/1/7473
f 3268/1/3268 423/1/423 2925/1/2925 7474/1/7474
f 7474/1/7474 2925/1/2925 2924/1/2924 7477/1/7477
f 7477/1/7477 2924/1/2924 2923/1/2923 7480/1/7480
f 7480/1/7480 2923/1/2923 421/1/421 3280/1/3280
f 7479/1/7479 7480/1/7480 3280/1/3280 3281/1/3281
f 7478/1/7478 7479/1/7479 3281/1/3281 3282/1/3282
f 3277/1/3277 7478/1/7478 3282/1/3282 473/1/473
f 3278/1/3278 7475/1/7475 7478/1/7478 3277/1/3277
f 3279/1/3279 7472/1/7472 7475/1/7475 3278/1/3278
f 7481/1/7481 7482/1/7482 7485/1/7485 7484/1/7484
f 7482/1/7482 7483/1/7483 7486/1/7486 7485/1/7485
f 7484/1/7484 7485/1/7485 7488/1/7488 7487/1/7487
f 7485/1/7485 7486/1/7486 7489/1/7489 7488/1/7488
f 418/1/418 2904/1/2904 7481/1/7481 3211/1/3211
f 2904/1/2904 2903/1/2903 7482/1/7482 7481/1/7481
f 2903/1/2903 2902/1/2902 7483/1/7483 7482/1/7482
f 2902/1/2902 420/1/420 3273/1/3273 7483/1/7483
f 7483/1/7483 3273/1/3273 3272/1/3272 7486/1/7486
f 7486/1/7486 3272/1/3272 3271/1/3271 7489/1/7489
f 7489/1/7489 3271/1/3271 472/1/472 3283/1/3283
f 7488/1/7488 7489/1/7489 3283/1/3283 3284/1/3284
f 7487/1/7487 7488/1/7488 3284/1/3284 3285/1/3285
f 3213/1/3213 7487/1/7487 3285/1/3285 474/1/474
f 3212/1/3212 7484/1/7484 7487/1/7487 3213/1/3213
f 3211/1/3211 7481/1/7481 7484/1/7484 3212/1/3212
f 7490/1/7490 7491/1/7491 7494/1/7494 7493/1/7493
f 7491/1/7491 7492/1/7492 7495/1/7495 7494/1/7494
f 7493/1/7493 7494/1/7494 7497/1/7497 7496/1/7496
f 7494/1/7494 7495/1/7495 7498/1/7498 7497/1/7497
f 473/1/473 3282/1/3282 7490/1/7490 3288/1/3288
f 3282/1/3282 3281/1/3281 7491/1/7491 7490/1/7490
f 3281/1/3281 3280/1/3280 7492/1/7492 7491/1/7491
f 3280/1/3280 421/1/421 2913/1/2913 7492/1/7492
f 7492/1/7492 2913/1/2913 2912/1/2912 7495/1/7495
f 7495/1/7495 2912/1/2912 2911/1/2911 7498/1/7498
f 7498/1/7498 2911/1/2911 419/1/419 3222/1/3222
f 7497/1/7497 7498/1/7498 3222/1/3222 3221/1/3221
f 7496/1/7496 7497/1/7497 3221/1/3221 3220/1/3220
f 3286/1/3286 7496/1/7496 3220/1/3220 475/1/475
f 3287/1/3287 7493/1/7493 7496/1/7496 3286/1/3286
f 3288/1/3288 7490/1/7490 7493/1/7493 3287/1/3287
f 7499/1/7499 7500/1/7500 7503/1/7503 7502/1/7502
f 7500/1/7500 7501/1/7501 7504/1/7504 7503/1/7503
f 7502/1/7502 7503/1/7503 7506/1/7506 7505/1/7505
f 7503/1/7503 7504/1/7504 7507/1/7507 7506/1/7506
f 458/1/458 3192/1/3192 7499/1/7499 3291/1/3291
f 3192/1/3192 3191/1/3191 7500/1/7500 7499/1/7499
f 3191/1/3191 3190/1/3190 7501/1/7501 7500/1/7500
f 3190/1/3190 456/1/456 3292/1/3292 7501/1/7501
f 7501/1/7501 3292/1/3292 3293/1/3293 7504/1/7504
f 7504/1/7504 3293/1/3293 3294/1/3294 7507/1/7507
f 7507/1/7507 3294/1/3294 480/1/480 3295/1/3295
f 7506/1/7506 7507/1/7507 3295/1/3295 3296/1/3296
f 7505/1/7505 7506/1/7506 3296/1/3296 3297/1/3297
f 3289/1/3289 7505/1/7505 3297/1/3297 478/1/478
f 3290/1/3290 7502/1/7502 7505/1/7505 3289/1/3289
f 3291/1/3291 7499/1/7499 7502/1/7502 3290/1/3290
f 7508/1/7508 7509/1/7509 7512/1/7512 7511/1/7511
f 7509/1/7509 7510/1/7510 7513/1/7513 7512/1/7512
f 7511/1/7511 7512/1/7512 7515/1/7515 7514/1/7514
f 7512/1/7512 7513/1/7513 7516/1/7516 7515/1/7515
f 481/1/481 3301/1/3301 7508/1/7508 3300/1/3300
f 3301/1/3301 3302/1/3302 7509/1/7509 7508/1/7508
f 3302/1/3302 3303/1/3303 7510/1/7510 7509/1/7509
f 3303/1/3303 457/1/457 3195/1/3195 7510/1/7510
f 7510/1/7510 3195/1/3195 3194/1/3194 7513/1/7513
f 7513/1/7513 3194/1/3194 3193/1/3193 7516/1/7516
f 7516/1/7516 3193/1/3193 459/1/459 3304/1/3304
f 7515/1/7515 7516/1/7516 3304/1/3304 3305/1/3305
f 7514/1/7514 7515/1/7515 3305/1/3305 3306/1/3306
f 3298/1/3298 7514/1/7514 3306/1/3306 479/1/479
f 3299/1/3299 7511/1/7511 7514/1/7514 3298/1/3298
f 3300/1/3300 7508/1/7508 7511/1/7511 3299/1/3299
f 7517/1/7517 7518/1/7518 7521/1/7521 7520/1/7520
f 7518/1/7518 7519/1/7519 7522/1/7522 7521/1/7521
f 7520/1/7520 7521/1/7521 7524/1/7524 7523/1/7523
f 7521/1/7521 7522/1/7522 7525/1/7525 7524/1/7524
f 478/1/478 3297/1/3297 7517/1/7517 3309/1/3309
f 3297/1/3297 3296/1/3296 7518/1/7518 7517/1/7517
f 3296/1/3296 3295/1/3295 7519/1/7519 7518/1/7518
f 3295/1/3295 480/1/480 3310/1/3310 7519/1/7519
f 7519/1/7519 3310/1/3310 3311/1/3311 7522/1/7522
f 7522/1/7522 3311/1/3311 3312/1/3312 7525/1/7525
f 7525/1/7525 3312/1/3312 482/1/482 3313/1/3313
f 7524/1/7524 7525/1/7525 3313/1/3313 3314/1/3314
f 7523/1/7523 7524/1/7524 3314/1/3314 3315/1/3315
f 3307/1/3307 7523/1/7523 3315/1/3315 484/1/484
f 3308/1/3308 7520/1/7520 7523/1/7523 3307/1/3307
f 3309/1/3309 7517/1/7517 7520/1/7520 3308/1/3308
f 7526/1/7526 7527/1/7527 7530/1/7530 7529/1/7529
f 7527/1/7527 7528/1/7528 7531/1/7531 7530/1/7530
f 7529/1/7529 7530/1/7530 7533/1/7533 7532/1/7532
f 7530/1/7530 7531/1/7531 7534/1/7534 7533/1/7533
f 483/1/483 3319/1/3319 7526/1/7526 3318/1/3318
f 3319/1/3319 3320/1/3320 7527/1/7527 7526/1/7526
f 3320/1/3320 3321/1/3321 7528/1/7528 7527/1/7527
f 3321/1/3321 481/1/481 3300/1/3300 7528/1/7528
f 7528/1/7528 3300/1/3300 3299/1/3299 7531/1/7531
f 7531/1/7531 3299/1/3299 3298/1/3298 7534/1/7534
f 7534/1/7534 3298/1/3298 479/1/479 3322/1/3322
f 7533/1/7533 7534/1/7534 3322/1/3322 3323/1/3323
f 7532/1/7532 7533/1/7533 3323/1/3323 3324/1/3324
f 3316/1/3316 7532/1/7532 3324/1/3324 485/1/485
f 3317/1/3317 7529/1/7529 7532/1/7532 3316/1/3316
f 3318/1/3318 7526/1/7526 7529/1/7529 3317/1/3317
f 7535/1/7535 7536/1/7536 7539/1/7539 7538/1/7538
f 7536/1/7536 7537/1/7537 7540/1/7540 7539/1/7539
f 7538/1/7538 7539/1/7539 7542/1/7542 7541/1/7541
f 7539/1/7539 7540/1/7540 7543/1/7543 7542/1/7542
f 484/1/484 3315/1/3315 7535/1/7535 3327/1/3327
f 3315/1/3315 3314/1/3314 7536/1/7536 7535/1/7535
f 3314/1/3314 3313/1/3313 7537/1/7537 7536/1/7536
f 3313/1/3313 482/1/482 3328/1/3328 7537/1/7537
f 7537/1/7537 3328/1/3328 3329/1/3329 7540/1/7540
f 7540/1/7540 3329/1/3329 3330/1/3330 7543/1/7543
f 7543/1/7543 3330/1/3330 488/1/488 3331/1/3331
f 7542/1/7542 7543/1/7543 3331/1/3331 3332/1/3332
f 7541/1/7541 7542/1/7542 3332/1/3332 3333/1/3333
f 3325/1/3325 7541/1/7541 3333/1/3333 486/1/486
f 3326/1/3326 7538/1/7538 7541/1/7541 3325/1/3325
f 3327/1/3327 7535/1/7535 7538/1/7538 3326/1/3326
f 7544/1/7544 7545/1/7545 7548/1/7548 7547/1/7547
f 7545/1/7545 7546/1/7546 7549/1/7549 7548/1/7548
f 7547/1/7547 7548/1/7548 7551/1/7551 7550/1/7550
f 7548/1/7548 7549/1/7549 7552/1/7552 7551/1/7551
f 489/1/489 3337/1/3337 7544/1/7544 3336/1/3336
f 3337/1/3337 3338/1/3338 7545/1/7545 7544/1/7544
f 3338/1/3338 3339/1/3339 7546/1/7546 7545/1/7545
f 3339/1/3339 483/1/483 3318/1/3318 7546/1/7546
f 7546/1/7546 3318/1/3318 3317/1/3317 7549/1/7549
f 7549/1/7549 3317/1/3317 3316/1/3316 7552/1/7552
f 7552/1/7552 3316/1/3316 485/1/485 3340/1/3340
f 7551/1/7551 7552/1/7552 3340/1/3340 3341/1/3341
f 7550/1/7550 7551/1/7551 3341/1/3341 3342/1/3342
f 3334/1/3334 7550/1/7550 3342/1/3342 487/1/487
f 3335/1/3335 7547/1/7547 7550/1/7550 3334/1/3334
f 3336/1/3336 7544/1/7544 7547/1/7547 3335/1/3335
f 7553/1/7553 7554/1/7554 7557/1/7557 7556/1/7556
f 7554/1/7554 7555/1/7555 7558/1/7558 7557/1/7557
f 7556/1/7556 7557/1/7557 7560/1/7560 7559/1/7559
f 7557/1/7557 7558/1/7558 7561/1/7561 7560/1/7560
f 486/1/486 3333/1/3333 7553/1/7553 3345/1/3345
f 3333/1/3333 3332/1/3332 7554/1/7554 7553/1/7553
f 3332/1/3332 3331/1/3331 7555/1/7555 7554/1/7554
f 3331/1/3331 488/1/488 3346/1/3346 7555/1/7555
f 7555/1/7555 3346/1/3346 3347/1/3347 7558/1/7558
f 7558/1/7558 3347/1/3347 3348/1/3348 7561/1/7561
f 7561/1/7561 3348/1/3348 490/1/490 3349/1/3349
f 7560/1/7560 7561/1/7561 3349/1/3349 3350/1/3350
f 7559/1/7559 7560/1/7560 3350/1/3350 3351/1/3351
f 3343/1/3343 7559/1/7559 3351/1/3351 492/1/492
f 3344/1/3344 7556/1/7556 7559/1/7559 3343/1/3343
f 3345/1/3345 7553/1/7553 7556/1/7556 3344/1/3344
f 7562/1/7562 7563/1/7563 7566/1/7566 7565/1/7565
f 7563/1/7563 7564/1/7564 7567/1/7567 7566/1/7566
f 7565/1/7565 7566/1/7566 7569/1/7569 7568/1/7568
f 7566/1/7566 7567/1/7567 7570/1/7570 7569/1/7569
f 491/1/491 3355/1/3355 7562/1/7562 3354/1/3354
f 3355/1/3355 3356/1/3356 7563/1/7563 7562/1/7562
f 3356/1/3356 3357/1/3357 7564/1/7564 7563/1/7563
f 3357/1/3357 489/1/489 3336/1/3336 7564/1/7564
f 7564/1/7564 3336/1/3336 3335/1/3335 7567/1/7567
f 7567/1/7567 3335/1/3335 3334/1/3334 7570/1/7570
f 7570/1/7570 3334/1/3334 487/1/487 3358/1/3358
f 7569/1/7569 7570/1/7570 3358/1/3358 3359/1/3359
f 7568/1/7568 7569/1/7569 3359/1/3359 3360/1/3360
f 3352/1/3352 7568/1/7568 3360/1/3360 493/1/493
f 3353/1/3353 7565/1/7565 7568/1/7568 3352/1/3352
f 3354/1/3354 7562/1/7562 7565/1/7565 3353/1/3353
f 7571/1/7571 7572/1/7572 7575/1/7575 7574/1/7574
f 7572/1/7572 7573/1/7573 7576/1/7576 7575/1/7575
f 7574/1/7574 7575/1/7575 7578/1/7578 7577/1/7577
f 7575/1/7575 7576/1/7576 7579/1/7579 7578/1/7578
f 464/1/464 3228/1/3228 7571/1/7571 3363/1/3363
f 3228/1/3228 3227/1/3227 7572/1/7572 7571/1/7571
f 3227/1/3227 3226/1/3226 7573/1/7573 7572/1/7572
f 3226/1/3226 476/1/476 3364/1/3364 7573/1/7573
f 7573/1/7573 3364/1/3364 3365/1/3365 7576/1/7576
f 7576/1/7576 3365/1/3365 3366/1/3366 7579/1/7579
f 7579/1/7579 3366/1/3366 486/1/486 3345/1/3345
f 7578/1/7578 7579/1/7579 3345/1/3345 3344/1/3344
f 7577/1/7577 7578/1/7578 3344/1/3344 3343/1/3343
f 3361/1/3361 7577/1/7577 3343/1/3343 492/1/492
f 3362/1/3362 7574/1/7574 7577/1/7577 3361/1/3361
f 3363/1/3363 7571/1/7571 7574/1/7574 3362/1/3362
f 7580/1/7580 7581/1/7581 7584/1/7584 7583/1/7583
f 7581/1/7581 7582/1/7582 7585/1/7585 7584/1/7584
f 7583/1/7583 7584/1/7584 7587/1/7587 7586/1/7586
f 7584/1/7584 7585/1/7585 7588/1/7588 7587/1/7587
f 487/1/487 3367/1/3367 7580/1/7580 3358/1/3358
f 3367/1/3367 3368/1/3368 7581/1/7581 7580/1/7580
f 3368/1/3368 3369/1/3369 7582/1/7582 7581/1/7581
f 3369/1/3369 477/1/477 3231/1/3231 7582/1/7582
f 7582/1/7582 3231/1/3231 3230/1/3230 7585/1/7585
f 7585/1/7585 3230/1/3230 3229/1/3229 7588/1/7588
f 7588/1/7588 3229/1/3229 465/1/465 3370/1/3370
f 7587/1/7587 7588/1/7588 3370/1/3370 3371/1/3371
f 7586/1/7586 7587/1/7587 3371/1/3371 3372/1/3372
f 3360/1/3360 7586/1/7586 3372/1/3372 493/1/493
f 3359/1/3359 7583/1/7583 7586/1/7586 3360/1/3360
f 3358/1/3358 7580/1/7580 7583/1/7583 3359/1/3359
f 7589/1/7589 7590/1/7590 7593/1/7593 7592/1/7592
f 7590/1/7590 7591/1/7591 7594/1/7594 7593/1/7593
f 7592/1/7592 7593/1/7593 7596/1/7596 7595/1/7595
f 7593/1/7593 7594/1/7594 7597/1/7597 7596/1/7596
f 452/1/452 3373/1/3373 7589/1/7589 3139/1/3139
f 3373/1/3373 3374/1/3374 7590/1/7590 7589/1/7589
f 3374/1/3374 3375/1/3375 7591/1/7591 7590/1/7590
f 3375/1/3375 484/1/484 3327/1/3327 7591/1/7591
f 7591/1/7591 3327/1/3327 3326/1/3326 7594/1/7594
f 7594/1/7594 3326/1/3326 3325/1/3325 7597/1/7597
f 7597/1/7597 3325/1/3325 486/1/486 3366/1/3366
f 7596/1/7596 7597/1/7597 3366/1/3366 3365/1/3365
f 7595/1/7595 7596/1/7596 3365/1/3365 3364/1/3364
f 3141/1/3141 7595/1/7595 3364/1/3364 476/1/476
f 3140/1/3140 7592/1/7592 7595/1/7595 3141/1/3141
f 3139/1/3139 7589/1/7589 7592/1/7592 3140/1/3140
f 7598/1/7598 7599/1/7599 7602/1/7602 7601/1/7601
f 7599/1/7599 7600/1/7600 7603/1/7603 7602/1/7602
f 7601/1/7601 7602/1/7602 7605/1/7605 7604/1/7604
f 7602/1/7602 7603/1/7603 7606/1/7606 7605/1/7605
f 487/1/487 3342/1/3342 7598/1/7598 3367/1/3367
f 3342/1/3342 3341/1/3341 7599/1/7599 7598/1/7598
f 3341/1/3341 3340/1/3340 7600/1/7600 7599/1/7599
f 3340/1/3340 485/1/485 3376/1/3376 7600/1/7600
f 7600/1/7600 3376/1/3376 3377/1/3377 7603/1/7603
f 7603/1/7603 3377/1/3377 3378/1/3378 7606/1/7606
f 7606/1/7606 3378/1/3378 453/1/453 3144/1/3144
f 7605/1/7605 7606/1/7606 3144/1/3144 3143/1/3143
f 7604/1/7604 7605/1/7605 3143/1/3143 3142/1/3142
f 3369/1/3369 7604/1/7604 3142/1/3142 477/1/477
f 3368/1/3368 7601/1/7601 7604/1/7604 3369/1/3369
f 3367/1/3367 7598/1/7598 7601/1/7601 3368/1/3368
f 7607/1/7607 7608/1/7608 7611/1/7611 7610/1/7610
f 7608/1/7608 7609/1/7609 7612/1/7612 7611/1/7611
f 7610/1/7610 7611/1/7611 7614/1/7614 7613/1/7613
f 7611/1/7611 7612/1/7612 7615/1/7615 7614/1/7614
f 452/1/452 3156/1/3156 7607/1/7607 3373/1/3373
f 3156/1/3156 3155/1/3155 7608/1/7608 7607/1/7607
f 3155/1/3155 3154/1/3154 7609/1/7609 7608/1/7608
f 3154/1/3154 462/1/462 3379/1/3379 7609/1/7609
f 7609/1/7609 3379/1/3379 3380/1/3380 7612/1/7612
f 7612/1/7612 3380/1/3380 3381/1/3381 7615/1/7615
f 7615/1/7615 3381/1/3381 478/1/478 3309/1/3309
f 7614/1/7614 7615/1/7615 3309/1/3309 3308/1/3308
f 7613/1/7613 7614/1/7614 3308/1/3308 3307/1/3307
f 3375/1/3375 7613/1/7613 3307/1/3307 484/1/484
f 3374/1/3374 7610/1/7610 7613/1/7613 3375/1/3375
f 3373/1/3373 7607/1/7607 7610/1/7610 3374/1/3374
f 7616/1/7616 7617/1/7617 7620/1/7620 7619/1/7619
f 7617/1/7617 7618/1/7618 7621/1/7621 7620/1/7620
f 7619/1/7619 7620/1/7620 7623/1/7623 7622/1/7622
f 7620/1/7620 7621/1/7621 7624/1/7624 7623/1/7623
f 479/1/479 3382/1/3382 7616/1/7616 3322/1/3322
f 3382/1/3382 3383/1/3383 7617/1/7617 7616/1/7616
f 3383/1/3383 3384/1/3384 7618/1/7618 7617/1/7617
f 3384/1/3384 463/1/463 3159/1/3159 7618/1/7618
f 7618/1/7618 3159/1/3159 3158/1/3158 7621/1/7621
f 7621/1/7621 3158/1/3158 3157/1/3157 7624/1/7624
f 7624/1/7624 3157/1/3157 453/1/453 3378/1/3378
f 7623/1/7623 7624/1/7624 3378/1/3378 3377/1/3377
f 7622/1/7622 7623/1/7623 3377/1/3377 3376/1/3376
f 3324/1/3324 7622/1/7622 3376/1/3376 485/1/485
f 3323/1/3323 7619/1/7619 7622/1/7622 3324/1/3324
f 3322/1/3322 7616/1/7616 7619/1/7619 3323/1/3323
f 7625/1/7625 7626/1/7626 7629/1/7629 7628/1/7628
f 7626/1/7626 7627/1/7627 7630/1/7630 7629/1/7629
f 7628/1/7628 7629/1/7629 7632/1/7632 7631/1/7631
f 7629/1/7629 7630/1/7630 7633/1/7633 7632/1/7632
f 458/1/458 3291/1/3291 7625/1/7625 3178/1/3178
f 3291/1/3291 3290/1/3290 7626/1/7626 7625/1/7625
f 3290/1/3290 3289/1/3289 7627/1/7627 7626/1/7626
f 3289/1/3289 478/1/478 3381/1/3381 7627/1/7627
f 7627/1/7627 3381/1/3381 3380/1/3380 7630/1/7630
f 7630/1/7630 3380/1/3380 3379/1/3379 7633/1/7633
f 7633/1/7633 3379/1/3379 462/1/462 3168/1/3168
f 7632/1/7632 7633/1/7633 3168/1/3168 3167/1/3167
f 7631/1/7631 7632/1/7632 3167/1/3167 3166/1/3166
f 3180/1/3180 7631/1/7631 3166/1/3166 460/1/460
f 3179/1/3179 7628/1/7628 7631/1/7631 3180/1/3180
f 3178/1/3178 7625/1/7625 7628/1/7628 3179/1/3179
f 7634/1/7634 7635/1/7635 7638/1/7638 7637/1/7637
f 7635/1/7635 7636/1/7636 7639/1/7639 7638/1/7638
f 7637/1/7637 7638/1/7638 7641/1/7641 7640/1/7640
f 7638/1/7638 7639/1/7639 7642/1/7642 7641/1/7641
f 463/1/463 3384/1/3384 7634/1/7634 3169/1/3169
f 3384/1/3384 3383/1/3383 7635/1/7635 7634/1/7634
f 3383/1/3383 3382/1/3382 7636/1/7636 7635/1/7635
f 3382/1/3382 479/1/479 3306/1/3306 7636/1/7636
f 7636/1/7636 3306/1/3306 3305/1/3305 7639/1/7639
f 7639/1/7639 3305/1/3305 3304/1/3304 7642/1/7642
f 7642/1/7642 3304/1/3304 459/1/459 3183/1/3183
f 7641/1/7641 7642/1/7642 3183/1/3183 3182/1/3182
f 7640/1/7640 7641/1/7641 3182/1/3182 3181/1/3181
f 3171/1/3171 7640/1/7640 3181/1/3181 461/1/461
f 3170/1/3170 7637/1/7637 7640/1/7640 3171/1/3171
f 3169/1/3169 7634/1/7634 7637/1/7637 3170/1/3170
f 7643/1/7643 7644/1/7644 7647/1/7647 7646/1/7646
f 7644/1/7644 7645/1/7645 7648/1/7648 7647/1/7647
f 7646/1/7646 7647/1/7647 7650/1/7650 7649/1/7649
f 7647/1/7647 7648/1/7648 7651/1/7651 7650/1/7650
f 454/1/454 3216/1/3216 7643/1/7643 3202/1/3202
f 3216/1/3216 3215/1/3215 7644/1/7644 7643/1/7643
f 3215/1/3215 3214/1/3214 7645/1/7645 7644/1/7644
f 3214/1/3214 474/1/474 3385/1/3385 7645/1/7645
f 7645/1/7645 3385/1/3385 3386/1/3386 7648/1/7648
f 7648/1/7648 3386/1/3386 3387/1/3387 7651/1/7651
f 7651/1/7651 3387/1/3387 480/1/480 3294/1/3294
f 7650/1/7650 7651/1/7651 3294/1/3294 3293/1/3293
f 7649/1/7649 7650/1/7650 3293/1/3293 3292/1/3292
f 3204/1/3204 7649/1/7649 3292/1/3292 456/1/456
f 3203/1/3203 7646/1/7646 7649/1/7649 3204/1/3204
f 3202/1/3202 7643/1/7643 7646/1/7646 3203/1/3203
f 7652/1/7652 7653/1/7653 7656/1/7656 7655/1/7655
f 7653/1/7653 7654/1/7654 7657/1/7657 7656/1/7656
f 7655/1/7655 7656/1/7656 7659/1/7659 7658/1/7658
f 7656/1/7656 7657/1/7657 7660/1/7660 7659/1/7659
f 481/1/481 3388/1/3388 7652/1/7652 3301/1/3301
f 3388/1/3388 3389/1/3389 7653/1/7653 7652/1/7652
f 3389/1/3389 3390/1/3390 7654/1/7654 7653/1/7653
f 3390/1/3390 475/1/475 3219/1/3219 7654/1/7654
f 7654/1/7654 3219/1/3219 3218/1/3218 7657/1/7657
f 7657/1/7657 3218/1/3218 3217/1/3217 7660/1/7660
f 7660/1/7660 3217/1/3217 455/1/455 3207/1/3207
f 7659/1/7659 7660/1/7660 3207/1/3207 3206/1/3206
f 7658/1/7658 7659/1/7659 3206/1/3206 3205/1/3205
f 3303/1/3303 7658/1/7658 3205/1/3205 457/1/457
f 3302/1/3302 7655/1/7655 7658/1/7658 3303/1/3303
f 3301/1/3301 7652/1/7652 7655/1/7655 3302/1/3302
f 7661/1/7661 7662/1/7662 7665/1/7665 7664/1/7664
f 7662/1/7662 7663/1/7663 7666/1/7666 7665/1/7665
f 7664/1/7664 7665/1/7665 7668/1/7668 7667/1/7667
f 7665/1/7665 7666/1/7666 7669/1/7669 7668/1/7668
f 472/1/472 3391/1/3391 7661/1/7661 3283/1/3283
f 3391/1/3391 3392/1/3392 7662/1/7662 7661/1/7661
f 3392/1/3392 3393/1/3393 7663/1/7663 7662/1/7662
f 3393/1/3393 482/1/482 3312/1/3312 7663/1/7663
f 7663/1/7663 3312/1/3312 3311/1/3311 7666/1/7666
f 7666/1/7666 3311/1/3311 3310/1/3310 7669/1/7669
f 7669/1/7669 3310/1/3310 480/1/480 3387/1/3387
f 7668/1/7668 7669/1/7669 3387/1/3387 3386/1/3386
f 7667/1/7667 7668/1/7668 3386/1/3386 3385/1/3385
f 3285/1/3285 7667/1/7667 3385/1/3385 474/1/474
f 3284/1/3284 7664/1/7664 7667/1/7667 3285/1/3285
f 3283/1/3283 7661/1/7661 7664/1/7664 3284/1/3284
f 7670/1/7670 7671/1/7671 7674/1/7674 7673/1/7673
f 7671/1/7671 7672/1/7672 7675/1/7675 7674/1/7674
f 7673/1/7673 7674/1/7674 7677/1/7677 7676/1/7676
f 7674/1/7674 7675/1/7675 7678/1/7678 7677/1/7677
f 481/1/481 3321/1/3321 7670/1/7670 3388/1/3388
f 3321/1/3321 3320/1/3320 7671/1/7671 7670/1/7670
f 3320/1/3320 3319/1/3319 7672/1/7672 7671/1/7671
f 3319/1/3319 483/1/483 3394/1/3394 7672/1/7672
f 7672/1/7672 3394/1/3394 3395/1/3395 7675/1/7675
f 7675/1/7675 3395/1/3395 3396/1/3396 7678/1/7678
f 7678/1/7678 3396/1/3396 473/1/473 3288/1/3288
f 7677/1/7677 7678/1/7678 3288/1/3288 3287/1/3287
f 7676/1/7676 7677/1/7677 3287/1/3287 3286/1/3286
f 3390/1/3390 7676/1/7676 3286/1/3286 475/1/475
f 3389/1/3389 7673/1/7673 7676/1/7676 3390/1/3390
f 3388/1/3388 7670/1/7670 7673/1/7673 3389/1/3389
f 7679/1/7679 7680/1/7680 7683/1/7683 7682/1/7682
f 7680/1/7680 7681/1/7681 7684/1/7684 7683/1/7683
f 7682/1/7682 7683/1/7683 7686/1/7686 7685/1/7685
f 7683/1/7683 7684/1/7684 7687/1/7687 7686/1/7686
f 470/1/470 3397/1/3397 7679/1/7679 3274/1/3274
f 3397/1/3397 3398/1/3398 7680/1/7680 7679/1/7679
f 3398/1/3398 3399/1/3399 7681/1/7681 7680/1/7680
f 3399/1/3399 488/1/488 3330/1/3330 7681/1/7681
f 7681/1/7681 3330/1/3330 3329/1/3329 7684/1/7684
f 7684/1/7684 3329/1/3329 3328/1/3328 7687/1/7687
f 7687/1/7687 3328/1/3328 482/1/482 3393/1/3393
f 7686/1/7686 7687/1/7687 3393/1/3393 3392/1/3392
f 7685/1/7685 7686/1/7686 3392/1/3392 3391/1/3391
f 3276/1/3276 7685/1/7685 3391/1/3391 472/1/472
f 3275/1/3275 7682/1/7682 7685/1/7685 3276/1/3276
f 3274/1/3274 7679/1/7679 7682/1/7682 3275/1/3275
f 7688/1/7688 7689/1/7689 7692/1/7692 7691/1/7691
f 7689/1/7689 7690/1/7690 7693/1/7693 7692/1/7692
f 7691/1/7691 7692/1/7692 7695/1/7695 7694/1/7694
f 7692/1/7692 7693/1/7693 7696/1/7696 7695/1/7695
f 483/1/483 3339/1/3339 7688/1/7688 3394/1/3394
f 3339/1/3339 3338/1/3338 7689/1/7689 7688/1/7688
f 3338/1/3338 3337/1/3337 7690/1/7690 7689/1/7689
f 3337/1/3337 489/1/489 3400/1/3400 7690/1/7690
f 7690/1/7690 3400/1/3400 3401/1/3401 7693/1/7693
f 7693/1/7693 3401/1/3401 3402/1/3402 7696/1/7696
f 7696/1/7696 3402/1/3402 471/1/471 3279/1/3279
f 7695/1/7695 7696/1/7696 3279/1/3279 3278/1/3278
f 7694/1/7694 7695/1/7695 3278/1/3278 3277/1/3277
f 3396/1/3396 7694/1/7694 3277/1/3277 473/1/473
f 3395/1/3395 7691/1/7691 7694/1/7694 3396/1/3396
f 3394/1/3394 7688/1/7688 7691/1/7691 3395/1/3395
f 7697/1/7697 7698/1/7698 7701/1/7701 7700/1/7700
f 7698/1/7698 7699/1/7699 7702/1/7702 7701/1/7701
f 7700/1/7700 7701/1/7701 7704/1/7704 7703/1/7703
f 7701/1/7701 7702/1/7702 7705/1/7705 7704/1/7704
f 468/1/468 3403/1/3403 7697/1/7697 3262/1/3262
f 3403/1/3403 3404/1/3404 7698/1/7698 7697/1/7697
f 3404/1/3404 3405/1/3405 7699/1/7699 7698/1/7698
f 3405/1/3405 490/1/490 3348/1/3348 7699/1/7699
f 7699/1/7699 3348/1/3348 3347/1/3347 7702/1/7702
f 7702/1/7702 3347/1/3347 3346/1/3346 7705/1/7705
f 7705/1/7705 3346/1/3346 488/1/488 3399/1/3399
f 7704/1/7704 7705/1/7705 3399/1/3399 3398/1/3398
f 7703/1/7703 7704/1/7704 3398/1/3398 3397/1/3397
f 3264/1/3264 7703/1/7703 3397/1/3397 470/1/470
f 3263/1/3263 7700/1/7700 7703/1/7703 3264/1/3264
f 3262/1/3262 7697/1/7697 7700/1/7700 3263/1/3263
f 7706/1/7706 7707/1/7707 7710/1/7710 7709/1/7709
f 7707/1/7707 7708/1/7708 7711/1/7711 7710/1/7710
f 7709/1/7709 7710/1/7710 7713/1/7713 7712/1/7712
f 7710/1/7710 7711/1/7711 7714/1/7714 7713/1/7713
f 489/1/489 3357/1/3357 7706/1/7706 3400/1/3400
f 3357/1/3357 3356/1/3356 7707/1/7707 7706/1/7706
f 3356/1/3356 3355/1/3355 7708/1/7708 7707/1/7707
f 3355/1/3355 491/1/491 3406/1/3406 7708/1/7708
f 7708/1/7708 3406/1/3406 3407/1/3407 7711/1/7711
f 7711/1/7711 3407/1/3407 3408/1/3408 7714/1/7714
f 7714/1/7714 3408/1/3408 469/1/469 3267/1/3267
f 7713/1/7713 7714/1/7714 3267/1/3267 3266/1/3266
f 7712/1/7712 7713/1/7713 3266/1/3266 3265/1/3265
f 3402/1/3402 7712/1/7712 3265/1/3265 471/1/471
f 3401/1/3401 7709/1/7709 7712/1/7712 3402/1/3402
f 3400/1/3400 7706/1/7706 7709/1/7709 3401/1/3401
f 7715/1/7715 7716/1/7716 7719/1/7719 7718/1/7718
f 7716/1/7716 7717/1/7717 7720/1/7720 7719/1/7719
f 7718/1/7718 7719/1/7719 7722/1/7722 7721/1/7721
f 7719/1/7719 7720/1/7720 7723/1/7723 7722/1/7722
f 466/1/466 3409/1/3409 7715/1/7715 3250/1/3250
f 3409/1/3409 3410/1/3410 7716/1/7716 7715/1/7715
f 3410/1/3410 3411/1/3411 7717/1/7717 7716/1/7716
f 3411/1/3411 492/1/492 3351/1/3351 7717/1/7717
f 7717/1/7717 3351/1/3351 3350/1/3350 7720/1/7720
f 7720/1/7720 3350/1/3350 3349/1/3349 7723/1/7723
f 7723/1/7723 3349/1/3349 490/1/490 3405/1/3405
f 7722/1/7722 7723/1/7723 3405/1/3405 3404/1/3404
f 7721/1/7721 7722/1/7722 3404/1/3404 3403/1/3403
f 3252/1/3252 7721/1/7721 3403/1/3403 468/1/468
f 3251/1/3251 7718/1/7718 7721/1/7721 3252/1/3252
f 3250/1/3250 7715/1/7715 7718/1/7718 3251/1/3251
f 7724/1/7724 7725/1/7725 7728/1/7728 7727/1/7727
f 7725/1/7725 7726/1/7726 7729/1/7729 7728/1/7728
f 7727/1/7727 7728/1/7728 7731/1/7731 7730/1/7730
f 7728/1/7728 7729/1/7729 7732/1/7732 7731/1/7731
f 491/1/491 3354/1/3354 7724/1/7724 3406/1/3406
f 3354/1/3354 3353/1/3353 7725/1/7725 7724/1/7724
f 3353/1/3353 3352/1/3352 7726/1/7726 7725/1/7725
f 3352/1/3352 493/1/493 3412/1/3412 7726/1/7726
f 7726/1/7726 3412/1/3412 3413/1/3413 7729/1/7729
f 7729/1/7729 3413/1/3413 3414/1/3414 7732/1/7732
f 7732/1/7732 3414/1/3414 467/1/467 3255/1/3255
f 7731/1/7731 7732/1/7732 3255/1/3255 3254/1/3254
f 7730/1/7730 7731/1/7731 3254/1/3254 3253/1/3253
f 3408/1/3408 7730/1/7730 3253/1/3253 469/1/469
f 3407/1/3407 7727/1/7727 7730/1/7730 3408/1/3408
f 3406/1/3406 7724/1/7724 7727/1/7727 3407/1/3407
f 7734/1/7734 7735/1/7735 7733/1/7733 7739/1/7739
f 7736/1/7736 7737/1/7737 7733/1/7733 7735/1/7735
f 7738/1/7738 7739/1/7739 7733/1/7733 7737/1/7737
f 464/1/464 3363/1/3363 7734/1/7734 3238/1/3238
f 3363/1/3363 3362/1/3362 7735/1/7735 7734/1/7734
f 3238/1/3238 7734/1/7734 7739/1/7739 3239/1/3239
f 492/1/492 3411/1/3411 7736/1/7736 3361/1/3361
f 3411/1/3411 3410/1/3410 7737/1/7737 7736/1/7736
f 3361/1/3361 7736/1/7736 7735/1/7735 3362/1/3362
f 466/1/466 3240/1/3240 7738/1/7738 3409/1/3409
f 3240/1/3240 3239/1/3239 7739/1/7739 7738/1/7738
f 3409/1/3409 7738/1/7738 7737/1/7737 3410/1/3410
f 7741/1/7741 7742/1/7742 7740/1/7740 7746/1/7746
f 7743/1/7743 7744/1/7744 7740/1/7740 7742/1/7742
f 7745/1/7745 7746/1/7746 7740/1/7740 7744/1/7744
f 467/1/467 3414/1/3414 7741/1/7741 3241/1/3241
f 3414/1/3414 3413/1/3413 7742/1/7742 7741/1/7741
f 3241/1/3241 7741/1/7741 7746/1/7746 3242/1/3242
f 493/1/493 3372/1/3372 7743/1/7743 3412/1/3412
f 3372/1/3372 3371/1/3371 7744/1/7744 7743/1/7743
f 3412/1/3412 7743/1/7743 7742/1/7742 3413/1/3413
f 465/1/465 3243/1/3243 7745/1/7745 3370/1/3370
f 3243/1/3243 3242/1/3242 7746/1/7746 7745/1/7745
f 3370/1/3370 7745/1/7745 7744/1/7744 3371/1/3371
f 7747/1/7747 7748/1/7748 7751/1/7751 7750/1/7750
f 7748/1/7748 7749/1/7749 7752/1/7752 7751/1/7751
f 7750/1/7750 7751/1/7751 7754/1/7754 7753/1/7753
f 7751/1/7751 7752/1/7752 7755/1/7755 7754/1/7754
f 392/1/392 2883/1/2883 7747/1/7747 3417/1/3417
f 2883/1/2883 2882/1/2882 7748/1/7748 7747/1/7747
f 2882/1/2882 2881/1/2881 7749/1/7749 7748/1/7748
f 2881/1/2881 390/1/390 3418/1/3418 7749/1/7749
f 7749/1/7749 3418/1/3418 3419/1/3419 7752/1/7752
f 7752/1/7752 3419/1/3419 3420/1/3420 7755/1/7755
f 7755/1/7755 3420/1/3420 504/1/504 3421/1/3421
f 7754/1/7754 7755/1/7755 3421/1/3421 3422/1/3422
f 7753/1/7753 7754/1/7754 3422/1/3422 3423/1/3423
f 3415/1/3415 7753/1/7753 3423/1/3423 502/1/502
f 3416/1/3416 7750/1/7750 7753/1/7753 3415/1/3415
f 3417/1/3417 7747/1/7747 7750/1/7750 3416/1/3416
f 7756/1/7756 7757/1/7757 7760/1/7760 7759/1/7759
f 7757/1/7757 7758/1/7758 7761/1/7761 7760/1/7760
f 7759/1/7759 7760/1/7760 7763/1/7763 7762/1/7762
f 7760/1/7760 7761/1/7761 7764/1/7764 7763/1/7763
f 505/1/505 3427/1/3427 7756/1/7756 3426/1/3426
f 3427/1/3427 3428/1/3428 7757/1/7757 7756/1/7756
f 3428/1/3428 3429/1/3429 7758/1/7758 7757/1/7757
f 3429/1/3429 391/1/391 2898/1/2898 7758/1/7758
f 7758/1/7758 2898/1/2898 2897/1/2897 7761/1/7761
f 7761/1/7761 2897/1/2897 2896/1/2896 7764/1/7764
f 7764/1/7764 2896/1/2896 393/1/393 3430/1/3430
f 7763/1/7763 7764/1/7764 3430/1/3430 3431/1/3431
f 7762/1/7762 7763/1/7763 3431/1/3431 3432/1/3432
f 3424/1/3424 7762/1/7762 3432/1/3432 503/1/503
f 3425/1/3425 7759/1/7759 7762/1/7762 3424/1/3424
f 3426/1/3426 7756/1/7756 7759/1/7759 3425/1/3425
f 7765/1/7765 7766/1/7766 7769/1/7769 7768/1/7768
f 7766/1/7766 7767/1/7767 7770/1/7770 7769/1/7769
f 7768/1/7768 7769/1/7769 7772/1/7772 7771/1/7771
f 7769/1/7769 7770/1/7770 7773/1/7773 7772/1/7772
f 394/1/394 2865/1/2865 7765/1/7765 3435/1/3435
f 2865/1/2865 2864/1/2864 7766/1/7766 7765/1/7765
f 2864/1/2864 2863/1/2863 7767/1/7767 7766/1/7766
f 2863/1/2863 392/1/392 3417/1/3417 7767/1/7767
f 7767/1/7767 3417/1/3417 3416/1/3416 7770/1/7770
f 7770/1/7770 3416/1/3416 3415/1/3415 7773/1/7773
f 7773/1/7773 3415/1/3415 502/1/502 3436/1/3436
f 7772/1/7772 7773/1/7773 3436/1/3436 3437/1/3437
f 7771/1/7771 7772/1/7772 3437/1/3437 3438/1/3438
f 3433/1/3433 7771/1/7771 3438/1/3438 500/1/500
f 3434/1/3434 7768/1/7768 7771/1/7771 3433/1/3433
f 3435/1/3435 7765/1/7765 7768/1/7768 3434/1/3434
f 7774/1/7774 7775/1/7775 7778/1/7778 7777/1/7777
f 7775/1/7775 7776/1/7776 7779/1/7779 7778/1/7778
f 7777/1/7777 7778/1/7778 7781/1/7781 7780/1/7780
f 7778/1/7778 7779/1/7779 7782/1/7782 7781/1/7781
f 503/1/503 3432/1/3432 7774/1/7774 3441/1/3441
f 3432/1/3432 3431/1/3431 7775/1/7775 7774/1/7774
f 3431/1/3431 3430/1/3430 7776/1/7776 7775/1/7775
f 3430/1/3430 393/1/393 2880/1/2880 7776/1/7776
f 7776/1/7776 2880/1/2880 2879/1/2879 7779/1/7779
f 7779/1/7779 2879/1/2879 2878/1/2878 7782/1/7782
f 7782/1/7782 2878/1/2878 395/1/395 3442/1/3442
f 7781/1/7781 7782/1/7782 3442/1/3442 3443/1/3443
f 7780/1/7780 7781/1/7781 3443/1/3443 3444/1/3444
f 3439/1/3439 7780/1/7780 3444/1/3444 501/1/501
f 3440/1/3440 7777/1/7777 7780/1/7780 3439/1/3439
f 3441/1/3441 7774/1/7774 7777/1/7777 3440/1/3440
f 7783/1/7783 7784/1/7784 7787/1/7787 7786/1/7786
f 7784/1/7784 7785/1/7785 7788/1/7788 7787/1/7787
f 7786/1/7786 7787/1/7787 7790/1/7790 7789/1/7789
f 7787/1/7787 7788/1/7788 7791/1/7791 7790/1/7790
f 396/1/396 2847/1/2847 7783/1/7783 3447/1/3447
f 2847/1/2847 2846/1/2846 7784/1/7784 7783/1/7783
f 2846/1/2846 2845/1/2845 7785/1/7785 7784/1/7784
f 2845/1/2845 394/1/394 3435/1/3435 7785/1/7785
f 7785/1/7785 3435/1/3435 3434/1/3434 7788/1/7788
f 7788/1/7788 3434/1/3434 3433/1/3433 7791/1/7791
f 7791/1/7791 3433/1/3433 500/1/500 3448/1/3448
f 7790/1/7790 7791/1/7791 3448/1/3448 3449/1/3449
f 7789/1/7789 7790/1/7790 3449/1/3449 3450/1/3450
f 3445/1/3445 7789/1/7789 3450/1/3450 498/1/498
f 3446/1/3446 7786/1/7786 7789/1/7789 3445/1/3445
f 3447/1/3447 7783/1/7783 7786/1/7786 3446/1/3446
f 7792/1/7792 7793/1/7793 7796/1/7796 7795/1/7795
f 7793/1/7793 7794/1/7794 7797/1/7797 7796/1/7796
f 7795/1/7795 7796/1/7796 7799/1/7799 7798/1/7798
f 7796/1/7796 7797/1/7797 7800/1/7800 7799/1/7799
f 501/1/501 3444/1/3444 7792/1/7792 3453/1/3453
f 3444/1/3444 3443/1/3443 7793/1/7793 7792/1/7792
f 3443/1/3443 3442/1/3442 7794/1/7794 7793/1/7793
f 3442/1/3442 395/1/395 2862/1/2862 7794/1/7794
f 7794/1/7794 2862/1/2862 2861/1/2861 7797/1/7797
f 7797/1/7797 2861/1/2861 2860/1/2860 7800/1/7800
f 7800/1/7800 2860/1/2860 397/1/397 3454/1/3454
f 7799/1/7799 7800/1/7800 3454/1/3454 3455/1/3455
f 7798/1/7798 7799/1/7799 3455/1/3455 3456/1/3456
f 3451/1/3451 7798/1/7798 3456/1/3456 499/1/499
f 3452/1/3452 7795/1/7795 7798/1/7798 3451/1/3451
f 3453/1/3453 7792/1/7792 7795/1/7795 3452/1/3452
f 7801/1/7801 7802/1/7802 7805/1/7805 7804/1/7804
f 7802/1/7802 7803/1/7803 7806/1/7806 7805/1/7805
f 7804/1/7804 7805/1/7805 7808/1/7808 7807/1/7807
f 7805/1/7805 7806/1/7806 7809/1/7809 7808/1/7808
f 398/1/398 2829/1/2829 7801/1/7801 3459/1/3459
f 2829/1/2829 2828/1/2828 7802/1/7802 7801/1/7801
f 2828/1/2828 2827/1/2827 7803/1/7803 7802/1/7802
f 2827/1/2827 396/1/396 3447/1/3447 7803/1/7803
f 7803/1/7803 3447/1/3447 3446/1/3446 7806/1/7806
f 7806/1/7806 3446/1/3446 3445/1/3445 7809/1/7809
f 7809/1/7809 3445/1/3445 498/1/498 3460/1/3460
f 7808/1/7808 7809/1/7809 3460/1/3460 3461/1/3461
f 7807/1/7807 7808/1/7808 3461/1/3461 3462/1/3462
f 3457/1/3457 7807/1/7807 3462/1/3462 496/1/496
f 3458/1/3458 7804/1/7804 7807/1/7807 3457/1/3457
f 3459/1/3459 7801/1/7801 7804/1/7804 3458/1/3458
f 7810/1/7810 7811/1/7811 7814/1/7814 7813/1/7813
f 7811/1/7811 7812/1/7812 7815/1/7815 7814/1/7814
f 7813/1/7813 7814/1/7814 7817/1/7817 7816/1/7816
f 7814/1/7814 7815/1/7815 7818/1/7818 7817/1/7817
f 499/1/499 3456/1/3456 7810/1/7810 3465/1/3465
f 3456/1/3456 3455/1/3455 7811/1/7811 7810/1/7810
f 3455/1/3455 3454/1/3454 7812/1/7812 7811/1/7811
f 3454/1/3454 397/1/397 2844/1/2844 7812/1/7812
f 7812/1/7812 2844/1/2844 2843/1/2843 7815/1/7815
f 7815/1/7815 2843/1/2843 2842/1/2842 7818/1/7818
f 7818/1/7818 2842/1/2842 399/1/399 3466/1/3466
f 7817/1/7817 7818/1/7818 3466/1/3466 3467/1/3467
f 7816/1/7816 7817/1/7817 3467/1/3467 3468/1/3468
f 3463/1/3463 7816/1/7816 3468/1/3468 497/1/497
f 3464/1/3464 7813/1/7813 7816/1/7816 3463/1/3463
f 3465/1/3465 7810/1/7810 7813/1/7813 3464/1/3464
f 7819/1/7819 7820/1/7820 7823/1/7823 7822/1/7822
f 7820/1/7820 7821/1/7821 7824/1/7824 7823/1/7823
f 7822/1/7822 7823/1/7823 7826/1/7826 7825/1/7825
f 7823/1/7823 7824/1/7824 7827/1/7827 7826/1/7826
f 400/1/400 2811/1/2811 7819/1/7819 3471/1/3471
f 2811/1/2811 2810/1/2810 7820/1/7820 7819/1/7819
f 2810/1/2810 2809/1/2809 7821/1/7821 7820/1/7820
f 2809/1/2809 398/1/398 3459/1/3459 7821/1/7821
f 7821/1/7821 3459/1/3459 3458/1/3458 7824/1/7824
f 7824/1/7824 3458/1/3458 3457/1/3457 7827/1/7827
f 7827/1/7827 3457/1/3457 496/1/496 3472/1/3472
f 7826/1/7826 7827/1/7827 3472/1/3472 3473/1/3473
f 7825/1/7825 7826/1/7826 3473/1/3473 3474/1/3474
f 3469/1/3469 7825/1/7825 3474/1/3474 494/1/494
f 3470/1/3470 7822/1/7822 7825/1/7825 3469/1/3469
f 3471/1/3471 7819/1/7819 7822/1/7822 3470/1/3470
f 7828/1/7828 7829/1/7829 7832/1/7832 7831/1/7831
f 7829/1/7829 7830/1/7830 7833/1/7833 7832/1/7832
f 7831/1/7831 7832/1/7832 7835/1/7835 7834/1/7834
f 7832/1/7832 7833/1/7833 7836/1/7836 7835/1/7835
f 497/1/497 3468/1/3468 7828/1/7828 3477/1/3477
f 3468/1/3468 3467/1/3467 7829/1/7829 7828/1/7828
f 3467/1/3467 3466/1/3466 7830/1/7830 7829/1/7829
f 3466/1/3466 399/1/399 2826/1/2826 7830/1/7830
f 7830/1/7830 2826/1/2826 2825/1/2825 7833/1/7833
f 7833/1/7833 2825/1/2825 2824/1/2824 7836/1/7836
f 7836/1/7836 2824/1/2824 401/1/401 3478/1/3478
f 7835/1/7835 7836/1/7836 3478/1/3478 3479/1/3479
f 7834/1/7834 7835/1/7835 3479/1/3479 3480/1/3480
f 3475/1/3475 7834/1/7834 3480/1/3480 495/1/495
f 3476/1/3476 7831/1/7831 7834/1/7834 3475/1/3475
f 3477/1/3477 7828/1/7828 7831/1/7831 3476/1/3476
f 7837/1/7837 7838/1/7838 7841/1/7841 7840/1/7840
f 7838/1/7838 7839/1/7839 7842/1/7842 7841/1/7841
f 7840/1/7840 7841/1/7841 7844/1/7844 7843/1/7843
f 7841/1/7841 7842/1/7842 7845/1/7845 7844/1/7844
f 388/1/388 2790/1/2790 7837/1/7837 3483/1/3483
f 2790/1/2790 2789/1/2789 7838/1/7838 7837/1/7837
f 2789/1/2789 2788/1/2788 7839/1/7839 7838/1/7838
f 2788/1/2788 400/1/400 3471/1/3471 7839/1/7839
f 7839/1/7839 3471/1/3471 3470/1/3470 7842/1/7842
f 7842/1/7842 3470/1/3470 3469/1/3469 7845/1/7845
f 7845/1/7845 3469/1/3469 494/1/494 3484/1/3484
f 7844/1/7844 7845/1/7845 3484/1/3484 3485/1/3485
f 7843/1/7843 7844/1/7844 3485/1/3485 3486/1/3486
f 3481/1/3481 7843/1/7843 3486/1/3486 506/1/506
f 3482/1/3482 7840/1/7840 7843/1/7843 3481/1/3481
f 3483/1/3483 7837/1/7837 7840/1/7840 3482/1/3482
f 7846/1/7846 7847/1/7847 7850/1/7850 7849/1/7849
f 7847/1/7847 7848/1/7848 7851/1/7851 7850/1/7850
f 7849/1/7849 7850/1/7850 7853/1/7853 7852/1/7852
f 7850/1/7850 7851/1/7851 7854/1/7854 7853/1/7853
f 495/1/495 3480/1/3480 7846/1/7846 3489/1/3489
f 3480/1/3480 3479/1/3479 7847/1/7847 7846/1/7846
f 3479/1/3479 3478/1/3478 7848/1/7848 7847/1/7847
f 3478/1/3478 401/1/401 2805/1/2805 7848/1/7848
f 7848/1/7848 2805/1/2805 2804/1/2804 7851/1/7851
f 7851/1/7851 2804/1/2804 2803/1/2803 7854/1/7854
f 7854/1/7854 2803/1/2803 389/1/389 3490/1/3490
f 7853/1/7853 7854/1/7854 3490/1/3490 3491/1/3491
f 7852/1/7852 7853/1/7853 3491/1/3491 3492/1/3492
f 3487/1/3487 7852/1/7852 3492/1/3492 507/1/507
f 3488/1/3488 7849/1/7849 7852/1/7852 3487/1/3487
f 3489/1/3489 7846/1/7846 7849/1/7849 3488/1/3488
f 7855/1/7855 7856/1/7856 7859/1/7859 7858/1/7858
f 7856/1/7856 7857/1/7857 7860/1/7860 7859/1/7859
f 7858/1/7858 7859/1/7859 7862/1/7862 7861/1/7861
f 7859/1/7859 7860/1/7860 7863/1/7863 7862/1/7862
f 494/1/494 3493/1/3493 7855/1/7855 3484/1/3484
f 3493/1/3493 3494/1/3494 7856/1/7856 7855/1/7855
f 3494/1/3494 3495/1/3495 7857/1/7857 7856/1/7856
f 3495/1/3495 502/1/502 3423/1/3423 7857/1/7857
f 7857/1/7857 3423/1/3423 3422/1/3422 7860/1/7860
f 7860/1/7860 3422/1/3422 3421/1/3421 7863/1/7863
f 7863/1/7863 3421/1/3421 504/1/504 3496/1/3496
f 7862/1/7862 7863/1/7863 3496/1/3496 3497/1/3497
f 7861/1/7861 7862/1/7862 3497/1/3497 3498/1/3498
f 3486/1/3486 7861/1/7861 3498/1/3498 506/1/506
f 3485/1/3485 7858/1/7858 7861/1/7861 3486/1/3486
f 3484/1/3484 7855/1/7855 7858/1/7858 3485/1/3485
f 7864/1/7864 7865/1/7865 7868/1/7868 7867/1/7867
f 7865/1/7865 7866/1/7866 7869/1/7869 7868/1/7868
f 7867/1/7867 7868/1/7868 7871/1/7871 7870/1/7870
f 7868/1/7868 7869/1/7869 7872/1/7872 7871/1/7871
f 505/1/505 3426/1/3426 7864/1/7864 3501/1/3501
f 3426/1/3426 3425/1/3425 7865/1/7865 7864/1/7864
f 3425/1/3425 3424/1/3424 7866/1/7866 7865/1/7865
f 3424/1/3424 503/1/503 3502/1/3502 7866/1/7866
f 7866/1/7866 3502/1/3502 3503/1/3503 7869/1/7869
f 7869/1/7869 3503/1/3503 3504/1/3504 7872/1/7872
f 7872/1/7872 3504/1/3504 495/1/495 3489/1/3489
f 7871/1/7871 7872/1/7872 3489/1/3489 3488/1/3488
f 7870/1/7870 7871/1/7871 3488/1/3488 3487/1/3487
f 3499/1/3499 7870/1/7870 3487/1/3487 507/1/507
f 3500/1/3500 7867/1/7867 7870/1/7870 3499/1/3499
f 3501/1/3501 7864/1/7864 7867/1/7867 3500/1/3500
f 7873/1/7873 7874/1/7874 7877/1/7877 7876/1/7876
f 7874/1/7874 7875/1/7875 7878/1/7878 7877/1/7877
f 7876/1/7876 7877/1/7877 7880/1/7880 7879/1/7879
f 7877/1/7877 7878/1/7878 7881/1/7881 7880/1/7880
f 494/1/494 3474/1/3474 7873/1/7873 3493/1/3493
f 3474/1/3474 3473/1/3473 7874/1/7874 7873/1/7873
f 3473/1/3473 3472/1/3472 7875/1/7875 7874/1/7874
f 3472/1/3472 496/1/496 3505/1/3505 7875/1/7875
f 7875/1/7875 3505/1/3505 3506/1/3506 7878/1/7878
f 7878/1/7878 3506/1/3506 3507/1/3507 7881/1/7881
f 7881/1/7881 3507/1/3507 500/1/500 3438/1/3438
f 7880/1/7880 7881/1/7881 3438/1/3438 3437/1/3437
f 7879/1/7879 7880/1/7880 3437/1/3437 3436/1/3436
f 3495/1/3495 7879/1/7879 3436/1/3436 502/1/502
f 3494/1/3494 7876/1/7876 7879/1/7879 3495/1/3495
f 3493/1/3493 7873/1/7873 7876/1/7876 3494/1/3494
f 7882/1/7882 7883/1/7883 7886/1/7886 7885/1/7885
f 7883/1/7883 7884/1/7884 7887/1/7887 7886/1/7886
f 7885/1/7885 7886/1/7886 7889/1/7889 7888/1/7888
f 7886/1/7886 7887/1/7887 7890/1/7890 7889/1/7889
f 501/1/501 3508/1/3508 7882/1/7882 3439/1/3439
f 3508/1/3508 3509/1/3509 7883/1/7883 7882/1/7882
f 3509/1/3509 3510/1/3510 7884/1/7884 7883/1/7883
f 3510/1/3510 497/1/497 3477/1/3477 7884/1/7884
f 7884/1/7884 3477/1/3477 3476/1/3476 7887/1/7887
f 7887/1/7887 3476/1/3476 3475/1/3475 7890/1/7890
f 7890/1/7890 3475/1/3475 495/1/495 3504/1/3504
f 7889/1/7889 7890/1/7890 3504/1/3504 3503/1/3503
f 7888/1/7888 7889/1/7889 3503/1/3503 3502/1/3502
f 3441/1/3441 7888/1/7888 3502/1/3502 503/1/503
f 3440/1/3440 7885/1/7885 7888/1/7888 3441/1/3441
f 3439/1/3439 7882/1/7882 7885/1/7885 3440/1/3440
f 7892/1/7892 7893/1/7893 7891/1/7891 7897/1/7897
f 7894/1/7894 7895/1/7895 7891/1/7891 7893/1/7893
f 7896/1/7896 7897/1/7897 7891/1/7891 7895/1/7895
f 496/1/496 3462/1/3462 7892/1/7892 3505/1/3505
f 3462/1/3462 3461/1/3461 7893/1/7893 7892/1/7892
f 3505/1/3505 7892/1/7892 7897/1/7897 3506/1/3506
f 498/1/498 3450/1/3450 7894/1/7894 3460/1/3460
f 3450/1/3450 3449/1/3449 7895/1/7895 7894/1/7894
f 3460/1/3460 7894/1/7894 7893/1/7893 3461/1/3461
f 500/1/500 3507/1/3507 7896/1/7896 3448/1/3448
f 3507/1/3507 3506/1/3506 7897/1/7897 7896/1/7896
f 3448/1/3448 7896/1/7896 7895/1/7895 3449/1/3449
f 7899/1/7899 7900/1/7900 7898/1/7898 7904/1/7904
f 7901/1/7901 7902/1/7902 7898/1/7898 7900/1/7900
f 7903/1/7903 7904/1/7904 7898/1/7898 7902/1/7902
f 501/1/501 3453/1/3453 7899/1/7899 3508/1/3508
f 3453/1/3453 3452/1/3452 7900/1/7900 7899/1/7899
f 3508/1/3508 7899/1/7899 7904/1/7904 3509/1/3509
f 499/1/499 3465/1/3465 7901/1/7901 3451/1/3451
f 3465/1/3465 3464/1/3464 7902/1/7902 7901/1/7901
f 3451/1/3451 7901/1/7901 7900/1/7900 3452/1/3452
f 497/1/497 3510/1/3510 7903/1/7903 3463/1/3463
f 3510/1/3510 3509/1/3509 7904/1/7904 7903/1/7903
f 3463/1/3463 7903/1/7903 7902/1/7902 3464/1/3464
f 7905/1/7905 7906/1/7906 7909/1/7909 7908/1/7908
f 7906/1/7906 7907/1/7907 7910/1/7910 7909/1/7909
f 7908/1/7908 7909/1/7909 7912/1/7912 7911/1/7911
f 7909/1/7909 7910/1/7910 7913/1/7913 7912/1/7912
f 314/1/314 2685/1/2685 7905/1/7905 3513/1/3513
f 2685/1/2685 2684/1/2684 7906/1/7906 7905/1/7905
f 2684/1/2684 2683/1/2683 7907/1/7907 7906/1/7906
f 2683/1/2683 382/1/382 3015/1/3015 7907/1/7907
f 7907/1/7907 3015/1/3015 3014/1/3014 7910/1/7910
f 7910/1/7910 3014/1/3014 3013/1/3013 7913/1/7913
f 7913/1/7913 3013/1/3013 388/1/388 3483/1/3483
f 7912/1/7912 7913/1/7913 3483/1/3483 3482/1/3482
f 7911/1/7911 7912/1/7912 3482/1/3482 3481/1/3481
f 3511/1/3511 7911/1/7911 3481/1/3481 506/1/506
f 3512/1/3512 7908/1/7908 7911/1/7911 3511/1/3511
f 3513/1/3513 7905/1/7905 7908/1/7908 3512/1/3512
f 7914/1/7914 7915/1/7915 7918/1/7918 7917/1/7917
f 7915/1/7915 7916/1/7916 7919/1/7919 7918/1/7918
f 7917/1/7917 7918/1/7918 7921/1/7921 7920/1/7920
f 7918/1/7918 7919/1/7919 7922/1/7922 7921/1/7921
f 389/1/389 3030/1/3030 7914/1/7914 3490/1/3490
f 3030/1/3030 3029/1/3029 7915/1/7915 7914/1/7914
f 3029/1/3029 3028/1/3028 7916/1/7916 7915/1/7915
f 3028/1/3028 383/1/383 2688/1/2688 7916/1/7916
f 7916/1/7916 2688/1/2688 2687/1/2687 7919/1/7919
f 7919/1/7919 2687/1/2687 2686/1/2686 7922/1/7922
f 7922/1/7922 2686/1/2686 315/1/315 3514/1/3514
f 7921/1/7921 7922/1/7922 3514/1/3514 3515/1/3515
f 7920/1/7920 7921/1/7921 3515/1/3515 3516/1/3516
f 3492/1/3492 7920/1/7920 3516/1/3516 507/1/507
f 3491/1/3491 7917/1/7917 7920/1/7920 3492/1/3492
f 3490/1/3490 7914/1/7914 7917/1/7917 3491/1/3491
f 7923/1/7923 7924/1/7924 7927/1/7927 7926/1/7926
f 7924/1/7924 7925/1/7925 7928/1/7928 7927/1/7927
f 7926/1/7926 7927/1/7927 7930/1/7930 7929/1/7929
f 7927/1/7927 7928/1/7928 7931/1/7931 7930/1/7930
f 314/1/314 3513/1/3513 7923/1/7923 2743/1/2743
f 3513/1/3513 3512/1/3512 7924/1/7924 7923/1/7923
f 3512/1/3512 3511/1/3511 7925/1/7925 7924/1/7924
f 3511/1/3511 506/1/506 3498/1/3498 7925/1/7925
f 7925/1/7925 3498/1/3498 3497/1/3497 7928/1/7928
f 7928/1/7928 3497/1/3497 3496/1/3496 7931/1/7931
f 7931/1/7931 3496/1/3496 504/1/504 3517/1/3517
f 7930/1/7930 7931/1/7931 3517/1/3517 3518/1/3518
f 7929/1/7929 7930/1/7930 3518/1/3518 3519/1/3519
f 2745/1/2745 7929/1/7929 3519/1/3519 322/1/322
f 2744/1/2744 7926/1/7926 7929/1/7929 2745/1/2745
f 2743/1/2743 7923/1/7923 7926/1/7926 2744/1/2744
f 7932/1/7932 7933/1/7933 7936/1/7936 7935/1/7935
f 7933/1/7933 7934/1/7934 7937/1/7937 7936/1/7936
f 7935/1/7935 7936/1/7936 7939/1/7939 7938/1/7938
f 7936/1/7936 7937/1/7937 7940/1/7940 7939/1/7939
f 505/1/505 3501/1/3501 7932/1/7932 3522/1/3522
f 3501/1/3501 3500/1/3500 7933/1/7933 7932/1/7932
f 3500/1/3500 3499/1/3499 7934/1/7934 7933/1/7933
f 3499/1/3499 507/1/507 3516/1/3516 7934/1/7934
f 7934/1/7934 3516/1/3516 3515/1/3515 7937/1/7937
f 7937/1/7937 3515/1/3515 3514/1/3514 7940/1/7940
f 7940/1/7940 3514/1/3514 315/1/315 2760/1/2760
f 7939/1/7939 7940/1/7940 2760/1/2760 2759/1/2759
f 7938/1/7938 7939/1/7939 2759/1/2759 2758/1/2758
f 3520/1/3520 7938/1/7938 2758/1/2758 323/1/323
f 3521/1/3521 7935/1/7935 7938/1/7938 3520/1/3520
f 3522/1/3522 7932/1/7932 7935/1/7935 3521/1/3521
f 7941/1/7941 7942/1/7942 7945/1/7945 7944/1/7944
f 7942/1/7942 7943/1/7943 7946/1/7946 7945/1/7945
f 7944/1/7944 7945/1/7945 7948/1/7948 7947/1/7947
f 7945/1/7945 7946/1/7946 7949/1/7949 7948/1/7948
f 320/1/320 2769/1/2769 7941/1/7941 2995/1/2995
f 2769/1/2769 2768/1/2768 7942/1/7942 7941/1/7941
f 2768/1/2768 2767/1/2767 7943/1/7943 7942/1/7942
f 2767/1/2767 322/1/322 3519/1/3519 7943/1/7943
f 7943/1/7943 3519/1/3519 3518/1/3518 7946/1/7946
f 7946/1/7946 3518/1/3518 3517/1/3517 7949/1/7949
f 7949/1/7949 3517/1/3517 504/1/504 3420/1/3420
f 7948/1/7948 7949/1/7949 3420/1/3420 3419/1/3419
f 7947/1/7947 7948/1/7948 3419/1/3419 3418/1/3418
f 2997/1/2997 7947/1/7947 3418/1/3418 390/1/390
f 2996/1/2996 7944/1/7944 7947/1/7947 2997/1/2997
f 2995/1/2995 7941/1/7941 7944/1/7944 2996/1/2996
f 7950/1/7950 7951/1/7951 7954/1/7954 7953/1/7953
f 7951/1/7951 7952/1/7952 7955/1/7955 7954/1/7954
f 7953/1/7953 7954/1/7954 7957/1/7957 7956/1/7956
f 7954/1/7954 7955/1/7955 7958/1/7958 7957/1/7957
f 505/1/505 3522/1/3522 7950/1/7950 3427/1/3427
f 3522/1/3522 3521/1/3521 7951/1/7951 7950/1/7950
f 3521/1/3521 3520/1/3520 7952/1/7952 7951/1/7951
f 3520/1/3520 323/1/323 2778/1/2778 7952/1/7952
f 7952/1/7952 2778/1/2778 2777/1/2777 7955/1/7955
f 7955/1/7955 2777/1/2777 2776/1/2776 7958/1/7958
f 7958/1/7958 2776/1/2776 321/1/321 3006/1/3006
f 7957/1/7957 7958/1/7958 3006/1/3006 3005/1/3005
f 7956/1/7956 7957/1/7957 3005/1/3005 3004/1/3004
f 3429/1/3429 7956/1/7956 3004/1/3004 391/1/391
f 3428/1/3428 7953/1/7953 7956/1/7956 3429/1/3429
f 3427/1/3427 7950/1/7950 7953/1/7953 3428/1/3428
f 7959/1/7959 7962/1/7962 7966/1/7966 7965/1/7965
f 7962/1/7962 7963/1/7963 7967/1/7967 7966/1/7966
f 7963/1/7963 7964/1/7964 7968/1/7968 7967/1/7967
f 7965/1/7965 7966/1/7966 7970/1/7970 7969/1/7969
f 7966/1/7966 7967/1/7967 7971/1/7971 7970/1/7970
f 7967/1/7967 7968/1/7968 7972/1/7972 7971/1/7971
f 7969/1/7969 7970/1/7970 7991/1/7991 7987/1/7987
f 7970/1/7970 7971/1/7971 7995/1/7995 7991/1/7991
f 7971/1/7971 7972/1/7972 7973/1/7973 7995/1/7995
f 7960/1/7960 7974/1/7974 7978/1/7978 7977/1/7977
f 7974/1/7974 7975/1/7975 7979/1/7979 7978/1/7978
f 7975/1/7975 7976/1/7976 7980/1/7980 7979/1/7979
f 7977/1/7977 7978/1/7978 7982/1/7982 7981/1/7981
f 7978/1/7978 7979/1/7979 7983/1/7983 7982/1/7982
f 7979/1/7979 7980/1/7980 7984/1/7984 7983/1/7983
f 7981/1/7981 7982/1/7982 7968/1/7968 7964/1/7964
f 7982/1/7982 7983/1/7983 7972/1/7972 7968/1/7968
f 7983/1/7983 7984/1/7984 7973/1/7973 7972/1/7972
f 7961/1/7961 7985/1/7985 7989/1/7989 7988/1/7988
f 7985/1/7985 7986/1/7986 7990/1/7990 7989/1/7989
f 7986/1/7986 7987/1/7987 7991/1/7991 7990/1/7990
f 7988/1/7988 7989/1/7989 7993/1/7993 7992/1/7992
f 7989/1/7989 7990/1/7990 7994/1/7994 7993/1/7993
f 7990/1/7990 7991/1/7991 7995/1/7995 7994/1/7994
f 7992/1/7992 7993/1/7993 7980/1/7980 7976/1/7976
f 7993/1/7993 7994/1/7994 7984/1/7984 7980/1/7980
f 7994/1/7994 7995/1/7995 7973/1/7973 7984/1/7984
f 7996/1/7996 7999/1/7999 8003/1/8003 8002/1/8002
f 7999/1/7999 8000/1/8000 8004/1/8004 8003/1/8003
f 8000/1/8000 8001/1/8001 8005/1/8005 8004/1/8004
f 8002/1/8002 8003/1/8003 8007/1/8007 8006/1/8006
f 8003/1/8003 8004/1/8004 8008/1/8008 8007/1/8007
f 8004/1/8004 8005/1/8005 8009/1/8009 8008/1/8008
f 8006/1/8006 8007/1/8007 8028/1/8028 8024/1/8024
f 8007/1/8007 8008/1/8008 8032/1/8032 8028/1/8028
f 8008/1/8008 8009/1/8009 8010/1/8010 8032/1/8032
f 7997/1/7997 8011/1/8011 8015/1/8015 8014/1/8014
f 8011/1/8011 8012/1/8012 8016/1/8016 8015/1/8015
f 8012/1/8012 8013/1/8013 8017/1/8017 8016/1/8016
f 8014/1/8014 8015/1/8015 8019/1/8019 8018/1/8018
f 8015/1/8015 8016/1/8016 8020/1/8020 8019/1/8019
f 8016/1/8016 8017/1/8017 8021/1/8021 8020/1/8020
f 8018/1/8018 8019/1/8019 8005/1/8005 8001/1/8001
f 8019/1/8019 8020/1/8020 8009/1/8009 8005/1/8005
f 8020/1/8020 8021/1/8021 8010/1/8010 8009/1/8009
f 7998/1/7998 8022/1/8022 8026/1/8026 8025/1/8025
f 8022/1/8022 8023/1/8023 8027/1/8027 8026/1/8026
f 8023/1/8023 8024/1/8024 8028/1/8028 8027/1/8027
f 8025/1/8025 8026/1/8026 8030/1/8030 8029/1/8029
f 8026/1/8026 8027/1/8027 8031/1/8031 8030/1/8030
f 8027/1/8027 8028/1/8028 8032/1/8032 8031/1/8031
f 8029/1/8029 8030/1/8030 8017/1/8017 8013/1/8013
f 8030/1/8030 8031/1/8031 8021/1/8021 8017/1/8017
f 8031/1/8031 8032/1/8032 8010/1/8010 8021/1/8021
f 8033/1/8033 8036/1/8036 8040/1/8040 8039/1/8039
f 8036/1/8036 8037/1/8037 8041/1/8041 8040/1/8040
f 8037/1/8037 8038/1/8038 8042/1/8042 8041/1/8041
f 8039/1/8039 8040/1/8040 8044/1/8044 8043/1/8043
f 8040/1/8040 8041/1/8041 8045/1/8045 8044/1/8044
f 8041/1/8041 8042/1/8042 8046/1/8046 8045/1/8045
f 8043/1/8043 8044/1/8044 8065/1/8065 8061/1/8061
f 8044/1/8044 8045/1/8045 8069/1/8069 8065/1/8065
f 8045/1/8045 8046/1/8046 8047/1/8047 8069/1/8069
f 8034/1/8034 8048/1/8048 8052/1/8052 8051/1/8051
f 8048/1/8048 8049/1/8049 8053/1/8053 8052/1/8052
f 8049/1/8049 8050/1/8050 8054/1/8054 8053/1/8053
f 8051/1/8051 8052/1/8052 8056/1/8056 8055/1/8055
f 8052/1/8052 8053/1/8053 8057/1/8057 8056/1/8056
f 8053/1/8053 8054/1/8054 8058/1/8058 8057/1/8057
f 8055/1/8055 8056/1/8056 8042/1/8042 8038/1/8038
f 8056/1/8056 8057/1/8057 8046/1/8046 8042/1/8042
f 8057/1/8057 8058/1/8058 8047/1/8047 8046/1/8046
f 8035/1/8035 8059/1/8059 8063/1/8063 8062/1/8062
f 8059/1/8059 8060/1/8060 8064/1/8064 8063/1/8063
f 8060/1/8060 8061/1/8061 8065/1/8065 8064/1/8064
f 8062/1/8062 8063/1/8063 8067/1/8067 8066/1/8066
f 8063/1/8063 8064/1/8064 8068/1/8068 8067/1/8067
f 8064/1/8064 8065/1/8065 8069/1/8069 8068/1/8068
f 8066/1/8066 8067/1/8067 8054/1/8054 8050/1/8050
f 8067/1/8067 8068/1/8068 8058/1/8058 8054/1/8054
f 8068/1/8068 8069/1/8069 8047/1/8047 8058/1/8058
f 8070/1/8070 8073/1/8073 8077/1/8077 8076/1/8076
f 8073/1/8073 8074/1/8074 8078/1/8078 8077/1/8077
f 8074/1/8074 8075/1/8075 8079/1/8079 8078/1/8078
f 8076/1/8076 8077/1/8077 8081/1/8081 8080/1/8080
f 8077/1/8077 8078/1/8078 8082/1/8082 8081/1/8081
f 8078/1/8078 8079/1/8079 8083/1/8083 8082/1/8082
f 8080/1/8080 8081/1/8081 8102/1/8102 8098/1/8098
f 8081/1/8081 8082/1/8082 8106/1/8106 8102/1/8102
f 8082/1/8082 8083/1/8083 8084/1/8084 8106/1/8106
f 8071/1/8071 8085/1/8085 8089/1/8089 8088/1/8088
f 8085/1/8085 8086/1/8086 8090/1/8090 8089/1/8089
f 8086/1/8086 8087/1/8087 8091/1/8091 8090/1/8090
f 8088/1/8088 8089/1/8089 8093/1/8093 8092/1/8092
f 8089/1/8089 8090/1/8090 8094/1/8094 8093/1/8093
f 8090/1/8090 8091/1/8091 8095/1/8095 8094/1/8094
f 8092/1/8092 8093/1/8093 8079/1/8079 8075/1/8075
f 8093/1/8093 8094/1/8094 8083/1/8083 8079/1/8079
f 8094/1/8094 8095/1/8095 8084/1/8084 8083/1/8083
f 8072/1/8072 8096/1/8096 8100/1/8100 8099/1/8099
f 8096/1/8096 8097/1/8097 8101/1/8101 8100/1/8100
f 8097/1/8097 8098/1/8098 8102/1/8102 8101/1/8101
f 8099/1/8099 8100/1/8100 8104/1/8104 8103/1/8103
f 8100/1/8100 8101/1/8101 8105/1/8105 8104/1/8104
f 8101/1/8101 8102/1/8102 8106/1/8106 8105/1/8105
f 8103/1/8103 8104/1/8104 8091/1/8091 8087/1/8087
f 8104/1/8104 8105/1/8105 8095/1/8095 8091/1/8091
f 8105/1/8105 8106/1/8106 8084/1/8084 8095/1/8095
f 8107/1/8107 8110/1/8110 8114/1/8114 8113/1/8113
f 8110/1/8110 8111/1/8111 8115/1/8115 8114/1/8114
f 8111/1/8111 8112/1/8112 8116/1/8116 8115/1/8115
f 8113/1/8113 8114/1/8114 8118/1/8118 8117/1/8117
f 8114/1/8114 8115/1/8115 8119/1/8119 8118/1/8118
f 8115/1/8115 8116/1/8116 8120/1/8120 8119/1/8119
f 8117/1/8117 8118/1/8118 8139/1/8139 8135/1/8135
f 8118/1/8118 8119/1/8119 8143/1/8143 8139/1/8139
f 8119/1/8119 8120/1/8120 8121/1/8121 8143/1/8143
f 8108/1/8108 8122/1/8122 8126/1/8126 8125/1/8125
f 8122/1/8122 8123/1/8123 8127/1/8127 8126/1/8126
f 8123/1/8123 8124/1/8124 8128/1/8128 8127/1/8127
f 8125/1/8125 8126/1/8126 8130/1/8130 8129/1/8129
f 8126/1/8126 8127/1/8127 8131/1/8131 8130/1/8130
f 8127/1/8127 8128/1/8128 8132/1/8132 8131/1/8131
f 8129/1/8129 8130/1/8130 8116/1/8116 8112/1/8112
f 8130/1/8130 8131/1/8131 8120/1/8120 8116/1/8116
f 8131/1/8131 8132/1/8132 8121/1/8121 8120/1/8120
f 8109/1/8109 8133/1/8133 8137/1/8137 8136/1/8136
f 8133/1/8133 8134/1/8134 8138/1/8138 8137/1/8137
f 8134/1/8134 8135/1/8135 8139/1/8139 8138/1/8138
f 8136/1/8136 8137/1/8137 8141/1/8141 8140/1/8140
f 8137/1/8137 8138/1/8138 8142/1/8142 8141/1/8141
f 8138/1/8138 8139/1/8139 8143/1/8143 8142/1/8142
f 8140/1/8140 8141/1/8141 8128/1/8128 8124/1/8124
f 8141/1/8141 8142/1/8142 8132/1/8132 8128/1/8128
f 8142/1/8142 8143/1/8143 8121/1/8121 8132/1/8132
f 8144/1/8144 8147/1/8147 8151/1/8151 8150/1/8150
f 8147/1/8147 8148/1/8148 8152/1/8152 8151/1/8151
f 8148/1/8148 8149/1/8149 8153/1/8153 8152/1/8152
f 8150/1/8150 8151/1/8151 8155/1/8155 8154/1/8154
f 8151/1/8151 8152/1/8152 8156/1/8156 8155/1/8155
f 8152/1/8152 8153/1/8153 8157/1/8157 8156/1/8156
f 8154/1/8154 8155/1/8155 8176/1/8176 8172/1/8172
f 8155/1/8155 8156/1/8156 8180/1/8180 8176/1/8176
f 8156/1/8156 8157/1/8157 8158/1/8158 8180/1/8180
f 8145/1/8145 8159/1/8159 8163/1/8163 8162/1/8162
f 8159/1/8159 8160/1/8160 8164/1/8164 8163/1/8163
f 8160/1/8160 8161/1/8161 8165/1/8165 8164/1/8164
f 8162/1/8162 8163/1/8163 8167/1/8167 8166/1/8166
f 8163/1/8163 8164/1/8164 8168/1/8168 8167/1/8167
f 8164/1/8164 8165/1/8165 8169/1/8169 8168/1/8168
f 8166/1/8166 8167/1/8167 8153/1/8153 8149/1/8149
f 8167/1/8167 8168/1/8168 8157/1/8157 8153/1/8153
f 8168/1/8168 8169/1/8169 8158/1/8158 8157/1/8157
f 8146/1/8146 8170/1/8170 8174/1/8174 8173/1/8173
f 8170/1/8170 8171/1/8171 8175/1/8175 8174/1/8174
f 8171/1/8171 8172/1/8172 8176/1/8176 8175/1/8175
f 8173/1/8173 8174/1/8174 8178/1/8178 8177/1/8177
f 8174/1/8174 8175/1/8175 8179/1/8179 8178/1/8178
f 8175/1/8175 8176/1/8176 8180/1/8180 8179/1/8179
f 8177/1/8177 8178/1/8178 8165/1/8165 8161/1/8161
f 8178/1/8178 8179/1/8179 8169/1/8169 8165/1/8165
f 8179/1/8179 8180/1/8180 8158/1/8158 8169/1/8169
f 8181/1/8181 8184/1/8184 8188/1/8188 8187/1/8187
f 8184/1/8184 8185/1/8185 8189/1/8189 8188/1/8188
f 8185/1/8185 8186/1/8186 8190/1/8190 8189/1/8189
f 8187/1/8187 8188/1/8188 8192/1/8192 8191/1/8191
f 8188/1/8188 8189/1/8189 8193/1/8193 8192/1/8192
f 8189/1/8189 8190/1/8190 8194/1/8194 8193/1/8193
f 8191/1/8191 8192/1/8192 8213/1/8213 8209/1/8209
f 8192/1/8192 8193/1/8193 8217/1/8217 8213/1/8213
f 8193/1/8193 8194/1/8194 8195/1/8195 8217/1/8217
f 8182/1/8182 8196/1/8196 8200/1/8200 8199/1/8199
f 8196/1/8196 8197/1/8197 8201/1/8201 8200/1/8200
f 8197/1/8197 8198/1/8198 8202/1/8202 8201/1/8201
f 8199/1/8199 8200/1/8200 8204/1/8204 8203/1/8203
f 8200/1/8200 8201/1/8201 8205/1/8205 8204/1/8204
f 8201/1/8201 8202/1/8202 8206/1/8206 8205/1/8205
f 8203/1/8203 8204/1/8204 8190/1/8190 8186/1/8186
f 8204/1/8204 8205/1/8205 8194/1/8194 8190/1/8190
f 8205/1/8205 8206/1/8206 8195/1/8195 8194/1/8194
f 8183/1/8183 8207/1/8207 8211/1/8211 8210/1/8210
f 8207/1/8207 8208/1/8208 8212/1/8212 8211/1/8211
f 8208/1/8208 8209/1/8209 8213/1/8213 8212/1/8212
f 8210/1/8210 8211/1/8211 8215/1/8215 8214/1/8214
f 8211/1/8211 8212/1/8212 8216/1/8216 8215/1/8215
f 8212/1/8212 8213/1/8213 8217/1/8217 8216/1/8216
f 8214/1/8214 8215/1/8215 8202/1/8202 8198/1/8198
f 8215/1/8215 8216/1/8216 8206/1/8206 8202/1/8202
f 8216/1/8216 8217/1/8217 8195/1/8195 8206/1/8206
f 8218/1/8218 8221/1/8221 8225/1/8225 8224/1/8224
f 8221/1/8221 8222/1/8222 8226/1/8226 8225/1/8225
f 8222/1/8222 8223/1/8223 8227/1/8227 8226/1/8226
f 8224/1/8224 8225/1/8225 8229/1/8229 8228/1/8228
f 8225/1/8225 8226/1/8226 8230/1/8230 8229/1/8229
f 8226/1/8226 8227/1/8227 8231/1/8231 8230/1/8230
f 8228/1/8228 8229/1/8229 8250/1/8250 8246/1/8246
f 8229/1/8229 8230/1/8230 8254/1/8254 8250/1/8250
f 8230/1/8230 8231/1/8231 8232/1/8232 8254/1/8254
f 8219/1/8219 8233/1/8233 8237/1/8237 8236/1/8236
f 8233/1/8233 8234/1/8234 8238/1/8238 8237/1/8237
f 8234/1/8234 8235/1/8235 8239/1/8239 8238/1/8238
f 8236/1/8236 8237/1/8237 8241/1/8241 8240/1/8240
f 8237/1/8237 8238/1/8238 8242/1/8242 8241/1/8241
f 8238/1/8238 8239/1/8239 8243/1/8243 8242/1/8242
f 8240/1/8240 8241/1/8241 8227/1/8227 8223/1/8223
f 8241/1/8241 8242/1/8242 8231/1/8231 8227/1/8227
f 8242/1/8242 8243/1/8243 8232/1/8232 8231/1/8231
f 8220/1/8220 8244/1/8244 8248/1/8248 8247/1/8247
f 8244/1/8244 8245/1/8245 8249/1/8249 8248/1/8248
f 8245/1/8245 8246/1/8246 8250/1/8250 8249/1/8249
f 8247/1/8247 8248/1/8248 8252/1/8252 8251/1/8251
f 8248/1/8248 8249/1/8249 8253/1/8253 8252/1/8252
f 8249/1/8249 8250/1/8250 8254/1/8254 8253/1/8253
f 8251/1/8251 8252/1/8252 8239/1/8239 8235/1/8235
f 8252/1/8252 8253/1/8253 8243/1/8243 8239/1/8239
f 8253/1/8253 8254/1/8254 8232/1/8232 8243/1/8243
f 8146/1/8146 8218/1/8218 8224/1/8224 8170/1/8170
f 8170/1/8170 8224/1/8224 8228/1/8228 8171/1/8171
f 8171/1/8171 8228/1/8228 8246/1/8246 8172/1/8172
f 8172/1/8172 8246/1/8246 8245/1/8245 8154/1/8154
f 8154/1/8154 8245/1/8245 8244/1/8244 8150/1/8150
f 8150/1/8150 8244/1/8244 8220/1/8220 8144/1/8144
f 7996/1/7996 8146/1/8146 8173/1/8173 7999/1/7999
f 7999/1/7999 8173/1/8173 8177/1/8177 8000/1/8000
f 8000/1/8000 8177/1/8177 8161/1/8161 8001/1/8001
f 8001/1/8001 8161/1/8161 8160/1/8160 8018/1/8018
f 8018/1/8018 8160/1/8160 8159/1/8159 8014/1/8014
f 8014/1/8014 8159/1/8159 8145/1/8145 7997/1/7997
f 7961/1/7961 7998/1/7998 8025/1/8025 7985/1/7985
f 7985/1/7985 8025/1/8025 8029/1/8029 7986/1/7986
f 7986/1/7986 8029/1/8029 8013/1/8013 7987/1/7987
f 7987/1/7987 8013/1/8013 8012/1/8012 7969/1/7969
f 7969/1/7969 8012/1/8012 8011/1/8011 7965/1/7965
f 7965/1/7965 8011/1/8011 7997/1/7997 7959/1/7959
f 8219/1/8219 8182/1/8182 8199/1/8199 8233/1/8233
f 8233/1/8233 8199/1/8199 8203/1/8203 8234/1/8234
f 8234/1/8234 8203/1/8203 8186/1/8186 8235/1/8235
f 8235/1/8235 8186/1/8186 8185/1/8185 8251/1/8251
f 8251/1/8251 8185/1/8185 8184/1/8184 8247/1/8247
f 8247/1/8247 8184/1/8184 8181/1/8181 8220/1/8220
f 8035/1/8035 8071/1/8071 8088/1/8088 8059/1/8059
f 8059/1/8059 8088/1/8088 8092/1/8092 8060/1/8060
f 8060/1/8060 8092/1/8092 8075/1/8075 8061/1/8061
f 8061/1/8061 8075/1/8075 8074/1/8074 8043/1/8043
f 8043/1/8043 8074/1/8074 8073/1/8073 8039/1/8039
f 8039/1/8039 8073/1/8073 8070/1/8070 8033/1/8033
f 8107/1/8107 8145/1/8145 8162/1/8162 8110/1/8110
f 8110/1/8110 8162/1/8162 8166/1/8166 8111/1/8111
f 8111/1/8111 8166/1/8166 8149/1/8149 8112/1/8112
f 8112/1/8112 8149/1/8149 8148/1/8148 8129/1/8129
f 8129/1/8129 8148/1/8148 8147/1/8147 8125/1/8125
f 8125/1/8125 8147/1/8147 8144/1/8144 8108/1/8108
f 8034/1/8034 8183/1/8183 8210/1/8210 8048/1/8048
f 8048/1/8048 8210/1/8210 8214/1/8214 8049/1/8049
f 8049/1/8049 8214/1/8214 8198/1/8198 8050/1/8050
f 8050/1/8050 8198/1/8198 8197/1/8197 8066/1/8066
f 8066/1/8066 8197/1/8197 8196/1/8196 8062/1/8062
f 8062/1/8062 8196/1/8196 8182/1/8182 8035/1/8035
f 7960/1/7960 8034/1/8034 8051/1/8051 7974/1/7974
f 7974/1/7974 8051/1/8051 8055/1/8055 7975/1/7975
f 7975/1/7975 8055/1/8055 8038/1/8038 7976/1/7976
f 7976/1/7976 8038/1/8038 8037/1/8037 7992/1/7992
f 7992/1/7992 8037/1/8037 8036/1/8036 7988/1/7988
f 7988/1/7988 8036/1/8036 8033/1/8033 7961/1/7961
f 8218/1/8218 8072/1/8072 8099/1/8099 8221/1/8221
f 8221/1/8221 8099/1/8099 8103/1/8103 8222/1/8222
f 8222/1/8222 8103/1/8103 8087/1/8087 8223/1/8223
f 8223/1/8223 8087/1/8087 8086/1/8086 8240/1/8240
f 8240/1/8240 8086/1/8086 8085/1/8085 8236/1/8236
f 8236/1/8236 8085/1/8085 8071/1/8071 8219/1/8219
f 8183/1/8183 8109/1/8109 8136/1/8136 8207/1/8207
f 8207/1/8207 8136/1/8136 8140/1/8140 8208/1/8208
f 8208/1/8208 8140/1/8140 8124/1/8124 8209/1/8209
f 8209/1/8209 8124/1/8124 8123/1/8123 8191/1/8191
f 8191/1/8191 8123/1/8123 8122/1/8122 8187/1/8187
f 8187/1/8187 8122/1/8122 8108/1/8108 8181/1/8181
f 8109/1/8109 7960/1/7960 7977/1/7977 8133/1/8133
f 8133/1/8133 7977/1/7977 7981/1/7981 8134/1/8134
f 8134/1/8134 7981/1/7981 7964/1/7964 8135/1/8135
f 8135/1/8135 7964/1/7964 7963/1/7963 8117/1/8117
f 8117/1/8117 7963/1/7963 7962/1/7962 8113/1/8113
f 8113/1/8113 7962/1/7962 7959/1/7959 8107/1/8107
f 8072/1/8072 7996/1/7996 8002/1/8002 8096/1/8096
f 8096/1/8096 8002/1/8002 8006/1/8006 8097/1/8097
f 8097/1/8097 8006/1/8006 8024/1/8024 8098/1/8098
f 8098/1/8098 8024/1/8024 8023/1/8023 8080/1/8080
f 8080/1/8080 8023/1/8023 8022/1/8022 8076/1/8076
f 8076/1/8076 8022/1/8022 7998/1/7998 8070/1/8070
f 8145/1/8145 8107/1/8107 7959/1/7959 7997/1/7997
f 7998/1/7998 7961/1/7961 8033/1/8033 8070/1/8070
f 7960/1/7960 8109/1/8109 8183/1/8183 8034/1/8034
f 8146/1/8146 7996/1/7996 8072/1/8072 8218/1/8218
f 8071/1/8071 8035/1/8035 8182/1/8182 8219/1/8219
f 8220/1/8220 8181/1/8181 8108/1/8108 8144/1/8144
f 8255/1/8255 8258/1/8258 8262/1/8262 8261/1/8261
f 8258/1/8258 8259/1/8259 8263/1/8263 8262/1/8262
f 8259/1/8259 8260/1/8260 8264/1/8264 8263/1/8263
f 8261/1/8261 8262/1/8262 8266/1/8266 8265/1/8265
f 8262/1/8262 8263/1/8263 8267/1/8267 8266/1/8266
f 8263/1/8263 8264/1/8264 8268/1/8268 8267/1/8267
f 8265/1/8265 8266/1/8266 8287/1/8287 8283/1/8283
f 8266/1/8266 8267/1/8267 8291/1/8291 8287/1/8287
f 8267/1/8267 8268/1/8268 8269/1/8269 8291/1/8291
f 8256/1/8256 8270/1/8270 8274/1/8274 8273/1/8273
f 8270/1/8270 8271/1/8271 8275/1/8275 8274/1/8274
f 8271/1/8271 8272/1/8272 8276/1/8276 8275/1/8275
f 8273/1/8273 8274/1/8274 8278/1/8278 8277/1/8277
f 8274/1/8274 8275/1/8275 8279/1/8279 8278/1/8278
f 8275/1/8275 8276/1/8276 8280/1/8280 8279/1/8279
f 8277/1/8277 8278/1/8278 8264/1/8264 8260/1/8260
f 8278/1/8278 8279/1/8279 8268/1/8268 8264/1/8264
f 8279/1/8279 8280/1/8280 8269/1/8269 8268/1/8268
f 8257/1/8257 8281/1/8281 8285/1/8285 8284/1/8284
f 8281/1/8281 8282/1/8282 8286/1/8286 8285/1/8285
f 8282/1/8282 8283/1/8283 8287/1/8287 8286/1/8286
f 8284/1/8284 8285/1/8285 8289/1/8289 8288/1/8288
f 8285/1/8285 8286/1/8286 8290/1/8290 8289/1/8289
f 8286/1/8286 8287/1/8287 8291/1/8291 8290/1/8290
f 8288/1/8288 8289/1/8289 8276/1/8276 8272/1/8272
f 8289/1/8289 8290/1/8290 8280/1/8280 8276/1/8276
f 8290/1/8290 8291/1/8291 8269/1/8269 8280/1/8280
f 8292/1/8292 8295/1/8295 8299/1/8299 8298/1/8298
f 8295/1/8295 8296/1/8296 8300/1/8300 8299/1/8299
f 8296/1/8296 8297/1/8297 8301/1/8301 8300/1/8300
f 8298/1/8298 8299/1/8299 8303/1/8303 8302/1/8302
f 8299/1/8299 8300/1/8300 8304/1/8304 8303/1/8303
f 8300/1/8300 8301/1/8301 8305/1/8305 8304/1/8304
f 8302/1/8302 8303/1/8303 8324/1/8324 8320/1/8320
f 8303/1/8303 8304/1/8304 8328/1/8328 8324/1/8324
f 8304/1/8304 8305/1/8305 8306/1/8306 8328/1/8328
f 8293/1/8293 8307/1/8307 8311/1/8311 8310/1/8310
f 8307/1/8307 8308/1/8308 8312/1/8312 8311/1/8311
f 8308/1/8308 8309/1/8309 8313/1/8313 8312/1/8312
f 8310/1/8310 8311/1/8311 8315/1/8315 8314/1/8314
f 8311/1/8311 8312/1/8312 8316/1/8316 8315/1/8315
f 8312/1/8312 8313/1/8313 8317/1/8317 8316/1/8316
f 8314/1/8314 8315/1/8315 8301/1/8301 8297/1/8297
f 8315/1/8315 8316/1/8316 8305/1/8305 8301/1/8301
f 8316/1/8316 8317/1/8317 8306/1/8306 8305/1/8305
f 8294/1/8294 8318/1/8318 8322/1/8322 8321/1/8321
f 8318/1/8318 8319/1/8319 8323/1/8323 8322/1/8322
f 8319/1/8319 8320/1/8320 8324/1/8324 8323/1/8323
f 8321/1/8321 8322/1/8322 8326/1/8326 8325/1/8325
f 8322/1/8322 8323/1/8323 8327/1/8327 8326/1/8326
f 8323/1/8323 8324/1/8324 8328/1/8328 8327/1/8327
f 8325/1/8325 8326/1/8326 8313/1/8313 8309/1/8309
f 8326/1/8326 8327/1/8327 8317/1/8317 8313/1/8313
f 8327/1/8327 8328/1/8328 8306/1/8306 8317/1/8317
f 8329/1/8329 8332/1/8332 8336/1/8336 8335/1/8335
f 8332/1/8332 8333/1/8333 8337/1/8337 8336/1/8336
f 8333/1/8333 8334/1/8334 8338/1/8338 8337/1/8337
f 8335/1/8335 8336/1/8336 8340/1/8340 8339/1/8339
f 8336/1/8336 8337/1/8337 8341/1/8341 8340/1/8340
f 8337/1/8337 8338/1/8338 8342/1/8342 8341/1/8341
f 8339/1/8339 8340/1/8340 8361/1/8361 8357/1/8357
f 8340/1/8340 8341/1/8341 8365/1/8365 8361/1/8361
f 8341/1/8341 8342/1/8342 8343/1/8343 8365/1/8365
f 8330/1/8330 8344/1/8344 8348/1/8348 8347/1/8347
f 8344/1/8344 8345/1/8345 8349/1/8349 8348/1/8348
f 8345/1/8345 8346/1/8346 8350/1/8350 8349/1/8349
f 8347/1/8347 8348/1/8348 8352/1/8352 8351/1/8351
f 8348/1/8348 8349/1/8349 8353/1/8353 8352/1/8352
f 8349/1/8349 8350/1/8350 8354/1/8354 8353/1/8353
f 8351/1/8351 8352/1/8352 8338/1/8338 8334/1/8334
f 8352/1/8352 8353/1/8353 8342/1/8342 8338/1/8338
f 8353/1/8353 8354/1/8354 8343/1/8343 8342/1/8342
f 8331/1/8331 8355/1/8355 8359/1/8359 8358/1/8358
f 8355/1/8355 8356/1/8356 8360/1/8360 8359/1/8359
f 8356/1/8356 8357/1/8357 8361/1/8361 8360/1/8360
f 8358/1/8358 8359/1/8359 8363/1/8363 8362/1/8362
f 8359/1/8359 8360/1/8360 8364/1/8364 8363/1/8363
f 8360/1/8360 8361/1/8361 8365/1/8365 8364/1/8364
f 8362/1/8362 8363/1/8363 8350/1/8350 8346/1/8346
f 8363/1/8363 8364/1/8364 8354/1/8354 8350/1/8350
f 8364/1/8364 8365/1/8365 8343/1/8343 8354/1/8354
f 8366/1/8366 8369/1/8369 8373/1/8373 8372/1/8372
f 8369/1/8369 8370/1/8370 8374/1/8374 8373/1/8373
f 8370/1/8370 8371/1/8371 8375/1/8375 8374/1/8374
f 8372/1/8372 8373/1/8373 8377/1/8377 8376/1/8376
f 8373/1/8373 8374/1/8374 8378/1/8378 8377/1/8377
f 8374/1/8374 8375/1/8375 8379/1/8379 8378/1/8378
f 8376/1/8376 8377/1/8377 8398/1/8398 8394/1/8394
f 8377/1/8377 8378/1/8378 8402/1/8402 8398/1/8398
f 8378/1/8378 8379/1/8379 8380/1/8380 8402/1/8402
f 8367/1/8367 8381/1/8381 8385/1/8385 8384/1/8384
f 8381/1/8381 8382/1/8382 8386/1/8386 8385/1/8385
f 8382/1/8382 8383/1/8383 8387/1/8387 8386/1/8386
f 8384/1/8384 8385/1/8385 8389/1/8389 8388/1/8388
f 8385/1/8385 8386/1/8386 8390/1/8390 8389/1/8389
f 8386/1/8386 8387/1/8387 8391/1/8391 8390/1/8390
f 8388/1/8388 8389/1/8389 8375/1/8375 8371/1/8371
f 8389/1/8389 8390/1/8390 8379/1/8379 8375/1/8375
f 8390/1/8390 8391/1/8391 8380/1/8380 8379/1/8379
f 8368/1/8368 8392/1/8392 8396/1/8396 8395/1/8395
f 8392/1/8392 8393/1/8393 8397/1/8397 8396/1/8396
f 8393/1/8393 8394/1/8394 8398/1/8398 8397/1/8397
f 8395/1/8395 8396/1/8396 8400/1/8400 8399/1/8399
f 8396/1/8396 8397/1/8397 8401/1/8401 8400/1/8400
f 8397/1/8397 8398/1/8398 8402/1/8402 8401/1/8401
f 8399/1/8399 8400/1/8400 8387/1/8387 8383/1/8383
f 8400/1/8400 8401/1/8401 8391/1/8391 8387/1/8387
f 8401/1/8401 8402/1/8402 8380/1/8380 8391/1/8391
f 8403/1/8403 8406/1/8406 8410/1/8410 8409/1/8409
f 8406/1/8406 8407/1/8407 8411/1/8411 8410/1/8410
f 8407/1/8407 8408/1/8408 8412/1/8412 8411/1/8411
f 8409/1/8409 8410/1/8410 8414/1/8414 8413/1/8413
f 8410/1/8410 8411/1/8411 8415/1/8415 8414/1/8414
f 8411/1/8411 8412/1/8412 8416/1/8416 8415/1/8415
f 8413/1/8413 8414/1/8414 8435/1/8435 8431/1/8431
f 8414/1/8414 8415/1/8415 8439/1/8439 8435/1/8435
f 8415/1/8415 8416/1/8416 8417/1/8417 8439/1/8439
f 8404/1/8404 8418/1/8418 8422/1/8422 8421/1/8421
f 8418/1/8418 8419/1/8419 8423/1/8423 8422/1/8422
f 8419/1/8419 8420/1/8420 8424/1/8424 8423/1/8423
f 8421/1/8421 8422/1/8422 8426/1/8426 8425/1/8425
f 8422/1/8422 8423/1/8423 8427/1/8427 8426/1/8426
f 8423/1/8423 8424/1/8424 8428/1/8428 8427/1/8427
f 8425/1/8425 8426/1/8426 8412/1/8412 8408/1/8408
f 8426/1/8426 8427/1/8427 8416/1/8416 8412/1/8412
f 8427/1/8427 8428/1/8428 8417/1/8417 8416/1/8416
f 8405/1/8405 8429/1/8429 8433/1/8433 8432/1/8432
f 8429/1/8429 8430/1/8430 8434/1/8434 8433/1/8433
f 8430/1/8430 8431/1/8431 8435/1/8435 8434/1/8434
f 8432/1/8432 8433/1/8433 8437/1/8437 8436/1/8436
f 8433/1/8433 8434/1/8434 8438/1/8438 8437/1/8437
f 8434/1/8434 8435/1/8435 8439/1/8439 8438/1/8438
f 8436/1/8436 8437/1/8437 8424/1/8424 8420/1/8420
f 8437/1/8437 8438/1/8438 8428/1/8428 8424/1/8424
f 8438/1/8438 8439/1/8439 8417/1/8417 8428/1/8428
f 8440/1/8440 8443/1/8443 8447/1/8447 8446/1/8446
f 8443/1/8443 8444/1/8444 8448/1/8448 8447/1/8447
f 8444/1/8444 8445/1/8445 8449/1/8449 8448/1/8448
f 8446/1/8446 8447/1/8447 8451/1/8451 8450/1/8450
f 8447/1/8447 8448/1/8448 8452/1/8452 8451/1/8451
f 8448/1/8448 8449/1/8449 8453/1/8453 8452/1/8452
f 8450/1/8450 8451/1/8451 8472/1/8472 8468/1/8468
f 8451/1/8451 8452/1/8452 8476/1/8476 8472/1/8472
f 8452/1/8452 8453/1/8453 8454/1/8454 8476/1/8476
f 8441/1/8441 8455/1/8455 8459/1/8459 8458/1/8458
f 8455/1/8455 8456/1/8456 8460/1/8460 8459/1/8459
f 8456/1/8456 8457/1/8457 8461/1/8461 8460/1/8460
f 8458/1/8458 8459/1/8459 8463/1/8463 8462/1/8462
f 8459/1/8459 8460/1/8460 8464/1/8464 8463/1/8463
f 8460/1/8460 8461/1/8461 8465/1/8465 8464/1/8464
f 8462/1/8462 8463/1/8463 8449/1/8449 8445/1/8445
f 8463/1/8463 8464/1/8464 8453/1/8453 8449/1/8449
f 8464/1/8464 8465/1/8465 8454/1/8454 8453/1/8453
f 8442/1/8442 8466/1/8466 8470/1/8470 8469/1/8469
f 8466/1/8466 8467/1/8467 8471/1/8471 8470/1/8470
f 8467/1/8467 8468/1/8468 8472/1/8472 8471/1/8471
f 8469/1/8469 8470/1/8470 8474/1/8474 8473/1/8473
f 8470/1/8470 8471/1/8471 8475/1/8475 8474/1/8474
f 8471/1/8471 8472/1/8472 8476/1/8476 8475/1/8475
f 8473/1/8473 8474/1/8474 8461/1/8461 8457/1/8457
f 8474/1/8474 8475/1/8475 8465/1/8465 8461/1/8461
f 8475/1/8475 8476/1/8476 8454/1/8454 8465/1/8465
f 8477/1/8477 8480/1/8480 8484/1/8484 8483/1/8483
f 8480/1/8480 8481/1/8481 8485/1/8485 8484/1/8484
f 8481/1/8481 8482/1/8482 8486/1/8486 8485/1/8485
f 8483/1/8483 8484/1/8484 8488/1/8488 8487/1/8487
f 8484/1/8484 8485/1/8485 8489/1/8489 8488/1/8488
f 8485/1/8485 8486/1/8486 8490/1/8490 8489/1/8489
f 8487/1/8487 8488/1/8488 8509/1/8509 8505/1/8505
f 8488/1/8488 8489/1/8489 8513/1/8513 8509/1/8509
f 8489/1/8489 8490/1/8490 8491/1/8491 8513/1/8513
f 8478/1/8478 8492/1/8492 8496/1/8496 8495/1/8495
f 8492/1/8492 8493/1/8493 8497/1/8497 8496/1/8496
f 8493/1/8493 8494/1/8494 8498/1/8498 8497/1/8497
f 8495/1/8495 8496/1/8496 8500/1/8500 8499/1/8499
f 8496/1/8496 8497/1/8497 8501/1/8501 8500/1/8500
f 8497/1/8497 8498/1/8498 8502/1/8502 8501/1/8501
f 8499/1/8499 8500/1/8500 8486/1/8486 8482/1/8482
f 8500/1/8500 8501/1/8501 8490/1/8490 8486/1/8486
f 8501/1/8501 8502/1/8502 8491/1/8491 8490/1/8490
f 8479/1/8479 8503/1/8503 8507/1/8507 8506/1/8506
f 8503/1/8503 8504/1/8504 8508/1/8508 8507/1/8507
f 8504/1/8504 8505/1/8505 8509/1/8509 8508/1/8508
f 8506/1/8506 8507/1/8507 8511/1/8511 8510/1/8510
f 8507/1/8507 8508/1/8508 8512/1/8512 8511/1/8511
f 8508/1/8508 8509/1/8509 8513/1/8513 8512/1/8512
f 8510/1/8510 8511/1/8511 8498/1/8498 8494/1/8494
f 8511/1/8511 8512/1/8512 8502/1/8502 8498/1/8498
f 8512/1/8512 8513/1/8513 8491/1/8491 8502/1/8502
f 8514/1/8514 8517/1/8517 8521/1/8521 8520/1/8520
f 8517/1/8517 8518/1/8518 8522/1/8522 8521/1/8521
f 8518/1/8518 8519/1/8519 8523/1/8523 8522/1/8522
f 8520/1/8520 8521/1/8521 8525/1/8525 8524/1/8524
f 8521/1/8521 8522/1/8522 8526/1/8526 8525/1/8525
f 8522/1/8522 8523/1/8523 8527/1/8527 8526/1/8526
f 8524/1/8524 8525/1/8525 8546/1/8546 8542/1/8542
f 8525/1/8525 8526/1/8526 8550/1/8550 8546/1/8546
f 8526/1/8526 8527/1/8527 8528/1/8528 8550/1/8550
f 8515/1/8515 8529/1/8529 8533/1/8533 8532/1/8532
f 8529/1/8529 8530/1/8530 8534/1/8534 8533/1/8533
f 8530/1/8530 8531/1/8531 8535/1/8535 8534/1/8534
f 8532/1/8532 8533/1/8533 8537/1/8537 8536/1/8536
f 8533/1/8533 8534/1/8534 8538/1/8538 8537/1/8537
f 8534/1/8534 8535/1/8535 8539/1/8539 8538/1/8538
f 8536/1/8536 8537/1/8537 8523/1/8523 8519/1/8519
f 8537/1/8537 8538/1/8538 8527/1/8527 8523/1/8523
f 8538/1/8538 8539/1/8539 8528/1/8528 8527/1/8527
f 8516/1/8516 8540/1/8540 8544/1/8544 8543/1/8543
f 8540/1/8540 8541/1/8541 8545/1/8545 8544/1/8544
f 8541/1/8541 8542/1/8542 8546/1/8546 8545/1/8545
f 8543/1/8543 8544/1/8544 8548/1/8548 8547/1/8547
f 8544/1/8544 8545/1/8545 8549/1/8549 8548/1/8548
f 8545/1/8545 8546/1/8546 8550/1/8550 8549/1/8549
f 8547/1/8547 8548/1/8548 8535/1/8535 8531/1/8531
f 8548/1/8548 8549/1/8549 8539/1/8539 8535/1/8535
f 8549/1/8549 8550/1/8550 8528/1/8528 8539/1/8539
f 8442/1/8442 8514/1/8514 8520/1/8520 8466/1/8466
f 8466/1/8466 8520/1/8520 8524/1/8524 8467/1/8467
f 8467/1/8467 8524/1/8524 8542/1/8542 8468/1/8468
f 8468/1/8468 8542/1/8542 8541/1/8541 8450/1/8450
f 8450/1/8450 8541/1/8541 8540/1/8540 8446/1/8446
f 8446/1/8446 8540/1/8540 8516/1/8516 8440/1/8440
f 8292/1/8292 8442/1/8442 8469/1/8469 8295/1/8295
f 8295/1/8295 8469/1/8469 8473/1/8473 8296/1/8296
f 8296/1/8296 8473/1/8473 8457/1/8457 8297/1/8297
f 8297/1/8297 8457/1/8457 8456/1/8456 8314/1/8314
f 8314/1/8314 8456/1/8456 8455/1/8455 8310/1/8310
f 8310/1/8310 8455/1/8455 8441/1/8441 8293/1/8293
f 8257/1/8257 8294/1/8294 8321/1/8321 8281/1/8281
f 8281/1/8281 8321/1/8321 8325/1/8325 8282/1/8282
f 8282/1/8282 8325/1/8325 8309/1/8309 8283/1/8283
f 8283/1/8283 8309/1/8309 8308/1/8308 8265/1/8265
f 8265/1/8265 8308/1/8308 8307/1/8307 8261/1/8261
f 8261/1/8261 8307/1/8307 8293/1/8293 8255/1/8255
f 8515/1/8515 8478/1/8478 8495/1/8495 8529/1/8529
f 8529/1/8529 8495/1/8495 8499/1/8499 8530/1/8530
f 8530/1/8530 8499/1/8499 8482/1/8482 8531/1/8531
f 8531/1/8531 8482/1/8482 8481/1/8481 8547/1/8547
f 8547/1/8547 8481/1/8481 8480/1/8480 8543/1/8543
f 8543/1/8543 8480/1/8480 8477/1/8477 8516/1/8516
f 8331/1/8331 8367/1/8367 8384/1/8384 8355/1/8355
f 8355/1/8355 8384/1/8384 8388/1/8388 8356/1/8356
f 8356/1/8356 8388/1/8388 8371/1/8371 8357/1/8357
f 8357/1/8357 8371/1/8371 8370/1/8370 8339/1/8339
f 8339/1/8339 8370/1/8370 8369/1/8369 8335/1/8335
f 8335/1/8335 8369/1/8369 8366/1/8366 8329/1/8329
f 8403/1/8403 8441/1/8441 8458/1/8458 8406/1/8406
f 8406/1/8406 8458/1/8458 8462/1/8462 8407/1/8407
f 8407/1/8407 8462/1/8462 8445/1/8445 8408/1/8408
f 8408/1/8408 8445/1/8445 8444/1/8444 8425/1/8425
f 8425/1/8425 8444/1/8444 8443/1/8443 8421/1/8421
f 8421/1/8421 8443/1/8443 8440/1/8440 8404/1/8404
f 8330/1/8330 8479/1/8479 8506/1/8506 8344/1/8344
f 8344/1/8344 8506/1/8506 8510/1/8510 8345/1/8345
f 8345/1/8345 8510/1/8510 8494/1/8494 8346/1/8346
f 8346/1/8346 8494/1/8494 8493/1/8493 8362/1/8362
f 8362/1/8362 8493/1/8493 8492/1/8492 8358/1/8358
f 8358/1/8358 8492/1/8492 8478/1/8478 8331/1/8331
f 8256/1/8256 8330/1/8330 8347/1/8347 8270/1/8270
f 8270/1/8270 8347/1/8347 8351/1/8351 8271/1/8271
f 8271/1/8271 8351/1/8351 8334/1/8334 8272/1/8272
f 8272/1/8272 8334/1/8334 8333/1/8333 8288/1/8288
f 8288/1/8288 8333/1/8333 8332/1/8332 8284/1/8284
f 8284/1/8284 8332/1/8332 8329/1/8329 8257/1/8257
f 8514/1/8514 8368/1/8368 8395/1/8395 8517/1/8517
f 8517/1/8517 8395/1/8395 8399/1/8399 8518/1/8518
f 8518/1/8518 8399/1/8399 8383/1/8383 8519/1/8519
f 8519/1/8519 8383/1/8383 8382/1/8382 8536/1/8536
f 8536/1/8536 8382/1/8382 8381/1/8381 8532/1/8532
f 8532/1/8532 8381/1/8381 8367/1/8367 8515/1/8515
f 8479/1/8479 8405/1/8405 8432/1/8432 8503/1/8503
f 8503/1/8503 8432/1/8432 8436/1/8436 8504/1/8504
f 8504/1/8504 8436/1/8436 8420/1/8420 8505/1/8505
f 8505/1/8505 8420/1/8420 8419/1/8419 8487/1/8487
f 8487/1/8487 8419/1/8419 8418/1/8418 8483/1/8483
f 8483/1/8483 8418/1/8418 8404/1/8404 8477/1/8477
f 8405/1/8405 8256/1/8256 8273/1/8273 8429/1/8429
f 8429/1/8429 8273/1/8273 8277/1/8277 8430/1/8430
f 8430/1/8430 8277/1/8277 8260/1/8260 8431/1/8431
f 8431/1/8431 8260/1/8260 8259/1/8259 8413/1/8413
f 8413/1/8413 8259/1/8259 8258/1/8258 8409/1/8409
f 8409/1/8409 8258/1/8258 8255/1/8255 8403/1/8403
f 8368/1/8368 8292/1/8292 8298/1/8298 8392/1/8392
f 8392/1/8392 8298/1/8298 8302/1/8302 8393/1/8393
f 8393/1/8393 8302/1/8302 8320/1/8320 8394/1/8394
f 8394/1/8394 8320/1/8320 8319/1/8319 8376/1/8376
f 8376/1/8376 8319/1/8319 8318/1/8318 8372/1/8372
f 8372/1/8372 8318/1/8318 8294/1/8294 8366/1/8366
f 8441/1/8441 8403/1/8403 8255/1/8255 8293/1/8293
f 8294/1/8294 8257/1/8257 8329/1/8329 8366/1/8366
f 8256/1/8256 8405/1/8405 8479/1/8479 8330/1/8330
f 8442/1/8442 8292/1/8292 8368/1/8368 8514/1/8514
f 8367/1/8367 8331/1/8331 8478/1/8478 8515/1/8515
f 8516/1/8516 8477/1/8477 8404/1/8404 8440/1/8440
f 8551/1/8551 8554/1/8554 8558/1/8558 8557/1/8557
f 8554/1/8554 8555/1/8555 8559/1/8559 8558/1/8558
f 8555/1/8555 8556/1/8556 8560/1/8560 8559/1/8559
f 8557/1/8557 8558/1/8558 8562/1/8562 8561/1/8561
f 8558/1/8558 8559/1/8559 8563/1/8563 8562/1/8562
f 8559/1/8559 8560/1/8560 8564/1/8564 8563/1/8563
f 8561/1/8561 8562/1/8562 8583/1/8583 8579/1/8579
f 8562/1/8562 8563/1/8563 8587/1/8587 8583/1/8583
f 8563/1/8563 8564/1/8564 8565/1/8565 8587/1/8587
f 8552/1/8552 8566/1/8566 8570/1/8570 8569/1/8569
f 8566/1/8566 8567/1/8567 8571/1/8571 8570/1/8570
f 8567/1/8567 8568/1/8568 8572/1/8572 8571/1/8571
f 8569/1/8569 8570/1/8570 8574/1/8574 8573/1/8573
f 8570/1/8570 8571/1/8571 8575/1/8575 8574/1/8574
f 8571/1/8571 8572/1/8572 8576/1/8576 8575/1/8575
f 8573/1/8573 8574/1/8574 8560/1/8560 8556/1/8556
f 8574/1/8574 8575/1/8575 8564/1/8564 8560/1/8560
f 8575/1/8575 8576/1/8576 8565/1/8565 8564/1/8564
f 8553/1/8553 8577/1/8577 8581/1/8581 8580/1/8580
f 8577/1/8577 8578/1/8578 8582/1/8582 8581/1/8581
f 8578/1/8578 8579/1/8579 8583/1/8583 8582/1/8582
f 8580/1/8580 8581/1/8581 8585/1/8585 8584/1/8584
f 8581/1/8581 8582/1/8582 8586/1/8586 8585/1/8585
f 8582/1/8582 8583/1/8583 8587/1/8587 8586/1/8586
f 8584/1/8584 8585/1/8585 8572/1/8572 8568/1/8568
f 8585/1/8585 8586/1/8586 8576/1/8576 8572/1/8572
f 8586/1/8586 8587/1/8587 8565/1/8565 8576/1/8576
f 8588/1/8588 8591/1/8591 8595/1/8595 8594/1/8594
f 8591/1/8591 8592/1/8592 8596/1/8596 8595/1/8595
f 8592/1/8592 8593/1/8593 8597/1/8597 8596/1/8596
f 8594/1/8594 8595/1/8595 8599/1/8599 8598/1/8598
f 8595/1/8595 8596/1/8596 8600/1/8600 8599/1/8599
f 8596/1/8596 8597/1/8597 8601/1/8601 8600/1/8600
f 8598/1/8598 8599/1/8599 8620/1/8620 8616/1/8616
f 8599/1/8599 8600/1/8600 8624/1/8624 8620/1/8620
f 8600/1/8600 8601/1/8601 8602/1/8602 8624/1/8624
f 8589/1/8589 8603/1/8603 8607/1/8607 8606/1/8606
f 8603/1/8603 8604/1/8604 8608/1/8608 8607/1/8607
f 8604/1/8604 8605/1/8605 8609/1/8609 8608/1/8608
f 8606/1/8606 8607/1/8607 8611/1/8611 8610/1/8610
f 8607/1/8607 8608/1/8608 8612/1/8612 8611/1/8611
f 8608/1/8608 8609/1/8609 8613/1/8613 8612/1/8612
f 8610/1/8610 8611/1/8611 8597/1/8597 8593/1/8593
f 8611/1/8611 8612/1/8612 8601/1/8601 8597/1/8597
f 8612/1/8612 8613/1/8613 8602/1/8602 8601/1/8601
f 8590/1/8590 8614/1/8614 8618/1/8618 8617/1/8617
f 8614/1/8614 8615/1/8615 8619/1/8619 8618/1/8618
f 8615/1/8615 8616/1/8616 8620/1/8620 8619/1/8619
f 8617/1/8617 8618/1/8618 8622/1/8622 8621/1/8621
f 8618/1/8618 8619/1/8619 8623/1/8623 8622/1/8622
f 8619/1/8619 8620/1/8620 8624/1/8624 8623/1/8623
f 8621/1/8621 8622/1/8622 8609/1/8609 8605/1/8605
f 8622/1/8622 8623/1/8623 8613/1/8613 8609/1/8609
f 8623/1/8623 8624/1/8624 8602/1/8602 8613/1/8613
f 8625/1/8625 8628/1/8628 8632/1/8632 8631/1/8631
f 8628/1/8628 8629/1/8629 8633/1/8633 8632/1/8632
f 8629/1/8629 8630/1/8630 8634/1/8634 8633/1/8633
f 8631/1/8631 8632/1/8632 8636/1/8636 8635/1/8635
f 8632/1/8632 8633/1/8633 8637/1/8637 8636/1/8636
f 8633/1/8633 8634/1/8634 8638/1/8638 8637/1/8637
f 8635/1/8635 8636/1/8636 8657/1/8657 8653/1/8653
f 8636/1/8636 8637/1/8637 8661/1/8661 8657/1/8657
f 8637/1/8637 8638/1/8638 8639/1/8639 8661/1/8661
f 8626/1/8626 8640/1/8640 8644/1/8644 8643/1/8643
f 8640/1/8640 8641/1/8641 8645/1/8645 8644/1/8644
f 8641/1/8641 8642/1/8642 8646/1/8646 8645/1/8645
f 8643/1/8643 8644/1/8644 8648/1/8648 8647/1/8647
f 8644/1/8644 8645/1/8645 8649/1/8649 8648/1/8648
f 8645/1/8645 8646/1/8646 8650/1/8650 8649/1/8649
f 8647/1/8647 8648/1/8648 8634/1/8634 8630/1/8630
f 8648/1/8648 8649/1/8649 8638/1/8638 8634/1/8634
f 8649/1/8649 8650/1/8650 8639/1/8639 8638/1/8638
f 8627/1/8627 8651/1/8651 8655/1/8655 8654/1/8654
f 8651/1/8651 8652/1/8652 8656/1/8656 8655/1/8655
f 8652/1/8652 8653/1/8653 8657/1/8657 8656/1/8656
f 8654/1/8654 8655/1/8655 8659/1/8659 8658/1/8658
f 8655/1/8655 8656/1/8656 8660/1/8660 8659/1/8659
f 8656/1/8656 8657/1/8657 8661/1/8661 8660/1/8660
f 8658/1/8658 8659/1/8659 8646/1/8646 8642/1/8642
f 8659/1/8659 8660/1/8660 8650/1/8650 8646/1/8646
f 8660/1/8660 8661/1/8661 8639/1/8639 8650/1/8650
f 8662/1/8662 8665/1/8665 8669/1/8669 8668/1/8668
f 8665/1/8665 8666/1/8666 8670/1/8670 8669/1/8669
f 8666/1/8666 8667/1/8667 8671/1/8671 8670/1/8670
f 8668/1/8668 8669/1/8669 8673/1/8673 8672/1/8672
f 8669/1/8669 8670/1/8670 8674/1/8674 8673/1/8673
f 8670/1/8670 8671/1/8671 8675/1/8675 8674/1/8674
f 8672/1/8672 8673/1/8673 8694/1/8694 8690/1/8690
f 8673/1/8673 8674/1/8674 8698/1/8698 8694/1/8694
f 8674/1/8674 8675/1/8675 8676/1/8676 8698/1/8698
f 8663/1/8663 8677/1/8677 8681/1/8681 8680/1/8680
f 8677/1/8677 8678/1/8678 8682/1/8682 8681/1/8681
f 8678/1/8678 8679/1/8679 8683/1/8683 8682/1/8682
f 8680/1/8680 8681/1/8681 8685/1/8685 8684/1/8684
f 8681/1/8681 8682/1/8682 8686/1/8686 8685/1/8685
f 8682/1/8682 8683/1/8683 8687/1/8687 8686/1/8686
f 8684/1/8684 8685/1/8685 8671/1/8671 8667/1/8667
f 8685/1/8685 8686/1/8686 8675/1/8675 8671/1/8671
f 8686/1/8686 8687/1/8687 8676/1/8676 8675/1/8675
f 8664/1/8664 8688/1/8688 8692/1/8692 8691/1/8691
f 8688/1/8688 8689/1/8689 8693/1/8693 8692/1/8692
f 8689/1/8689 8690/1/8690 8694/1/8694 8693/1/8693
f 8691/1/8691 8692/1/8692 8696/1/8696 8695/1/8695
f 8692/1/8692 8693/1/8693 8697/1/8697 8696/1/8696
f 8693/1/8693 8694/1/8694 8698/1/8698 8697/1/8697
f 8695/1/8695 8696/1/8696 8683/1/8683 8679/1/8679
f 8696/1/8696 8697/1/8697 8687/1/8687 8683/1/8683
f 8697/1/8697 8698/1/8698 8676/1/8676 8687/1/8687
f 8699/1/8699 8702/1/8702 8706/1/8706 8705/1/8705
f 8702/1/8702 8703/1/8703 8707/1/8707 8706/1/8706
f 8703/1/8703 8704/1/8704 8708/1/8708 8707/1/8707
f 8705/1/8705 8706/1/8706 8710/1/8710 8709/1/8709
f 8706/1/8706 8707/1/8707 8711/1/8711 8710/1/8710
f 8707/1/8707 8708/1/8708 8712/1/8712 8711/1/8711
f 8709/1/8709 8710/1/8710 8731/1/8731 8727/1/8727
f 8710/1/8710 8711/1/8711 8735/1/8735 8731/1/8731
f 8711/1/8711 8712/1/8712 8713/1/8713 8735/1/8735
f 8700/1/8700 8714/1/8714 8718/1/8718 8717/1/8717
f 8714/1/8714 8715/1/8715 8719/1/8719 8718/1/8718
f 8715/1/8715 8716/1/8716 8720/1/8720 8719/1/8719
f 8717/1/8717 8718/1/8718 8722/1/8722 8721/1/8721
f 8718/1/8718 8719/1/8719 8723/1/8723 8722/1/8722
f 8719/1/8719 8720/1/8720 8724/1/8724 8723/1/8723
f 8721/1/8721 8722/1/8722 8708/1/8708 8704/1/8704
f 8722/1/8722 8723/1/8723 8712/1/8712 8708/1/8708
f 8723/1/8723 8724/1/8724 8713/1/8713 8712/1/8712
f 8701/1/8701 8725/1/8725 8729/1/8729 8728/1/8728
f 8725/1/8725 8726/1/8726 8730/1/8730 8729/1/8729
f 8726/1/8726 8727/1/8727 8731/1/8731 8730/1/8730
f 8728/1/8728 8729/1/8729 8733/1/8733 8732/1/8732
f 8729/1/8729 8730/1/8730 8734/1/8734 8733/1/8733
f 8730/1/8730 8731/1/8731 8735/1/8735 8734/1/8734
f 8732/1/8732 8733/1/8733 8720/1/8720 8716/1/8716
f 8733/1/8733 8734/1/8734 8724/1/8724 8720/1/8720
f 8734/1/8734 8735/1/8735 8713/1/8713 8724/1/8724
f 8736/1/8736 8739/1/8739 8743/1/8743 8742/1/8742
f 8739/1/8739 8740/1/8740 8744/1/8744 8743/1/8743
f 8740/1/8740 8741/1/8741 8745/1/8745 8744/1/8744
f 8742/1/8742 8743/1/8743 8747/1/8747 8746/1/8746
f 8743/1/8743 8744/1/8744 8748/1/8748 8747/1/8747
f 8744/1/8744 8745/1/8745 8749/1/8749 8748/1/8748
f 8746/1/8746 8747/1/8747 8768/1/8768 8764/1/8764
f 8747/1/8747 8748/1/8748 8772/1/8772 8768/1/8768
f 8748/1/8748 8749/1/8749 8750/1/8750 8772/1/8772
f 8737/1/8737 8751/1/8751 8755/1/8755 8754/1/8754
f 8751/1/8751 8752/1/8752 8756/1/8756 8755/1/8755
f 8752/1/8752 8753/1/8753 8757/1/8757 8756/1/8756
f 8754/1/8754 8755/1/8755 8759/1/8759 8758/1/8758
f 8755/1/8755 8756/1/8756 8760/1/8760 8759/1/8759
f 8756/1/8756 8757/1/8757 8761/1/8761 8760/1/8760
f 8758/1/8758 8759/1/8759 8745/1/8745 8741/1/8741
f 8759/1/8759 8760/1/8760 8749/1/8749 8745/1/8745
f 8760/1/8760 8761/1/8761 8750/1/8750 8749/1/8749
f 8738/1/8738 8762/1/8762 8766/1/8766 8765/1/8765
f 8762/1/8762 8763/1/8763 8767/1/8767 8766/1/8766
f 8763/1/8763 8764/1/8764 8768/1/8768 8767/1/8767
f 8765/1/8765 8766/1/8766 8770/1/8770 8769/1/8769
f 8766/1/8766 8767/1/8767 8771/1/8771 8770/1/8770
f 8767/1/8767 8768/1/8768 8772/1/8772 8771/1/8771
f 8769/1/8769 8770/1/8770 8757/1/8757 8753/1/8753
f 8770/1/8770 8771/1/8771 8761/1/8761 8757/1/8757
f 8771/1/8771 8772/1/8772 8750/1/8750 8761/1/8761
f 8773/1/8773 8776/1/8776 8780/1/8780 8779/1/8779
f 8776/1/8776 8777/1/8777 8781/1/8781 8780/1/8780
f 8777/1/8777 8778/1/8778 8782/1/8782 8781/1/8781
f 8779/1/8779 8780/1/8780 8784/1/8784 8783/1/8783
f 8780/1/8780 8781/1/8781 8785/1/8785 8784/1/8784
f 8781/1/8781 8782/1/8782 8786/1/8786 8785/1/8785
f 8783/1/8783 8784/1/8784 8805/1/8805 8801/1/8801
f 8784/1/8784 8785/1/8785 8809/1/8809 8805/1/8805
f 8785/1/8785 8786/1/8786 8787/1/8787 8809/1/8809
f 8774/1/8774 8788/1/8788 8792/1/8792 8791/1/8791
f 8788/1/8788 8789/1/8789 8793/1/8793 8792/1/8792
f 8789/1/8789 8790/1/8790 8794/1/8794 8793/1/8793
f 8791/1/8791 8792/1/8792 8796/1/8796 8795/1/8795
f 8792/1/8792 8793/1/8793 8797/1/8797 8796/1/8796
f 8793/1/8793 8794/1/8794 8798/1/8798 8797/1/8797
f 8795/1/8795 8796/1/8796 8782/1/8782 8778/1/8778
f 8796/1/8796 8797/1/8797 8786/1/8786 8782/1/8782
f 8797/1/8797 8798/1/8798 8787/1/8787 8786/1/8786
f 8775/1/8775 8799/1/8799 8803/1/8803 8802/1/8802
f 8799/1/8799 8800/1/8800 8804/1/8804 8803/1/8803
f 8800/1/8800 8801/1/8801 8805/1/8805 8804/1/8804
f 8802/1/8802 8803/1/8803 8807/1/8807 8806/1/8806
f 8803/1/8803 8804/1/8804 8808/1/8808 8807/1/8807
f 8804/1/8804 8805/1/8805 8809/1/8809 8808/1/8808
f 8806/1/8806 8807/1/8807 8794/1/8794 8790/1/8790
f 8807/1/8807 8808/1/8808 8798/1/8798 8794/1/8794
f 8808/1/8808 8809/1/8809 8787/1/8787 8798/1/8798
f 8810/1/8810 8813/1/8813 8817/1/8817 8816/1/8816
f 8813/1/8813 8814/1/8814 8818/1/8818 8817/1/8817
f 8814/1/8814 8815/1/8815 8819/1/8819 8818/1/8818
f 8816/1/8816 8817/1/8817 8821/1/8821 8820/1/8820
f 8817/1/8817 8818/1/8818 8822/1/8822 8821/1/8821
f 8818/1/8818 8819/1/8819 8823/1/8823 8822/1/8822
f 8820/1/8820 8821/1/8821 8842/1/8842 8838/1/8838
f 8821/1/8821 8822/1/8822 8846/1/8846 8842/1/8842
f 8822/1/8822 8823/1/8823 8824/1/8824 8846/1/8846
f 8811/1/8811 8825/1/8825 8829/1/8829 8828/1/8828
f 8825/1/8825 8826/1/8826 8830/1/8830 8829/1/8829
f 8826/1/8826 8827/1/8827 8831/1/8831 8830/1/8830
f 8828/1/8828 8829/1/8829 8833/1/8833 8832/1/8832
f 8829/1/8829 8830/1/8830 8834/1/8834 8833/1/8833
f 8830/1/8830 8831/1/8831 8835/1/8835 8834/1/8834
f 8832/1/8832 8833/1/8833 8819/1/8819 8815/1/8815
f 8833/1/8833 8834/1/8834 8823/1/8823 8819/1/8819
f 8834/1/8834 8835/1/8835 8824/1/8824 8823/1/8823
f 8812/1/8812 8836/1/8836 8840/1/8840 8839/1/8839
f 8836/1/8836 8837/1/8837 8841/1/8841 8840/1/8840
f 8837/1/8837 8838/1/8838 8842/1/8842 8841/1/8841
f 8839/1/8839 8840/1/8840 8844/1/8844 8843/1/8843
f 8840/1/8840 8841/1/8841 8845/1/8845 8844/1/8844
f 8841/1/8841 8842/1/8842 8846/1/8846 8845/1/8845
f 8843/1/8843 8844/1/8844 8831/1/8831 8827/1/8827
f 8844/1/8844 8845/1/8845 8835/1/8835 8831/1/8831
f 8845/1/8845 8846/1/8846 8824/1/8824 8835/1/8835
f 8738/1/8738 8810/1/8810 8816/1/8816 8762/1/8762
f 8762/1/8762 8816/1/8816 8820/1/8820 8763/1/8763
f 8763/1/8763 8820/1/8820 8838/1/8838 8764/1/8764
f 8764/1/8764 8838/1/8838 8837/1/8837 8746/1/8746
f 8746/1/8746 8837/1/8837 8836/1/8836 8742/1/8742
f 8742/1/8742 8836/1/8836 8812/1/8812 8736/1/8736
f 8588/1/8588 8738/1/8738 8765/1/8765 8591/1/8591
f 8591/1/8591 8765/1/8765 8769/1/8769 8592/1/8592
f 8592/1/8592 8769/1/8769 8753/1/8753 8593/1/8593
f 8593/1/8593 8753/1/8753 8752/1/8752 8610/1/8610
f 8610/1/8610 8752/1/8752 8751/1/8751 8606/1/8606
f 8606/1/8606 8751/1/8751 8737/1/8737 8589/1/8589
f 8553/1/8553 8590/1/8590 8617/1/8617 8577/1/8577
f 8577/1/8577 8617/1/8617 8621/1/8621 8578/1/8578
f 8578/1/8578 8621/1/8621 8605/1/8605 8579/1/8579
f 8579/1/8579 8605/1/8605 8604/1/8604 8561/1/8561
f 8561/1/8561 8604/1/8604 8603/1/8603 8557/1/8557
f 8557/1/8557 8603/1/8603 8589/1/8589 8551/1/8551
f 8811/1/8811 8774/1/8774 8791/1/8791 8825/1/8825
f 8825/1/8825 8791/1/8791 8795/1/8795 8826/1/8826
f 8826/1/8826 8795/1/8795 8778/1/8778 8827/1/8827
f 8827/1/8827 8778/1/8778 8777/1/8777 8843/1/8843
f 8843/1/8843 8777/1/8777 8776/1/8776 8839/1/8839
f 8839/1/8839 8776/1/8776 8773/1/8773 8812/1/8812
f 8627/1/8627 8663/1/8663 8680/1/8680 8651/1/8651
f 8651/1/8651 8680/1/8680 8684/1/8684 8652/1/8652
f 8652/1/8652 8684/1/8684 8667/1/8667 8653/1/8653
f 8653/1/8653 8667/1/8667 8666/1/8666 8635/1/8635
f 8635/1/8635 8666/1/8666 8665/1/8665 8631/1/8631
f 8631/1/8631 8665/1/8665 8662/1/8662 8625/1/8625
f 8699/1/8699 8737/1/8737 8754/1/8754 8702/1/8702
f 8702/1/8702 8754/1/8754 8758/1/8758 8703/1/8703
f 8703/1/8703 8758/1/8758 8741/1/8741 8704/1/8704
f 8704/1/8704 8741/1/8741 8740/1/8740 8721/1/8721
f 8721/1/8721 8740/1/8740 8739/1/8739 8717/1/8717
f 8717/1/8717 8739/1/8739 8736/1/8736 8700/1/8700
f 8626/1/8626 8775/1/8775 8802/1/8802 8640/1/8640
f 8640/1/8640 8802/1/8802 8806/1/8806 8641/1/8641
f 8641/1/8641 8806/1/8806 8790/1/8790 8642/1/8642
f 8642/1/8642 8790/1/8790 8789/1/8789 8658/1/8658
f 8658/1/8658 8789/1/8789 8788/1/8788 8654/1/8654
f 8654/1/8654 8788/1/8788 8774/1/8774 8627/1/8627
f 8552/1/8552 8626/1/8626 8643/1/8643 8566/1/8566
f 8566/1/8566 8643/1/8643 8647/1/8647 8567/1/8567
f 8567/1/8567 8647/1/8647 8630/1/8630 8568/1/8568
f 8568/1/8568 8630/1/8630 8629/1/8629 8584/1/8584
f 8584/1/8584 8629/1/8629 8628/1/8628 8580/1/8580
f 8580/1/8580 8628/1/8628 8625/1/8625 8553/1/8553
f 8810/1/8810 8664/1/8664 8691/1/8691 8813/1/8813
f 8813/1/8813 8691/1/8691 8695/1/8695 8814/1/8814
f 8814/1/8814 8695/1/8695 8679/1/8679 8815/1/8815
f 8815/1/8815 8679/1/8679 8678/1/8678 8832/1/8832
f 8832/1/8832 8678/1/8678 8677/1/8677 8828/1/8828
f 8828/1/8828 8677/1/8677 8663/1/8663 8811/1/8811
f 8775/1/8775 8701/1/8701 8728/1/8728 8799/1/8799
f 8799/1/8799 8728/1/8728 8732/1/8732 8800/1/8800
f 8800/1/8800 8732/1/8732 8716/1/8716 8801/1/8801
f 8801/1/8801 8716/1/8716 8715/1/8715 8783/1/8783
f 8783/1/8783 8715/1/8715 8714/1/8714 8779/1/8779
f 8779/1/8779 8714/1/8714 8700/1/8700 8773/1/8773
f 8701/1/8701 8552/1/8552 8569/1/8569 8725/1/8725
f 8725/1/8725 8569/1/8569 8573/1/8573 8726/1/8726
f 8726/1/8726 8573/1/8573 8556/1/8556 8727/1/8727
f 8727/1/8727 8556/1/8556 8555/1/8555 8709/1/8709
f 8709/1/8709 8555/1/8555 8554/1/8554 8705/1/8705
f 8705/1/8705 8554/1/8554 8551/1/8551 8699/1/8699
f 8664/1/8664 8588/1/8588 8594/1/8594 8688/1/8688
f 8688/1/8688 8594/1/8594 8598/1/8598 8689/1/8689
f 8689/1/8689 8598/1/8598 8616/1/8616 8690/1/8690
f 8690/1/8690 8616/1/8616 8615/1/8615 8672/1/8672
f 8672/1/8672 8615/1/8615 8614/1/8614 8668/1/8668
f 8668/1/8668 8614/1/8614 8590/1/8590 8662/1/8662
f 8737/1/8737 8699/1/8699 8551/1/8551 8589/1/8589
f 8590/1/8590 8553/1/8553 8625/1/8625 8662/1/8662
f 8552/1/8552 8701/1/8701 8775/1/8775 8626/1/8626
f 8738/1/8738 8588/1/8588 8664/1/8664 8810/1/8810
f 8663/1/8663 8627/1/8627 8774/1/8774 8811/1/8811
f 8812/1/8812 8773/1/8773 8700/1/8700 8736/1/8736
f 8847/1/8847 8850/1/8850 8854/1/8854 8853/1/8853
f 8850/1/8850 8851/1/8851 8855/1/8855 8854/1/8854
f 8851/1/8851 8852/1/8852 8856/1/8856 8855/1/8855
f 8853/1/8853 8854/1/8854 8858/1/8858 8857/1/8857
f 8854/1/8854 8855/1/8855 8859/1/8859 8858/1/8858
f 8855/1/8855 8856/1/8856 8860/1/8860 8859/1/8859
f 8857/1/8857 8858/1/8858 8879/1/8879 8875/1/8875
f 8858/1/8858 8859/1/8859 8883/1/8883 8879/1/8879
f 8859/1/8859 8860/1/8860 8861/1/8861 8883/1/8883
f 8848/1/8848 8862/1/8862 8866/1/8866 8865/1/8865
f 8862/1/8862 8863/1/8863 8867/1/8867 8866/1/8866
f 8863/1/8863 8864/1/8864 8868/1/8868 8867/1/8867
f 8865/1/8865 8866/1/8866 8870/1/8870 8869/1/8869
f 8866/1/8866 8867/1/8867 8871/1/8871 8870/1/8870
f 8867/1/8867 8868/1/8868 8872/1/8872 8871/1/8871
f 8869/1/8869 8870/1/8870 8856/1/8856 8852/1/8852
f 8870/1/8870 8871/1/8871 8860/1/8860 8856/1/8856
f 8871/1/8871 8872/1/8872 8861/1/8861 8860/1/8860
f 8849/1/8849 8873/1/8873 8877/1/8877 8876/1/8876
f 8873/1/8873 8874/1/8874 8878/1/8878 8877/1/8877
f 8874/1/8874 8875/1/8875 8879/1/8879 8878/1/8878
f 8876/1/8876 8877/1/8877 8881/1/8881 8880/1/8880
f 8877/1/8877 8878/1/8878 8882/1/8882 8881/1/8881
f 8878/1/8878 8879/1/8879 8883/1/8883 8882/1/8882
f 8880/1/8880 8881/1/8881 8868/1/8868 8864/1/8864
f 8881/1/8881 8882/1/8882 8872/1/8872 8868/1/8868
f 8882/1/8882 8883/1/8883 8861/1/8861 8872/1/8872
f 8884/1/8884 8887/1/8887 8891/1/8891 8890/1/8890
f 8887/1/8887 8888/1/8888 8892/1/8892 8891/1/8891
f 8888/1/8888 8889/1/8889 8893/1/8893 8892/1/8892
f 8890/1/8890 8891/1/8891 8895/1/8895 8894/1/8894
f 8891/1/8891 8892/1/8892 8896/1/8896 8895/1/8895
f 8892/1/8892 8893/1/8893 8897/1/8897 8896/1/8896
f 8894/1/8894 8895/1/8895 8916/1/8916 8912/1/8912
f 8895/1/8895 8896/1/8896 8920/1/8920 8916/1/8916
f 8896/1/8896 8897/1/8897 8898/1/8898 8920/1/8920
f 8885/1/8885 8899/1/8899 8903/1/8903 8902/1/8902
f 8899/1/8899 8900/1/8900 8904/1/8904 8903/1/8903
f 8900/1/8900 8901/1/8901 8905/1/8905 8904/1/8904
f 8902/1/8902 8903/1/8903 8907/1/8907 8906/1/8906
f 8903/1/8903 8904/1/8904 8908/1/8908 8907/1/8907
f 8904/1/8904 8905/1/8905 8909/1/8909 8908/1/8908
f 8906/1/8906 8907/1/8907 8893/1/8893 8889/1/8889
f 8907/1/8907 8908/1/8908 8897/1/8897 8893/1/8893
f 8908/1/8908 8909/1/8909 8898/1/8898 8897/1/8897
f 8886/1/8886 8910/1/8910 8914/1/8914 8913/1/8913
f 8910/1/8910 8911/1/8911 8915/1/8915 8914/1/8914
f 8911/1/8911 8912/1/8912 8916/1/8916 8915/1/8915
f 8913/1/8913 8914/1/8914 8918/1/8918 8917/1/8917
f 8914/1/8914 8915/1/8915 8919/1/8919 8918/1/8918
f 8915/1/8915 8916/1/8916 8920/1/8920 8919/1/8919
f 8917/1/8917 8918/1/8918 8905/1/8905 8901/1/8901
f 8918/1/8918 8919/1/8919 8909/1/8909 8905/1/8905
f 8919/1/8919 8920/1/8920 8898/1/8898 8909/1/8909
f 8921/1/8921 8924/1/8924 8928/1/8928 8927/1/8927
f 8924/1/8924 8925/1/8925 8929/1/8929 8928/1/8928
f 8925/1/8925 8926/1/8926 8930/1/8930 8929/1/8929
f 8927/1/8927 8928/1/8928 8932/1/8932 8931/1/8931
f 8928/1/8928 8929/1/8929 8933/1/8933 8932/1/8932
f 8929/1/8929 8930/1/8930 8934/1/8934 8933/1/8933
f 8931/1/8931 8932/1/8932 8953/1/8953 8949/1/8949
f 8932/1/8932 8933/1/8933 8957/1/8957 8953/1/8953
f 8933/1/8933 8934/1/8934 8935/1/8935 8957/1/8957
f 8922/1/8922 8936/1/8936 8940/1/8940 8939/1/8939
f 8936/1/8936 8937/1/8937 8941/1/8941 8940/1/8940
f 8937/1/8937 8938/1/8938 8942/1/8942 8941/1/8941
f 8939/1/8939 8940/1/8940 8944/1/8944 8943/1/8943
f 8940/1/8940 8941/1/8941 8945/1/8945 8944/1/8944
f 8941/1/8941 8942/1/8942 8946/1/8946 8945/1/8945
f 8943/1/8943 8944/1/8944 8930/1/8930 8926/1/8926
f 8944/1/8944 8945/1/8945 8934/1/8934 8930/1/8930
f 8945/1/8945 8946/1/8946 8935/1/8935 8934/1/8934
f 8923/1/8923 8947/1/8947 8951/1/8951 8950/1/8950
f 8947/1/8947 8948/1/8948 8952/1/8952 8951/1/8951
f 8948/1/8948 8949/1/8949 8953/1/8953 8952/1/8952
f 8950/1/8950 8951/1/8951 8955/1/8955 8954/1/8954
f 8951/1/8951 8952/1/8952 8956/1/8956 8955/1/8955
f 8952/1/8952 8953/1/8953 8957/1/8957 8956/1/8956
f 8954/1/8954 8955/1/8955 8942/1/8942 8938/1/8938
f 8955/1/8955 8956/1/8956 8946/1/8946 8942/1/8942
f 8956/1/8956 8957/1/8957 8935/1/8935 8946/1/8946
f 8958/1/8958 8961/1/8961 8965/1/8965 8964/1/8964
f 8961/1/8961 8962/1/8962 8966/1/8966 8965/1/8965
f 8962/1/8962 8963/1/8963 8967/1/8967 8966/1/8966
f 8964/1/8964 8965/1/8965 8969/1/8969 8968/1/8968
f 8965/1/8965 8966/1/8966 8970/1/8970 8969/1/8969
f 8966/1/8966 8967/1/8967 8971/1/8971 8970/1/8970
f 8968/1/8968 8969/1/8969 8990/1/8990 8986/1/8986
f 8969/1/8969 8970/1/8970 8994/1/8994 8990/1/8990
f 8970/1/8970 8971/1/8971 8972/1/8972 8994/1/8994
f 8959/1/8959 8973/1/8973 8977/1/8977 8976/1/8976
f 8973/1/8973 8974/1/8974 8978/1/8978 8977/1/8977
f 8974/1/8974 8975/1/8975 8979/1/8979 8978/1/8978
f 8976/1/8976 8977/1/8977 8981/1/8981 8980/1/8980
f 8977/1/8977 8978/1/8978 8982/1/8982 8981/1/8981
f 8978/1/8978 8979/1/8979 8983/1/8983 8982/1/8982
f 8980/1/8980 8981/1/8981 8967/1/8967 8963/1/8963
f 8981/1/8981 8982/1/8982 8971/1/8971 8967/1/8967
f 8982/1/8982 8983/1/8983 8972/1/8972 8971/1/8971
f 8960/1/8960 8984/1/8984 8988/1/8988 8987/1/8987
f 8984/1/8984 8985/1/8985 8989/1/8989 8988/1/8988
f 8985/1/8985 8986/1/8986 8990/1/8990 8989/1/8989
f 8987/1/8987 8988/1/8988 8992/1/8992 8991/1/8991
f 8988/1/8988 8989/1/8989 8993/1/8993 8992/1/8992
f 8989/1/8989 8990/1/8990 8994/1/8994 8993/1/8993
f 8991/1/8991 8992/1/8992 8979/1/8979 8975/1/8975
f 8992/1/8992 8993/1/8993 8983/1/8983 8979/1/8979
f 8993/1/8993 8994/1/8994 8972/1/8972 8983/1/8983
f 8995/1/8995 8998/1/8998 9002/1/9002 9001/1/9001
f 8998/1/8998 8999/1/8999 9003/1/9003 9002/1/9002
f 8999/1/8999 9000/1/9000 9004/1/9004 9003/1/9003
f 9001/1/9001 9002/1/9002 9006/1/9006 9005/1/9005
f 9002/1/9002 9003/1/9003 9007/1/9007 9006/1/9006
f 9003/1/9003 9004/1/9004 9008/1/9008 9007/1/9007
f 9005/1/9005 9006/1/9006 9027/1/9027 9023/1/9023
f 9006/1/9006 9007/1/9007 9031/1/9031 9027/1/9027
f 9007/1/9007 9008/1/9008 9009/1/9009 9031/1/9031
f 8996/1/8996 9010/1/9010 9014/1/9014 9013/1/9013
f 9010/1/9010 9011/1/9011 9015/1/9015 9014/1/9014
f 9011/1/9011 9012/1/9012 9016/1/9016 9015/1/9015
f 9013/1/9013 9014/1/9014 9018/1/9018 9017/1/9017
f 9014/1/9014 9015/1/9015 9019/1/9019 9018/1/9018
f 9015/1/9015 9016/1/9016 9020/1/9020 9019/1/9019
f 9017/1/9017 9018/1/9018 9004/1/9004 9000/1/9000
f 9018/1/9018 9019/1/9019 9008/1/9008 9004/1/9004
f 9019/1/9019 9020/1/9020 9009/1/9009 9008/1/9008
f 8997/1/8997 9021/1/9021 9025/1/9025 9024/1/9024
f 9021/1/9021 9022/1/9022 9026/1/9026 9025/1/9025
f 9022/1/9022 9023/1/9023 9027/1/9027 9026/1/9026
f 9024/1/9024 9025/1/9025 9029/1/9029 9028/1/9028
f 9025/1/9025 9026/1/9026 9030/1/9030 9029/1/9029
f 9026/1/9026 9027/1/9027 9031/1/9031 9030/1/9030
f 9028/1/9028 9029/1/9029 9016/1/9016 9012/1/9012
f 9029/1/9029 9030/1/9030 9020/1/9020 9016/1/9016
f 9030/1/9030 9031/1/9031 9009/1/9009 9020/1/9020
f 9032/1/9032 9035/1/9035 9039/1/9039 9038/1/9038
f 9035/1/9035 9036/1/9036 9040/1/9040 9039/1/9039
f 9036/1/9036 9037/1/9037 9041/1/9041 9040/1/9040
f 9038/1/9038 9039/1/9039 9043/1/9043 9042/1/9042
f 9039/1/9039 9040/1/9040 9044/1/9044 9043/1/9043
f 9040/1/9040 9041/1/9041 9045/1/9045 9044/1/9044
f 9042/1/9042 9043/1/9043 9064/1/9064 9060/1/9060
f 9043/1/9043 9044/1/9044 9068/1/9068 9064/1/9064
f 9044/1/9044 9045/1/9045 9046/1/9046 9068/1/9068
f 9033/1/9033 9047/1/9047 9051/1/9051 9050/1/9050
f 9047/1/9047 9048/1/9048 9052/1/9052 9051/1/9051
f 9048/1/9048 9049/1/9049 9053/1/9053 9052/1/9052
f 9050/1/9050 9051/1/9051 9055/1/9055 9054/1/9054
f 9051/1/9051 9052/1/9052 9056/1/9056 9055/1/9055
f 9052/1/9052 9053/1/9053 9057/1/9057 9056/1/9056
f 9054/1/9054 9055/1/9055 9041/1/9041 9037/1/9037
f 9055/1/9055 9056/1/9056 9045/1/9045 9041/1/9041
f 9056/1/9056 9057/1/9057 9046/1/9046 9045/1/9045
f 9034/1/9034 9058/1/9058 9062/1/9062 9061/1/9061
f 9058/1/9058 9059/1/9059 9063/1/9063 9062/1/9062
f 9059/1/9059 9060/1/9060 9064/1/9064 9063/1/9063
f 9061/1/9061 9062/1/9062 9066/1/9066 9065/1/9065
f 9062/1/9062 9063/1/9063 9067/1/9067 9066/1/9066
f 9063/1/9063 9064/1/9064 9068/1/9068 9067/1/9067
f 9065/1/9065 9066/1/9066 9053/1/9053 9049/1/9049
f 9066/1/9066 9067/1/9067 9057/1/9057 9053/1/9053
f 9067/1/9067 9068/1/9068 9046/1/9046 9057/1/9057
f 9069/1/9069 9072/1/9072 9076/1/9076 9075/1/9075
f 9072/1/9072 9073/1/9073 9077/1/9077 9076/1/9076
f 9073/1/9073 9074/1/9074 9078/1/9078 9077/1/9077
f 9075/1/9075 9076/1/9076 9080/1/9080 9079/1/9079
f 9076/1/9076 9077/1/9077 9081/1/9081 9080/1/9080
f 9077/1/9077 9078/1/9078 9082/1/9082 9081/1/9081
f 9079/1/9079 9080/1/9080 9101/1/9101 9097/1/9097
f 9080/1/9080 9081/1/9081 9105/1/9105 9101/1/9101
f 9081/1/9081 9082/1/9082 9083/1/9083 9105/1/9105
f 9070/1/9070 9084/1/9084 9088/1/9088 9087/1/9087
f 9084/1/9084 9085/1/9085 9089/1/9089 9088/1/9088
f 9085/1/9085 9086/1/9086 9090/1/9090 9089/1/9089
f 9087/1/9087 9088/1/9088 9092/1/9092 9091/1/9091
f 9088/1/9088 9089/1/9089 9093/1/9093 9092/1/9092
f 9089/1/9089 9090/1/9090 9094/1/9094 9093/1/9093
f 9091/1/9091 9092/1/9092 9078/1/9078 9074/1/9074
f 9092/1/9092 9093/1/9093 9082/1/9082 9078/1/9078
f 9093/1/9093 9094/1/9094 9083/1/9083 9082/1/9082
f 9071/1/9071 9095/1/9095 9099/1/9099 9098/1/9098
f 9095/1/9095 9096/1/9096 9100/1/9100 9099/1/9099
f 9096/1/9096 9097/1/9097 9101/1/9101 9100/1/9100
f 9098/1/9098 9099/1/9099 9103/1/9103 9102/1/9102
f 9099/1/9099 9100/1/9100 9104/1/9104 9103/1/9103
f 9100/1/9100 9101/1/9101 9105/1/9105 9104/1/9104
f 9102/1/9102 9103/1/9103 9090/1/9090 9086/1/9086
f 9103/1/9103 9104/1/9104 9094/1/9094 9090/1/9090
f 9104/1/9104 9105/1/9105 9083/1/9083 9094/1/9094
f 9106/1/9106 9109/1/9109 9113/1/9113 9112/1/9112
f 9109/1/9109 9110/1/9110 9114/1/9114 9113/1/9113
f 9110/1/9110 9111/1/9111 9115/1/9115 9114/1/9114
f 9112/1/9112 9113/1/9113 9117/1/9117 9116/1/9116
f 9113/1/9113 9114/1/9114 9118/1/9118 9117/1/9117
f 9114/1/9114 9115/1/9115 9119/1/9119 9118/1/9118
f 9116/1/9116 9117/1/9117 9138/1/9138 9134/1/9134
f 9117/1/9117 9118/1/9118 9142/1/9142 9138/1/9138
f 9118/1/9118 9119/1/9119 9120/1/9120 9142/1/9142
f 9107/1/9107 9121/1/9121 9125/1/9125 9124/1/9124
f 9121/1/9121 9122/1/9122 9126/1/9126 9125/1/9125
f 9122/1/9122 9123/1/9123 9127/1/9127 9126/1/9126
f 9124/1/9124 9125/1/9125 9129/1/9129 9128/1/9128
f 9125/1/9125 9126/1/9126 9130/1/9130 9129/1/9129
f 9126/1/9126 9127/1/9127 9131/1/9131 9130/1/9130
f 9128/1/9128 9129/1/9129 9115/1/9115 9111/1/9111
f 9129/1/9129 9130/1/9130 9119/1/9119 9115/1/9115
f 9130/1/9130 9131/1/9131 9120/1/9120 9119/1/9119
f 9108/1/9108 9132/1/9132 9136/1/9136 9135/1/9135
f 9132/1/9132 9133/1/9133 9137/1/9137 9136/1/9136
f 9133/1/9133 9134/1/9134 9138/1/9138 9137/1/9137
f 9135/1/9135 9136/1/9136 9140/1/9140 9139/1/9139
f 9136/1/9136 9137/1/9137 9141/1/9141 9140/1/9140
f 9137/1/9137 9138/1/9138 9142/1/9142 9141/1/9141
f 9139/1/9139 9140/1/9140 9127/1/9127 9123/1/9123
f 9140/1/9140 9141/1/9141 9131/1/9131 9127/1/9127
f 9141/1/9141 9142/1/9142 9120/1/9120 9131/1/9131
f 9034/1/9034 9106/1/9106 9112/1/9112 9058/1/9058
f 9058/1/9058 9112/1/9112 9116/1/9116 9059/1/9059
f 9059/1/9059 9116/1/9116 9134/1/9134 9060/1/9060
f 9060/1/9060 9134/1/9134 9133/1/9133 9042/1/9042
f 9042/1/9042 9133/1/9133 9132/1/9132 9038/1/9038
f 9038/1/9038 9132/1/9132 9108/1/9108 9032/1/9032
f 8884/1/8884 9034/1/9034 9061/1/9061 8887/1/8887
f 8887/1/8887 9061/1/9061 9065/1/9065 8888/1/8888
f 8888/1/8888 9065/1/9065 9049/1/9049 8889/1/8889
f 8889/1/8889 9049/1/9049 9048/1/9048 8906/1/8906
f 8906/1/8906 9048/1/9048 9047/1/9047 8902/1/8902
f 8902/1/8902 9047/1/9047 9033/1/9033 8885/1/8885
f 8849/1/8849 8886/1/8886 8913/1/8913 8873/1/8873
f 8873/1/8873 8913/1/8913 8917/1/8917 8874/1/8874
f 8874/1/8874 8917/1/8917 8901/1/8901 8875/1/8875
f 8875/1/8875 8901/1/8901 8900/1/8900 8857/1/8857
f 8857/1/8857 8900/1/8900 8899/1/8899 8853/1/8853
f 8853/1/8853 8899/1/8899 8885/1/8885 8847/1/8847
f 9107/1/9107 9070/1/9070 9087/1/9087 9121/1/9121
f 9121/1/9121 9087/1/9087 9091/1/9091 9122/1/9122
f 9122/1/9122 9091/1/9091 9074/1/9074 9123/1/9123
f 9123/1/9123 9074/1/9074 9073/1/9073 9139/1/9139
f 9139/1/9139 9073/1/9073 9072/1/9072 9135/1/9135
f 9135/1/9135 9072/1/9072 9069/1/9069 9108/1/9108
f 8923/1/8923 8959/1/8959 8976/1/8976 8947/1/8947
f 8947/1/8947 8976/1/8976 8980/1/8980 8948/1/8948
f 8948/1/8948 8980/1/8980 8963/1/8963 8949/1/8949
f 8949/1/8949 8963/1/8963 8962/1/8962 8931/1/8931
f 8931/1/8931 8962/1/8962 8961/1/8961 8927/1/8927
f 8927/1/8927 8961/1/8961 8958/1/8958 8921/1/8921
f 8995/1/8995 9033/1/9033 9050/1/9050 8998/1/8998
f 8998/1/8998 9050/1/9050 9054/1/9054 8999/1/8999
f 8999/1/8999 9054/1/9054 9037/1/9037 9000/1/9000
f 9000/1/9000 9037/1/9037 9036/1/9036 9017/1/9017
f 9017/1/9017 9036/1/9036 9035/1/9035 9013/1/9013
f 9013/1/9013 9035/1/9035 9032/1/9032 8996/1/8996
f 8922/1/8922 9071/1/9071 9098/1/9098 8936/1/8936
f 8936/1/8936 9098/1/9098 9102/1/9102 8937/1/8937
f 8937/1/8937 9102/1/9102 9086/1/9086 8938/1/8938
f 8938/1/8938 9086/1/9086 9085/1/9085 8954/1/8954
f 8954/1/8954 9085/1/9085 9084/1/9084 8950/1/8950
f 8950/1/8950 9084/1/9084 9070/1/9070 8923/1/8923
f 8848/1/8848 8922/1/8922 8939/1/8939 8862/1/8862
f 8862/1/8862 8939/1/8939 8943/1/8943 8863/1/8863
f 8863/1/8863 8943/1/8943 8926/1/8926 8864/1/8864
f 8864/1/8864 8926/1/8926 8925/1/8925 8880/1/8880
f 8880/1/8880 8925/1/8925 8924/1/8924 8876/1/8876
f 8876/1/8876 8924/1/8924 8921/1/8921 8849/1/8849
f 9106/1/9106 8960/1/8960 8987/1/8987 9109/1/9109
f 9109/1/9109 8987/1/8987 8991/1/8991 9110/1/9110
f 9110/1/9110 8991/1/8991 8975/1/8975 9111/1/9111
f 9111/1/9111 8975/1/8975 8974/1/8974 9128/1/9128
f 9128/1/9128 8974/1/8974 8973/1/8973 9124/1/9124
f 9124/1/9124 8973/1/8973 8959/1/8959 9107/1/9107
f 9071/1/9071 8997/1/8997 9024/1/9024 9095/1/9095
f 9095/1/9095 9024/1/9024 9028/1/9028 9096/1/9096
f 9096/1/9096 9028/1/9028 9012/1/9012 9097/1/9097
f 9097/1/9097 9012/1/9012 9011/1/9011 9079/1/9079
f 9079/1/9079 9011/1/9011 9010/1/9010 9075/1/9075
f 9075/1/9075 9010/1/9010 8996/1/8996 9069/1/9069
f 8997/1/8997 8848/1/8848 8865/1/8865 9021/1/9021
f 9021/1/9021 8865/1/8865 8869/1/8869 9022/1/9022
f 9022/1/9022 8869/1/8869 8852/1/8852 9023/1/9023
f 9023/1/9023 8852/1/8852 8851/1/8851 9005/1/9005
f 9005/1/9005 8851/1/8851 8850/1/8850 9001/1/9001
f 9001/1/9001 8850/1/8850 8847/1/8847 8995/1/8995
f 8960/1/8960 8884/1/8884 8890/1/8890 8984/1/8984
f 8984/1/8984 8890/1/8890 8894/1/8894 8985/1/8985
f 8985/1/8985 8894/1/8894 8912/1/8912 8986/1/8986
f 8986/1/8986 8912/1/8912 8911/1/8911 8968/1/8968
f 8968/1/8968 8911/1/8911 8910/1/8910 8964/1/8964
f 8964/1/8964 8910/1/8910 8886/1/8886 8958/1/8958
f 9033/1/9033 8995/1/8995 8847/1/8847 8885/1/8885
f 8886/1/8886 8849/1/8849 8921/1/8921 8958/1/8958
f 8848/1/8848 8997/1/8997 9071/1/9071 8922/1/8922
f 9034/1/9034 8884/1/8884 8960/1/8960 9106/1/9106
f 8959/1/8959 8923/1/8923 9070/1/9070 9107/1/9107
f 9108/1/9108 9069/1/9069 8996/1/8996 9032/1/9032
f 9143/1/9143 9146/1/9146 9150/1/9150 9149/1/9149
f 9146/1/9146 9147/1/9147 9151/1/9151 9150/1/9150
f 9147/1/9147 9148/1/9148 9152/1/9152 9151/1/9151
f 9149/1/9149 9150/1/9150 9154/1/9154 9153/1/9153
f 9150/1/9150 9151/1/9151 9155/1/9155 9154/1/9154
f 9151/1/9151 9152/1/9152 9156/1/9156 9155/1/9155
f 9153/1/9153 9154/1/9154 9175/1/9175 9171/1/9171
f 9154/1/9154 9155/1/9155 9179/1/9179 9175/1/9175
f 9155/1/9155 9156/1/9156 9157/1/9157 9179/1/9179
f 9144/1/9144 9158/1/9158 9162/1/9162 9161/1/9161
f 9158/1/9158 9159/1/9159 9163/1/9163 9162/1/9162
f 9159/1/9159 9160/1/9160 9164/1/9164 9163/1/9163
f 9161/1/9161 9162/1/9162 9166/1/9166 9165/1/9165
f 9162/1/9162 9163/1/9163 9167/1/9167 9166/1/9166
f 9163/1/9163 9164/1/9164 9168/1/9168 9167/1/9167
f 9165/1/9165 9166/1/9166 9152/1/9152 9148/1/9148
f 9166/1/9166 9167/1/9167 9156/1/9156 9152/1/9152
f 9167/1/9167 9168/1/9168 9157/1/9157 9156/1/9156
f 9145/1/9145 9169/1/9169 9173/1/9173 9172/1/9172
f 9169/1/9169 9170/1/9170 9174/1/9174 9173/1/9173
f 9170/1/9170 9171/1/9171 9175/1/9175 9174/1/9174
f 9172/1/9172 9173/1/9173 9177/1/9177 9176/1/9176
f 9173/1/9173 9174/1/9174 9178/1/9178 9177/1/9177
f 9174/1/9174 9175/1/9175 9179/1/9179 9178/1/9178
f 9176/1/9176 9177/1/9177 9164/1/9164 9160/1/9160
f 9177/1/9177 9178/1/9178 9168/1/9168 9164/1/9164
f 9178/1/9178 9179/1/9179 9157/1/9157 9168/1/9168
f 9180/1/9180 9183/1/9183 9187/1/9187 9186/1/9186
f 9183/1/9183 9184/1/9184 9188/1/9188 9187/1/9187
f 9184/1/9184 9185/1/9185 9189/1/9189 9188/1/9188
f 9186/1/9186 9187/1/9187 9191/1/9191 9190/1/9190
f 9187/1/9187 9188/1/9188 9192/1/9192 9191/1/9191
f 9188/1/9188 9189/1/9189 9193/1/9193 9192/1/9192
f 9190/1/9190 9191/1/9191 9212/1/9212 9208/1/9208
f 9191/1/9191 9192/1/9192 9216/1/9216 9212/1/9212
f 9192/1/9192 9193/1/9193 9194/1/9194 9216/1/9216
f 9181/1/9181 9195/1/9195 9199/1/9199 9198/1/9198
f 9195/1/9195 9196/1/9196 9200/1/9200 9199/1/9199
f 9196/1/9196 9197/1/9197 9201/1/9201 9200/1/9200
f 9198/1/9198 9199/1/9199 9203/1/9203 9202/1/9202
f 9199/1/9199 9200/1/9200 9204/1/9204 9203/1/9203
f 9200/1/9200 9201/1/9201 9205/1/9205 9204/1/9204
f 9202/1/9202 9203/1/9203 9189/1/9189 9185/1/9185
f 9203/1/9203 9204/1/9204 9193/1/9193 9189/1/9189
f 9204/1/9204 9205/1/9205 9194/1/9194 9193/1/9193
f 9182/1/9182 9206/1/9206 9210/1/9210 9209/1/9209
f 9206/1/9206 9207/1/9207 9211/1/9211 9210/1/9210
f 9207/1/9207 9208/1/9208 9212/1/9212 9211/1/9211
f 9209/1/9209 9210/1/9210 9214/1/9214 9213/1/9213
f 9210/1/9210 9211/1/9211 9215/1/9215 9214/1/9214
f 9211/1/9211 9212/1/9212 9216/1/9216 9215/1/9215
f 9213/1/9213 9214/1/9214 9201/1/9201 9197/1/9197
f 9214/1/9214 9215/1/9215 9205/1/9205 9201/1/9201
f 9215/1/9215 9216/1/9216 9194/1/9194 9205/1/9205
f 9217/1/9217 9220/1/9220 9224/1/9224 9223/1/9223
f 9220/1/9220 9221/1/9221 9225/1/9225 9224/1/9224
f 9221/1/9221 9222/1/9222 9226/1/9226 9225/1/9225
f 9223/1/9223 9224/1/9224 9228/1/9228 9227/1/9227
f 9224/1/9224 9225/1/9225 9229/1/9229 9228/1/9228
f 9225/1/9225 9226/1/9226 9230/1/9230 9229/1/9229
f 9227/1/9227 9228/1/9228 9249/1/9249 9245/1/9245
f 9228/1/9228 9229/1/9229 9253/1/9253 9249/1/9249
f 9229/1/9229 9230/1/9230 9231/1/9231 9253/1/9253
f 9218/1/9218 9232/1/9232 9236/1/9236 9235/1/9235
f 9232/1/9232 9233/1/9233 9237/1/9237 9236/1/9236
f 9233/1/9233 9234/1/9234 9238/1/9238 9237/1/9237
f 9235/1/9235 9236/1/9236 9240/1/9240 9239/1/9239
f 9236/1/9236 9237/1/9237 9241/1/9241 9240/1/9240
f 9237/1/9237 9238/1/9238 9242/1/9242 9241/1/9241
f 9239/1/9239 9240/1/9240 9226/1/9226 9222/1/9222
f 9240/1/9240 9241/1/9241 9230/1/9230 9226/1/9226
f 9241/1/9241 9242/1/9242 9231/1/9231 9230/1/9230
f 9219/1/9219 9243/1/9243 9247/1/9247 9246/1/9246
f 9243/1/9243 9244/1/9244 9248/1/9248 9247/1/9247
f 9244/1/9244 9245/1/9245 9249/1/9249 9248/1/9248
f 9246/1/9246 9247/1/9247 9251/1/9251 9250/1/9250
f 9247/1/9247 9248/1/9248 9252/1/9252 9251/1/9251
f 9248/1/9248 9249/1/9249 9253/1/9253 9252/1/9252
f 9250/1/9250 9251/1/9251 9238/1/9238 9234/1/9234
f 9251/1/9251 9252/1/9252 9242/1/9242 9238/1/9238
f 9252/1/9252 9253/1/9253 9231/1/9231 9242/1/9242
f 9254/1/9254 9257/1/9257 9261/1/9261 9260/1/9260
f 9257/1/9257 9258/1/9258 9262/1/9262 9261/1/9261
f 9258/1/9258 9259/1/9259 9263/1/9263 9262/1/9262
f 9260/1/9260 9261/1/9261 9265/1/9265 9264/1/9264
f 9261/1/9261 9262/1/9262 9266/1/9266 9265/1/9265
f 9262/1/9262 9263/1/9263 9267/1/9267 9266/1/9266
f 9264/1/9264 9265/1/9265 9286/1/9286 9282/1/9282
f 9265/1/9265 9266/1/9266 9290/1/9290 9286/1/9286
f 9266/1/9266 9267/1/9267 9268/1/9268 9290/1/9290
f 9255/1/9255 9269/1/9269 9273/1/9273 9272/1/9272
f 9269/1/9269 9270/1/9270 9274/1/9274 9273/1/9273
f 9270/1/9270 9271/1/9271 9275/1/9275 9274/1/9274
f 9272/1/9272 9273/1/9273 9277/1/9277 9276/1/9276
f 9273/1/9273 9274/1/9274 9278/1/9278 9277/1/9277
f 9274/1/9274 9275/1/9275 9279/1/9279 9278/1/9278
f 9276/1/9276 9277/1/9277 9263/1/9263 9259/1/9259
f 9277/1/9277 9278/1/9278 9267/1/9267 9263/1/9263
f 9278/1/9278 9279/1/9279 9268/1/9268 9267/1/9267
f 9256/1/9256 9280/1/9280 9284/1/9284 9283/1/9283
f 9280/1/9280 9281/1/9281 9285/1/9285 9284/1/9284
f 9281/1/9281 9282/1/9282 9286/1/9286 9285/1/9285
f 9283/1/9283 9284/1/9284 9288/1/9288 9287/1/9287
f 9284/1/9284 9285/1/9285 9289/1/9289 9288/1/9288
f 9285/1/9285 9286/1/9286 9290/1/9290 9289/1/9289
f 9287/1/9287 9288/1/9288 9275/1/9275 9271/1/9271
f 9288/1/9288 9289/1/9289 9279/1/9279 9275/1/9275
f 9289/1/9289 9290/1/9290 9268/1/9268 9279/1/9279
f 9291/1/9291 9294/1/9294 9298/1/9298 9297/1/9297
f 9294/1/9294 9295/1/9295 9299/1/9299 9298/1/9298
f 9295/1/9295 9296/1/9296 9300/1/9300 9299/1/9299
f 9297/1/9297 9298/1/9298 9302/1/9302 9301/1/9301
f 9298/1/9298 9299/1/9299 9303/1/9303 9302/1/9302
f 9299/1/9299 9300/1/9300 9304/1/9304 9303/1/9303
f 9301/1/9301 9302/1/9302 9323/1/9323 9319/1/9319
f 9302/1/9302 9303/1/9303 9327/1/9327 9323/1/9323
f 9303/1/9303 9304/1/9304 9305/1/9305 9327/1/9327
f 9292/1/9292 9306/1/9306 9310/1/9310 9309/1/9309
f 9306/1/9306 9307/1/9307 9311/1/9311 9310/1/9310
f 9307/1/9307 9308/1/9308 9312/1/9312 9311/1/9311
f 9309/1/9309 9310/1/9310 9314/1/9314 9313/1/9313
f 9310/1/9310 9311/1/9311 9315/1/9315 9314/1/9314
f 9311/1/9311 9312/1/9312 9316/1/9316 9315/1/9315
f 9313/1/9313 9314/1/9314 9300/1/9300 9296/1/9296
f 9314/1/9314 9315/1/9315 9304/1/9304 9300/1/9300
f 9315/1/9315 9316/1/9316 9305/1/9305 9304/1/9304
f 9293/1/9293 9317/1/9317 9321/1/9321 9320/1/9320
f 9317/1/9317 9318/1/9318 9322/1/9322 9321/1/9321
f 9318/1/9318 9319/1/9319 9323/1/9323 9322/1/9322
f 9320/1/9320 9321/1/9321 9325/1/9325 9324/1/9324
f 9321/1/9321 9322/1/9322 9326/1/9326 9325/1/9325
f 9322/1/9322 9323/1/9323 9327/1/9327 9326/1/9326
f 9324/1/9324 9325/1/9325 9312/1/9312 9308/1/9308
f 9325/1/9325 9326/1/9326 9316/1/9316 9312/1/9312
f 9326/1/9326 9327/1/9327 9305/1/9305 9316/1/9316
f 9328/1/9328 9331/1/9331 9335/1/9335 9334/1/9334
f 9331/1/9331 9332/1/9332 9336/1/9336 9335/1/9335
f 9332/1/9332 9333/1/9333 9337/1/9337 9336/1/9336
f 9334/1/9334 9335/1/9335 9339/1/9339 9338/1/9338
f 9335/1/9335 9336/1/9336 9340/1/9340 9339/1/9339
f 9336/1/9336 9337/1/9337 9341/1/9341 9340/1/9340
f 9338/1/9338 9339/1/9339 9360/1/9360 9356/1/9356
f 9339/1/9339 9340/1/9340 9364/1/9364 9360/1/9360
f 9340/1/9340 9341/1/9341 9342/1/9342 9364/1/9364
f 9329/1/9329 9343/1/9343 9347/1/9347 9346/1/9346
f 9343/1/9343 9344/1/9344 9348/1/9348 9347/1/9347
f 9344/1/9344 9345/1/9345 9349/1/9349 9348/1/9348
f 9346/1/9346 9347/1/9347 9351/1/9351 9350/1/9350
f 9347/1/9347 9348/1/9348 9352/1/9352 9351/1/9351
f 9348/1/9348 9349/1/9349 9353/1/9353 9352/1/9352
f 9350/1/9350 9351/1/9351 9337/1/9337 9333/1/9333
f 9351/1/9351 9352/1/9352 9341/1/9341 9337/1/9337
f 9352/1/9352 9353/1/9353 9342/1/9342 9341/1/9341
f 9330/1/9330 9354/1/9354 9358/1/9358 9357/1/9357
f 9354/1/9354 9355/1/9355 9359/1/9359 9358/1/9358
f 9355/1/9355 9356/1/9356 9360/1/9360 9359/1/9359
f 9357/1/9357 9358/1/9358 9362/1/9362 9361/1/9361
f 9358/1/9358 9359/1/9359 9363/1/9363 9362/1/9362
f 9359/1/9359 9360/1/9360 9364/1/9364 9363/1/9363
f 9361/1/9361 9362/1/9362 9349/1/9349 9345/1/9345
f 9362/1/9362 9363/1/9363 9353/1/9353 9349/1/9349
f 9363/1/9363 9364/1/9364 9342/1/9342 9353/1/9353
f 9365/1/9365 9368/1/9368 9372/1/9372 9371/1/9371
f 9368/1/9368 9369/1/9369 9373/1/9373 9372/1/9372
f 9369/1/9369 9370/1/9370 9374/1/9374 9373/1/9373
f 9371/1/9371 9372/1/9372 9376/1/9376 9375/1/9375
f 9372/1/9372 9373/1/9373 9377/1/9377 9376/1/9376
f 9373/1/9373 9374/1/9374 9378/1/9378 9377/1/9377
f 9375/1/9375 9376/1/9376 9397/1/9397 9393/1/9393
f 9376/1/9376 9377/1/9377 9401/1/9401 9397/1/9397
f 9377/1/9377 9378/1/9378 9379/1/9379 9401/1/9401
f 9366/1/9366 9380/1/9380 9384/1/9384 9383/1/9383
f 9380/1/9380 9381/1/9381 9385/1/9385 9384/1/9384
f 9381/1/9381 9382/1/9382 9386/1/9386 9385/1/9385
f 9383/1/9383 9384/1/9384 9388/1/9388 9387/1/9387
f 9384/1/9384 9385/1/9385 9389/1/9389 9388/1/9388
f 9385/1/9385 9386/1/9386 9390/1/9390 9389/1/9389
f 9387/1/9387 9388/1/9388 9374/1/9374 9370/1/9370
f 9388/1/9388 9389/1/9389 9378/1/9378 9374/1/9374
f 9389/1/9389 9390/1/9390 9379/1/9379 9378/1/9378
f 9367/1/9367 9391/1/9391 9395/1/9395 9394/1/9394
f 9391/1/9391 9392/1/9392 9396/1/9396 9395/1/9395
f 9392/1/9392 9393/1/9393 9397/1/9397 9396/1/9396
f 9394/1/9394 9395/1/9395 9399/1/9399 9398/1/9398
f 9395/1/9395 9396/1/9396 9400/1/9400 9399/1/9399
f 9396/1/9396 9397/1/9397 9401/1/9401 9400/1/9400
f 9398/1/9398 9399/1/9399 9386/1/9386 9382/1/9382
f 9399/1/9399 9400/1/9400 9390/1/9390 9386/1/9386
f 9400/1/9400 9401/1/9401 9379/1/9379 9390/1/9390
f 9402/1/9402 9405/1/9405 9409/1/9409 9408/1/9408
f 9405/1/9405 9406/1/9406 9410/1/9410 9409/1/9409
f 9406/1/9406 9407/1/9407 9411/1/9411 9410/1/9410
f 9408/1/9408 9409/1/9409 9413/1/9413 9412/1/9412
f 9409/1/9409 9410/1/9410 9414/1/9414 9413/1/9413
f 9410/1/9410 9411/1/9411 9415/1/9415 9414/1/9414
f 9412/1/9412 9413/1/9413 9434/1/9434 9430/1/9430
f 9413/1/9413 9414/1/9414 9438/1/9438 9434/1/9434
f 9414/1/9414 9415/1/9415 9416/1/9416 9438/1/9438
f 9403/1/9403 9417/1/9417 9421/1/9421 9420/1/9420
f 9417/1/9417 9418/1/9418 9422/1/9422 9421/1/9421
f 9418/1/9418 9419/1/9419 9423/1/9423 9422/1/9422
f 9420/1/9420 9421/1/9421 9425/1/9425 9424/1/9424
f 9421/1/9421 9422/1/9422 9426/1/9426 9425/1/9425
f 9422/1/9422 9423/1/9423 9427/1/9427 9426/1/9426
f 9424/1/9424 9425/1/9425 9411/1/9411 9407/1/9407
f 9425/1/9425 9426/1/9426 9415/1/9415 9411/1/9411
f 9426/1/9426 9427/1/9427 9416/1/9416 9415/1/9415
f 9404/1/9404 9428/1/9428 9432/1/9432 9431/1/9431
f 9428/1/9428 9429/1/9429 9433/1/9433 9432/1/9432
f 9429/1/9429 9430/1/9430 9434/1/9434 9433/1/9433
f 9431/1/9431 9432/1/9432 9436/1/9436 9435/1/9435
f 9432/1/9432 9433/1/9433 9437/1/9437 9436/1/9436
f 9433/1/9433 9434/1/9434 9438/1/9438 9437/1/9437
f 9435/1/9435 9436/1/9436 9423/1/9423 9419/1/9419
f 9436/1/9436 9437/1/9437 9427/1/9427 9423/1/9423
f 9437/1/9437 9438/1/9438 9416/1/9416 9427/1/9427
f 9330/1/9330 9402/1/9402 9408/1/9408 9354/1/9354
f 9354/1/9354 9408/1/9408 9412/1/9412 9355/1/9355
f 9355/1/9355 9412/1/9412 9430/1/9430 9356/1/9356
f 9356/1/9356 9430/1/9430 9429/1/9429 9338/1/9338
f 9338/1/9338 9429/1/9429 9428/1/9428 9334/1/9334
f 9334/1/9334 9428/1/9428 9404/1/9404 9328/1/9328
f 9180/1/9180 9330/1/9330 9357/1/9357 9183/1/9183
f 9183/1/9183 9357/1/9357 9361/1/9361 9184/1/9184
f 9184/1/9184 9361/1/9361 9345/1/9345 9185/1/9185
f 9185/1/9185 9345/1/9345 9344/1/9344 9202/1/9202
f 9202/1/9202 9344/1/9344 9343/1/9343 9198/1/9198
f 9198/1/9198 9343/1/9343 9329/1/9329 9181/1/9181
f 9145/1/9145 9182/1/9182 9209/1/9209 9169/1/9169
f 9169/1/9169 9209/1/9209 9213/1/9213 9170/1/9170
f 9170/1/9170 9213/1/9213 9197/1/9197 9171/1/9171
f 9171/1/9171 9197/1/9197 9196/1/9196 9153/1/9153
f 9153/1/9153 9196/1/9196 9195/1/9195 9149/1/9149
f 9149/1/9149 9195/1/9195 9181/1/9181 9143/1/9143
f 9403/1/9403 9366/1/9366 9383/1/9383 9417/1/9417
f 9417/1/9417 9383/1/9383 9387/1/9387 9418/1/9418
f 9418/1/9418 9387/1/9387 9370/1/9370 9419/1/9419
f 9419/1/9419 9370/1/9370 9369/1/9369 9435/1/9435
f 9435/1/9435 9369/1/9369 9368/1/9368 9431/1/9431
f 9431/1/9431 9368/1/9368 9365/1/9365 9404/1/9404
f 9219/1/9219 9255/1/9255 9272/1/9272 9243/1/9243
f 9243/1/9243 9272/1/9272 9276/1/9276 9244/1/9244
f 9244/1/9244 9276/1/9276 9259/1/9259 9245/1/9245
f 9245/1/9245 9259/1/9259 9258/1/9258 9227/1/9227
f 9227/1/9227 9258/1/9258 9257/1/9257 9223/1/9223
f 9223/1/9223 9257/1/9257 9254/1/9254 9217/1/9217
f 9291/1/9291 9329/1/9329 9346/1/9346 9294/1/9294
f 9294/1/9294 9346/1/9346 9350/1/9350 9295/1/9295
f 9295/1/9295 9350/1/9350 9333/1/9333 9296/1/9296
f 9296/1/9296 9333/1/9333 9332/1/9332 9313/1/9313
f 9313/1/9313 9332/1/9332 9331/1/9331 9309/1/9309
f 9309/1/9309 9331/1/9331 9328/1/9328 9292/1/9292
f 9218/1/9218 9367/1/9367 9394/1/9394 9232/1/9232
f 9232/1/9232 9394/1/9394 9398/1/9398 9233/1/9233
f 9233/1/9233 9398/1/9398 9382/1/9382 9234/1/9234
f 9234/1/9234 9382/1/9382 9381/1/9381 9250/1/9250
f 9250/1/9250 9381/1/9381 9380/1/9380 9246/1/9246
f 9246/1/9246 9380/1/9380 9366/1/9366 9219/1/9219
f 9144/1/9144 9218/1/9218 9235/1/9235 9158/1/9158
f 9158/1/9158 9235/1/9235 9239/1/9239 9159/1/9159
f 9159/1/9159 9239/1/9239 9222/1/9222 9160/1/9160
f 9160/1/9160 9222/1/9222 9221/1/9221 9176/1/9176
f 9176/1/9176 9221/1/9221 9220/1/9220 9172/1/9172
f 9172/1/9172 9220/1/9220 9217/1/9217 9145/1/9145
f 9402/1/9402 9256/1/9256 9283/1/9283 9405/1/9405
f 9405/1/9405 9283/1/9283 9287/1/9287 9406/1/9406
f 9406/1/9406 9287/1/9287 9271/1/9271 9407/1/9407
f 9407/1/9407 9271/1/9271 9270/1/9270 9424/1/9424
f 9424/1/9424 9270/1/9270 9269/1/9269 9420/1/9420
f 9420/1/9420 9269/1/9269 9255/1/9255 9403/1/9403
f 9367/1/9367 9293/1/9293 9320/1/9320 9391/1/9391
f 9391/1/9391 9320/1/9320 9324/1/9324 9392/1/9392
f 9392/1/9392 9324/1/9324 9308/1/9308 9393/1/9393
f 9393/1/9393 9308/1/9308 9307/1/9307 9375/1/9375
f 9375/1/9375 9307/1/9307 9306/1/9306 9371/1/9371
f 9371/1/9371 9306/1/9306 9292/1/9292 9365/1/9365
f 9293/1/9293 9144/1/9144 9161/1/9161 9317/1/9317
f 9317/1/9317 9161/1/9161 9165/1/9165 9318/1/9318
f 9318/1/9318 9165/1/9165 9148/1/9148 9319/1/9319
f 9319/1/9319 9148/1/9148 9147/1/9147 9301/1/9301
f 9301/1/9301 9147/1/9147 9146/1/9146 9297/1/9297
f 9297/1/9297 9146/1/9146 9143/1/9143 9291/1/9291
f 9256/1/9256 9180/1/9180 9186/1/9186 9280/1/9280
f 9280/1/9280 9186/1/9186 9190/1/9190 9281/1/9281
f 9281/1/9281 9190/1/9190 9208/1/9208 9282/1/9282
f 9282/1/9282 9208/1/9208 9207/1/9207 9264/1/9264
f 9264/1/9264 9207/1/9207 9206/1/9206 9260/1/9260
f 9260/1/9260 9206/1/9206 9182/1/9182 9254/1/9254
f 9329/1/9329 9291/1/9291 9143/1/9143 9181/1/9181
f 9182/1/9182 9145/1/9145 9217/1/9217 9254/1/9254
f 9144/1/9144 9293/1/9293 9367/1/9367 9218/1/9218
f 9330/1/9330 9180/1/9180 9256/1/9256 9402/1/9402
f 9255/1/9255 9219/1/9219 9366/1/9366 9403/1/9403
f 9404/1/9404 9365/1/9365 9292/1/9292 9328/1/9328
