# Blender 5.1.0
# www.blender.org
mtllib Objecte2.mtl
o Text.001
v -0.130460 1.481776 -2.744186
v -0.153422 1.595059 -2.744213
v -0.152979 1.595121 -2.628320
v -0.130018 1.481837 -2.628293
v -0.039187 1.624503 -2.744202
v 0.005391 1.521134 -2.744202
v 0.005391 1.521134 -2.628304
v -0.039187 1.624503 -2.628304
v -0.875203 1.926356 -2.744248
v -0.763650 1.951705 -2.744156
v -0.763738 1.951685 -2.628258
v -0.875292 1.926336 -2.628350
v -0.804723 2.353509 -2.744248
v -0.707791 2.292949 -2.744156
v -0.707868 2.292997 -2.628258
v -0.804800 2.353557 -2.628350
v -0.536117 2.583870 -2.744248
v -0.492830 2.477886 -2.744156
v -0.492864 2.477970 -2.628258
v -0.536152 2.583954 -2.628350
v -0.290146 2.636587 -2.744248
v -0.284891 2.521307 -2.744156
v -0.284895 2.521398 -2.628258
v -0.290150 2.636679 -2.628350
v -0.177416 2.631372 -2.744248
v -0.191166 2.516735 -2.744156
v -0.191155 2.516826 -2.628258
v -0.177405 2.631463 -2.628350
v -0.063132 2.609172 -2.744248
v -0.089515 2.496447 -2.744156
v -0.089494 2.496537 -2.628258
v -0.063110 2.609261 -2.628350
v 0.033507 2.567308 -2.729749
v 0.010149 2.483606 -2.729680
v 0.010167 2.483672 -2.642756
v 0.033526 2.567374 -2.642826
v -0.687000 2.490324 -2.744248
v -0.613449 2.403479 -2.744156
v -0.613507 2.403548 -2.628258
v -0.687059 2.490394 -2.628350
v -0.890702 2.083917 -2.744248
v -0.776113 2.079241 -2.744156
v -0.776204 2.079245 -2.628258
v -0.890793 2.083921 -2.628350
v -0.725988 1.642020 -2.744248
v -0.644571 1.722779 -2.744156
v -0.644636 1.722715 -2.628258
v -0.726052 1.641955 -2.628350
v -0.634666 1.570396 -2.744230
v -0.574510 1.668212 -2.744169
v -0.574951 1.668293 -2.628276
v -0.635107 1.570477 -2.628336
v -0.502015 1.510689 -2.742957
v -0.466222 1.619887 -2.743140
v -0.467784 1.620584 -2.627260
v -0.503577 1.511386 -2.627078
v -0.341533 1.479636 -2.739331
v -0.329242 1.594141 -2.739909
v -0.329046 1.594871 -2.624022
v -0.341337 1.480366 -2.623444
v -0.203564 1.471709 -2.742927
v -0.211432 1.586894 -2.743167
v -0.209624 1.587270 -2.627290
v -0.201756 1.472086 -2.627050
v -0.259124 1.926897 -2.729715
v -0.259124 2.013821 -2.729715
v -0.259124 2.013821 -2.642791
v -0.259124 1.926897 -2.642791
v 0.012291 1.913194 -2.744202
v 0.086818 1.986147 -2.744202
v 0.086818 1.986147 -2.628304
v 0.012291 1.913194 -2.628304
v 0.008220 1.647232 -2.744202
v 0.096257 1.583034 -2.744202
v 0.096257 1.583034 -2.628304
v 0.008220 1.647232 -2.628304
v -0.869590 2.214755 -2.744248
v -0.759682 2.182084 -2.744156
v -0.759769 2.182110 -2.628258
v -0.869677 2.214780 -2.628350
v -0.812050 1.761353 -2.744248
v -0.712307 1.817239 -2.744156
v -0.712386 1.817195 -2.628258
v -0.812129 1.761309 -2.628350
v -0.169380 1.912410 -2.744202
v -0.169380 2.028308 -2.744202
v -0.169380 2.028308 -2.628304
v -0.169380 1.912410 -2.628304
v -0.056622 1.915312 -2.744202
v -0.042819 2.025406 -2.744202
v -0.042819 2.025406 -2.628304
v -0.056622 1.915312 -2.628304
v -0.408095 2.619527 -2.744248
v -0.386014 2.506212 -2.744156
v -0.386031 2.506302 -2.628258
v -0.408113 2.619617 -2.628350
v 0.012110 1.840500 -2.744202
v 0.122473 1.851953 -2.744202
v 0.122473 1.851953 -2.628304
v 0.012110 1.840500 -2.628304
v 0.008560 1.728814 -2.744202
v 0.120727 1.715373 -2.744202
v 0.120727 1.715373 -2.628304
v 0.008560 1.728814 -2.628304
v -0.066465 1.499143 -2.744200
v -0.142024 1.538406 -2.765929
v -0.097596 1.609931 -2.744203
v -0.016898 1.572819 -2.765933
v -0.157506 1.616331 -2.686271
v -0.097540 1.609939 -2.628306
v -0.047545 1.643885 -2.686253
v -0.141415 1.538490 -2.606576
v -0.066409 1.499151 -2.628302
v -0.016898 1.572819 -2.606573
v -0.125933 1.460566 -2.686234
v 0.013749 1.501752 -2.686253
v 0.043842 2.574212 -2.686295
v 0.029474 2.523268 -2.633267
v 0.015083 2.472243 -2.686211
v 0.029451 2.523187 -2.739239
v -0.265680 1.917373 -2.686253
v -0.265680 1.970359 -2.633267
v -0.265680 2.023345 -2.686253
v -0.265680 1.970359 -2.739239
v -0.683169 1.602944 -2.744246
v -0.685267 1.682411 -2.765933
v -0.611996 1.693074 -2.744158
v -0.604505 1.619288 -2.765930
v -0.629338 1.737889 -2.686189
v -0.612101 1.693023 -2.628260
v -0.563451 1.686593 -2.686211
v -0.685356 1.682323 -2.606573
v -0.683275 1.602892 -2.628348
v -0.605112 1.619401 -2.606576
v -0.741286 1.626845 -2.686316
v -0.646165 1.552096 -2.686295
v -0.225424 1.914892 -2.741720
v -0.225424 2.025827 -2.741720
v -0.169380 1.970359 -2.765933
v -0.225424 2.025827 -2.630785
v -0.169380 2.050039 -2.686253
v -0.225424 1.914892 -2.630785
v -0.169380 1.970359 -2.606573
v -0.169380 1.890679 -2.686253
v -0.110413 1.912773 -2.744202
v -0.108687 2.027946 -2.744202
v -0.049720 1.970359 -2.765933
v -0.108687 2.027946 -2.628304
v -0.040230 2.046049 -2.686253
v -0.110413 1.912773 -2.628304
v -0.049720 1.970359 -2.606573
v -0.059210 1.894670 -2.686253
v -0.013489 1.919400 -2.744202
v 0.028611 2.016146 -2.744202
v 0.049554 1.949670 -2.765933
v 0.028611 2.016146 -2.628304
v 0.100791 1.999826 -2.686253
v -0.013488 1.919400 -2.628304
v 0.049554 1.949670 -2.606573
v -0.001682 1.899515 -2.686253
v -0.888435 2.008686 -2.744248
v -0.833390 2.081578 -2.765933
v -0.774314 2.018739 -2.744156
v -0.819410 1.939034 -2.765933
v -0.754674 2.078366 -2.686189
v -0.774405 2.018731 -2.628258
v -0.742777 1.956448 -2.686189
v -0.833516 2.081583 -2.606573
v -0.888525 2.008678 -2.628350
v -0.819532 1.939006 -2.606573
v -0.912232 2.084795 -2.686316
v -0.896164 1.921593 -2.686316
v -0.848706 1.841202 -2.744248
v -0.742019 1.882130 -2.744156
v -0.762164 1.789305 -2.765933
v -0.742104 1.882097 -2.628258
v -0.693644 1.827696 -2.686189
v -0.848791 1.841169 -2.628350
v -0.762272 1.789244 -2.606573
v -0.830792 1.750852 -2.686316
v -0.884736 2.150601 -2.744248
v -0.814619 2.198414 -2.765933
v -0.771542 2.131801 -2.744156
v -0.739117 2.175971 -2.686189
v -0.771632 2.131816 -2.628258
v -0.814739 2.198450 -2.606573
v -0.884826 2.150616 -2.628350
v -0.890242 2.220893 -2.686316
v -0.769679 1.694411 -2.744248
v -0.678570 1.763709 -2.744156
v -0.678642 1.763654 -2.628258
v -0.769751 1.694356 -2.628350
v -0.752329 2.424643 -2.744248
v -0.650213 2.446889 -2.765933
v -0.665698 2.350463 -2.744156
v -0.756243 2.323220 -2.765933
v -0.599687 2.387230 -2.686189
v -0.665767 2.350522 -2.628258
v -0.689655 2.281618 -2.686189
v -0.650294 2.446984 -2.606573
v -0.752398 2.424701 -2.628350
v -0.756348 2.323286 -2.606573
v -0.700820 2.506642 -2.686316
v -0.822936 2.364888 -2.686316
v -0.843449 2.282574 -2.744248
v -0.738860 2.235949 -2.744156
v -0.738943 2.235986 -2.628258
v -0.843533 2.282611 -2.628350
v -0.573780 1.538513 -2.744044
v -0.525622 1.642731 -2.744061
v -0.483826 1.565158 -2.764776
v -0.526785 1.643124 -2.628175
v -0.460291 1.640710 -2.685234
v -0.574944 1.538907 -2.628159
v -0.485973 1.566115 -2.605442
v -0.509508 1.490563 -2.684983
v -0.611653 2.544706 -2.744248
v -0.514467 2.530862 -2.765933
v -0.553475 2.446926 -2.744156
v -0.484731 2.458056 -2.686189
v -0.553522 2.447004 -2.628258
v -0.514515 2.530978 -2.606573
v -0.611699 2.544783 -2.628350
v -0.544251 2.603784 -2.686316
v -0.423107 1.491332 -2.740689
v -0.399349 1.603901 -2.741121
v -0.335424 1.536752 -2.761348
v -0.400330 1.604700 -2.625238
v -0.326840 1.615976 -2.682074
v -0.424088 1.492130 -2.624806
v -0.335155 1.537755 -2.602005
v -0.343739 1.458531 -2.681279
v -0.348601 2.630031 -2.744248
v -0.287518 2.578930 -2.765933
v -0.334786 2.515343 -2.744156
v -0.397051 2.562853 -2.765933
v -0.283908 2.499738 -2.686189
v -0.334797 2.515433 -2.628258
v -0.381882 2.485010 -2.686189
v -0.287523 2.579056 -2.606573
v -0.348612 2.630122 -2.628350
v -0.397075 2.562976 -2.606573
v -0.291134 2.658248 -2.686316
v -0.412245 2.640819 -2.686316
v -0.469126 2.606473 -2.744248
v -0.437677 2.495653 -2.744156
v -0.437702 2.495741 -2.628258
v -0.469150 2.606562 -2.628350
v -0.233108 2.636636 -2.744248
v -0.184293 2.574036 -2.765933
v -0.237531 2.521421 -2.744156
v -0.193739 2.495286 -2.686189
v -0.237527 2.521513 -2.628258
v -0.184278 2.574162 -2.606573
v -0.233104 2.636727 -2.628350
v -0.174833 2.652912 -2.686316
v -0.263770 1.473611 -2.740672
v -0.262185 1.588884 -2.741136
v -0.207837 1.529231 -2.764774
v -0.260853 1.589455 -2.625255
v -0.212004 1.608679 -2.685274
v -0.262438 1.474181 -2.624791
v -0.205351 1.529749 -2.605443
v -0.201185 1.450301 -2.684943
v -0.168025 1.473403 -2.744005
v -0.183807 1.587908 -2.744098
v -0.182530 1.588101 -2.628215
v -0.166748 1.473596 -2.628122
v -0.122113 2.622396 -2.744248
v -0.076327 2.552793 -2.765933
v -0.143196 2.508675 -2.744156
v -0.094451 2.475356 -2.686189
v -0.143179 2.508765 -2.628258
v -0.076298 2.552916 -2.606573
v -0.122097 2.622486 -2.628350
v -0.058174 2.630352 -2.686316
v -0.004961 1.632875 -2.744202
v 0.052239 1.615133 -2.765933
v 0.060897 1.545232 -2.744202
v 0.112764 1.570997 -2.686253
v 0.060897 1.545232 -2.628304
v 0.052239 1.615133 -2.606573
v -0.004961 1.632875 -2.628304
v -0.008287 1.659270 -2.686253
v -0.002343 2.590206 -2.741764
v -0.030844 2.483049 -2.741676
v -0.030821 2.483135 -2.630741
v -0.002320 2.590292 -2.630829
v 0.017256 1.885693 -2.744202
v 0.114878 1.925720 -2.744202
v 0.067291 1.846226 -2.765933
v 0.114878 1.925720 -2.628304
v 0.143166 1.854100 -2.686253
v 0.017256 1.885693 -2.628304
v 0.067291 1.846226 -2.606573
v -0.008584 1.838352 -2.686253
v 0.008607 1.785211 -2.744202
v 0.123328 1.783108 -2.744202
v 0.064644 1.722093 -2.765933
v 0.123327 1.783108 -2.628304
v 0.141759 1.712852 -2.686253
v 0.008607 1.785211 -2.628304
v 0.064644 1.722093 -2.606573
v -0.012471 1.731334 -2.686253
v 0.010303 1.680293 -2.744202
v 0.113897 1.644053 -2.744202
v 0.113897 1.644053 -2.628304
v 0.010303 1.680293 -2.628304
v -0.082040 1.554536 -2.765932
v -0.103405 1.630708 -2.686255
v -0.081964 1.554546 -2.606573
v -0.060600 1.478374 -2.686250
v 0.045464 2.518479 -2.686253
v -0.279437 1.970359 -2.686253
v -0.647563 1.648019 -2.765933
v -0.598704 1.709948 -2.686192
v -0.647708 1.647948 -2.606573
v -0.696567 1.586019 -2.686313
v -0.226070 1.970359 -2.762579
v -0.226070 2.046686 -2.686253
v -0.226070 1.970359 -2.609926
v -0.226070 1.894033 -2.686253
v -0.109550 1.970359 -2.765933
v -0.108364 2.049541 -2.686253
v -0.109550 1.970359 -2.606573
v -0.110736 1.891178 -2.686253
v 0.007561 1.967773 -2.765933
v 0.036505 2.034286 -2.686253
v 0.007561 1.967773 -2.606573
v -0.021382 1.901261 -2.686253
v -0.831357 2.013714 -2.765933
v -0.752962 2.020619 -2.686189
v -0.831482 2.013703 -2.606573
v -0.909878 2.006797 -2.686316
v -0.795347 1.861672 -2.765933
v -0.722058 1.889788 -2.686189
v -0.795463 1.861627 -2.606573
v -0.868753 1.833512 -2.686316
v -0.828122 2.141198 -2.765933
v -0.750363 2.128283 -2.686189
v -0.828246 2.141219 -2.606573
v -0.906005 2.154134 -2.686316
v -0.724111 1.729071 -2.765933
v -0.661523 1.776675 -2.686189
v -0.724210 1.728995 -2.606573
v -0.786798 1.681390 -2.686316
v -0.709001 2.387542 -2.765933
v -0.649489 2.336584 -2.686189
v -0.709095 2.387623 -2.606573
v -0.768606 2.438581 -2.686316
v -0.791139 2.259254 -2.765933
v -0.719291 2.227225 -2.686189
v -0.791253 2.259305 -2.606573
v -0.863102 2.291334 -2.686316
v -0.549483 1.590548 -2.765781
v -0.517174 1.662468 -2.686121
v -0.551083 1.591089 -2.606439
v -0.583392 1.519169 -2.686099
v -0.582555 2.495801 -2.765933
v -0.542590 2.428631 -2.686189
v -0.582619 2.495908 -2.606573
v -0.622584 2.563078 -2.686316
v -0.411044 1.547467 -2.762633
v -0.395384 1.625407 -2.683261
v -0.412393 1.548564 -2.603294
v -0.428053 1.470624 -2.682666
v -0.341691 2.572670 -2.765933
v -0.332201 2.493884 -2.686189
v -0.341706 2.572795 -2.606573
v -0.351196 2.651581 -2.686316
v -0.453397 2.551046 -2.765933
v -0.431793 2.474918 -2.686189
v -0.453431 2.551168 -2.606573
v -0.475035 2.627296 -2.686316
v -0.235320 2.579011 -2.765933
v -0.238358 2.499864 -2.686189
v -0.235315 2.579137 -2.606573
v -0.232277 2.658284 -2.686316
v -0.263227 1.531140 -2.762632
v -0.261222 1.610783 -2.683282
v -0.261396 1.531925 -2.603295
v -0.263402 1.452282 -2.682645
v -0.176156 1.530619 -2.765780
v -0.186128 1.609474 -2.686174
v -0.174400 1.530884 -2.606440
v -0.164428 1.452030 -2.686046
v -0.132658 2.565518 -2.765933
v -0.147140 2.487398 -2.686189
v -0.132635 2.565643 -2.606573
v -0.118152 2.643764 -2.686316
v 0.027968 1.589054 -2.765933
v 0.073246 1.528799 -2.686253
v 0.027968 1.589054 -2.606573
v -0.017309 1.649308 -2.686253
v -0.015846 2.536389 -2.762579
v -0.035471 2.462729 -2.686192
v -0.015815 2.536506 -2.609926
v 0.003810 2.610166 -2.686313
v 0.066067 1.905707 -2.765933
v 0.133182 1.933225 -2.686253
v 0.066067 1.905707 -2.606573
v -0.001048 1.878188 -2.686253
v 0.065967 1.784160 -2.765933
v 0.144837 1.782714 -2.686253
v 0.065967 1.784160 -2.606573
v -0.012903 1.785605 -2.686253
v 0.062100 1.662173 -2.765933
v 0.133321 1.637258 -2.686253
v 0.062100 1.662173 -2.606573
v -0.009121 1.687088 -2.686253
v 1.758304 3.441559 -1.013105
v 1.733513 3.480003 -0.935897
v 1.684471 3.493402 -0.861946
v 1.618642 3.479714 -0.802509
v 1.546049 3.441024 -0.766635
v 1.477744 3.383223 -0.759785
v 1.424125 3.315109 -0.783003
v 1.393356 3.247052 -0.832754
v 1.390120 3.189415 -0.901464
v 1.414911 3.150970 -0.978671
v 1.463954 3.137572 -1.052622
v 1.529783 3.151259 -1.112059
v 1.602375 3.189949 -1.147933
v 1.670681 3.247751 -1.154783
v 1.724299 3.315865 -1.131565
v 1.755069 3.383921 -1.081814
v 1.700182 3.497590 -1.058586
v 1.676522 3.534944 -0.980494
v 1.630699 3.545239 -0.904022
v 1.569689 3.526906 -0.840815
v 1.502780 3.482736 -0.800493
v 1.440159 3.419455 -0.789196
v 1.391359 3.346695 -0.808643
v 1.363810 3.275535 -0.855874
v 1.361705 3.216807 -0.923698
v 1.385365 3.179453 -1.001791
v 1.431188 3.169158 -1.078262
v 1.492198 3.187492 -1.141470
v 1.559107 3.231661 -1.181791
v 1.621727 3.294942 -1.193089
v 1.670527 3.367702 -1.173641
v 1.698077 3.438862 -1.126410
v 1.635040 3.547797 -1.101269
v 1.612647 3.584175 -1.022347
v 1.570432 3.591688 -0.943511
v 1.514823 3.569193 -0.876764
v 1.454285 3.520113 -0.832268
v 1.398035 3.451921 -0.816797
v 1.354636 3.375000 -0.832705
v 1.330695 3.301058 -0.877572
v 1.329857 3.241354 -0.944566
v 1.352250 3.204976 -1.023489
v 1.394465 3.197463 -1.102324
v 1.450074 3.219958 -1.169071
v 1.510612 3.269038 -1.213567
v 1.566862 3.337229 -1.229038
v 1.610261 3.414151 -1.213130
v 1.634202 3.488093 -1.168263
v 1.563568 3.591650 -1.140703
v 1.542566 3.627174 -1.061013
v 1.504311 3.632258 -0.979993
v 1.454627 3.606127 -0.909977
v 1.401079 3.552759 -0.861624
v 1.351818 3.480279 -0.842296
v 1.314345 3.399721 -0.854936
v 1.294363 3.323350 -0.897617
v 1.294916 3.262792 -0.963845
v 1.315918 3.227268 -1.043534
v 1.354174 3.222184 -1.124554
v 1.403857 3.248315 -1.194570
v 1.457405 3.301683 -1.242923
v 1.506666 3.374164 -1.262251
v 1.544139 3.454721 -1.249612
v 1.564121 3.531092 -1.206930
v 1.486525 3.628682 -1.176468
v 1.467021 3.663486 -1.096083
v 1.433034 3.666518 -1.013081
v 1.389738 3.637316 -0.940100
v 1.343724 3.580327 -0.888250
v 1.301998 3.504225 -0.865424
v 1.270912 3.420597 -0.875098
v 1.255199 3.342175 -0.915799
v 1.257250 3.280897 -0.981330
v 1.276754 3.246092 -1.061715
v 1.310741 3.243060 -1.144717
v 1.354037 3.272262 -1.217698
v 1.400051 3.329252 -1.269548
v 1.441777 3.405353 -1.292374
v 1.472863 3.488981 -1.282700
v 1.488576 3.567404 -1.242000
v 1.404726 3.658500 -1.208187
v 1.386814 3.692725 -1.127184
v 1.357358 3.694105 -1.042426
v 1.320844 3.662431 -0.966815
v 1.282830 3.602525 -0.911862
v 1.249104 3.523507 -0.885935
v 1.224799 3.437407 -0.892979
v 1.213617 3.357333 -0.931922
v 1.217260 3.295475 -0.996837
v 1.235173 3.261250 -1.077839
v 1.264628 3.259870 -1.162598
v 1.301142 3.291544 -1.238209
v 1.339156 3.351450 -1.293161
v 1.372883 3.430468 -1.319089
v 1.397187 3.516568 -1.312044
v 1.408369 3.596643 -1.273101
v 1.319040 3.680790 -1.235522
v 1.302794 3.714581 -1.153988
v 1.278085 3.714727 -1.067715
v 1.248675 3.681205 -0.989837
v 1.219041 3.619119 -0.932212
v 1.193695 3.537921 -0.903611
v 1.176495 3.449973 -0.908389
v 1.170059 3.368664 -0.945818
v 1.175369 3.306372 -1.010201
v 1.191615 3.272582 -1.091735
v 1.216323 3.272436 -1.178007
v 1.245734 3.305958 -1.255885
v 1.275368 3.368044 -1.313510
v 1.300714 3.449242 -1.342111
v 1.317914 3.537190 -1.337334
v 1.324350 3.618499 -1.299904
v 1.230374 3.695315 -1.258184
v 1.215853 3.728823 -1.176209
v 1.196056 3.728164 -1.088681
v 1.173997 3.693438 -1.008924
v 1.153034 3.629932 -0.949082
v 1.136359 3.547313 -0.918265
v 1.126510 3.458161 -0.921164
v 1.124987 3.376047 -0.957338
v 1.132021 3.313473 -1.021280
v 1.146542 3.279965 -1.103255
v 1.166339 3.280624 -1.190783
v 1.188398 3.315350 -1.270539
v 1.209361 3.378857 -1.330381
v 1.226036 3.461475 -1.361198
v 1.235885 3.550627 -1.358299
v 1.237408 3.632741 -1.322125
v 1.139668 3.701921 -1.275932
v 1.126912 3.735300 -1.193612
v 1.112139 3.734275 -1.105101
v 1.097601 3.699001 -1.023873
v 1.085509 3.634849 -0.962295
v 1.077704 3.551585 -0.929742
v 1.075376 3.461884 -0.931170
v 1.078877 3.379405 -0.966361
v 1.087676 3.316702 -1.029957
v 1.100432 3.283323 -1.112277
v 1.115204 3.284348 -1.200789
v 1.129743 3.319622 -1.282016
v 1.141835 3.383774 -1.343594
v 1.149640 3.467038 -1.376147
v 1.151968 3.556738 -1.374720
v 1.148467 3.639218 -1.339529
v 1.047884 3.700536 -1.288580
v 1.036913 3.733943 -1.206014
v 1.027225 3.732995 -1.116801
v 1.020297 3.697836 -1.034525
v 1.017181 3.633819 -0.971711
v 1.018352 3.550690 -0.937921
v 1.023633 3.461104 -0.938300
v 1.032219 3.378701 -0.972790
v 1.042804 3.316026 -1.036140
v 1.053775 3.282619 -1.118706
v 1.063462 3.283567 -1.207919
v 1.070391 3.318727 -1.290195
v 1.073507 3.382744 -1.353009
v 1.072335 3.465873 -1.386799
v 1.067054 3.555458 -1.386420
v 1.058468 3.637861 -1.351930
v 0.955994 3.691178 -1.295992
v 0.946811 3.724766 -1.213281
v 0.942214 3.724337 -1.123658
v 0.942903 3.689954 -1.040768
v 0.948774 3.626852 -0.977228
v 0.958932 3.544638 -0.942713
v 0.971831 3.455829 -0.942478
v 0.985508 3.373944 -0.976557
v 0.997880 3.311450 -1.039764
v 1.007063 3.277862 -1.122474
v 1.011660 3.278292 -1.212097
v 1.010971 3.312675 -1.294988
v 1.005100 3.375777 -1.358527
v 0.994942 3.457990 -1.393042
v 0.982043 3.546800 -1.393277
v 0.968366 3.628684 -1.359198
v 0.864974 3.673944 -1.298089
v 0.857561 3.707868 -1.215338
v 0.858006 3.708393 -1.125599
v 0.866242 3.675438 -1.042534
v 0.881014 3.614022 -0.978790
v 0.900074 3.533494 -0.944070
v 0.920519 3.446113 -0.943660
v 0.939238 3.365183 -0.977624
v 0.953381 3.303025 -1.040789
v 0.960793 3.269101 -1.123540
v 0.960348 3.268576 -1.213279
v 0.952113 3.301530 -1.296344
v 0.937340 3.362947 -1.360089
v 0.918280 3.443475 -1.394808
v 0.897835 3.530856 -1.395218
v 0.879116 3.611785 -1.361255
v 0.775786 3.649017 -1.294851
v 0.770108 3.683426 -1.212162
v 0.775494 3.685332 -1.122603
v 0.791124 3.654444 -1.039807
v 0.814619 3.595466 -0.976379
v 0.842401 3.517375 -0.941976
v 0.870241 3.432061 -0.941835
v 0.893901 3.352512 -0.975978
v 0.909778 3.290838 -1.039206
v 0.915456 3.256430 -1.121894
v 0.910070 3.254524 -1.211454
v 0.894440 3.285412 -1.294250
v 0.870945 3.344390 -1.357678
v 0.843163 3.422481 -1.392081
v 0.815323 3.507795 -1.392222
v 0.791664 3.587344 -1.358079
v 0.689378 3.616662 -1.286310
v 0.685381 3.651700 -1.203788
v 0.695554 3.655398 -1.114702
v 0.718348 3.627193 -1.032614
v 0.750293 3.571379 -0.970021
v 0.786525 3.496453 -0.936453
v 0.821529 3.413821 -0.937020
v 0.849976 3.336065 -0.971636
v 0.867534 3.275021 -1.035030
v 0.871531 3.239982 -1.117553
v 0.861358 3.236284 -1.206639
v 0.838564 3.264490 -1.288727
v 0.806619 3.320304 -1.351320
v 0.770387 3.395230 -1.384888
v 0.735383 3.477861 -1.384321
v 0.706936 3.555618 -1.349705
v 0.606664 3.577222 -1.272558
v 0.604277 3.613027 -1.190304
v 0.619032 3.618910 -1.101979
v 0.648683 3.593975 -1.021031
v 0.688717 3.542017 -0.959783
v 0.733039 3.470949 -0.927560
v 0.774900 3.391587 -0.929268
v 0.807929 3.316015 -0.964645
v 0.827096 3.255738 -1.028307
v 0.829484 3.219933 -1.110562
v 0.814729 3.214050 -1.198887
v 0.785078 3.238985 -1.279834
v 0.745044 3.290942 -1.341082
v 0.700722 3.362011 -1.373305
v 0.658860 3.441373 -1.371598
v 0.625832 3.516945 -1.336220
v 0.528522 3.531114 -1.253741
v 0.527655 3.567816 -1.171852
v 0.546739 3.576253 -1.084570
v 0.582869 3.555140 -1.005182
v 0.630545 3.507693 -0.945775
v 0.682509 3.441133 -0.915392
v 0.730849 3.365594 -0.918659
v 0.768206 3.292577 -0.955079
v 0.788894 3.233197 -1.019108
v 0.789761 3.196494 -1.100996
v 0.770678 3.188057 -1.188278
v 0.734547 3.209169 -1.267666
v 0.686871 3.256618 -1.327073
v 0.634908 3.323177 -1.357456
v 0.586567 3.398716 -1.354189
v 0.549210 3.471734 -1.317769
v 0.455781 3.478827 -1.230057
v 0.456328 3.516546 -1.148629
v 0.479442 3.527880 -1.062659
v 0.521603 3.511102 -0.985235
v 0.576393 3.468768 -0.928143
v 0.635470 3.407322 -0.900077
v 0.689841 3.336118 -0.905308
v 0.731229 3.265997 -0.943040
v 0.753331 3.207634 -1.007529
v 0.752784 3.169915 -1.088957
v 0.729670 3.158581 -1.174927
v 0.687509 3.175358 -1.252351
v 0.632719 3.217693 -1.309442
v 0.573642 3.279140 -1.337509
v 0.519270 3.350343 -1.332278
v 0.477883 3.420464 -1.294546
v 0.389210 3.420915 -1.201758
v 0.391052 3.459761 -1.120880
v 0.417854 3.474303 -1.036478
v 0.465534 3.462327 -0.961400
v 0.526835 3.425656 -0.907076
v 0.592422 3.369874 -0.881778
v 0.652313 3.303471 -0.889355
v 0.697388 3.236558 -0.928654
v 0.720785 3.179322 -0.993694
v 0.718943 3.140476 -1.074571
v 0.692142 3.125934 -1.158973
v 0.644461 3.137910 -1.234052
v 0.583161 3.174581 -1.288375
v 0.517573 3.230364 -1.313674
v 0.457683 3.296766 -1.306097
v 0.412608 3.363679 -1.266797
v 0.329516 3.357994 -1.169144
v 0.332520 3.398064 -1.088901
v 0.362628 3.416091 -1.006305
v 0.415257 3.409332 -0.933931
v 0.482396 3.378815 -0.882797
v 0.553821 3.329185 -0.860687
v 0.618661 3.268000 -0.870969
v 0.667043 3.204573 -0.912075
v 0.691602 3.148561 -0.977749
v 0.688598 3.108490 -1.057992
v 0.658490 3.090463 -1.140588
v 0.605860 3.097222 -1.212962
v 0.538722 3.127739 -1.264096
v 0.467296 3.177369 -1.286205
v 0.402457 3.238554 -1.275924
v 0.354075 3.301981 -1.234817
v 0.277332 3.290729 -1.132560
v 0.281350 3.332107 -1.053029
v 0.314350 3.353861 -0.972460
v 0.371305 3.352678 -0.903119
v 0.443547 3.328739 -0.855563
v 0.520077 3.285688 -0.837031
v 0.589243 3.230080 -0.850345
v 0.640515 3.170379 -0.893478
v 0.666089 3.115675 -0.959864
v 0.662071 3.074296 -1.039395
v 0.629071 3.052543 -1.119964
v 0.572115 3.053725 -1.189305
v 0.499874 3.077664 -1.236861
v 0.423344 3.120715 -1.255393
v 0.354178 3.176324 -1.242079
v 0.302905 3.236025 -1.198945
v 0.233210 3.219832 -1.092395
v 0.238087 3.262590 -1.013645
v 0.273530 3.288271 -0.935301
v 0.334144 3.292967 -0.869290
v 0.410701 3.275961 -0.825662
v 0.491545 3.239844 -0.811058
v 0.564369 3.190113 -0.827702
v 0.618086 3.134340 -0.873061
v 0.644518 3.081015 -0.940228
v 0.639642 3.038257 -1.018977
v 0.604198 3.012576 -1.097321
v 0.543584 3.007881 -1.163332
v 0.467027 3.024886 -1.206960
v 0.386183 3.061004 -1.221564
v 0.313359 3.110734 -1.204920
v 0.259642 3.166508 -1.159561
v 0.197618 3.146058 -1.049074
v 0.203188 3.190250 -0.971166
v 0.240603 3.220019 -0.895222
v 0.304168 3.230831 -0.832803
v 0.384205 3.221040 -0.793411
v 0.468530 3.192137 -0.783045
v 0.544305 3.148523 -0.803281
v 0.599994 3.096837 -0.851039
v 0.627118 3.044947 -0.919048
v 0.621549 3.000754 -0.996955
v 0.584134 2.970986 -1.072899
v 0.520569 2.960174 -1.135319
v 0.440531 2.969965 -1.174710
v 0.356207 2.998868 -1.185077
v 0.280432 3.042482 -1.164841
v 0.224743 3.094168 -1.117083
v 0.170935 3.070186 -1.003056
v 0.177023 3.115855 -0.926044
v 0.215916 3.149826 -0.852649
v 0.281694 3.166928 -0.794045
v 0.364341 3.164557 -0.759154
v 0.451275 3.143075 -0.753287
v 0.529262 3.105751 -0.777338
v 0.586429 3.058268 -0.827646
v 0.614073 3.007854 -0.896551
v 0.607984 2.962185 -0.973562
v 0.569091 2.928214 -1.046957
v 0.503314 2.911112 -1.105561
v 0.420667 2.913483 -1.140453
v 0.333732 2.934965 -1.146319
v 0.255745 2.972289 -1.122268
v 0.198578 3.019772 -1.071960
v 0.153441 2.993021 -0.954829
v 0.159870 3.040191 -0.878755
v 0.199733 3.078437 -0.808032
v 0.266960 3.101937 -0.753426
v 0.351318 3.107113 -0.723252
v 0.439963 3.093177 -0.722102
v 0.519401 3.062250 -0.750151
v 0.577537 3.019042 -0.803130
v 0.605521 2.970129 -0.872973
v 0.599092 2.922960 -0.949047
v 0.559229 2.884713 -1.019770
v 0.492002 2.861214 -1.074376
v 0.407644 2.856038 -1.104550
v 0.318999 2.869974 -1.105700
v 0.239561 2.900900 -1.077651
v 0.181425 2.944109 -1.024672
v 0.145324 2.915382 -0.904905
v 0.151911 2.964062 -0.829802
v 0.192223 3.006609 -0.761845
v 0.260123 3.036546 -0.711378
v 0.345275 3.049315 -0.686086
v 0.434714 3.042971 -0.689818
v 0.514825 3.018482 -0.722007
v 0.573410 2.979574 -0.777751
v 0.601552 2.932172 -0.848566
v 0.594966 2.883492 -0.923668
v 0.554654 2.840945 -0.991626
v 0.486753 2.811008 -1.042092
v 0.401601 2.798239 -1.067385
v 0.312162 2.804583 -1.063652
v 0.232052 2.829072 -1.031463
v 0.173466 2.867980 -0.975719
v 0.146669 2.838091 -0.853812
v 0.153229 2.888274 -0.779703
v 0.193467 2.935103 -0.714576
v 0.261256 2.971448 -0.668346
v 0.346276 2.991776 -0.648050
v 0.435584 2.992991 -0.656779
v 0.515583 2.974910 -0.693204
v 0.574094 2.940284 -0.751779
v 0.602210 2.894386 -0.823587
v 0.595649 2.844202 -0.897696
v 0.555412 2.797373 -0.962823
v 0.487623 2.761028 -1.009053
v 0.402602 2.740701 -1.029349
v 0.313295 2.739485 -1.020620
v 0.233296 2.757566 -0.984195
v 0.174785 2.792192 -0.925620
v 0.157461 2.761967 -0.802092
v 0.163812 2.813632 -0.728990
v 0.203452 2.864678 -0.666728
v 0.270346 2.907334 -0.624785
v 0.354310 2.935106 -0.609548
v 0.442563 2.943766 -0.623335
v 0.521667 2.931996 -0.664047
v 0.579580 2.901587 -0.725488
v 0.607486 2.857170 -0.798302
v 0.601135 2.805505 -0.871405
v 0.561496 2.754459 -0.933666
v 0.494602 2.711803 -0.975609
v 0.410637 2.684031 -0.990846
v 0.322385 2.675371 -0.977059
v 0.243280 2.687141 -0.936347
v 0.185367 2.717549 -0.874906
v 0.177587 2.687818 -0.750294
v 0.183546 2.740925 -0.678199
v 0.222071 2.796079 -0.618807
v 0.287297 2.844882 -0.581159
v 0.369293 2.879906 -0.570987
v 0.455577 2.895818 -0.589839
v 0.533013 2.890195 -0.634847
v 0.589811 2.863894 -0.699157
v 0.617325 2.820919 -0.772978
v 0.611366 2.767812 -0.845073
v 0.572841 2.712658 -0.904466
v 0.507616 2.663855 -0.942114
v 0.425619 2.628831 -0.952285
v 0.339335 2.612919 -0.933433
v 0.261900 2.618542 -0.888426
v 0.205101 2.644843 -0.824116
v 0.206833 2.616429 -0.698966
v 0.212223 2.670925 -0.627870
v 0.249128 2.730033 -0.571321
v 0.311929 2.784756 -0.537928
v 0.391065 2.826761 -0.532776
v 0.474489 2.849655 -0.556649
v 0.549500 2.849951 -0.605911
v 0.604678 2.827604 -0.673064
v 0.631623 2.786018 -0.747885
v 0.626233 2.731522 -0.818981
v 0.589328 2.672414 -0.875530
v 0.526527 2.617692 -0.908923
v 0.447391 2.575686 -0.914075
v 0.363967 2.552793 -0.890202
v 0.288956 2.552496 -0.840940
v 0.233778 2.574843 -0.773786
v 0.244889 2.548558 -0.648653
v 0.249539 2.604374 -0.578535
v 0.284335 2.667242 -0.524773
v 0.343981 2.727592 -0.495552
v 0.419395 2.776234 -0.495321
v 0.499097 2.805765 -0.524113
v 0.570953 2.811689 -0.577548
v 0.624023 2.793102 -0.647488
v 0.650228 2.752836 -0.723287
v 0.645579 2.697020 -0.793405
v 0.610782 2.634152 -0.847167
v 0.551136 2.573802 -0.876387
v 0.475722 2.525159 -0.876619
v 0.396020 2.495628 -0.847826
v 0.324164 2.489705 -0.794392
v 0.271094 2.508291 -0.724452
v 0.291351 2.484923 -0.599888
v 0.295097 2.541977 -0.530719
v 0.327319 2.608371 -0.479658
v 0.383113 2.673996 -0.454480
v 0.453984 2.728862 -0.459018
v 0.529142 2.764616 -0.492580
v 0.597146 2.775815 -0.550057
v 0.647642 2.760754 -0.622699
v 0.672943 2.721726 -0.699446
v 0.669197 2.664672 -0.768615
v 0.636975 2.598279 -0.819676
v 0.581181 2.532653 -0.844854
v 0.510310 2.477787 -0.840316
v 0.435152 2.442033 -0.806754
v 0.367148 2.430834 -0.749277
v 0.316652 2.445895 -0.676635
v 0.345728 2.426199 -0.553187
v 0.348416 2.484396 -0.484926
v 0.377626 2.554042 -0.436453
v 0.428911 2.624537 -0.415147
v 0.494464 2.685145 -0.424252
v 0.564305 2.726643 -0.462381
v 0.627800 2.742711 -0.523730
v 0.675284 2.730903 -0.598959
v 0.699527 2.693017 -0.676615
v 0.696839 2.634820 -0.744875
v 0.667629 2.565174 -0.793349
v 0.616343 2.494680 -0.814655
v 0.550791 2.434071 -0.805550
v 0.480950 2.392573 -0.767421
v 0.417455 2.376505 -0.706072
v 0.369971 2.388313 -0.630843
v 0.407441 2.373010 -0.509046
v 0.408929 2.432241 -0.441644
v 0.434720 2.504834 -0.395617
v 0.480889 2.579738 -0.377970
v 0.540407 2.645549 -0.391392
v 0.604212 2.692248 -0.433837
v 0.662590 2.712725 -0.498846
v 0.706656 2.703864 -0.576520
v 0.729698 2.667013 -0.655035
v 0.728211 2.607782 -0.722437
v 0.702419 2.535188 -0.768465
v 0.656250 2.460285 -0.786111
v 0.596733 2.394474 -0.772690
v 0.532928 2.347775 -0.730244
v 0.474549 2.327297 -0.665235
v 0.430484 2.336159 -0.587561
v 0.475839 2.325917 -0.467933
v 0.475996 2.386064 -0.401331
v 0.497999 2.461266 -0.357581
v 0.538497 2.540074 -0.343343
v 0.591325 2.610491 -0.360785
v 0.648441 2.661795 -0.407252
v 0.701149 2.686177 -0.475669
v 0.741425 2.679925 -0.555621
v 0.763137 2.643990 -0.634935
v 0.762980 2.583843 -0.701537
v 0.740978 2.508641 -0.745288
v 0.700480 2.429832 -0.759526
v 0.647651 2.359416 -0.742084
v 0.590536 2.308111 -0.695617
v 0.537827 2.283729 -0.627199
v 0.497551 2.289982 -0.547248
v 0.550195 2.285422 -0.430284
v 0.548906 2.346356 -0.364414
v 0.566789 2.423802 -0.322749
v 0.601122 2.505967 -0.311633
v 0.646679 2.580344 -0.332757
v 0.696523 2.635609 -0.382906
v 0.743066 2.663348 -0.454444
v 0.779223 2.659339 -0.536482
v 0.799489 2.624192 -0.616529
v 0.800779 2.563257 -0.682399
v 0.782895 2.485812 -0.724063
v 0.748562 2.403646 -0.735180
v 0.703005 2.329269 -0.714056
v 0.653161 2.274004 -0.663907
v 0.606618 2.246265 -0.592368
v 0.570461 2.250274 -0.510331
v 0.629722 2.251952 -0.396497
v 0.626885 2.313538 -0.331285
v 0.640363 2.392837 -0.291492
v 0.668103 2.477777 -0.283176
v 0.705882 2.555428 -0.307605
v 0.747949 2.613966 -0.361058
v 0.787899 2.644480 -0.435397
v 0.819650 2.642325 -0.519307
v 0.838369 2.607829 -0.600011
v 0.841205 2.546243 -0.665223
v 0.827727 2.466943 -0.705016
v 0.799987 2.382003 -0.713332
v 0.762208 2.304353 -0.688903
v 0.720142 2.245814 -0.635450
v 0.680192 2.215300 -0.561110
v 0.648440 2.217455 -0.477201
v 0.713575 2.225863 -0.366931
v 0.709107 2.287956 -0.302294
v 0.717939 2.368701 -0.264139
v 0.738727 2.455805 -0.258275
v 0.768306 2.536006 -0.285594
v 0.802172 2.597095 -0.341939
v 0.835170 2.629773 -0.418730
v 0.862276 2.629063 -0.504277
v 0.879363 2.595074 -0.585557
v 0.883831 2.532981 -0.650194
v 0.874999 2.452236 -0.688349
v 0.854211 2.365132 -0.694213
v 0.824632 2.284931 -0.666893
v 0.790766 2.223841 -0.610548
v 0.757768 2.191164 -0.533757
v 0.730662 2.191874 -0.448210
v 0.800867 2.207431 -0.341899
v 0.794701 2.269883 -0.277749
v 0.798698 2.351649 -0.240980
v 0.812249 2.440280 -0.237192
v 0.833290 2.522285 -0.266960
v 0.858619 2.585177 -0.325752
v 0.884380 2.619382 -0.404619
v 0.906650 2.619693 -0.491552
v 0.922040 2.586063 -0.573318
v 0.928205 2.523611 -0.637469
v 0.924209 2.441845 -0.674237
v 0.910658 2.353214 -0.678026
v 0.889617 2.271209 -0.648258
v 0.864287 2.208317 -0.589466
v 0.838527 2.174112 -0.510599
v 0.816257 2.173801 -0.423666
v 0.890672 2.196852 -0.321667
v 0.882759 2.259510 -0.257910
v 0.881781 2.341862 -0.222263
v 0.887886 2.431370 -0.220151
v 0.900145 2.514409 -0.251898
v 0.916691 2.578336 -0.312669
v 0.935006 2.613418 -0.393213
v 0.952302 2.614316 -0.481268
v 0.965944 2.580891 -0.563427
v 0.973857 2.518233 -0.627184
v 0.974835 2.435882 -0.662832
v 0.968730 2.346373 -0.664943
v 0.956471 2.263334 -0.633197
v 0.939925 2.199407 -0.572426
v 0.921609 2.164325 -0.491882
v 0.904314 2.163427 -0.403827
v 0.982038 2.194238 -0.306449
v 0.972348 2.256947 -0.242988
v 0.966308 2.339443 -0.208184
v 0.964838 2.429169 -0.207334
v 0.968162 2.512463 -0.240569
v 0.975773 2.576645 -0.302828
v 0.986513 2.611945 -0.384634
v 0.998747 2.612987 -0.473531
v 1.010612 2.579613 -0.555987
v 1.020303 2.516904 -0.619448
v 1.026342 2.434408 -0.654253
v 1.027812 2.344682 -0.655102
v 1.024488 2.261388 -0.621867
v 1.016877 2.197206 -0.559608
v 1.006137 2.161906 -0.477803
v 0.993903 2.160864 -0.388905
v 1.073997 2.199616 -0.296406
v 1.062517 2.262220 -0.233141
v 1.051383 2.344419 -0.198892
v 1.042290 2.433699 -0.198875
v 1.036620 2.516467 -0.233093
v 1.035238 2.580123 -0.296334
v 1.038354 2.614977 -0.378972
v 1.045494 2.615721 -0.468426
v 1.055570 2.582242 -0.551078
v 1.067049 2.519639 -0.614343
v 1.078183 2.437440 -0.648591
v 1.087277 2.348160 -0.648608
v 1.092946 2.265392 -0.614391
v 1.094328 2.201735 -0.551149
v 1.091212 2.166882 -0.468511
v 1.084073 2.166138 -0.379057
v 1.165574 2.212930 -0.291645
v 1.152313 2.275275 -0.228472
v 1.136106 2.356736 -0.194488
v 1.119420 2.444912 -0.194865
v 1.104794 2.526378 -0.229548
v 1.094456 2.588733 -0.293255
v 1.089980 2.622482 -0.376288
v 1.092046 2.622489 -0.466006
v 1.100341 2.588752 -0.548750
v 1.113601 2.526407 -0.611923
v 1.129808 2.444945 -0.645907
v 1.146495 2.356770 -0.645529
v 1.161120 2.275303 -0.610847
v 1.171458 2.212949 -0.547139
v 1.175935 2.179199 -0.464107
v 1.173868 2.179193 -0.374389
v 1.255797 2.234038 -0.292216
v 1.240781 2.295973 -0.229032
v 1.219576 2.376265 -0.195016
v 1.195409 2.462690 -0.195347
v 1.171960 2.542092 -0.229973
v 1.152799 2.602382 -0.293625
v 1.140842 2.634382 -0.376610
v 1.137910 2.633219 -0.466296
v 1.144450 2.599071 -0.549029
v 1.159465 2.537137 -0.612213
v 1.180671 2.456845 -0.646229
v 1.204837 2.370419 -0.645899
v 1.228287 2.291017 -0.611272
v 1.247448 2.230727 -0.547621
v 1.259405 2.198728 -0.464635
v 1.262336 2.199890 -0.374949
v 1.343712 2.262717 -0.298114
v 1.326986 2.324094 -0.234815
v 1.300910 2.402797 -0.200472
v 1.269455 2.486845 -0.200314
v 1.237408 2.563442 -0.234364
v 1.209648 2.620927 -0.297438
v 1.190403 2.650549 -0.379935
v 1.182601 2.647798 -0.469294
v 1.187430 2.613092 -0.551912
v 1.204156 2.551715 -0.615211
v 1.230232 2.473012 -0.649554
v 1.261687 2.388964 -0.649712
v 1.293734 2.312367 -0.615662
v 1.321494 2.254882 -0.552588
v 1.340739 2.225260 -0.470091
v 1.348541 2.228012 -0.380732
v 1.428385 2.298663 -0.309274
v 1.410012 2.359340 -0.245759
v 1.379245 2.436052 -0.210798
v 1.340770 2.517120 -0.209714
v 1.300442 2.590201 -0.242672
v 1.264402 2.644171 -0.304655
v 1.238136 2.670813 -0.386227
v 1.225644 2.666070 -0.474968
v 1.228826 2.630665 -0.557369
v 1.247199 2.569988 -0.620885
v 1.277965 2.493276 -0.655845
v 1.316441 2.412208 -0.656929
v 1.356768 2.339126 -0.623971
v 1.392808 2.285156 -0.561988
v 1.419074 2.258515 -0.480417
v 1.431567 2.263258 -0.391675
v 1.508919 2.341494 -0.325581
v 1.488980 2.401338 -0.261748
v 1.453752 2.475677 -0.225883
v 1.408599 2.553194 -0.223448
v 1.360396 2.622087 -0.254812
v 1.316480 2.671868 -0.315200
v 1.283537 2.694959 -0.395419
v 1.266583 2.687843 -0.483257
v 1.268199 2.651605 -0.565341
v 1.288138 2.591761 -0.629174
v 1.323366 2.517422 -0.665038
v 1.368518 2.439905 -0.667474
v 1.416722 2.371012 -0.636110
v 1.460638 2.321231 -0.575722
v 1.493581 2.298140 -0.495502
v 1.510535 2.305256 -0.407665
v 1.584461 2.390757 -0.346860
v 1.563052 2.449642 -0.282613
v 1.523639 2.521252 -0.245570
v 1.472224 2.594685 -0.241370
v 1.416632 2.658760 -0.270653
v 1.365328 2.703724 -0.328960
v 1.326123 2.722730 -0.407415
v 1.304984 2.712885 -0.494074
v 1.305130 2.675689 -0.575744
v 1.326539 2.616803 -0.639991
v 1.365952 2.545193 -0.677034
v 1.417367 2.471761 -0.681234
v 1.472959 2.407685 -0.651951
v 1.524262 2.362722 -0.593644
v 1.563468 2.343715 -0.515188
v 1.584607 2.353560 -0.428530
v 1.654210 2.445929 -0.372886
v 1.631444 2.503741 -0.308133
v 1.588168 2.572295 -0.269648
v 1.530969 2.641153 -0.263290
v 1.468557 2.699833 -0.290027
v 1.410432 2.739401 -0.345789
v 1.365443 2.753833 -0.422087
v 1.340440 2.740932 -0.507304
v 1.339230 2.702662 -0.588468
v 1.361995 2.644850 -0.653221
v 1.405272 2.576296 -0.691706
v 1.462470 2.507438 -0.698063
v 1.524883 2.448758 -0.671326
v 1.583008 2.409190 -0.615564
v 1.627996 2.394758 -0.539266
v 1.652999 2.407659 -0.454049
v 1.717426 2.506425 -0.403383
v 1.693430 2.563061 -0.338036
v 1.646652 2.628263 -0.297862
v 1.584212 2.692106 -0.288976
v 1.515617 2.744869 -0.312731
v 1.451310 2.778521 -0.365510
v 1.401080 2.787937 -0.439279
v 1.372576 2.771685 -0.522807
v 1.370135 2.732238 -0.603377
v 1.394131 2.675602 -0.668724
v 1.440909 2.610400 -0.708898
v 1.503349 2.546557 -0.717784
v 1.571944 2.493794 -0.694029
v 1.636251 2.460143 -0.641250
v 1.686481 2.450726 -0.567481
v 1.714985 2.466979 -0.483953
v 1.773439 2.571605 -0.438028
v 1.748354 2.626973 -0.372007
v 1.698473 2.688565 -0.329914
v 1.631389 2.747003 -0.318155
v 1.557317 2.793392 -0.338522
v 1.487531 2.820669 -0.387913
v 1.432657 2.824682 -0.458810
v 1.401050 2.804819 -0.540418
v 1.397520 2.764104 -0.620315
v 1.422605 2.708736 -0.686335
v 1.472486 2.647145 -0.728429
v 1.539570 2.588706 -0.740187
v 1.613643 2.542317 -0.719820
v 1.683428 2.515040 -0.670429
v 1.738302 2.511028 -0.599532
v 1.769910 2.530891 -0.517924
v 1.821656 2.640777 -0.476453
v 1.795633 2.694799 -0.409685
v 1.743081 2.752559 -0.365463
v 1.672000 2.805263 -0.350518
v 1.593211 2.844887 -0.367127
v 1.518710 2.865399 -0.412761
v 1.459839 2.863677 -0.480472
v 1.425560 2.839982 -0.559952
v 1.421093 2.797921 -0.639100
v 1.447115 2.743899 -0.705868
v 1.499668 2.686140 -0.750091
v 1.570749 2.633436 -0.765035
v 1.649538 2.593812 -0.748426
v 1.724039 2.573299 -0.702792
v 1.782910 2.575022 -0.635082
v 1.817189 2.598717 -0.555602
v 1.861566 2.713209 -0.518252
v 1.834767 2.765822 -0.450671
v 1.780003 2.819569 -0.404133
v 1.705613 2.866268 -0.385723
v 1.622922 2.898808 -0.398244
v 1.544518 2.912237 -0.439790
v 1.482338 2.904509 -0.504035
v 1.445848 2.876801 -0.581200
v 1.440604 2.833332 -0.659535
v 1.467403 2.780719 -0.727116
v 1.522166 2.726972 -0.773654
v 1.596557 2.680274 -0.792064
v 1.679248 2.647733 -0.779543
v 1.757652 2.634305 -0.737997
v 1.819832 2.642032 -0.673752
v 1.856322 2.669740 -0.596587
v 1.892745 2.788131 -0.562980
v 1.865339 2.839287 -0.494529
v 1.808848 2.888884 -0.445513
v 1.731873 2.929370 -0.423395
v 1.646133 2.954584 -0.431542
v 1.564680 2.960685 -0.468714
v 1.499915 2.946746 -0.529251
v 1.461698 2.914888 -0.603937
v 1.455847 2.869961 -0.681403
v 1.483253 2.818805 -0.749854
v 1.539743 2.769209 -0.798870
v 1.616719 2.728722 -0.820987
v 1.702459 2.703509 -0.812841
v 1.783912 2.697407 -0.775669
v 1.848677 2.711347 -0.715132
v 1.886894 2.743205 -0.640446
v 1.914863 2.864752 -0.610165
v 1.887027 2.914417 -0.540796
v 1.829311 2.959769 -0.489167
v 1.750502 2.993903 -0.463137
v 1.662598 3.011623 -0.466669
v 1.578982 3.010231 -0.499226
v 1.512383 2.989940 -0.555851
v 1.472941 2.953837 -0.627923
v 1.466660 2.907420 -0.704471
v 1.494496 2.857755 -0.773840
v 1.552212 2.812403 -0.825469
v 1.631021 2.778268 -0.851500
v 1.718925 2.760548 -0.847967
v 1.802541 2.761940 -0.815410
v 1.869140 2.782232 -0.758785
v 1.908582 2.818335 -0.686713
v 1.927685 2.942256 -0.659306
v 1.899599 2.990413 -0.588981
v 1.841173 3.031472 -0.534629
v 1.761302 3.059180 -0.504525
v 1.672144 3.069321 -0.503251
v 1.587274 3.060349 -0.531002
v 1.519612 3.033632 -0.583553
v 1.479459 2.993236 -0.652904
v 1.472929 2.945311 -0.728495
v 1.501014 2.897153 -0.798820
v 1.559441 2.856095 -0.853172
v 1.639313 2.828386 -0.883276
v 1.728470 2.818246 -0.884550
v 1.813340 2.827217 -0.856798
v 1.881002 2.853935 -0.804248
v 1.921155 2.894331 -0.734897
v 1.931076 3.019825 -0.709882
v 1.902924 3.066473 -0.638573
v 1.844310 3.103234 -0.581419
v 1.764157 3.124512 -0.547122
v 1.674668 3.127066 -0.540902
v 1.589466 3.110509 -0.563707
v 1.521523 3.077360 -0.612065
v 1.481183 3.032667 -0.678613
v 1.474586 2.983233 -0.753221
v 1.502738 2.936585 -0.824530
v 1.561352 2.899823 -0.881683
v 1.641505 2.878546 -0.915981
v 1.730994 2.875991 -0.922201
v 1.816196 2.892549 -0.899396
v 1.884139 2.925697 -0.851038
v 1.924480 2.970391 -0.784489
v 1.924999 3.096633 -0.761356
v 1.896966 3.141788 -0.689046
v 1.838688 3.174294 -0.629040
v 1.759039 3.189203 -0.590476
v 1.670144 3.184246 -0.579222
v 1.585537 3.160177 -0.596993
v 1.518098 3.120661 -0.641083
v 1.478094 3.071712 -0.704780
v 1.471616 3.020784 -0.778386
v 1.499649 2.975630 -0.850696
v 1.557927 2.943124 -0.910702
v 1.637576 2.928214 -0.949267
v 1.726471 2.933171 -0.960520
v 1.811078 2.957240 -0.942749
v 1.878517 2.996757 -0.898659
v 1.918521 3.045705 -0.834962
v 1.909520 3.171870 -0.813184
v 1.881787 3.215560 -0.739865
v 1.824368 3.243899 -0.676989
v 1.746002 3.252571 -0.634127
v 1.658621 3.240256 -0.617805
v 1.575527 3.208828 -0.630507
v 1.509371 3.163074 -0.670300
v 1.470225 3.109958 -0.731126
v 1.464048 3.057566 -0.803724
v 1.491780 3.013876 -0.877043
v 1.549200 2.985537 -0.939919
v 1.627566 2.976866 -0.982781
v 1.714947 2.989181 -0.999103
v 1.798041 3.020607 -0.986401
v 1.864196 3.066362 -0.946608
v 1.903342 3.119478 -0.885782
v 1.884801 3.244736 -0.864815
v 1.857549 3.287009 -0.790493
v 1.801499 3.311311 -0.724756
v 1.725183 3.313941 -0.677613
v 1.640219 3.294500 -0.656242
v 1.559543 3.255947 -0.663895
v 1.495436 3.204152 -0.699407
v 1.457659 3.146999 -0.757372
v 1.451963 3.093190 -0.828966
v 1.479215 3.050916 -0.903289
v 1.535265 3.026615 -0.969026
v 1.611582 3.023984 -1.016168
v 1.696545 3.043425 -1.037540
v 1.777221 3.081978 -1.029887
v 1.841328 3.133774 -0.994375
v 1.879105 3.190927 -0.936409
v 1.851106 3.314458 -0.915703
v 1.824510 3.355375 -0.840390
v 1.770326 3.375814 -0.771835
v 1.696803 3.372664 -0.720473
v 1.615135 3.346405 -0.694125
v 1.537754 3.301033 -0.696801
v 1.476441 3.243457 -0.728094
v 1.440531 3.182441 -0.783241
v 1.435490 3.127276 -0.853845
v 1.462086 3.086359 -0.929158
v 1.516270 3.065920 -0.997713
v 1.589793 3.069070 -1.049075
v 1.671461 3.095329 -1.075423
v 1.748842 3.140701 -1.072747
v 1.810155 3.198277 -1.041454
v 1.846065 3.259293 -0.986307
v 1.808790 3.380299 -0.965309
v 1.783018 3.419935 -0.889031
v 1.731178 3.436727 -0.817727
v 1.661163 3.428118 -0.762253
v 1.583633 3.395419 -0.731053
v 1.510391 3.343608 -0.728878
v 1.452586 3.280574 -0.756059
v 1.419020 3.215911 -0.808457
v 1.414802 3.159465 -0.878096
v 1.440575 3.119829 -0.954374
v 1.492415 3.103037 -1.025678
v 1.562430 3.111645 -1.081152
v 1.639960 3.144344 -1.112352
v 1.713202 3.196155 -1.114527
v 1.771006 3.259190 -1.087346
v 1.804573 3.323852 -1.034948
v -0.924371 4.515405 -3.744452
v -0.969630 4.590353 -3.724754
v -1.037675 4.640707 -3.694956
v -1.118147 4.658801 -3.659594
v -1.198794 4.641880 -3.624051
v -1.267339 4.592521 -3.593739
v -1.313346 4.518238 -3.573272
v -1.329812 4.430340 -3.565767
v -1.314229 4.342208 -3.572365
v -1.268970 4.267260 -3.592062
v -1.200925 4.216907 -3.621861
v -1.120453 4.198812 -3.657223
v -1.039806 4.215733 -3.692765
v -0.971261 4.265092 -3.723078
v -0.925254 4.339375 -3.743544
v -0.908788 4.427274 -3.751050
v -0.965690 4.513359 -3.827366
v -1.010145 4.588346 -3.806056
v -1.075901 4.638814 -3.771664
v -1.152947 4.657078 -3.729428
v -1.229553 4.640357 -3.685776
v -1.294057 4.591198 -3.647356
v -1.336639 4.517085 -3.620014
v -1.350816 4.429300 -3.607916
v -1.334429 4.341208 -3.612901
v -1.289974 4.266220 -3.634212
v -1.224218 4.215754 -3.668603
v -1.147172 4.197490 -3.710840
v -1.070565 4.214211 -3.754490
v -1.006062 4.263370 -3.792911
v -0.963480 4.337482 -3.820252
v -0.949303 4.425268 -3.832351
v -1.014656 4.507743 -3.905832
v -1.058159 4.582840 -3.882996
v -1.121202 4.633618 -3.844257
v -1.194189 4.652348 -3.795515
v -1.266006 4.636176 -3.744190
v -1.325721 4.587566 -3.698096
v -1.364243 4.513919 -3.664249
v -1.375707 4.426445 -3.647803
v -1.358368 4.338462 -3.651262
v -1.314865 4.263365 -3.674099
v -1.251822 4.212587 -3.712838
v -1.178836 4.193858 -3.761580
v -1.107018 4.210029 -3.812904
v -1.047303 4.258639 -3.858999
v -1.008781 4.332287 -3.892846
v -0.997316 4.419761 -3.909291
v -1.070751 4.498616 -3.979019
v -1.113162 4.573891 -3.954759
v -1.173098 4.625175 -3.911966
v -1.241434 4.644660 -3.857156
v -1.307765 4.629382 -3.798674
v -1.361995 4.581665 -3.745422
v -1.395866 4.508773 -3.705508
v -1.404222 4.421805 -3.685008
v -1.385792 4.334000 -3.687043
v -1.343380 4.258726 -3.711303
v -1.283444 4.207442 -3.754096
v -1.215109 4.187956 -3.808905
v -1.148777 4.203235 -3.867388
v -1.094548 4.250952 -3.920640
v -1.060677 4.323843 -3.960554
v -1.052320 4.410811 -3.981055
v -1.133379 4.486075 -4.046150
v -1.174572 4.561594 -4.020584
v -1.231039 4.613572 -3.974072
v -1.294182 4.634098 -3.913697
v -1.354389 4.620046 -3.848649
v -1.402493 4.573555 -3.788832
v -1.431172 4.501703 -3.743352
v -1.436059 4.415430 -3.719133
v -1.416410 4.327869 -3.719862
v -1.375217 4.252351 -3.745429
v -1.318751 4.200372 -3.791940
v -1.255608 4.179847 -3.852316
v -1.195401 4.193899 -3.917363
v -1.147296 4.240390 -3.977180
v -1.118617 4.312242 -4.022661
v -1.113730 4.398515 -4.046880
v -1.201877 4.470253 -4.106514
v -1.241738 4.546079 -4.079774
v -1.294410 4.598934 -4.029918
v -1.351874 4.620772 -3.964538
v -1.405382 4.608267 -3.893587
v -1.446788 4.563324 -3.827866
v -1.469788 4.492785 -3.777382
v -1.470880 4.407387 -3.749819
v -1.449898 4.320134 -3.749374
v -1.410038 4.244308 -3.776114
v -1.357366 4.191453 -3.825970
v -1.299902 4.169615 -3.891350
v -1.246394 4.182120 -3.962301
v -1.204988 4.227064 -4.028022
v -1.181988 4.297604 -4.078506
v -1.180896 4.383000 -4.106070
v -1.275519 4.451318 -4.159472
v -1.313948 4.527512 -4.131701
v -1.362540 4.581416 -4.078911
v -1.413898 4.604824 -4.009141
v -1.460205 4.594171 -3.933011
v -1.494408 4.551079 -3.862111
v -1.511302 4.482109 -3.807236
v -1.508315 4.397761 -3.776739
v -1.485901 4.310876 -3.775264
v -1.447473 4.234682 -3.803035
v -1.398881 4.180778 -3.855824
v -1.347522 4.157371 -3.925595
v -1.301216 4.168024 -4.001725
v -1.267013 4.211115 -4.072625
v -1.250119 4.280085 -4.127500
v -1.253106 4.364433 -4.157997
v -1.353525 4.429470 -4.204461
v -1.390436 4.506089 -4.175814
v -1.434707 4.561203 -4.120533
v -1.479598 4.586422 -4.047032
v -1.518275 4.577907 -3.966502
v -1.544850 4.536951 -3.891203
v -1.555277 4.469792 -3.832598
v -1.547969 4.386655 -3.799609
v -1.524038 4.300195 -3.797258
v -1.487126 4.223576 -3.825904
v -1.442856 4.168461 -3.881186
v -1.397964 4.143243 -3.954686
v -1.359287 4.151759 -4.035216
v -1.332712 4.192714 -4.110516
v -1.322285 4.259872 -4.169122
v -1.329594 4.343010 -4.202110
v -1.435067 4.404941 -4.241004
v -1.470391 4.482037 -4.211647
v -1.510145 4.538510 -4.154342
v -1.548276 4.565763 -4.077811
v -1.578979 4.559646 -3.993707
v -1.597579 4.521089 -3.914834
v -1.601245 4.455965 -3.853199
v -1.589420 4.374186 -3.818185
v -1.563902 4.288203 -3.815125
v -1.528578 4.211106 -3.844481
v -1.488824 4.154634 -3.901787
v -1.450693 4.127380 -3.978317
v -1.419991 4.133498 -4.062421
v -1.401391 4.172054 -4.141294
v -1.397724 4.237179 -4.202929
v -1.409549 4.318957 -4.237943
v -1.519281 4.377990 -4.268715
v -1.552967 4.455611 -4.238820
v -1.588056 4.513577 -4.179978
v -1.619205 4.543064 -4.101151
v -1.641671 4.539582 -4.014336
v -1.652036 4.503662 -3.932753
v -1.648720 4.440771 -3.868821
v -1.632229 4.360486 -3.832272
v -1.605074 4.275027 -3.828672
v -1.571387 4.197406 -3.858568
v -1.536299 4.139440 -3.917409
v -1.505150 4.109953 -3.996237
v -1.482683 4.113435 -4.083051
v -1.472319 4.149356 -4.164634
v -1.475634 4.212246 -4.228567
v -1.492125 4.292532 -4.265115
v -1.605274 4.348904 -4.287300
v -1.637287 4.427091 -4.257042
v -1.667612 4.486669 -4.197172
v -1.691631 4.518567 -4.116803
v -1.705688 4.517929 -4.028172
v -1.707643 4.484854 -3.944771
v -1.697198 4.424375 -3.879297
v -1.675943 4.345700 -3.841720
v -1.647115 4.260808 -3.837758
v -1.615101 4.182621 -3.868015
v -1.584777 4.123043 -3.927886
v -1.560758 4.091145 -4.008255
v -1.546701 4.091783 -4.096886
v -1.544746 4.124858 -4.180287
v -1.555191 4.185337 -4.245760
v -1.576446 4.264011 -4.283338
v -1.692135 4.317991 -4.296561
v -1.722459 4.396779 -4.266124
v -1.747971 4.458069 -4.205739
v -1.764789 4.492530 -4.124603
v -1.770352 4.494916 -4.035067
v -1.763811 4.464864 -3.950760
v -1.746165 4.406948 -3.884518
v -1.720098 4.329986 -3.846427
v -1.689580 4.245695 -3.842285
v -1.659256 4.166906 -3.872723
v -1.633744 4.105617 -3.933107
v -1.616926 4.071155 -4.014244
v -1.611364 4.068769 -4.103781
v -1.617904 4.098822 -4.188087
v -1.635550 4.156738 -4.254328
v -1.661617 4.233700 -4.292419
v -1.778943 4.285579 -4.296402
v -1.807578 4.364997 -4.265966
v -1.828282 4.428083 -4.205592
v -1.837903 4.465232 -4.124469
v -1.834975 4.470787 -4.034947
v -1.819945 4.443904 -3.950656
v -1.795102 4.388676 -3.884428
v -1.764226 4.313509 -3.846346
v -1.732019 4.229848 -3.842207
v -1.703384 4.150430 -3.872642
v -1.682681 4.087344 -3.933017
v -1.673060 4.050196 -4.014140
v -1.675987 4.044641 -4.103662
v -1.691017 4.071523 -4.187953
v -1.715860 4.126751 -4.254180
v -1.746736 4.201918 -4.292263
v -1.864778 4.252011 -4.286821
v -1.891743 4.332083 -4.256573
v -1.907692 4.397027 -4.196729
v -1.910196 4.436959 -4.116400
v -1.898874 4.445797 -4.027815
v -1.875450 4.422197 -3.944461
v -1.843490 4.369752 -3.879028
v -1.807860 4.296445 -3.841476
v -1.773983 4.213437 -3.837524
v -1.747018 4.133366 -3.867772
v -1.731069 4.068420 -3.927616
v -1.728565 4.028489 -4.007945
v -1.739887 4.019650 -4.096529
v -1.763310 4.043250 -4.179884
v -1.795270 4.095696 -4.245317
v -1.830901 4.169003 -4.282869
v -1.948729 4.217643 -4.267923
v -1.974062 4.298383 -4.238042
v -1.985360 4.365232 -4.179245
v -1.980904 4.408012 -4.100483
v -1.961372 4.420212 -4.013747
v -1.929738 4.399974 -3.932241
v -1.890817 4.350377 -3.868374
v -1.850536 4.278974 -3.831869
v -1.815026 4.196635 -3.828285
v -1.789694 4.115895 -3.858165
v -1.778396 4.049046 -3.916962
v -1.782852 4.006265 -3.995724
v -1.802384 3.994066 -4.082461
v -1.834018 4.014304 -4.163967
v -1.872938 4.063900 -4.227834
v -1.913219 4.135303 -4.264338
v -2.029908 4.182839 -4.239907
v -2.053661 4.264256 -4.210572
v -2.060462 4.333033 -4.153327
v -2.049276 4.378699 -4.076887
v -2.021805 4.394303 -3.992890
v -1.982232 4.377468 -3.914124
v -1.936581 4.330757 -3.852580
v -1.891802 4.261282 -3.817628
v -1.854714 4.179620 -3.814588
v -1.830960 4.098203 -3.843923
v -1.824160 4.029426 -3.901169
v -1.835346 3.983759 -3.977608
v -1.862817 3.968156 -4.061604
v -1.902390 3.984991 -4.140370
v -1.948041 4.031702 -4.201915
v -1.992819 4.101177 -4.236867
v -2.107454 4.147968 -4.203070
v -2.129698 4.230064 -4.174451
v -2.132203 4.300773 -4.119246
v -2.114587 4.349330 -4.045861
v -2.079533 4.368344 -3.965467
v -2.032376 4.354918 -3.890304
v -1.980296 4.311099 -3.831814
v -1.931222 4.243556 -3.798902
v -1.892625 4.162572 -3.796578
v -1.870380 4.080477 -3.825197
v -1.867875 4.009768 -3.880402
v -1.885490 3.961210 -3.953787
v -1.920545 3.942197 -4.034182
v -1.967702 3.955622 -4.109345
v -2.019782 3.999441 -4.167835
v -2.068856 4.066984 -4.200747
v -2.180543 4.113400 -4.157803
v -2.201366 4.196168 -4.130064
v -2.199822 4.268792 -4.077367
v -2.176147 4.320215 -4.007735
v -2.133944 4.342610 -3.931768
v -2.079639 4.332566 -3.861032
v -2.021500 4.291612 -3.806294
v -1.968377 4.225984 -3.775890
v -1.928358 4.145673 -3.774448
v -1.907534 4.062904 -3.802186
v -1.909078 3.990281 -3.854883
v -1.932754 3.938857 -3.924515
v -1.974957 3.916463 -4.000482
v -2.029261 3.926507 -4.071218
v -2.087401 3.967461 -4.125956
v -2.140524 4.033089 -4.156360
v -2.248403 4.079502 -4.104584
v -2.267906 4.162930 -4.077881
v -2.262602 4.237432 -4.028132
v -2.233301 4.291665 -3.962913
v -2.184462 4.317374 -3.892150
v -2.123521 4.310645 -3.826618
v -2.059755 4.272502 -3.776293
v -2.002873 4.208752 -3.748837
v -1.961533 4.129100 -3.748430
v -1.942030 4.045672 -3.775133
v -1.947334 3.971171 -3.824882
v -1.976635 3.916937 -3.890102
v -2.025474 3.891227 -3.960864
v -2.086415 3.897957 -4.026396
v -2.150181 3.936100 -4.076721
v -2.207063 3.999850 -4.104177
v -2.310313 4.046633 -4.043980
v -2.328611 4.130699 -4.018456
v -2.319879 4.207022 -3.972064
v -2.285444 4.263981 -3.911869
v -2.230550 4.292905 -3.847033
v -2.163555 4.289390 -3.787428
v -2.094656 4.253972 -3.742128
v -2.034344 4.192043 -3.718029
v -1.991800 4.113030 -3.718801
v -1.973502 4.028963 -3.744325
v -1.982235 3.952641 -3.790716
v -2.016669 3.895682 -3.850912
v -2.071563 3.866758 -3.915747
v -2.138558 3.870272 -3.975352
v -2.207457 3.905690 -4.020652
v -2.267769 3.967620 -4.044751
v -2.365617 4.015140 -3.976631
v -2.382839 4.099819 -3.952417
v -2.371043 4.177886 -3.909756
v -2.332024 4.237456 -3.855145
v -2.271721 4.269460 -3.796896
v -2.199317 4.269026 -3.743877
v -2.125833 4.236218 -3.704161
v -2.062457 4.176034 -3.683793
v -2.018838 4.097633 -3.685875
v -2.001616 4.012955 -3.710089
v -2.013412 3.934887 -3.752749
v -2.052431 3.875317 -3.807361
v -2.112734 3.843313 -3.865610
v -2.185138 3.843748 -3.918628
v -2.258622 3.876555 -3.958345
v -2.321998 3.936740 -3.978713
v -2.413729 3.985358 -3.903252
v -2.430016 4.070617 -3.880465
v -2.415554 4.150334 -3.841870
v -2.372545 4.212373 -3.793342
v -2.307538 4.247290 -3.742269
v -2.230429 4.249767 -3.696427
v -2.152956 4.219429 -3.662794
v -2.086915 4.160894 -3.646492
v -2.042359 4.083074 -3.650001
v -2.026073 3.997815 -3.672788
v -2.040534 3.918098 -3.711383
v -2.083543 3.856059 -3.759911
v -2.148550 3.821142 -3.810983
v -2.225660 3.818665 -3.856826
v -2.303133 3.849002 -3.890458
v -2.369174 3.907537 -3.906761
v -2.454139 3.957603 -3.824621
v -2.469640 4.043401 -3.803364
v -2.452939 4.124656 -3.769124
v -2.406581 4.188996 -3.727115
v -2.337621 4.226627 -3.683733
v -2.256559 4.231819 -3.645580
v -2.175737 4.203783 -3.618467
v -2.107457 4.146785 -3.606520
v -2.062116 4.069505 -3.611559
v -2.046615 3.983706 -3.632816
v -2.063315 3.902451 -3.667055
v -2.109674 3.838111 -3.709064
v -2.178634 3.800480 -3.752447
v -2.259695 3.795288 -3.790599
v -2.340518 3.823325 -3.817713
v -2.408798 3.880322 -3.829659
v -2.486419 3.932169 -3.741570
v -2.501291 4.018462 -3.721929
v -2.482803 4.101126 -3.692291
v -2.433768 4.167575 -3.657167
v -2.361651 4.207693 -3.621907
v -2.277433 4.215372 -3.591876
v -2.193934 4.189445 -3.571648
v -2.123866 4.133856 -3.564302
v -2.077897 4.057070 -3.570957
v -2.063024 3.970776 -3.590598
v -2.081512 3.888113 -3.620236
v -2.130548 3.821664 -3.655360
v -2.202664 3.781546 -3.690620
v -2.286882 3.773866 -3.720651
v -2.370381 3.799794 -3.740879
v -2.440449 3.855382 -3.748225
v -2.510226 3.909324 -3.654982
v -2.524635 3.996062 -3.637025
v -2.504828 4.079991 -3.612183
v -2.453820 4.148335 -3.584239
v -2.379375 4.190687 -3.557446
v -2.292828 4.200601 -3.535884
v -2.207355 4.176566 -3.522835
v -2.135968 4.122243 -3.520286
v -2.089536 4.045902 -3.528625
v -2.075126 3.959164 -3.546581
v -2.094934 3.875235 -3.571423
v -2.145942 3.806891 -3.599368
v -2.220387 3.764539 -3.626160
v -2.306934 3.754626 -3.647723
v -2.392406 3.778660 -3.660771
v -2.463794 3.832983 -3.663321
v -2.525308 3.889313 -3.565773
v -2.539424 3.976440 -3.549551
v -2.518781 4.061478 -3.529651
v -2.466522 4.131480 -3.509103
v -2.390602 4.175789 -3.491035
v -2.302581 4.187660 -3.478197
v -2.215857 4.165285 -3.472544
v -2.143635 4.112071 -3.474937
v -2.096909 4.036119 -3.485011
v -2.082793 3.948991 -3.501233
v -2.103436 3.863953 -3.521132
v -2.155695 3.793952 -3.541681
v -2.231615 3.749642 -3.559749
v -2.319636 3.737771 -3.572587
v -2.406359 3.760146 -3.578240
v -2.478582 3.813361 -3.575847
v -2.531505 3.872346 -3.474889
v -2.545501 3.959804 -3.460435
v -2.524514 4.045781 -3.445570
v -2.471741 4.117189 -3.432557
v -2.395216 4.163158 -3.423376
v -2.306588 4.176688 -3.419427
v -2.219351 4.155720 -3.421309
v -2.146786 4.103446 -3.428736
v -2.099939 4.027823 -3.440579
v -2.085943 3.940367 -3.455033
v -2.106930 3.854389 -3.469898
v -2.159703 3.782980 -3.482911
v -2.236228 3.737011 -3.492091
v -2.324856 3.723481 -3.496040
v -2.412093 3.744450 -3.494159
v -2.484659 3.796724 -3.486731
v -2.528752 3.858604 -3.383293
v -2.542800 3.946328 -3.370621
v -2.521967 4.033068 -3.360830
v -2.469423 4.105616 -3.355411
v -2.393166 4.152928 -3.355189
v -2.304808 4.167802 -3.360197
v -2.217799 4.147973 -3.369673
v -2.145386 4.096460 -3.382175
v -2.098593 4.021105 -3.395799
v -2.084544 3.933381 -3.408471
v -2.105377 3.846642 -3.418262
v -2.157922 3.774094 -3.423681
v -2.234179 3.726781 -3.423903
v -2.322537 3.711907 -3.418895
v -2.409546 3.731736 -3.409419
v -2.481959 3.783249 -3.396917
v -2.517078 3.848232 -3.291957
v -2.531354 3.936158 -3.281061
v -2.511167 4.023472 -3.276330
v -2.459590 4.096880 -3.278484
v -2.384475 4.145206 -3.287194
v -2.297258 4.161095 -3.301134
v -2.211217 4.142126 -3.318183
v -2.139451 4.091187 -3.335745
v -2.092885 4.016035 -3.351145
v -2.078609 3.928108 -3.362041
v -2.098796 3.840795 -3.366772
v -2.150373 3.767387 -3.364618
v -2.225487 3.719060 -3.355908
v -2.312704 3.703171 -3.341967
v -2.398745 3.722141 -3.324919
v -2.470511 3.773079 -3.307357
v -2.496605 3.841340 -3.201847
v -2.511280 3.929401 -3.192705
v -2.492227 4.017096 -3.192966
v -2.442347 4.091075 -3.202590
v -2.369235 4.140076 -3.220113
v -2.284020 4.156638 -3.242866
v -2.199677 4.138241 -3.267385
v -2.129044 4.087684 -3.289938
v -2.082876 4.012665 -3.307092
v -2.068202 3.924605 -3.316234
v -2.087255 3.836910 -3.315974
v -2.137134 3.762930 -3.306349
v -2.210247 3.713929 -3.288827
v -2.295462 3.697367 -3.266074
v -2.379805 3.715765 -3.241554
v -2.450437 3.766321 -3.219001
v -2.467553 3.838002 -3.113922
v -2.482792 3.926127 -3.106490
v -2.465348 4.014007 -3.111621
v -2.417878 4.088264 -3.128536
v -2.347607 4.137591 -3.154657
v -2.265234 4.154480 -3.186008
v -2.183298 4.136359 -3.217818
v -2.114275 4.085987 -3.245242
v -2.068673 4.011033 -3.264106
v -2.053433 3.922908 -3.271538
v -2.070877 3.835027 -3.266406
v -2.118348 3.760771 -3.249492
v -2.188619 3.711444 -3.223371
v -2.270993 3.694555 -3.192019
v -2.352927 3.712676 -3.160210
v -2.421950 3.763048 -3.132786
v -2.430227 3.838252 -3.029110
v -2.446193 3.926372 -3.023328
v -2.430817 4.014238 -3.033158
v -2.386441 4.088474 -3.057104
v -2.319820 4.137777 -3.091519
v -2.241097 4.154641 -3.131166
v -2.162256 4.136499 -3.170007
v -2.095301 4.086114 -3.202129
v -2.050425 4.011155 -3.222642
v -2.034459 3.923035 -3.228425
v -2.049835 3.835168 -3.218595
v -2.094211 3.760933 -3.194649
v -2.160832 3.711630 -3.160234
v -2.239555 3.694765 -3.120588
v -2.318396 3.712907 -3.081747
v -2.385351 3.763293 -3.049624
v -2.385025 3.842088 -2.948313
v -2.401870 3.930133 -2.944103
v -2.388998 4.017787 -2.958409
v -2.348370 4.091705 -2.989053
v -2.286169 4.140633 -3.031370
v -2.211867 4.157122 -3.078918
v -2.136774 4.138662 -3.124458
v -2.072323 4.088064 -3.161056
v -2.028326 4.013031 -3.183142
v -2.011481 3.924985 -3.187352
v -2.024353 3.837331 -3.173046
v -2.064981 3.763413 -3.142402
v -2.127182 3.714486 -3.100085
v -2.201484 3.697996 -3.052537
v -2.276577 3.716456 -3.006997
v -2.341028 3.767054 -2.970399
v -2.332424 3.849469 -2.872386
v -2.350293 3.937371 -2.869652
v -2.340335 4.024616 -2.888165
v -2.304068 4.097921 -2.925104
v -2.247012 4.146128 -2.974847
v -2.177853 4.161895 -3.029820
v -2.107121 4.142823 -3.081655
v -2.045584 4.091816 -3.122459
v -2.002610 4.016639 -3.146022
v -1.984742 3.928737 -3.148755
v -1.994700 3.841492 -3.130243
v -2.030968 3.768186 -3.093304
v -2.088024 3.719980 -3.043561
v -2.157182 3.704213 -2.988588
v -2.227914 3.723285 -2.936753
v -2.289451 3.774292 -2.895948
v -2.272985 3.860317 -2.802134
v -2.292009 3.948008 -2.800767
v -2.285344 4.034653 -2.823171
v -2.254004 4.107059 -2.865935
v -2.202762 4.154203 -2.922548
v -2.139416 4.168910 -2.984392
v -2.073613 4.148939 -3.042051
v -2.015368 4.097331 -3.086747
v -1.973551 4.021943 -3.111676
v -1.954526 3.934251 -3.113043
v -1.961191 3.847607 -3.090639
v -1.992531 3.775201 -3.047875
v -2.043774 3.728056 -2.991262
v -2.107119 3.713350 -2.929419
v -2.172923 3.733321 -2.871759
v -2.231167 3.784929 -2.827063
v -2.207334 3.874518 -2.738301
v -2.227635 3.961932 -2.738176
v -2.224608 4.047790 -2.764116
v -2.198711 4.119019 -2.812172
v -2.153888 4.164775 -2.875028
v -2.096963 4.178092 -2.943115
v -2.036603 4.156944 -3.006066
v -1.981995 4.104549 -3.054298
v -1.941455 4.028885 -3.080469
v -1.921153 3.941470 -3.080594
v -1.924181 3.855613 -3.054654
v -1.950078 3.784384 -3.006598
v -1.994900 3.738628 -2.943743
v -2.051825 3.725310 -2.875656
v -2.112186 3.746458 -2.812705
v -2.166793 3.798853 -2.764472
v -2.136169 3.891919 -2.681565
v -2.157856 3.978996 -2.682544
v -2.158770 4.063889 -2.711627
v -2.138773 4.133675 -2.764387
v -2.100910 4.177730 -2.832791
v -2.050945 4.189345 -2.906426
v -1.996485 4.166754 -2.974082
v -1.945820 4.113396 -3.025457
v -1.906664 4.037393 -3.052732
v -1.884978 3.950316 -3.051753
v -1.884063 3.865423 -3.022670
v -1.904060 3.795637 -2.969910
v -1.941923 3.751582 -2.901506
v -1.991888 3.739967 -2.827871
v -2.046348 3.762558 -2.760216
v -2.097013 3.815916 -2.708840
v -2.060245 3.912338 -2.632527
v -2.083407 3.999017 -2.634460
v -2.088528 4.082780 -2.666260
v -2.074826 4.150872 -2.723085
v -2.044389 4.192930 -2.796285
v -2.001849 4.202549 -2.874716
v -1.953683 4.178266 -2.946437
v -1.907224 4.123775 -3.000529
v -1.869545 4.047375 -3.028758
v -1.846382 3.960696 -3.026825
v -1.841262 3.876934 -2.995025
v -1.854963 3.808841 -2.938200
v -1.885401 3.766783 -2.865000
v -1.927941 3.757164 -2.786569
v -1.976107 3.781448 -2.714848
v -2.022565 3.835938 -2.660756
v -1.980365 3.935557 -2.591707
v -2.005082 4.021785 -2.594434
v -2.014628 4.104261 -2.628495
v -2.007549 4.170429 -2.688705
v -1.984923 4.210216 -2.765897
v -1.950195 4.217564 -2.848320
v -1.908652 4.191355 -2.923425
v -1.866618 4.135579 -2.979778
v -1.830493 4.058727 -3.008801
v -1.805776 3.972499 -3.006074
v -1.796230 3.890024 -2.972013
v -1.803309 3.823856 -2.911803
v -1.825935 3.784069 -2.834611
v -1.860663 3.776721 -2.752188
v -1.902206 3.802930 -2.677083
v -1.944240 3.858706 -2.620730
v -1.897377 3.961332 -2.559537
v -1.923708 4.047058 -2.562889
v -1.937851 4.128106 -2.598733
v -1.937653 4.192137 -2.661610
v -1.923143 4.229403 -2.741948
v -1.896531 4.234231 -2.827517
v -1.861868 4.205885 -2.905289
v -1.824432 4.148681 -2.963425
v -1.789921 4.071328 -2.993073
v -1.763589 3.985601 -2.989721
v -1.749447 3.904554 -2.953878
v -1.749645 3.840522 -2.891001
v -1.764155 3.803256 -2.810662
v -1.790767 3.798429 -2.725093
v -1.825430 3.826775 -2.647321
v -1.862866 3.883979 -2.589185
v -1.812161 3.989387 -2.536358
v -1.840150 4.074567 -2.540162
v -1.859013 4.154061 -2.577289
v -1.865880 4.215766 -2.642088
v -1.859704 4.250289 -2.724693
v -1.841426 4.252373 -2.812529
v -1.813828 4.221701 -2.892223
v -1.781113 4.162942 -2.951642
v -1.748260 4.085043 -2.981742
v -1.720271 3.999863 -2.977938
v -1.701407 3.920369 -2.940811
v -1.694540 3.858664 -2.876012
v -1.700716 3.824142 -2.793407
v -1.718995 3.822058 -2.705571
v -1.746592 3.852730 -2.625877
v -1.779308 3.911488 -2.566458
v -1.725619 4.019426 -2.522417
v -1.755291 4.104022 -2.526491
v -1.778949 4.181852 -2.564391
v -1.792991 4.241067 -2.630346
v -1.795278 4.272652 -2.714314
v -1.785464 4.271798 -2.803513
v -1.765041 4.238635 -2.884363
v -1.737120 4.178213 -2.944555
v -1.705950 4.099730 -2.974926
v -1.676278 4.015133 -2.970851
v -1.652620 3.937304 -2.932951
v -1.638578 3.878089 -2.866997
v -1.636291 3.846504 -2.783028
v -1.646105 3.847358 -2.693829
v -1.666528 3.880521 -2.612979
v -1.694449 3.940943 -2.552787
v -1.638669 4.051130 -2.517860
v -1.670034 4.135110 -2.522023
v -1.698508 4.211184 -2.560175
v -1.719758 4.267770 -2.626508
v -1.730549 4.296254 -2.710922
v -1.729238 4.292299 -2.800567
v -1.716024 4.256508 -2.881794
v -1.692920 4.194329 -2.942239
v -1.663441 4.115230 -2.972698
v -1.632078 4.031250 -2.968535
v -1.603603 3.955177 -2.930383
v -1.582353 3.898591 -2.864050
v -1.571562 3.870107 -2.779636
v -1.572873 3.874061 -2.689991
v -1.586087 3.909852 -2.608764
v -1.609191 3.972031 -2.548319
v -1.552233 4.084165 -2.522737
v -1.585279 4.167501 -2.526805
v -1.618542 4.241745 -2.564687
v -1.646958 4.295592 -2.630615
v -1.666202 4.320846 -2.714552
v -1.673344 4.313661 -2.803720
v -1.667297 4.275131 -2.884543
v -1.648980 4.211122 -2.944718
v -1.621184 4.131379 -2.975082
v -1.588138 4.048043 -2.971014
v -1.554875 3.973799 -2.933132
v -1.526459 3.919952 -2.867204
v -1.507214 3.894699 -2.783267
v -1.500073 3.901884 -2.694098
v -1.506120 3.940413 -2.613275
v -1.524436 4.004422 -2.553100
v -1.467227 4.118178 -2.536994
v -1.501926 4.200853 -2.540786
v -1.539899 4.273212 -2.577878
v -1.575363 4.324240 -2.642623
v -1.602921 4.346167 -2.725166
v -1.618376 4.335655 -2.812940
v -1.619376 4.294305 -2.892581
v -1.605768 4.228413 -2.951966
v -1.579625 4.148008 -2.982053
v -1.544926 4.065333 -2.978261
v -1.506954 3.992974 -2.941170
v -1.471490 3.941946 -2.876424
v -1.443933 3.920020 -2.793881
v -1.428477 3.930531 -2.706107
v -1.427477 3.971881 -2.626466
v -1.441085 4.037774 -2.567081
v -1.384552 4.152810 -2.560483
v -1.420860 4.234812 -2.563817
v -1.463412 4.305252 -2.599608
v -1.505730 4.353408 -2.662406
v -1.541373 4.371948 -2.742652
v -1.564914 4.358049 -2.828129
v -1.572768 4.313829 -2.905823
v -1.563741 4.246017 -2.963906
v -1.539206 4.164939 -2.993536
v -1.502899 4.082938 -2.990202
v -1.460347 4.012497 -2.954411
v -1.418028 3.964341 -2.891612
v -1.382385 3.945801 -2.811366
v -1.358845 3.959700 -2.725890
v -1.350990 4.003921 -2.648196
v -1.360018 4.071732 -2.590113
v -1.305086 4.187694 -2.592952
v -1.342938 4.269016 -2.595655
v -1.389893 4.337524 -2.629647
v -1.438800 4.382789 -2.689754
v -1.482214 4.397917 -2.766824
v -1.513527 4.380607 -2.849125
v -1.527970 4.333494 -2.924127
v -1.523345 4.263750 -2.980412
v -1.500356 4.181993 -3.009410
v -1.462503 4.100671 -3.006707
v -1.415548 4.032163 -2.972715
v -1.366641 3.986898 -2.912608
v -1.323226 3.971770 -2.835538
v -1.291914 3.989080 -2.753237
v -1.277472 4.036193 -2.678235
v -1.282096 4.105937 -2.621950
v -1.229667 4.222459 -2.634059
v -1.268987 4.303105 -2.635962
v -1.320120 4.369688 -2.667677
v -1.375280 4.412069 -2.724375
v -1.426070 4.423798 -2.797426
v -1.464758 4.403088 -2.875707
v -1.485454 4.353092 -2.947300
v -1.485007 4.281423 -3.001308
v -1.463485 4.198990 -3.029507
v -1.424165 4.118343 -3.027604
v -1.373032 4.051761 -2.995889
v -1.317872 4.009379 -2.939190
v -1.267082 3.997651 -2.866140
v -1.228394 4.018361 -2.787859
v -1.207699 4.068357 -2.716265
v -1.208145 4.140026 -2.662258
v -1.159100 4.256737 -2.683367
v -1.199792 4.336717 -2.684311
v -1.254834 4.401400 -2.713294
v -1.315845 4.440940 -2.765905
v -1.373536 4.449316 -2.834133
v -1.419126 4.425254 -2.907592
v -1.445672 4.372416 -2.975097
v -1.449134 4.298848 -3.026373
v -1.428985 4.215748 -3.053613
v -1.388292 4.135768 -3.052669
v -1.333250 4.071085 -3.023686
v -1.272240 4.031546 -2.971075
v -1.214548 4.023169 -2.902847
v -1.168959 4.047232 -2.829388
v -1.142413 4.100069 -2.761883
v -1.138950 4.173637 -2.710607
v -1.094128 4.290165 -2.740354
v -1.136085 4.369495 -2.740189
v -1.194726 4.432326 -2.766016
v -1.261123 4.469094 -2.813902
v -1.325169 4.474202 -2.876557
v -1.377112 4.446870 -2.944442
v -1.409045 4.391262 -3.007223
v -1.416106 4.315841 -3.055342
v -1.397221 4.232091 -3.081473
v -1.355264 4.152761 -3.081638
v -1.296624 4.089930 -3.055812
v -1.230226 4.053162 -3.007926
v -1.166181 4.048055 -2.945271
v -1.114238 4.075386 -2.877386
v -1.082304 4.130995 -2.814604
v -1.075243 4.206416 -2.766485
v -1.035444 4.322390 -2.804415
v -1.078542 4.401092 -2.803005
v -1.140434 4.462138 -2.825282
v -1.211697 4.496235 -2.867857
v -1.281481 4.498191 -2.924247
v -1.339163 4.467708 -2.985867
v -1.375962 4.409428 -3.043337
v -1.386275 4.332222 -3.087907
v -1.368531 4.247845 -3.112792
v -1.325433 4.169142 -3.114203
v -1.263541 4.108096 -3.091926
v -1.192278 4.073999 -3.049351
v -1.122493 4.072043 -2.992961
v -1.064811 4.102526 -2.931340
v -1.028012 4.160807 -2.873871
v -1.017700 4.238012 -2.829300
v -0.983667 4.353067 -2.874873
v -1.027772 4.431173 -2.872092
v -1.092532 4.490520 -2.890466
v -1.168088 4.522073 -2.927199
v -1.242936 4.521029 -2.976698
v -1.305682 4.487545 -3.031429
v -1.346773 4.426722 -3.083057
v -1.359954 4.347816 -3.123724
v -1.343218 4.262843 -3.147238
v -1.299112 4.184737 -3.150019
v -1.234352 4.125390 -3.131645
v -1.158796 4.093837 -3.094912
v -1.083948 4.094882 -3.045413
v -1.021202 4.128365 -2.990683
v -0.980111 4.189189 -2.939054
v -0.966930 4.268094 -2.898387
v -0.939347 4.381874 -2.950979
v -0.984315 4.459419 -2.946717
v -1.051530 4.517170 -2.960875
v -1.130760 4.546335 -2.991298
v -1.209942 4.542474 -3.033355
v -1.277023 4.506174 -3.080642
v -1.321789 4.442961 -3.125961
v -1.337424 4.362460 -3.162411
v -1.321550 4.276926 -3.184445
v -1.276583 4.199381 -3.188707
v -1.209367 4.141629 -3.174549
v -1.130137 4.112465 -3.144126
v -1.050955 4.116327 -3.102069
v -0.983874 4.152627 -3.054782
v -0.939108 4.215839 -3.009463
v -0.923472 4.296340 -2.973012
v -0.902954 4.408504 -3.031927
v -0.948629 4.485532 -3.026091
v -1.017861 4.541807 -3.035764
v -1.100108 4.568765 -3.059476
v -1.182850 4.562299 -3.093616
v -1.253489 4.523394 -3.132987
v -1.301273 4.457974 -3.171594
v -1.318924 4.375998 -3.203561
v -1.303758 4.289946 -3.224020
v -1.258082 4.212918 -3.229857
v -1.188851 4.156642 -3.220183
v -1.106604 4.129685 -3.196470
v -1.023862 4.136151 -3.162331
v -0.953222 4.175056 -3.122960
v -0.905439 4.240476 -3.084353
v -0.887787 4.322453 -3.052386
v -0.874873 4.432675 -3.116859
v -0.921095 4.509233 -3.109370
v -0.991882 4.564169 -3.114339
v -1.076457 4.589122 -3.131009
v -1.161945 4.580293 -3.156843
v -1.235331 4.539024 -3.187908
v -1.285442 4.471600 -3.219474
v -1.304650 4.388285 -3.246735
v -1.290030 4.301763 -3.265542
v -1.243808 4.225205 -3.273031
v -1.173021 4.170269 -3.268062
v -1.088445 4.145316 -3.251391
v -1.002958 4.154145 -3.225558
v -0.929572 4.195414 -3.194493
v -0.879461 4.262838 -3.162927
v -0.860253 4.346153 -3.135666
v -0.855402 4.454132 -3.204875
v -0.902003 4.530272 -3.195673
v -0.973869 4.584020 -3.195767
v -1.060059 4.607194 -3.205140
v -1.147450 4.596266 -3.222366
v -1.222741 4.552899 -3.244823
v -1.274466 4.483696 -3.269092
v -1.294752 4.399192 -3.291477
v -1.280511 4.312252 -3.308572
v -1.233910 4.236113 -3.317773
v -1.162045 4.182364 -3.317680
v -1.075855 4.159190 -3.308307
v -0.988463 4.170118 -3.291080
v -0.913173 4.213485 -3.268624
v -0.861448 4.282688 -3.244355
v -0.841161 4.367192 -3.221969
v -0.844749 4.472645 -3.295041
v -0.891557 4.548425 -3.284086
v -0.964013 4.601148 -3.279184
v -1.051086 4.622787 -3.281081
v -1.139519 4.610047 -3.289490
v -1.215851 4.564871 -3.303128
v -1.268460 4.494132 -3.319921
v -1.289337 4.408603 -3.337312
v -1.275302 4.321303 -3.352653
v -1.228494 4.245523 -3.363608
v -1.156039 4.192801 -3.368510
v -1.068966 4.171162 -3.366612
v -0.980532 4.183901 -3.358204
v -0.904200 4.229078 -3.344565
v -0.851591 4.299816 -3.327772
v -0.830715 4.385345 -3.310381
v -0.843025 4.488020 -3.386402
v -0.889866 4.563500 -3.373670
v -0.962417 4.615372 -3.363707
v -1.049633 4.635736 -3.358030
v -1.138236 4.621493 -3.357503
v -1.214736 4.574813 -3.362207
v -1.267488 4.502800 -3.371426
v -1.288460 4.416419 -3.383755
v -1.274459 4.328819 -3.397318
v -1.227618 4.253339 -3.410051
v -1.155066 4.201468 -3.420014
v -1.067850 4.181104 -3.425691
v -0.979248 4.195347 -3.426218
v -0.902748 4.242027 -3.421513
v -0.849996 4.314040 -3.412295
v -0.829024 4.400421 -3.399965
v -0.850248 4.500093 -3.477990
v -0.896949 4.575339 -3.463476
v -0.969100 4.626541 -3.448439
v -1.055717 4.645905 -3.435169
v -1.143613 4.630481 -3.425685
v -1.219407 4.582620 -3.421432
v -1.271560 4.509606 -3.423058
v -1.292132 4.422556 -3.430313
v -1.277991 4.334722 -3.442095
v -1.231290 4.259477 -3.456609
v -1.159139 4.208275 -3.471646
v -1.072522 4.188911 -3.484916
v -0.984625 4.204334 -3.494400
v -0.908832 4.252196 -3.498652
v -0.856679 4.325210 -3.497027
v -0.836107 4.412260 -3.489772
v -0.866343 4.508737 -3.568832
v -0.912731 4.583815 -3.552551
v -0.983990 4.634537 -3.532482
v -1.069273 4.653184 -3.511680
v -1.155595 4.636916 -3.493313
v -1.229815 4.588209 -3.480175
v -1.280633 4.514479 -3.474269
v -1.300313 4.426950 -3.476492
v -1.285859 4.338948 -3.486507
v -1.239471 4.263870 -3.502788
v -1.168212 4.213147 -3.522857
v -1.082929 4.194500 -3.543659
v -0.996607 4.210769 -3.562027
v -0.922387 4.259476 -3.575164
v -0.871569 4.333206 -3.581070
v -0.851888 4.420734 -3.578847
v -0.891138 4.513859 -3.657969
v -0.937044 4.588837 -3.639953
v -1.006930 4.639276 -3.614946
v -1.090157 4.657498 -3.586754
v -1.174054 4.640729 -3.559669
v -1.245849 4.591521 -3.537815
v -1.294611 4.517366 -3.524518
v -1.312918 4.429554 -3.521804
v -1.297982 4.341452 -3.530085
v -1.252076 4.266474 -3.548100
v -1.182190 4.216035 -3.573107
v -1.098963 4.197812 -3.601299
v -1.015066 4.214582 -3.628384
v -0.943271 4.263790 -3.650238
v -0.894508 4.337945 -3.663534
v -0.876202 4.425757 -3.666249
v 2.511809 3.992080 -2.968786
v 2.466551 4.067028 -2.949088
v 2.398506 4.117381 -2.919290
v 2.318034 4.135475 -2.883928
v 2.237387 4.118555 -2.848385
v 2.168842 4.069196 -2.818074
v 2.122835 3.994912 -2.797607
v 2.106369 3.907014 -2.790101
v 2.121952 3.818883 -2.796699
v 2.167211 3.743935 -2.816397
v 2.235256 3.693581 -2.846195
v 2.315728 3.675487 -2.881557
v 2.396375 3.692408 -2.917099
v 2.464920 3.741767 -2.947412
v 2.510927 3.816050 -2.967879
v 2.527393 3.903948 -2.975384
v 2.470492 3.990034 -3.051700
v 2.426036 4.065022 -3.030390
v 2.360280 4.115489 -2.995998
v 2.283234 4.133753 -2.953762
v 2.206627 4.117032 -2.910110
v 2.142123 4.067873 -2.871690
v 2.099542 3.993759 -2.844349
v 2.085365 3.905974 -2.832250
v 2.101752 3.817883 -2.837235
v 2.146207 3.742895 -2.858546
v 2.211963 3.692428 -2.892937
v 2.289009 3.674164 -2.935174
v 2.365616 3.690885 -2.978825
v 2.430120 3.740044 -3.017246
v 2.472701 3.814157 -3.044587
v 2.486878 3.901942 -3.056685
v 2.421525 3.984418 -3.130167
v 2.378022 4.059515 -3.107330
v 2.314979 4.110293 -3.068591
v 2.241993 4.129023 -3.019850
v 2.170175 4.112851 -2.968524
v 2.110460 4.064241 -2.922430
v 2.071938 3.990593 -2.888583
v 2.060474 3.903120 -2.872138
v 2.077813 3.815137 -2.875597
v 2.121316 3.740040 -2.898433
v 2.184359 3.689262 -2.937172
v 2.257345 3.670533 -2.985914
v 2.329163 3.686704 -3.037239
v 2.388878 3.735314 -3.083333
v 2.427400 3.808962 -3.117180
v 2.438864 3.896435 -3.133625
v 2.365431 3.975291 -3.203353
v 2.323019 4.050566 -3.179092
v 2.263083 4.101850 -3.136300
v 2.194747 4.121335 -3.081491
v 2.128416 4.106057 -3.023008
v 2.074186 4.058339 -2.969756
v 2.040315 3.985448 -2.929842
v 2.031958 3.898480 -2.909342
v 2.050389 3.810675 -2.911377
v 2.092801 3.735400 -2.935637
v 2.152736 3.684117 -2.978430
v 2.221072 3.664631 -3.033240
v 2.287404 3.679910 -3.091722
v 2.341633 3.727627 -3.144974
v 2.375504 3.800518 -3.184888
v 2.383861 3.887486 -3.205389
v 2.302802 3.962750 -3.270484
v 2.261609 4.038268 -3.244918
v 2.205142 4.090247 -3.198406
v 2.141999 4.110773 -3.138031
v 2.081792 4.096721 -3.072984
v 2.033688 4.050230 -3.013166
v 2.005009 3.978378 -2.967686
v 2.000122 3.892105 -2.943467
v 2.019771 3.804544 -2.944196
v 2.060964 3.729026 -2.969763
v 2.117430 3.677047 -3.016274
v 2.180573 3.656521 -3.076650
v 2.240780 3.670574 -3.141698
v 2.288885 3.717064 -3.201515
v 2.317564 3.788916 -3.246995
v 2.322451 3.875189 -3.271214
v 2.234303 3.946928 -3.330849
v 2.194443 4.022754 -3.304108
v 2.141771 4.075609 -3.254252
v 2.084307 4.097446 -3.188872
v 2.030799 4.084942 -3.117921
v 1.989393 4.039998 -3.052201
v 1.966393 3.969459 -3.001716
v 1.965301 3.884062 -2.974153
v 1.986282 3.796808 -2.973708
v 2.026143 3.720983 -3.000449
v 2.078815 3.668127 -3.050304
v 2.136279 3.646290 -3.115684
v 2.189787 3.658795 -3.186635
v 2.231193 3.703738 -3.252356
v 2.254192 3.774278 -3.302841
v 2.255285 3.859675 -3.330404
v 2.160661 3.927993 -3.383806
v 2.122233 4.004187 -3.356035
v 2.073641 4.058091 -3.303246
v 2.022283 4.081498 -3.233475
v 1.975976 4.070846 -3.157345
v 1.941773 4.027754 -3.086445
v 1.924879 3.958784 -3.031570
v 1.927866 3.874436 -3.001073
v 1.950280 3.787551 -2.999598
v 1.988708 3.711357 -3.027369
v 2.037300 3.657453 -3.080158
v 2.088659 3.634045 -3.149929
v 2.134964 3.644698 -3.226059
v 2.169168 3.687790 -3.296959
v 2.186062 3.756760 -3.351834
v 2.183075 3.841108 -3.382331
v 2.082656 3.906144 -3.428795
v 2.045745 3.982764 -3.400149
v 2.001474 4.037878 -3.344867
v 1.956583 4.063097 -3.271367
v 1.917906 4.054581 -3.190836
v 1.891331 4.013626 -3.115537
v 1.880904 3.946467 -3.056932
v 1.888212 3.863330 -3.023943
v 1.912143 3.776870 -3.021593
v 1.949054 3.700250 -3.050239
v 1.993325 3.645136 -3.105520
v 2.038217 3.619917 -3.179021
v 2.076894 3.628434 -3.259551
v 2.103469 3.669389 -3.334850
v 2.113896 3.736547 -3.393456
v 2.106587 3.819685 -3.426444
v 2.001114 3.881615 -3.465338
v 1.965789 3.958712 -3.435982
v 1.926036 4.015185 -3.378675
v 1.887905 4.042438 -3.302145
v 1.857202 4.036320 -3.218041
v 1.838602 3.997764 -3.139168
v 1.834935 3.932639 -3.077533
v 1.846761 3.850860 -3.042520
v 1.872278 3.764878 -3.039459
v 1.907603 3.687781 -3.068815
v 1.947357 3.631308 -3.126122
v 1.985488 3.604055 -3.202652
v 2.016190 3.610173 -3.286756
v 2.034791 3.648729 -3.365629
v 2.038457 3.713853 -3.427264
v 2.026631 3.795633 -3.462277
v 1.916900 3.854665 -3.493050
v 1.883214 3.932286 -3.463154
v 1.848125 3.990252 -3.404313
v 1.816977 4.019739 -3.325485
v 1.794510 4.016257 -3.238670
v 1.784145 3.980336 -3.157087
v 1.787461 3.917446 -3.093155
v 1.803952 3.837160 -3.056606
v 1.831107 3.751702 -3.053006
v 1.864794 3.674081 -3.082902
v 1.899882 3.616115 -3.141743
v 1.931031 3.586628 -3.220571
v 1.953498 3.590110 -3.307385
v 1.963862 3.626030 -3.388968
v 1.960547 3.688920 -3.452901
v 1.944056 3.769206 -3.489449
v 1.830907 3.825579 -3.511634
v 1.798893 3.903766 -3.481377
v 1.768569 3.963343 -3.421506
v 1.744550 3.995241 -3.341137
v 1.730493 3.994604 -3.252506
v 1.728538 3.961528 -3.169105
v 1.738983 3.901050 -3.103632
v 1.760238 3.822375 -3.066054
v 1.789066 3.737482 -3.062092
v 1.821080 3.659296 -3.092350
v 1.851404 3.599718 -3.152220
v 1.875424 3.567820 -3.232589
v 1.889481 3.568457 -3.321220
v 1.891435 3.601533 -3.404621
v 1.880990 3.662012 -3.470094
v 1.859735 3.740686 -3.507673
v 1.744046 3.794666 -3.520896
v 1.713722 3.873454 -3.490458
v 1.688210 3.934744 -3.430074
v 1.671392 3.969205 -3.348938
v 1.665830 3.971591 -3.259400
v 1.672369 3.941539 -3.175094
v 1.690016 3.883623 -3.108853
v 1.716083 3.806661 -3.070762
v 1.746601 3.722369 -3.066620
v 1.776925 3.643581 -3.097057
v 1.802438 3.582291 -3.157441
v 1.819255 3.547830 -3.238578
v 1.824817 3.545444 -3.328115
v 1.818277 3.575497 -3.412421
v 1.800631 3.633413 -3.478663
v 1.774564 3.710375 -3.516754
v 1.657238 3.762254 -3.520736
v 1.628603 3.841672 -3.490301
v 1.607899 3.904758 -3.429926
v 1.598279 3.941906 -3.348803
v 1.601206 3.947462 -3.259281
v 1.616235 3.920579 -3.174990
v 1.641079 3.865350 -3.108763
v 1.671955 3.790184 -3.070680
v 1.704161 3.706523 -3.066541
v 1.732797 3.627105 -3.096976
v 1.753500 3.564019 -3.157351
v 1.763121 3.526871 -3.238474
v 1.760194 3.521315 -3.327996
v 1.745164 3.548198 -3.412287
v 1.720320 3.603426 -3.478514
v 1.689445 3.678593 -3.516597
v 1.571404 3.728686 -3.511156
v 1.544438 3.808757 -3.480907
v 1.528489 3.873702 -3.421063
v 1.525985 3.913634 -3.340734
v 1.537307 3.922472 -3.252150
v 1.560731 3.898872 -3.168795
v 1.592691 3.846427 -3.103362
v 1.628321 3.773120 -3.065810
v 1.662198 3.690112 -3.061858
v 1.689163 3.610040 -3.092106
v 1.705112 3.545095 -3.151950
v 1.707616 3.505164 -3.232279
v 1.696295 3.496325 -3.320864
v 1.672871 3.519925 -3.404218
v 1.640911 3.572371 -3.469652
v 1.605280 3.645678 -3.507203
v 1.487452 3.694317 -3.492257
v 1.462119 3.775058 -3.462377
v 1.450821 3.841907 -3.403580
v 1.455277 3.884688 -3.324817
v 1.474809 3.896887 -3.238081
v 1.506444 3.876648 -3.156575
v 1.545364 3.827052 -3.092708
v 1.585645 3.755649 -3.056204
v 1.621155 3.673310 -3.052619
v 1.646487 3.592570 -3.082500
v 1.657785 3.525721 -3.141296
v 1.653329 3.482940 -3.220059
v 1.633797 3.470740 -3.306795
v 1.602163 3.490979 -3.388301
v 1.563243 3.540575 -3.452168
v 1.522961 3.611978 -3.488672
v 1.406273 3.659514 -3.464241
v 1.382520 3.740931 -3.434906
v 1.375719 3.809708 -3.377661
v 1.386905 3.855374 -3.301221
v 1.414376 3.870978 -3.217225
v 1.453949 3.854142 -3.138458
v 1.499600 3.807432 -3.076914
v 1.544378 3.737957 -3.041962
v 1.581467 3.656295 -3.038922
v 1.605221 3.574878 -3.068258
v 1.612021 3.506100 -3.125503
v 1.600835 3.460434 -3.201942
v 1.573364 3.444831 -3.285939
v 1.533791 3.461666 -3.364705
v 1.488140 3.508376 -3.426249
v 1.443362 3.577851 -3.461201
v 1.328727 3.624643 -3.427404
v 1.306483 3.706738 -3.398785
v 1.303978 3.777447 -3.343581
v 1.321594 3.826005 -3.270195
v 1.356648 3.845018 -3.189801
v 1.403805 3.831594 -3.114638
v 1.455885 3.787774 -3.056148
v 1.504959 3.720231 -3.023236
v 1.543556 3.639247 -3.020913
v 1.565801 3.557151 -3.049532
v 1.568306 3.486443 -3.104736
v 1.550691 3.437885 -3.178122
v 1.515636 3.418871 -3.258516
v 1.468479 3.432296 -3.333679
v 1.416399 3.476116 -3.392169
v 1.367325 3.543659 -3.425081
v 1.255638 3.590075 -3.382137
v 1.234815 3.672843 -3.354398
v 1.236359 3.745467 -3.301702
v 1.260034 3.796890 -3.232069
v 1.302237 3.819285 -3.156102
v 1.356542 3.809240 -3.085366
v 1.414681 3.768287 -3.030629
v 1.467804 3.702659 -3.000225
v 1.507823 3.622347 -2.998782
v 1.528646 3.539579 -3.026520
v 1.527102 3.466955 -3.079217
v 1.503427 3.415532 -3.148849
v 1.461225 3.393138 -3.224816
v 1.406920 3.403182 -3.295553
v 1.348780 3.444136 -3.350290
v 1.295657 3.509764 -3.380694
v 1.187778 3.556177 -3.328918
v 1.168275 3.639604 -3.302215
v 1.173579 3.714106 -3.252467
v 1.202880 3.768340 -3.187247
v 1.251719 3.794049 -3.116484
v 1.312660 3.787320 -3.050952
v 1.376426 3.749177 -3.000628
v 1.433309 3.685426 -2.973172
v 1.474648 3.605775 -2.972764
v 1.494151 3.522347 -2.999467
v 1.488847 3.447845 -3.049216
v 1.459546 3.393612 -3.114436
v 1.410707 3.367902 -3.185198
v 1.349766 3.374631 -3.250730
v 1.286000 3.412775 -3.301055
v 1.229117 3.476525 -3.328511
v 1.125868 3.523307 -3.268314
v 1.107570 3.607374 -3.242790
v 1.116303 3.683697 -3.196398
v 1.150737 3.740656 -3.136203
v 1.205631 3.769579 -3.071367
v 1.272626 3.766065 -3.011762
v 1.341525 3.730647 -2.966462
v 1.401837 3.668718 -2.942364
v 1.444381 3.589705 -2.943135
v 1.462679 3.505638 -2.968660
v 1.453946 3.429315 -3.015051
v 1.419512 3.372356 -3.075246
v 1.364618 3.343432 -3.140082
v 1.297623 3.346947 -3.199687
v 1.228724 3.382365 -3.244987
v 1.168412 3.444294 -3.269085
v 1.070564 3.491814 -3.200965
v 1.053342 3.576494 -3.176751
v 1.065138 3.654561 -3.134091
v 1.104157 3.714131 -3.079479
v 1.164460 3.746135 -3.021230
v 1.236864 3.745700 -2.968212
v 1.310348 3.712893 -2.928495
v 1.373724 3.652708 -2.908128
v 1.417343 3.574309 -2.910209
v 1.434566 3.489629 -2.934423
v 1.422769 3.411562 -2.977084
v 1.383750 3.351992 -3.031695
v 1.323447 3.319988 -3.089944
v 1.251043 3.320423 -3.142962
v 1.177559 3.353230 -3.182679
v 1.114184 3.413414 -3.203047
v 1.022452 3.462033 -3.127586
v 1.006165 3.547292 -3.104800
v 1.020627 3.627008 -3.066204
v 1.063635 3.689048 -3.017676
v 1.128643 3.723964 -2.966604
v 1.205752 3.726442 -2.920761
v 1.283225 3.696104 -2.887129
v 1.349266 3.637569 -2.870826
v 1.393822 3.559749 -2.874335
v 1.410108 3.474490 -2.897122
v 1.395647 3.394773 -2.935717
v 1.352638 3.332733 -2.984245
v 1.287631 3.297817 -3.035318
v 1.210521 3.295340 -3.081160
v 1.133049 3.325677 -3.114793
v 1.067007 3.384212 -3.131095
v 0.982042 3.434278 -3.048955
v 0.966541 3.520076 -3.027698
v 0.983242 3.601331 -2.993459
v 1.029600 3.665671 -2.951450
v 1.098560 3.703302 -2.908067
v 1.179621 3.708494 -2.869915
v 1.260444 3.680457 -2.842801
v 1.328724 3.623460 -2.830854
v 1.374065 3.546179 -2.835893
v 1.389566 3.460381 -2.857150
v 1.372866 3.379126 -2.891389
v 1.326507 3.314785 -2.933398
v 1.257548 3.277155 -2.976781
v 1.176486 3.271963 -3.014934
v 1.095663 3.299999 -3.042047
v 1.027383 3.356997 -3.053993
v 0.949762 3.408843 -2.965905
v 0.934890 3.495136 -2.946263
v 0.953378 3.577800 -2.916625
v 1.002413 3.644249 -2.881501
v 1.074529 3.684367 -2.846241
v 1.158748 3.692047 -2.816210
v 1.242247 3.666119 -2.795983
v 1.312315 3.610531 -2.788637
v 1.358284 3.533745 -2.795291
v 1.373157 3.447451 -2.814932
v 1.354668 3.364788 -2.844571
v 1.305634 3.298338 -2.879694
v 1.233517 3.258221 -2.914955
v 1.149299 3.250541 -2.944985
v 1.065799 3.276469 -2.965213
v 0.995732 3.332057 -2.972559
v 0.925955 3.385999 -2.879316
v 0.911546 3.472737 -2.861359
v 0.931353 3.556666 -2.836517
v 0.982362 3.625009 -2.808573
v 1.056806 3.667361 -2.781780
v 1.143353 3.677275 -2.760218
v 1.228826 3.653241 -2.747169
v 1.300213 3.598918 -2.744620
v 1.346645 3.522577 -2.752959
v 1.361055 3.435839 -2.770916
v 1.341248 3.351910 -2.795758
v 1.290239 3.283567 -2.823702
v 1.215794 3.241214 -2.850495
v 1.129247 3.231301 -2.872056
v 1.043775 3.255335 -2.885106
v 0.972388 3.309658 -2.887655
v 0.910873 3.365988 -2.790107
v 0.896757 3.453115 -2.773885
v 0.917400 3.538152 -2.753986
v 0.969659 3.608155 -2.733438
v 1.045578 3.652464 -2.715369
v 1.133600 3.664335 -2.702531
v 1.220324 3.641960 -2.696878
v 1.292546 3.588746 -2.699271
v 1.339272 3.512793 -2.709345
v 1.353388 3.425666 -2.725567
v 1.332745 3.340629 -2.745467
v 1.280486 3.270626 -2.766015
v 1.204566 3.226317 -2.784083
v 1.116545 3.214446 -2.796921
v 1.029821 3.236821 -2.802574
v 0.957599 3.290035 -2.800181
v 0.904676 3.349021 -2.699223
v 0.890680 3.436478 -2.684769
v 0.911667 3.522456 -2.669904
v 0.964440 3.593865 -2.656891
v 1.040965 3.639833 -2.647711
v 1.129593 3.653363 -2.643761
v 1.216830 3.632395 -2.645643
v 1.289396 3.580121 -2.653071
v 1.336242 3.504498 -2.664913
v 1.350238 3.417041 -2.679367
v 1.329252 3.331064 -2.694232
v 1.276479 3.259655 -2.707245
v 1.199953 3.213686 -2.716425
v 1.111325 3.200156 -2.720375
v 1.024088 3.221124 -2.718493
v 0.951522 3.273399 -2.711065
v 0.907429 3.335279 -2.607627
v 0.893380 3.423003 -2.594955
v 0.914214 3.509742 -2.585165
v 0.966758 3.582290 -2.579745
v 1.043015 3.629603 -2.579523
v 1.131373 3.644477 -2.584531
v 1.218382 3.624648 -2.594007
v 1.290795 3.573135 -2.606509
v 1.337588 3.497780 -2.620133
v 1.351637 3.410056 -2.632805
v 1.330803 3.323317 -2.642596
v 1.278259 3.250768 -2.648015
v 1.202003 3.203456 -2.648237
v 1.113644 3.188582 -2.643229
v 1.026635 3.208411 -2.633753
v 0.954222 3.259924 -2.621251
v 0.919104 3.324907 -2.516291
v 0.904827 3.412833 -2.505396
v 0.925014 3.500147 -2.500665
v 0.976591 3.573555 -2.502818
v 1.051706 3.621881 -2.511528
v 1.138922 3.637770 -2.525469
v 1.224964 3.618801 -2.542517
v 1.296730 3.567862 -2.560079
v 1.343296 3.492709 -2.575480
v 1.357572 3.404783 -2.586375
v 1.337385 3.317469 -2.591106
v 1.285808 3.244061 -2.588952
v 1.210694 3.195735 -2.580242
v 1.123477 3.179846 -2.566302
v 1.037436 3.198815 -2.549253
v 0.965670 3.249753 -2.531692
v 0.939576 3.318015 -2.426182
v 0.924901 3.406075 -2.417039
v 0.943954 3.493771 -2.417300
v 0.993834 3.567750 -2.426924
v 1.066946 3.616751 -2.444447
v 1.152161 3.633313 -2.467200
v 1.236505 3.614916 -2.491719
v 1.307137 3.564359 -2.514273
v 1.353304 3.489340 -2.531426
v 1.367979 3.401279 -2.540569
v 1.348926 3.313584 -2.540308
v 1.299047 3.239605 -2.530684
v 1.225934 3.190604 -2.513161
v 1.140719 3.174042 -2.490408
v 1.056376 3.192439 -2.465889
v 0.985744 3.242996 -2.443335
v 0.968629 3.314676 -2.338256
v 0.953389 3.402802 -2.330824
v 0.970832 3.490682 -2.335956
v 1.018303 3.564938 -2.352870
v 1.088574 3.614265 -2.378991
v 1.170948 3.631154 -2.410343
v 1.252883 3.613034 -2.442152
v 1.321906 3.562662 -2.469576
v 1.367508 3.487708 -2.488440
v 1.382747 3.399582 -2.495872
v 1.365304 3.311702 -2.490741
v 1.317833 3.237446 -2.473826
v 1.247562 3.188118 -2.447705
v 1.165189 3.171230 -2.416353
v 1.083254 3.189351 -2.384544
v 1.014231 3.239722 -2.357120
v 1.005954 3.314926 -2.253444
v 0.989988 3.403047 -2.247663
v 1.005364 3.490913 -2.257493
v 1.049740 3.565149 -2.281438
v 1.116361 3.614452 -2.315854
v 1.195084 3.631316 -2.355500
v 1.273924 3.613174 -2.394341
v 1.340880 3.562789 -2.426463
v 1.385756 3.487830 -2.446977
v 1.401721 3.399709 -2.452759
v 1.386346 3.311843 -2.442929
v 1.341970 3.237607 -2.418983
v 1.275349 3.188305 -2.384568
v 1.196626 3.171440 -2.344922
v 1.117785 3.189582 -2.306081
v 1.050830 3.239967 -2.273958
v 1.051156 3.318762 -2.172647
v 1.034311 3.406808 -2.168437
v 1.047183 3.494462 -2.182743
v 1.087811 3.568379 -2.213387
v 1.150011 3.617307 -2.255705
v 1.224314 3.633797 -2.303252
v 1.299407 3.615337 -2.348792
v 1.363858 3.564739 -2.385391
v 1.407855 3.489705 -2.407476
v 1.424700 3.401659 -2.411686
v 1.411828 3.314005 -2.397380
v 1.371200 3.240088 -2.366736
v 1.308999 3.191160 -2.324419
v 1.234697 3.174671 -2.276871
v 1.159604 3.193130 -2.231331
v 1.095153 3.243729 -2.194733
v 1.103756 3.326144 -2.096720
v 1.085888 3.414046 -2.093987
v 1.095846 3.501291 -2.112499
v 1.132113 3.574596 -2.149438
v 1.189169 3.622802 -2.199181
v 1.258328 3.638570 -2.254154
v 1.329060 3.619498 -2.305989
v 1.390597 3.568491 -2.346793
v 1.433571 3.493314 -2.370356
v 1.451439 3.405412 -2.373089
v 1.441481 3.318167 -2.354577
v 1.405213 3.244861 -2.317638
v 1.348157 3.196655 -2.267895
v 1.278999 3.180888 -2.212922
v 1.208267 3.199959 -2.161087
v 1.146730 3.250967 -2.120282
v 1.163196 3.336992 -2.026468
v 1.144172 3.424683 -2.025101
v 1.150837 3.511327 -2.047505
v 1.182176 3.583733 -2.090269
v 1.233419 3.630878 -2.146882
v 1.296765 3.645585 -2.208726
v 1.362568 3.625614 -2.266385
v 1.420813 3.574006 -2.311081
v 1.462630 3.498618 -2.336010
v 1.481654 3.410926 -2.337377
v 1.474990 3.324282 -2.314973
v 1.443650 3.251876 -2.272210
v 1.392407 3.204731 -2.215596
v 1.329062 3.190025 -2.153753
v 1.263258 3.209996 -2.096094
v 1.205014 3.261604 -2.051397
v 1.228847 3.351192 -1.962635
v 1.208546 3.438607 -1.962510
v 1.211574 3.524464 -1.988450
v 1.237470 3.595693 -2.036507
v 1.282293 3.641449 -2.099362
v 1.339217 3.654767 -2.167449
v 1.399578 3.633619 -2.230400
v 1.454185 3.581224 -2.278633
v 1.494726 3.505560 -2.304804
v 1.515028 3.418145 -2.304928
v 1.512000 3.332287 -2.278988
v 1.486103 3.261059 -2.230932
v 1.441281 3.215302 -2.168077
v 1.384356 3.201985 -2.099990
v 1.323995 3.223133 -2.037039
v 1.269388 3.275528 -1.988806
v 1.300011 3.368594 -1.905900
v 1.278326 3.455670 -1.906878
v 1.277411 3.540564 -1.935961
v 1.297408 3.610350 -1.988721
v 1.335271 3.654404 -2.057126
v 1.385236 3.666020 -2.130761
v 1.439696 3.643429 -2.198416
v 1.490361 3.590070 -2.249792
v 1.529517 3.514067 -2.277066
v 1.551203 3.426991 -2.276087
v 1.552118 3.342098 -2.247004
v 1.532121 3.272312 -2.194244
v 1.494258 3.228257 -2.125840
v 1.444293 3.216641 -2.052205
v 1.389833 3.239233 -1.984550
v 1.339168 3.292591 -1.933174
v 1.375936 3.389013 -1.856861
v 1.352773 3.475693 -1.858794
v 1.347653 3.559454 -1.890594
v 1.361355 3.627548 -1.947419
v 1.391792 3.669605 -2.020619
v 1.434332 3.679224 -2.099050
v 1.482498 3.654940 -2.170771
v 1.528957 3.600450 -2.224863
v 1.566636 3.524050 -2.253092
v 1.589799 3.437371 -2.251159
v 1.594920 3.353609 -2.219359
v 1.581218 3.285515 -2.162534
v 1.550780 3.243458 -2.089334
v 1.508240 3.233839 -2.010903
v 1.460074 3.258123 -1.939182
v 1.413616 3.312613 -1.885090
v 1.455816 3.412232 -1.816041
v 1.431099 3.498460 -1.818768
v 1.421553 3.580936 -1.852829
v 1.428632 3.647104 -1.913039
v 1.451258 3.686891 -1.990231
v 1.485986 3.694239 -2.072654
v 1.527529 3.668030 -2.147759
v 1.569563 3.612254 -2.204113
v 1.605688 3.535402 -2.233135
v 1.630405 3.449174 -2.230408
v 1.639951 3.366698 -2.196347
v 1.632872 3.300530 -2.136137
v 1.610246 3.260744 -2.058945
v 1.575518 3.253395 -1.976523
v 1.533975 3.279604 -1.901417
v 1.491941 3.335381 -1.845064
v 1.538804 3.438007 -1.783871
v 1.512473 3.523733 -1.787224
v 1.498330 3.604781 -1.823067
v 1.498528 3.668812 -1.885944
v 1.513038 3.706078 -1.966282
v 1.539650 3.710906 -2.051851
v 1.574313 3.682560 -2.129623
v 1.611749 3.625356 -2.187759
v 1.646260 3.548002 -2.217407
v 1.672591 3.462276 -2.214055
v 1.686734 3.381228 -2.178212
v 1.686536 3.317197 -2.115335
v 1.672026 3.279931 -2.034997
v 1.645414 3.275104 -1.949427
v 1.610751 3.303449 -1.871655
v 1.573315 3.360653 -1.813519
v 1.624020 3.466062 -1.760692
v 1.596031 3.551242 -1.764496
v 1.577168 3.630736 -1.801623
v 1.570301 3.692441 -1.866422
v 1.576477 3.726964 -1.949027
v 1.594755 3.729047 -2.036863
v 1.622353 3.698375 -2.116557
v 1.655069 3.639617 -2.175977
v 1.687922 3.561718 -2.206076
v 1.715910 3.476538 -2.202272
v 1.734774 3.397044 -2.165145
v 1.741641 3.335339 -2.100346
v 1.735465 3.300817 -2.017741
v 1.717186 3.298733 -1.929906
v 1.689589 3.329405 -1.850212
v 1.656873 3.388163 -1.790792
v 1.710562 3.496101 -1.746751
v 1.680890 3.580697 -1.750825
v 1.657232 3.658527 -1.788725
v 1.643190 3.717741 -1.854680
v 1.640903 3.749326 -1.938648
v 1.650717 3.748472 -2.027847
v 1.671140 3.715310 -2.108697
v 1.699061 3.654887 -2.168889
v 1.730231 3.576404 -2.199260
v 1.759903 3.491808 -2.195185
v 1.783561 3.413978 -2.157286
v 1.797603 3.354764 -2.091331
v 1.799891 3.323179 -2.007362
v 1.790076 3.324033 -1.918164
v 1.769653 3.357195 -1.837313
v 1.741732 3.417618 -1.777122
v 1.797512 3.527806 -1.742194
v 1.766148 3.611785 -1.746357
v 1.737673 3.687858 -1.784509
v 1.716423 3.744445 -1.850842
v 1.705631 3.772928 -1.935256
v 1.706943 3.768974 -2.024901
v 1.720157 3.733183 -2.106129
v 1.743262 3.671005 -2.166573
v 1.772740 3.591904 -2.197032
v 1.804103 3.507925 -2.192869
v 1.832578 3.431851 -2.154717
v 1.853828 3.375265 -2.088385
v 1.864619 3.346781 -2.003970
v 1.863308 3.350736 -1.914325
v 1.850094 3.386527 -1.833098
v 1.826990 3.448706 -1.772653
v 1.883948 3.560840 -1.747071
v 1.850903 3.644176 -1.751139
v 1.817640 3.718420 -1.789021
v 1.789223 3.772267 -1.854949
v 1.769979 3.797520 -1.938886
v 1.762837 3.790335 -2.028054
v 1.768884 3.751806 -2.108878
v 1.787200 3.687797 -2.169052
v 1.814997 3.608054 -2.199416
v 1.848042 3.524718 -2.195348
v 1.881306 3.450474 -2.157466
v 1.909722 3.396627 -2.091538
v 1.928967 3.371374 -2.007601
v 1.936108 3.378559 -1.918433
v 1.930061 3.417089 -1.837609
v 1.911745 3.481097 -1.777435
v 1.968953 3.594853 -1.761328
v 1.934254 3.677528 -1.765120
v 1.896282 3.749887 -1.802212
v 1.860818 3.800914 -1.866958
v 1.833261 3.822841 -1.949501
v 1.817805 3.812330 -2.037274
v 1.816805 3.770980 -2.116915
v 1.830412 3.705087 -2.176300
v 1.856556 3.624683 -2.206387
v 1.891255 3.542008 -2.202596
v 1.929227 3.469649 -2.165504
v 1.964691 3.418622 -2.100758
v 1.992249 3.396694 -2.018215
v 2.007704 3.407206 -1.930441
v 2.008704 3.448556 -1.850800
v 1.995097 3.514449 -1.791415
v 2.051629 3.629485 -1.784817
v 2.015321 3.711486 -1.788151
v 1.972769 3.781927 -1.823942
v 1.930450 3.830083 -1.886740
v 1.894808 3.848623 -1.966986
v 1.871267 3.834725 -2.052463
v 1.863412 3.790504 -2.130157
v 1.872440 3.722692 -2.188240
v 1.896975 3.641614 -2.217870
v 1.933282 3.559613 -2.214536
v 1.975834 3.489172 -2.178745
v 2.018153 3.441016 -2.115946
v 2.053796 3.422476 -2.035701
v 2.077336 3.436374 -1.950224
v 2.085191 3.480595 -1.872530
v 2.076163 3.548407 -1.814447
v 2.131096 3.664368 -1.817286
v 2.093243 3.745691 -1.819989
v 2.046288 3.814199 -1.853981
v 1.997381 3.859463 -1.914088
v 1.953966 3.874592 -1.991158
v 1.922654 3.857282 -2.073459
v 1.908211 3.810169 -2.148461
v 1.912836 3.740425 -2.204746
v 1.935825 3.658668 -2.233744
v 1.973678 3.577345 -2.231041
v 2.020633 3.508837 -2.197049
v 2.069540 3.463573 -2.136943
v 2.112954 3.448445 -2.059872
v 2.144267 3.465755 -1.977571
v 2.158710 3.512868 -1.902569
v 2.154084 3.582612 -1.846285
v 2.206513 3.699133 -1.858393
v 2.167193 3.779780 -1.860296
v 2.116061 3.846362 -1.892011
v 2.060901 3.888744 -1.948710
v 2.010111 3.900473 -2.021760
v 1.971423 3.879763 -2.100041
v 1.950727 3.829767 -2.171635
v 1.951174 3.758097 -2.225642
v 1.972696 3.675665 -2.253841
v 2.012017 3.595018 -2.251938
v 2.063149 3.528436 -2.220223
v 2.118309 3.486054 -2.163524
v 2.169099 3.474325 -2.090474
v 2.207787 3.495036 -2.012193
v 2.228482 3.545031 -1.940599
v 2.228035 3.616701 -1.886592
v 2.277081 3.733412 -1.907701
v 2.236388 3.813391 -1.908645
v 2.181347 3.878075 -1.937628
v 2.120336 3.917614 -1.990239
v 2.062645 3.925991 -2.058467
v 2.017056 3.901929 -2.131926
v 1.990509 3.849092 -2.199431
v 1.987047 3.775522 -2.250707
v 2.007196 3.692423 -2.277947
v 2.047889 3.612443 -2.277003
v 2.102931 3.547760 -2.248020
v 2.163941 3.508220 -2.195409
v 2.221633 3.499844 -2.127181
v 2.267222 3.523906 -2.053722
v 2.293768 3.576744 -1.986217
v 2.297231 3.650312 -1.934941
v 2.342053 3.766840 -1.964688
v 2.300096 3.846170 -1.964524
v 2.241455 3.909001 -1.990350
v 2.175058 3.945770 -2.038236
v 2.111012 3.950876 -2.100891
v 2.059069 3.923545 -2.168776
v 2.027136 3.867936 -2.231557
v 2.020074 3.792516 -2.279676
v 2.038960 3.708766 -2.305807
v 2.080917 3.629436 -2.305972
v 2.139557 3.566605 -2.280146
v 2.205955 3.529837 -2.232260
v 2.270000 3.524730 -2.169605
v 2.321943 3.552061 -2.101719
v 2.353876 3.607670 -2.038939
v 2.360938 3.683090 -1.990819
v 2.400737 3.799064 -2.028750
v 2.357639 3.877767 -2.027339
v 2.295747 3.938813 -2.049616
v 2.224484 3.972909 -2.092191
v 2.154700 3.974865 -2.148581
v 2.097018 3.944383 -2.210201
v 2.060219 3.886102 -2.267671
v 2.049906 3.808896 -2.312241
v 2.067650 3.724519 -2.337126
v 2.110749 3.645817 -2.338537
v 2.172640 3.584771 -2.316260
v 2.243903 3.550674 -2.273685
v 2.313688 3.548718 -2.217295
v 2.371370 3.579201 -2.155674
v 2.408168 3.637482 -2.098205
v 2.418481 3.714687 -2.053635
v 2.452514 3.829742 -2.099207
v 2.408409 3.907848 -2.096426
v 2.343649 3.967195 -2.114800
v 2.268093 3.998748 -2.151533
v 2.193245 3.997704 -2.201033
v 2.130499 3.964221 -2.255763
v 2.089407 3.903396 -2.307391
v 2.076227 3.824491 -2.348058
v 2.092963 3.739518 -2.371572
v 2.137069 3.661412 -2.374354
v 2.201829 3.602065 -2.355979
v 2.277385 3.570512 -2.319246
v 2.352233 3.571556 -2.269747
v 2.414979 3.605040 -2.215017
v 2.456070 3.665864 -2.163388
v 2.469251 3.744769 -2.122722
v 2.496834 3.858549 -2.175313
v 2.451866 3.936094 -2.171051
v 2.384651 3.993845 -2.185209
v 2.305421 4.023010 -2.215632
v 2.226238 4.019148 -2.257689
v 2.159158 3.982848 -2.304976
v 2.114392 3.919636 -2.350295
v 2.098757 3.839135 -2.386746
v 2.114630 3.753601 -2.408779
v 2.159598 3.676056 -2.413042
v 2.226814 3.618304 -2.398883
v 2.306044 3.589140 -2.368460
v 2.385226 3.593001 -2.326403
v 2.452307 3.629302 -2.279116
v 2.497072 3.692514 -2.233798
v 2.512708 3.773015 -2.197347
v 2.533227 3.885179 -2.256261
v 2.487552 3.962207 -2.250425
v 2.418320 4.018482 -2.260099
v 2.336073 4.045439 -2.283811
v 2.253331 4.038973 -2.317950
v 2.182692 4.000069 -2.357321
v 2.134909 3.934649 -2.395929
v 2.117257 3.852672 -2.427895
v 2.132423 3.766620 -2.448354
v 2.178098 3.689593 -2.454191
v 2.247330 3.633317 -2.444517
v 2.329577 3.606360 -2.420805
v 2.412319 3.612826 -2.386665
v 2.482958 3.651731 -2.347294
v 2.530742 3.717151 -2.308687
v 2.548394 3.799127 -2.276721
v 2.561308 3.909350 -2.341193
v 2.515086 3.985907 -2.333704
v 2.444299 4.040844 -2.338673
v 2.359724 4.065797 -2.355344
v 2.274236 4.056967 -2.381177
v 2.200850 4.015699 -2.412242
v 2.150739 3.948275 -2.443808
v 2.131531 3.864959 -2.471069
v 2.146151 3.778437 -2.489876
v 2.192373 3.701880 -2.497365
v 2.263160 3.646943 -2.492396
v 2.347736 3.621990 -2.475726
v 2.433223 3.630820 -2.449892
v 2.506609 3.672089 -2.418827
v 2.556720 3.739513 -2.387261
v 2.575928 3.822828 -2.360000
v 2.580778 3.930806 -2.429209
v 2.534178 4.006946 -2.420008
v 2.462312 4.060695 -2.420101
v 2.376122 4.083868 -2.429474
v 2.288731 4.072940 -2.446700
v 2.213440 4.029573 -2.469157
v 2.161715 3.960370 -2.493426
v 2.141429 3.875866 -2.515811
v 2.155670 3.788927 -2.532906
v 2.202271 3.712787 -2.542107
v 2.274137 3.659039 -2.542014
v 2.360326 3.635865 -2.532641
v 2.447718 3.646793 -2.515415
v 2.523008 3.690160 -2.492958
v 2.574733 3.759363 -2.468689
v 2.595020 3.843867 -2.446304
v 2.591432 3.949320 -2.519375
v 2.544624 4.025100 -2.508420
v 2.472168 4.077822 -2.503518
v 2.385096 4.099462 -2.505415
v 2.296662 4.086722 -2.513824
v 2.220330 4.041545 -2.527463
v 2.167721 3.970807 -2.544256
v 2.146845 3.885278 -2.561647
v 2.160879 3.797978 -2.576987
v 2.207686 3.722198 -2.587942
v 2.280143 3.669476 -2.592844
v 2.367215 3.647837 -2.590946
v 2.455649 3.660576 -2.582538
v 2.531981 3.705753 -2.568899
v 2.584590 3.776491 -2.552106
v 2.605466 3.862020 -2.534715
v 2.593157 3.964695 -2.610736
v 2.546315 4.040175 -2.598004
v 2.473763 4.092046 -2.588041
v 2.386548 4.112411 -2.582364
v 2.297945 4.098168 -2.581837
v 2.221445 4.051487 -2.586541
v 2.168693 3.979475 -2.595760
v 2.147721 3.893094 -2.608089
v 2.161722 3.805495 -2.621653
v 2.208563 3.730014 -2.634385
v 2.281114 3.678143 -2.644348
v 2.368331 3.657779 -2.650025
v 2.456933 3.672021 -2.650552
v 2.533433 3.718702 -2.645848
v 2.586185 3.790715 -2.636629
v 2.607157 3.877096 -2.624300
v 2.585933 3.976768 -2.702324
v 2.539232 4.052013 -2.687810
v 2.467081 4.103216 -2.672773
v 2.380464 4.122580 -2.659503
v 2.292568 4.107156 -2.650019
v 2.216774 4.059295 -2.645767
v 2.164621 3.986281 -2.647392
v 2.144049 3.899231 -2.654647
v 2.158190 3.811397 -2.666429
v 2.204891 3.736151 -2.680943
v 2.277042 3.684949 -2.695980
v 2.363659 3.665586 -2.709250
v 2.451555 3.681009 -2.718734
v 2.527349 3.728871 -2.722987
v 2.579502 3.801884 -2.721361
v 2.600074 3.888934 -2.714106
v 2.569839 3.985412 -2.793167
v 2.523450 4.060489 -2.776886
v 2.452191 4.111212 -2.756816
v 2.366908 4.129859 -2.736014
v 2.280586 4.113590 -2.717647
v 2.206366 4.064884 -2.704510
v 2.155548 3.991153 -2.698603
v 2.135868 3.903625 -2.700827
v 2.150322 3.815623 -2.710841
v 2.196710 3.740545 -2.727122
v 2.267969 3.689822 -2.747191
v 2.353252 3.671175 -2.767993
v 2.439574 3.687443 -2.786361
v 2.513794 3.736150 -2.799498
v 2.564612 3.809881 -2.805405
v 2.584292 3.897409 -2.803181
v 2.545043 3.990534 -2.882303
v 2.499137 4.065512 -2.864287
v 2.429251 4.115951 -2.839280
v 2.346024 4.134173 -2.811088
v 2.262127 4.117404 -2.784003
v 2.190332 4.068195 -2.762149
v 2.141570 3.994041 -2.748853
v 2.123263 3.906228 -2.746138
v 2.138199 3.818126 -2.754419
v 2.184105 3.743149 -2.772434
v 2.253991 3.692709 -2.797441
v 2.337218 3.674487 -2.825633
v 2.421115 3.691257 -2.852718
v 2.492910 3.740465 -2.874572
v 2.541673 3.814619 -2.887869
v 2.559979 3.902432 -2.890583
vn 0.1689 -0.6905 -0.7033
vn -0.1733 0.6847 -0.7079
vn -0.1716 0.6855 0.7075
vn 0.1729 -0.6903 0.7026
vn -0.1707 0.6993 -0.6942
vn 0.2499 -0.6784 -0.6909
vn 0.2499 -0.6784 0.6909
vn -0.1707 0.6993 0.6942
vn -0.6996 -0.1642 -0.6954
vn 0.6826 0.1596 -0.7131
vn 0.6815 0.1593 0.7143
vn -0.7006 -0.1644 0.6943
vn -0.6059 0.3861 -0.6955
vn 0.5929 -0.3762 -0.7120
vn 0.5919 -0.3756 0.7131
vn -0.6069 0.3867 0.6944
vn -0.2813 0.6617 -0.6951
vn 0.2672 -0.6465 -0.7146
vn 0.2668 -0.6454 0.7157
vn -0.2817 0.6627 0.6939
vn -0.0402 0.7134 -0.6996
vn 0.0425 -0.6994 -0.7134
vn 0.0424 -0.6983 0.7146
vn -0.0402 0.7145 0.6985
vn 0.0906 0.7060 -0.7024
vn -0.0938 -0.6980 -0.7100
vn -0.0937 -0.6968 0.7111
vn 0.0907 0.7071 0.7013
vn 0.1962 0.6822 -0.7043
vn -0.1433 -0.6908 -0.7087
vn -0.1430 -0.6897 0.7098
vn 0.1964 0.6833 0.7032
vn 0.7678 0.3451 -0.5397
vn 0.4766 -0.6944 -0.5392
vn 0.4768 -0.6935 0.5400
vn 0.7681 0.3459 0.5389
vn -0.4681 0.5483 -0.6930
vn 0.4566 -0.5315 -0.7135
vn 0.4559 -0.5306 0.7146
vn -0.4688 0.5492 0.6918
vn -0.7164 0.0212 -0.6974
vn 0.7022 -0.0200 -0.7117
vn 0.7010 -0.0200 0.7128
vn -0.7175 0.0212 0.6962
vn -0.5187 -0.4960 -0.6964
vn 0.5069 0.4840 -0.7133
vn 0.5062 0.4831 0.7144
vn -0.5195 -0.4967 0.6953
vn -0.3651 -0.6154 -0.6986
vn 0.3579 0.6049 -0.7113
vn 0.3568 0.6043 0.7124
vn -0.3680 -0.6154 0.6970
vn -0.2014 -0.6889 -0.6964
vn 0.2216 0.6618 -0.7162
vn 0.1917 0.6759 0.7117
vn -0.2280 -0.6799 0.6970
vn -0.0791 -0.7148 -0.6949
vn 0.0756 0.6990 -0.7111
vn 0.0767 0.7025 0.7075
vn -0.0771 -0.7025 0.7075
vn -0.0184 -0.7157 -0.6982
vn -0.0247 0.7002 -0.7135
vn 0.0297 0.7067 0.7069
vn 0.0273 -0.7111 0.7025
vn -0.6970 -0.5071 -0.5071
vn -0.6970 0.5071 -0.5071
vn -0.6970 0.5071 0.5071
vn -0.6970 -0.5071 0.5071
vn -0.4491 -0.4235 -0.7868
vn 0.5482 0.5261 -0.6501
vn 0.5482 0.5261 0.6501
vn -0.4491 -0.4235 0.7868
vn -0.6177 0.2610 -0.7419
vn 0.6489 -0.3687 -0.6655
vn 0.6489 -0.3687 0.6655
vn -0.6177 0.2610 0.7419
vn -0.6857 0.2120 -0.6964
vn 0.6696 -0.2073 -0.7132
vn 0.6685 -0.2070 0.7143
vn -0.6867 0.2123 0.6952
vn -0.6313 -0.3427 -0.6958
vn 0.6175 0.3340 -0.7122
vn 0.6165 0.3335 0.7133
vn -0.6322 -0.3432 0.6946
vn -0.0284 -0.7076 -0.7060
vn -0.0285 0.7076 -0.7061
vn -0.0285 0.7076 0.7061
vn -0.0284 -0.7076 0.7060
vn 0.0542 -0.7267 -0.6848
vn 0.0603 0.7235 -0.6877
vn 0.0603 0.7235 0.6877
vn 0.0542 -0.7267 0.6848
vn -0.1360 0.6969 -0.7041
vn 0.1329 -0.6947 -0.7070
vn 0.1327 -0.6935 0.7081
vn -0.1362 0.6980 0.7030
vn -0.7259 0.0668 -0.6845
vn 0.7252 0.0413 -0.6873
vn 0.7252 0.0413 0.6873
vn -0.7259 0.0668 0.6845
vn -0.7204 -0.0137 -0.6934
vn 0.7178 -0.0478 -0.6946
vn 0.7178 -0.0478 0.6946
vn -0.7204 -0.0137 0.6934
vn 0.1975 -0.6844 -0.7019
vn -0.0012 -0.0048 -1.0000
vn -0.1776 0.6891 -0.7025
vn 0.0112 -0.0033 -0.9999
vn -0.2446 0.9696 -0.0000
vn -0.1779 0.6890 0.7026
vn -0.2232 0.9748 -0.0000
vn 0.0027 -0.0035 1.0000
vn 0.1978 -0.6843 0.7019
vn 0.0112 -0.0032 0.9999
vn 0.2398 -0.9708 -0.0008
vn 0.3526 -0.9358 -0.0000
vn 0.9020 0.4317 -0.0005
vn 0.7232 -0.2021 0.6605
vn 0.5428 -0.8398 0.0005
vn 0.7229 -0.2031 -0.6605
vn -0.7827 -0.6224 -0.0000
vn -0.7827 -0.0000 0.6224
vn -0.7827 0.6224 -0.0000
vn -0.7827 -0.0000 -0.6224
vn -0.4432 -0.5648 -0.6961
vn -0.0107 -0.0100 -0.9999
vn 0.4302 0.5514 -0.7147
vn -0.0049 -0.0104 -0.9999
vn 0.7236 0.6902 0.0008
vn 0.4300 0.5500 0.7159
vn 0.5082 0.8612 0.0010
vn -0.0119 -0.0110 0.9999
vn -0.4444 -0.5654 0.6949
vn -0.0076 -0.0103 0.9999
vn -0.7225 -0.6913 -0.0008
vn -0.5121 -0.8589 -0.0015
vn -0.2682 -0.6812 -0.6812
vn -0.2682 0.6812 -0.6812
vn -0.0292 -0.0000 -0.9996
vn -0.2682 0.6812 0.6812
vn -0.0262 0.9997 -0.0000
vn -0.2682 -0.6812 0.6812
vn -0.0292 -0.0000 0.9996
vn -0.0261 -0.9997 -0.0000
vn 0.0193 -0.7135 -0.7004
vn 0.0158 0.7125 -0.7015
vn 0.0147 0.0017 -0.9999
vn 0.0158 0.7125 0.7015
vn 0.0932 0.9956 -0.0000
vn 0.0193 -0.7135 0.7004
vn 0.0147 0.0017 0.9999
vn 0.0923 -0.9957 -0.0000
vn -0.0463 -0.7167 -0.6959
vn 0.2234 0.7145 -0.6630
vn 0.0712 0.0674 -0.9952
vn 0.2234 0.7145 0.6630
vn 0.7208 0.6932 -0.0000
vn -0.0463 -0.7167 0.6959
vn 0.0712 0.0674 0.9952
vn -0.7293 -0.6842 -0.0000
vn -0.7143 -0.0679 -0.6965
vn -0.0125 0.0003 -0.9999
vn 0.6988 0.0657 -0.7123
vn -0.0149 -0.0037 -0.9999
vn 0.9996 -0.0282 0.0008
vn 0.6976 0.0656 0.7134
vn 0.9738 0.2276 0.0008
vn -0.0141 0.0004 0.9999
vn -0.7154 -0.0680 0.6954
vn -0.0165 -0.0041 0.9999
vn -0.9996 0.0298 -0.0008
vn -0.9736 -0.2284 -0.0008
vn -0.6705 -0.2570 -0.6960
vn 0.6561 0.2510 -0.7117
vn -0.0126 -0.0067 -0.9999
vn 0.6550 0.2506 0.7129
vn 0.8797 0.4755 0.0008
vn -0.6715 -0.2574 0.6948
vn -0.0140 -0.0075 0.9999
vn -0.8787 -0.4774 -0.0008
vn -0.7087 0.1148 -0.6961
vn -0.0139 0.0044 -0.9999
vn 0.6914 -0.1110 -0.7139
vn 0.9552 -0.2960 0.0008
vn 0.6902 -0.1108 0.7151
vn -0.0154 0.0049 0.9999
vn -0.7098 0.1149 0.6950
vn -0.9554 0.2952 -0.0008
vn -0.5801 -0.4227 -0.6962
vn 0.5681 0.4122 -0.7123
vn 0.5671 0.4115 0.7134
vn -0.5810 -0.4234 0.6951
vn -0.5464 0.4685 -0.6943
vn -0.0114 0.0137 -0.9998
vn 0.5344 -0.4547 -0.7125
vn -0.0120 0.0080 -0.9999
vn 0.6521 -0.7582 0.0008
vn 0.5336 -0.4540 0.7136
vn 0.8444 -0.5357 0.0008
vn -0.0125 0.0149 0.9998
vn -0.5472 0.4692 0.6931
vn -0.0133 0.0088 0.9999
vn -0.6490 0.7608 -0.0008
vn -0.8434 0.5374 -0.0008
vn -0.6513 0.3017 -0.6962
vn 0.6368 -0.2951 -0.7123
vn 0.6358 -0.2946 0.7134
vn -0.6523 0.3022 0.6951
vn -0.2903 -0.6540 -0.6986
vn 0.2936 0.6366 -0.7131
vn 0.0154 -0.0220 -0.9996
vn 0.2831 0.6425 0.7120
vn 0.2944 0.9557 -0.0037
vn -0.3017 -0.6511 0.6965
vn -0.0245 -0.0061 0.9997
vn -0.2999 -0.9540 0.0004
vn -0.3774 0.6130 -0.6941
vn -0.0076 0.0151 -0.9999
vn 0.3663 -0.5980 -0.7129
vn 0.3809 -0.9246 0.0008
vn 0.3657 -0.5970 0.7140
vn -0.0082 0.0166 0.9998
vn -0.3779 0.6140 0.6930
vn -0.3916 0.9201 -0.0008
vn -0.1215 -0.7089 -0.6948
vn 0.1458 0.6848 -0.7140
vn -0.0020 -0.0124 -0.9999
vn 0.1133 0.6962 0.7089
vn 0.1078 0.9942 -0.0021
vn -0.1493 -0.6955 0.7029
vn 0.0001 -0.0014 1.0000
vn -0.1097 -0.9939 0.0096
vn -0.1016 0.7043 -0.7026
vn -0.0004 0.0119 -0.9999
vn 0.1037 -0.6972 -0.7093
vn -0.0008 0.0026 -1.0000
vn 0.0614 -0.9981 0.0008
vn 0.1036 -0.6961 0.7104
vn 0.1874 -0.9823 0.0008
vn -0.0005 0.0135 0.9999
vn -0.1017 0.7054 0.7014
vn -0.0011 0.0041 1.0000
vn -0.0558 0.9984 -0.0008
vn -0.1918 0.9814 -0.0008
vn -0.1895 0.6899 -0.6986
vn 0.1782 -0.6790 -0.7122
vn 0.1779 -0.6779 0.7133
vn -0.1898 0.6910 0.6975
vn 0.0333 0.7129 -0.7004
vn 0.0004 0.0066 -1.0000
vn -0.0345 -0.7009 -0.7124
vn -0.1340 -0.9910 0.0008
vn -0.0344 -0.6998 0.7135
vn 0.0006 0.0082 1.0000
vn 0.0334 0.7140 0.6993
vn 0.1267 0.9919 -0.0008
vn -0.0584 -0.7145 -0.6972
vn 0.0212 0.7037 -0.7102
vn -0.0348 -0.0130 -0.9993
vn 0.0630 0.7062 0.7052
vn 0.0052 1.0000 -0.0042
vn -0.0203 -0.7064 0.7075
vn 0.0356 -0.0042 0.9994
vn 0.0075 -1.0000 0.0025
vn 0.0832 -0.7123 -0.6969
vn -0.1056 0.6836 -0.7222
vn -0.0783 0.6917 0.7180
vn 0.1069 -0.7120 0.6939
vn 0.1348 0.6981 -0.7032
vn 0.0269 -0.0027 -0.9996
vn -0.1366 -0.6910 -0.7098
vn -0.2155 -0.9765 0.0008
vn -0.1364 -0.6899 0.7109
vn 0.0273 -0.0011 0.9996
vn 0.1350 0.6992 0.7021
vn 0.2645 0.9644 -0.0008
vn -0.3429 0.5792 -0.7395
vn 0.0564 -0.0300 -0.9980
vn 0.4273 -0.6054 -0.6715
vn 0.8643 -0.5029 -0.0000
vn 0.4273 -0.6054 0.6715
vn 0.0564 -0.0300 0.9980
vn -0.3429 0.5792 0.7395
vn -0.9362 0.3516 -0.0000
vn 0.4077 0.6023 -0.6863
vn 0.0441 -0.7242 -0.6882
vn 0.0444 -0.7231 0.6893
vn 0.4080 0.6034 0.6852
vn -0.7225 -0.0189 -0.6912
vn 0.7216 0.1991 -0.6631
vn 0.0018 0.0139 -0.9999
vn 0.7216 0.1991 0.6631
vn 0.9978 0.0667 -0.0000
vn -0.7225 -0.0189 0.6912
vn 0.0018 0.0139 0.9999
vn -0.9941 0.1083 -0.0000
vn -0.7169 0.0232 -0.6968
vn 0.7159 -0.0093 -0.6982
vn 0.0007 -0.0080 -1.0000
vn 0.7159 -0.0093 0.6982
vn 0.9974 -0.0727 -0.0000
vn -0.7169 0.0232 0.6968
vn 0.0007 -0.0080 1.0000
vn -0.9996 -0.0283 -0.0000
vn -0.7260 0.0067 -0.6877
vn 0.7215 -0.1374 -0.6786
vn 0.7215 -0.1374 0.6786
vn -0.7260 0.0067 0.6877
vn 0.0029 -0.0004 -1.0000
vn -0.2467 0.9691 0.0001
vn 0.0028 -0.0002 1.0000
vn 0.2795 -0.9601 -0.0002
vn 0.9623 -0.2719 -0.0000
vn -1.0000 -0.0000 -0.0000
vn -0.0101 -0.0127 -0.9999
vn 0.6151 0.7884 0.0011
vn -0.0110 -0.0137 0.9998
vn -0.6179 -0.7863 -0.0010
vn -0.2630 -0.0000 -0.9648
vn -0.2630 0.9648 -0.0000
vn -0.2630 -0.0000 0.9648
vn -0.2630 -0.9648 -0.0000
vn 0.0047 -0.0003 -1.0000
vn 0.0260 0.9997 -0.0000
vn 0.0047 -0.0003 1.0000
vn 0.0320 -0.9995 -0.0000
vn 0.0220 0.0356 -0.9991
vn 0.3110 0.9504 -0.0000
vn 0.0220 0.0356 0.9991
vn -0.0080 -1.0000 -0.0000
vn -0.0136 -0.0015 -0.9999
vn 0.9956 0.0936 0.0008
vn -0.0152 -0.0016 0.9999
vn -0.9955 -0.0946 -0.0008
vn -0.0128 -0.0049 -0.9999
vn 0.9340 0.3572 0.0008
vn -0.0143 -0.0055 0.9999
vn -0.9337 -0.3579 -0.0008
vn -0.0152 0.0025 -0.9999
vn 0.9874 -0.1583 0.0008
vn -0.0168 0.0028 0.9999
vn -0.9871 0.1600 -0.0008
vn -0.0114 -0.0081 -0.9999
vn 0.8097 0.5869 0.0008
vn -0.0127 -0.0090 0.9999
vn -0.8080 -0.5892 -0.0008
vn -0.0118 0.0106 -0.9999
vn 0.7620 -0.6476 0.0008
vn -0.0131 0.0116 0.9998
vn -0.7590 0.6511 -0.0008
vn -0.0126 0.0061 -0.9999
vn 0.9072 -0.4207 0.0008
vn -0.0141 0.0067 0.9999
vn -0.9075 0.4201 -0.0008
vn 0.0023 -0.0149 -0.9999
vn 0.4106 0.9118 -0.0009
vn -0.0131 -0.0085 0.9999
vn -0.4134 -0.9106 -0.0018
vn -0.0089 0.0136 -0.9999
vn 0.5222 -0.8528 0.0008
vn -0.0097 0.0150 0.9998
vn -0.5241 0.8516 -0.0008
vn 0.0192 -0.0193 -0.9996
vn 0.1835 0.9830 -0.0035
vn -0.0235 -0.0019 0.9997
vn -0.1900 -0.9818 0.0060
vn -0.0006 0.0059 -1.0000
vn 0.1478 -0.9890 0.0008
vn -0.0009 0.0075 1.0000
vn -0.1422 0.9898 -0.0008
vn -0.0039 0.0112 -0.9999
vn 0.2523 -0.9676 0.0008
vn -0.0044 0.0127 0.9999
vn -0.2658 0.9640 -0.0008
vn 0.0004 0.0103 -0.9999
vn -0.0496 -0.9988 0.0008
vn 0.0004 0.0119 0.9999
vn 0.0464 0.9989 -0.0008
vn -0.0285 -0.0086 -0.9996
vn 0.0604 0.9982 -0.0030
vn 0.0281 -0.0007 0.9996
vn -0.0546 -0.9985 0.0075
vn -0.0152 -0.0229 -0.9996
vn -0.1326 0.9912 -0.0043
vn 0.0206 -0.0182 0.9996
vn 0.1323 -0.9912 -0.0021
vn 0.0008 0.0057 -1.0000
vn -0.1945 -0.9809 0.0008
vn 0.0011 0.0073 1.0000
vn 0.1892 0.9819 -0.0008
vn 0.0340 -0.0438 -0.9985
vn 0.5807 -0.8141 -0.0000
vn 0.0340 -0.0438 0.9985
vn -0.4899 0.8718 -0.0000
vn 0.2223 -0.0593 -0.9732
vn -0.0367 -0.9993 0.0008
vn 0.2227 -0.0578 0.9732
vn 0.4789 0.8779 -0.0008
vn 0.0329 0.0206 -0.9992
vn 0.9602 0.2794 -0.0000
vn 0.0329 0.0206 0.9992
vn -0.9996 0.0285 -0.0000
vn -0.0002 0.0018 -1.0000
vn 0.9999 -0.0117 -0.0000
vn -0.0002 0.0018 1.0000
vn -0.9994 0.0343 -0.0000
vn 0.0131 -0.0144 -0.9998
vn 0.9800 -0.1990 -0.0000
vn 0.0131 -0.0144 0.9998
vn -0.9998 -0.0200 -0.0000
vn 0.8004 0.5481 -0.2427
vn 0.6936 0.7146 0.0909
vn 0.4823 0.7735 0.4111
vn 0.1978 0.7158 0.6697
vn -0.1173 0.5493 0.8273
vn -0.4153 0.2987 0.8592
vn -0.6504 0.0019 0.7596
vn -0.7859 -0.2958 0.5431
vn -0.8004 -0.5481 0.2427
vn -0.6916 -0.7160 -0.0951
vn -0.4764 -0.7735 -0.4180
vn -0.1885 -0.7123 -0.6761
vn 0.1276 -0.5423 -0.8304
vn 0.4235 -0.2903 -0.8581
vn 0.6547 0.0051 -0.7559
vn 0.7868 0.2993 -0.5398
vn 0.7358 0.6104 -0.2932
vn 0.6339 0.7721 0.0442
vn 0.4364 0.8178 0.3752
vn 0.1727 0.7399 0.6501
vn -0.1177 0.5497 0.8270
vn -0.3910 0.2753 0.8783
vn -0.6049 -0.0419 0.7952
vn -0.7263 -0.3532 0.5897
vn -0.7358 -0.6104 0.2932
vn -0.6320 -0.7735 -0.0485
vn -0.4310 -0.8173 -0.3824
vn -0.1641 -0.7357 -0.6571
vn 0.1272 -0.5419 -0.8308
vn 0.3984 -0.2661 -0.8777
vn 0.6088 0.0493 -0.7918
vn 0.7271 0.3568 -0.5865
vn 0.6634 0.6662 -0.3407
vn 0.5670 0.8237 0.0003
vn 0.3850 0.8574 0.3415
vn 0.1446 0.7616 0.6317
vn -0.1182 0.5501 0.8267
vn -0.3637 0.2542 0.8962
vn -0.5540 -0.0812 0.8286
vn -0.6594 -0.4047 0.6335
vn -0.6634 -0.6662 0.3407
vn -0.5652 -0.8250 -0.0047
vn -0.3800 -0.8566 -0.3490
vn -0.1368 -0.7568 -0.6392
vn 0.1267 -0.5415 -0.8311
vn 0.3703 -0.2445 -0.8961
vn 0.5574 0.0890 -0.8255
vn 0.6601 0.4084 -0.6304
vn 0.5840 0.7149 -0.3845
vn 0.4935 0.8688 -0.0402
vn 0.3286 0.8920 0.3104
vn 0.1138 0.7805 0.6147
vn -0.1187 0.5504 0.8264
vn -0.3337 0.2358 0.9127
vn -0.4981 -0.1155 0.8594
vn -0.5862 -0.4497 0.6739
vn -0.5840 -0.7149 0.3845
vn -0.4919 -0.8699 0.0357
vn -0.3241 -0.8909 -0.3182
vn -0.1069 -0.7752 -0.6227
vn 0.1262 -0.5412 -0.8314
vn 0.3395 -0.2256 -0.9132
vn 0.5010 0.1236 -0.8566
vn 0.5867 0.4535 -0.6709
vn 0.4984 0.7561 -0.4242
vn 0.4144 0.9069 -0.0770
vn 0.2678 0.9212 0.2822
vn 0.0806 0.7965 0.5993
vn -0.1193 0.5506 0.8262
vn -0.3014 0.2203 0.9277
vn -0.4378 -0.1445 0.8874
vn -0.5071 -0.4877 0.7106
vn -0.4984 -0.7561 0.4242
vn -0.4129 -0.9079 0.0724
vn -0.2639 -0.9199 -0.2902
vn -0.0746 -0.7907 -0.6077
vn 0.1256 -0.5410 -0.8316
vn 0.3063 -0.2096 -0.9286
vn 0.4402 0.1528 -0.8848
vn 0.5075 0.4915 -0.7077
vn 0.4075 0.7892 -0.4595
vn 0.3303 0.9375 -0.1096
vn 0.2033 0.9448 0.2572
vn 0.0453 0.8093 0.5856
vn -0.1198 0.5508 0.8260
vn -0.2671 0.2078 0.9410
vn -0.3738 -0.1678 0.9122
vn -0.4233 -0.5182 0.7431
vn -0.4075 -0.7892 0.4595
vn -0.3290 -0.9385 0.1050
vn -0.1999 -0.9432 -0.2654
vn -0.0403 -0.8032 -0.5944
vn 0.1251 -0.5408 -0.8318
vn 0.2710 -0.1967 -0.9423
vn 0.3757 0.1763 -0.9098
vn 0.4235 0.5222 -0.7403
vn 0.3123 0.8140 -0.4898
vn 0.2423 0.9604 -0.1376
vn 0.1356 0.9623 0.2356
vn 0.0084 0.8189 0.5738
vn -0.1205 0.5510 0.8258
vn -0.2312 0.1985 0.9524
vn -0.3068 -0.1852 0.9336
vn -0.3354 -0.5411 0.7712
vn -0.3123 -0.8140 0.4898
vn -0.2411 -0.9613 0.1330
vn -0.1329 -0.9606 -0.2440
vn -0.0044 -0.8125 -0.5829
vn 0.1244 -0.5406 -0.8320
vn 0.2341 -0.1871 -0.9540
vn 0.3080 0.1939 -0.9314
vn 0.3354 0.5451 -0.7683
vn 0.2138 0.8301 -0.5150
vn 0.1511 0.9753 -0.1609
vn 0.0657 0.9738 0.2177
vn -0.0299 0.8252 0.5641
vn -0.1211 0.5511 0.8256
vn -0.1941 0.1924 0.9619
vn -0.2375 -0.1966 0.9513
vn -0.2445 -0.5560 0.7944
vn -0.2138 -0.8301 0.5150
vn -0.1502 -0.9762 0.1562
vn -0.0635 -0.9720 -0.2263
vn 0.0328 -0.8186 -0.5734
vn 0.1238 -0.5405 -0.8322
vn 0.1958 -0.1809 -0.9638
vn 0.2381 0.2054 -0.9493
vn 0.2443 0.5600 -0.7916
vn 0.1130 0.8374 -0.5347
vn 0.0579 0.9821 -0.1792
vn -0.0059 0.9790 0.2037
vn -0.0690 0.8280 0.5564
vn -0.1217 0.5512 0.8255
vn -0.1560 0.1896 0.9694
vn -0.1665 -0.2018 0.9652
vn -0.1515 -0.5628 0.8126
vn -0.1130 -0.8374 0.5347
vn -0.0572 -0.9830 0.1744
vn 0.0074 -0.9772 -0.2124
vn 0.0708 -0.8214 -0.5660
vn 0.1232 -0.5405 -0.8323
vn 0.1567 -0.1780 -0.9715
vn 0.1665 0.2106 -0.9633
vn 0.1511 0.5668 -0.8099
vn 0.0110 0.8359 -0.5488
vn -0.0364 0.9807 -0.1922
vn -0.0784 0.9779 0.1937
vn -0.1086 0.8275 0.5509
vn -0.1224 0.5511 0.8254
vn -0.1176 0.1902 0.9747
vn -0.0947 -0.2007 0.9751
vn -0.0573 -0.5614 0.8256
vn -0.0110 -0.8359 0.5488
vn 0.0369 -0.9816 0.1874
vn 0.0792 -0.9761 -0.2025
vn 0.1092 -0.8208 -0.5607
vn 0.1225 -0.5405 -0.8324
vn 0.1171 -0.1786 -0.9769
vn 0.0940 0.2095 -0.9733
vn 0.0568 0.5654 -0.8229
vn -0.0911 0.8255 -0.5570
vn -0.1308 0.9711 -0.1998
vn -0.1509 0.9705 0.1879
vn -0.1482 0.8234 0.5477
vn -0.1230 0.5511 0.8253
vn -0.0791 0.1941 0.9778
vn -0.0229 -0.1934 0.9809
vn 0.0369 -0.5518 0.8332
vn 0.0911 -0.8255 0.5570
vn 0.1312 -0.9720 0.1950
vn 0.1511 -0.9688 -0.1967
vn 0.1478 -0.8169 -0.5576
vn 0.1219 -0.5405 -0.8325
vn 0.0775 -0.1826 -0.9801
vn 0.0215 0.2021 -0.9791
vn -0.0376 0.5558 -0.8305
vn -0.1922 0.8063 -0.5593
vn -0.2243 0.9534 -0.2019
vn -0.2227 0.9569 0.1862
vn -0.1874 0.8160 0.5468
vn -0.1237 0.5510 0.8253
vn -0.0409 0.2013 0.9787
vn 0.0483 -0.1799 0.9825
vn 0.1302 -0.5341 0.8353
vn 0.1922 -0.8063 0.5593
vn 0.2245 -0.9543 0.1971
vn 0.2223 -0.9553 -0.1951
vn 0.1859 -0.8097 -0.5567
vn 0.1212 -0.5407 -0.8325
vn 0.0383 -0.1901 -0.9810
vn -0.0503 0.1885 -0.9808
vn -0.1312 0.5381 -0.8326
vn -0.2913 0.7786 -0.5558
vn -0.3160 0.9277 -0.1986
vn -0.2931 0.9373 0.1888
vn -0.2259 0.8052 0.5482
vn -0.1243 0.5508 0.8253
vn -0.0035 0.2118 0.9773
vn 0.1181 -0.1604 0.9800
vn 0.2217 -0.5085 0.8320
vn 0.2913 -0.7786 0.5557
vn 0.3160 -0.9288 0.1938
vn 0.2920 -0.9358 -0.1976
vn 0.2233 -0.7992 -0.5580
vn 0.1206 -0.5408 -0.8324
vn -0.0002 -0.2008 -0.9796
vn -0.1207 0.1688 -0.9782
vn -0.2228 0.5124 -0.8293
vn -0.3873 0.7427 -0.5463
vn -0.4048 0.8945 -0.1898
vn -0.3613 0.9117 0.1955
vn -0.2632 0.7913 0.5519
vn -0.1249 0.5506 0.8254
vn 0.0327 0.2253 0.9737
vn 0.1856 -0.1351 0.9733
vn 0.3103 -0.4753 0.8233
vn 0.3873 -0.7427 0.5463
vn 0.4046 -0.8956 0.1851
vn 0.3596 -0.9105 -0.2043
vn 0.2595 -0.7856 -0.5616
vn 0.1200 -0.5411 -0.8324
vn -0.0375 -0.2148 -0.9759
vn -0.1889 0.1433 -0.9715
vn -0.3116 0.4792 -0.8205
vn -0.4792 0.6989 -0.5310
vn -0.4898 0.8540 -0.1757
vn -0.4266 0.8806 0.2064
vn -0.2988 0.7743 0.5579
vn -0.1255 0.5503 0.8255
vn 0.0674 0.2419 0.9680
vn 0.2503 -0.1042 0.9625
vn 0.3951 -0.4349 0.8092
vn 0.4792 -0.6989 0.5310
vn 0.4894 -0.8551 0.1710
vn 0.4243 -0.8796 -0.2150
vn 0.2942 -0.7691 -0.5674
vn 0.1194 -0.5413 -0.8323
vn -0.0731 -0.2318 -0.9700
vn -0.2542 0.1122 -0.9606
vn -0.3966 0.4387 -0.8064
vn -0.5660 0.6476 -0.5101
vn -0.5700 0.8066 -0.1564
vn -0.4882 0.8442 0.2212
vn -0.3325 0.7544 0.5660
vn -0.1261 0.5499 0.8256
vn 0.1001 0.2612 0.9601
vn 0.3114 -0.0682 0.9478
vn 0.4753 -0.3876 0.7899
vn 0.5660 -0.6476 0.5101
vn 0.5695 -0.8078 0.1517
vn 0.4854 -0.8436 -0.2298
vn 0.3269 -0.7498 -0.5753
vn 0.1188 -0.5417 -0.8322
vn -0.1068 -0.2517 -0.9619
vn -0.3158 0.0758 -0.9458
vn -0.4769 0.3913 -0.7871
vn -0.6468 0.5895 -0.4838
vn -0.6448 0.7529 -0.1320
vn -0.5456 0.8030 0.2399
vn -0.3639 0.7318 0.5762
vn -0.1266 0.5496 0.8258
vn 0.1306 0.2831 0.9502
vn 0.3683 -0.0273 0.9293
vn 0.5499 -0.3340 0.7656
vn 0.6468 -0.5895 0.4838
vn 0.6441 -0.7542 0.1274
vn 0.5423 -0.8027 -0.2483
vn 0.3574 -0.7279 -0.5852
vn 0.1183 -0.5420 -0.8320
vn -0.1382 -0.2742 -0.9517
vn -0.3732 0.0345 -0.9271
vn -0.5516 0.3376 -0.7627
vn -0.7208 0.5252 -0.4523
vn -0.7132 0.6934 -0.1029
vn -0.5982 0.7573 0.2622
vn -0.3926 0.7069 0.5884
vn -0.1271 0.5492 0.8260
vn 0.1585 0.3074 0.9383
vn 0.4204 0.0180 0.9072
vn 0.6181 -0.2746 0.7366
vn 0.7208 -0.5252 0.4523
vn 0.7124 -0.6948 0.0984
vn 0.5943 -0.7574 -0.2704
vn 0.3853 -0.7036 -0.5971
vn 0.1178 -0.5424 -0.8318
vn -0.1669 -0.2992 -0.9395
vn -0.4258 -0.0112 -0.9048
vn -0.6200 0.2781 -0.7337
vn -0.7871 0.4553 -0.4161
vn -0.7745 0.6287 -0.0694
vn -0.6453 0.7076 0.2880
vn -0.4184 0.6797 0.6024
vn -0.1275 0.5487 0.8262
vn 0.1835 0.3338 0.9246
vn 0.4671 0.0672 0.8817
vn 0.6793 -0.2101 0.7031
vn 0.7871 -0.4553 0.4161
vn 0.7736 -0.6303 0.0649
vn 0.6410 -0.7082 -0.2959
vn 0.4103 -0.6772 -0.6107
vn 0.1174 -0.5429 -0.8316
vn -0.1926 -0.3263 -0.9254
vn -0.4729 -0.0608 -0.8790
vn -0.6814 0.2134 -0.7001
vn -0.8451 0.3806 -0.3754
vn -0.8282 0.5596 -0.0318
vn -0.6865 0.6545 0.3168
vn -0.4409 0.6507 0.6182
vn -0.1278 0.5482 0.8265
vn 0.2054 0.3620 0.9093
vn 0.5079 0.1198 0.8530
vn 0.7329 -0.1411 0.6656
vn 0.8451 -0.3805 0.3754
vn 0.8271 -0.5613 0.0274
vn 0.6818 -0.6556 -0.3245
vn 0.4322 -0.6490 -0.6261
vn 0.1170 -0.5434 -0.8313
vn -0.2152 -0.3553 -0.9096
vn -0.5141 -0.1139 -0.8501
vn -0.7350 0.1443 -0.6625
vn -0.8941 0.3018 -0.3308
vn -0.8735 0.4867 0.0094
vn -0.7213 0.5986 0.3485
vn -0.4599 0.6202 0.6355
vn -0.1282 0.5477 0.8268
vn 0.2239 0.3917 0.8925
vn 0.5424 0.1753 0.8216
vn 0.7781 -0.0684 0.6244
vn 0.8941 -0.3018 0.3308
vn 0.8724 -0.4886 -0.0138
vn 0.7164 -0.6001 -0.3559
vn 0.4507 -0.6193 -0.6429
vn 0.1167 -0.5439 -0.8310
vn -0.2342 -0.3859 -0.8923
vn -0.5489 -0.1699 -0.8184
vn -0.7803 0.0714 -0.6213
vn -0.9337 0.2198 -0.2827
vn -0.9101 0.4109 0.0539
vn -0.7494 0.5403 0.3827
vn -0.4752 0.5883 0.6542
vn -0.1284 0.5472 0.8271
vn 0.2388 0.4226 0.8743
vn 0.5702 0.2330 0.7878
vn 0.8146 0.0073 0.5800
vn 0.9337 -0.2198 0.2827
vn 0.9089 -0.4130 -0.0582
vn 0.7442 -0.5424 -0.3898
vn 0.4656 -0.5884 -0.6611
vn 0.1165 -0.5444 -0.8307
vn -0.2495 -0.4177 -0.8736
vn -0.5770 -0.2281 -0.7843
vn -0.8169 -0.0044 -0.5768
vn -0.9633 0.1355 -0.2315
vn -0.9375 0.3330 0.1012
vn -0.7704 0.4805 0.4190
vn -0.4867 0.5556 0.6741
vn -0.1286 0.5467 0.8274
vn 0.2500 0.4544 0.8550
vn 0.5911 0.2923 0.7518
vn 0.8420 0.0851 0.5328
vn 0.9633 -0.1355 0.2315
vn 0.9362 -0.3352 -0.1054
vn 0.7651 -0.4831 -0.4258
vn 0.4768 -0.5566 -0.6803
vn 0.1163 -0.5449 -0.8304
vn -0.2610 -0.4504 -0.8538
vn -0.5980 -0.2880 -0.7479
vn -0.8443 -0.0823 -0.5295
vn -0.9828 0.0498 -0.1779
vn -0.9555 0.2537 0.1508
vn -0.7842 0.4196 0.4571
vn -0.4943 0.5223 0.6949
vn -0.1287 0.5461 0.8278
vn 0.2573 0.4867 0.8348
vn 0.6048 0.3527 0.7140
vn 0.8599 0.1642 0.4833
vn 0.9828 -0.0498 0.1779
vn 0.9542 -0.2560 -0.1549
vn 0.7787 -0.4227 -0.4635
vn 0.4841 -0.5243 -0.7006
vn 0.1162 -0.5455 -0.8300
vn -0.2686 -0.4837 -0.8330
vn -0.6118 -0.3489 -0.7099
vn -0.8623 -0.1616 -0.4799
vn -0.9918 -0.0365 -0.1225
vn -0.9638 0.1739 0.2021
vn -0.7906 0.3583 0.4965
vn -0.4978 0.4889 0.7164
vn -0.1288 0.5456 0.8281
vn 0.2607 0.5193 0.8139
vn 0.6111 0.4134 0.6750
vn 0.8682 0.2438 0.4321
vn 0.9918 0.0365 0.1225
vn 0.9625 -0.1764 -0.2061
vn 0.7851 -0.3620 -0.5026
vn 0.4875 -0.4917 -0.7215
vn 0.1161 -0.5460 -0.8297
vn -0.2721 -0.5172 -0.8115
vn -0.6183 -0.4101 -0.6705
vn -0.8706 -0.2414 -0.4286
vn -0.9903 -0.1224 -0.0657
vn -0.9624 0.0945 0.2546
vn -0.7896 0.2973 0.5368
vn -0.4972 0.4555 0.7384
vn -0.1288 0.5450 0.8285
vn 0.2601 0.5517 0.7925
vn 0.6101 0.4738 0.6350
vn 0.8668 0.3231 0.3797
vn 0.9903 0.1224 0.0657
vn 0.9611 -0.0972 -0.2585
vn 0.7840 -0.3016 -0.5425
vn 0.4869 -0.4593 -0.7429
vn 0.1161 -0.5466 -0.8293
vn -0.2715 -0.5505 -0.7894
vn -0.6172 -0.4711 -0.6302
vn -0.8693 -0.3208 -0.3761
vn -0.9783 -0.2070 -0.0082
vn -0.9513 0.0163 0.3077
vn -0.7811 0.2372 0.5776
vn -0.4925 0.4227 0.7607
vn -0.1287 0.5445 0.8288
vn 0.2556 0.5836 0.7708
vn 0.6016 0.5334 0.5946
vn 0.8558 0.4011 0.3267
vn 0.9783 0.2070 0.0082
vn 0.9501 -0.0191 -0.3115
vn 0.7756 -0.2420 -0.5830
vn 0.4824 -0.4274 -0.7646
vn 0.1162 -0.5471 -0.8289
vn -0.2668 -0.5834 -0.7671
vn -0.6087 -0.5312 -0.5893
vn -0.8582 -0.3991 -0.3230
vn -0.9560 -0.2893 0.0493
vn -0.9307 -0.0599 0.3610
vn -0.7652 0.1787 0.6185
vn -0.4839 0.3907 0.7831
vn -0.1286 0.5440 0.8292
vn 0.2472 0.6146 0.7491
vn 0.5859 0.5914 0.5541
vn 0.8351 0.4772 0.2736
vn 0.9560 0.2893 -0.0493
vn 0.9294 0.0569 -0.3646
vn 0.7599 -0.1840 -0.6235
vn 0.4740 -0.3964 -0.7863
vn 0.1163 -0.5477 -0.8286
vn -0.2582 -0.6153 -0.7448
vn -0.5928 -0.5897 -0.5485
vn -0.8375 -0.4752 -0.2697
vn -0.9235 -0.3687 0.1063
vn -0.9006 -0.1333 0.4137
vn -0.7421 0.1224 0.6590
vn -0.4713 0.3599 0.8052
vn -0.1283 0.5434 0.8296
vn 0.2349 0.6446 0.7276
vn 0.5630 0.6472 0.5139
vn 0.8052 0.5504 0.2209
vn 0.9235 0.3687 -0.1063
vn 0.8994 0.1301 -0.4172
vn 0.7370 -0.1282 -0.6636
vn 0.4617 -0.3664 -0.8078
vn 0.1165 -0.5482 -0.8282
vn -0.2456 -0.6461 -0.7227
vn -0.5697 -0.6461 -0.5080
vn -0.8074 -0.5486 -0.2170
vn -0.8812 -0.4441 0.1622
vn -0.8615 -0.2030 0.4654
vn -0.7121 0.0688 0.6987
vn -0.4548 0.3307 0.8269
vn -0.1281 0.5430 0.8299
vn 0.2190 0.6730 0.7065
vn 0.5333 0.7003 0.4746
vn 0.7661 0.6200 0.1694
vn 0.8812 0.4441 -0.1622
vn 0.8604 0.1997 -0.4688
vn 0.7072 -0.0751 -0.7030
vn 0.4458 -0.3380 -0.8289
vn 0.1168 -0.5486 -0.8279
vn -0.2291 -0.6754 -0.7010
vn -0.5397 -0.6996 -0.4683
vn -0.7683 -0.6183 -0.1653
vn -0.8295 -0.5148 0.2164
vn -0.8138 -0.2684 0.5155
vn -0.6754 0.0186 0.7372
vn -0.4348 0.3032 0.8479
vn -0.1277 0.5425 0.8303
vn 0.1995 0.6997 0.6860
vn 0.4969 0.7501 0.4364
vn 0.7185 0.6852 0.1193
vn 0.8295 0.5148 -0.2164
vn 0.8128 0.2650 -0.5188
vn 0.6709 -0.0254 -0.7411
vn 0.4263 -0.3113 -0.8493
vn 0.1171 -0.5491 -0.8275
vn -0.2091 -0.7028 -0.6799
vn -0.5030 -0.7499 -0.4298
vn -0.7206 -0.6837 -0.1152
vn -0.7691 -0.5800 0.2683
vn -0.7579 -0.3288 0.5635
vn -0.6325 -0.0278 0.7741
vn -0.4114 0.2779 0.8681
vn -0.1274 0.5421 0.8306
vn 0.1767 0.7243 0.6665
vn 0.4544 0.7960 0.3999
vn 0.6627 0.7455 0.0715
vn 0.7691 0.5800 -0.2683
vn 0.7570 0.3252 -0.5667
vn 0.6284 0.0206 -0.7777
vn 0.4035 -0.2867 -0.8689
vn 0.1175 -0.5495 -0.8272
vn -0.1857 -0.7281 -0.6598
vn -0.4601 -0.7962 -0.3929
vn -0.6647 -0.7441 -0.0672
vn -0.7006 -0.6391 0.3174
vn -0.6945 -0.3834 0.6089
vn -0.5838 -0.0697 0.8089
vn -0.3847 0.2550 0.8871
vn -0.1269 0.5417 0.8309
vn 0.1508 0.7466 0.6480
vn 0.4061 0.8376 0.3654
vn 0.5994 0.8000 0.0262
vn 0.7006 0.6391 -0.3174
vn 0.6937 0.3798 -0.6120
vn 0.5801 0.0622 -0.8122
vn 0.3777 -0.2644 -0.8874
vn 0.1180 -0.5499 -0.8269
vn -0.1590 -0.7511 -0.6408
vn -0.4114 -0.8382 -0.3581
vn -0.6013 -0.7987 -0.0219
vn -0.6246 -0.6915 0.3630
vn -0.6242 -0.4318 0.6511
vn -0.5298 -0.1069 0.8414
vn -0.3553 0.2347 0.9048
vn -0.1264 0.5414 0.8312
vn 0.1222 0.7663 0.6307
vn 0.3526 0.8744 0.3332
vn 0.5293 0.8483 -0.0160
vn 0.6246 0.6915 -0.3630
vn 0.6236 0.4281 -0.6542
vn 0.5266 0.0990 -0.8443
vn 0.3490 -0.2447 -0.9046
vn 0.1185 -0.5502 -0.8266
vn -0.1295 -0.7714 -0.6230
vn -0.3574 -0.8753 -0.3256
vn -0.5310 -0.8471 0.0204
vn -0.5419 -0.7365 0.4049
vn -0.5478 -0.4734 0.6898
vn -0.4711 -0.1389 0.8711
vn -0.3232 0.2172 0.9211
vn -0.1259 0.5411 0.8315
vn 0.0910 0.7833 0.6150
vn 0.2945 0.9061 0.3038
vn 0.4530 0.8898 -0.0546
vn 0.5419 0.7365 -0.4049
vn 0.5473 0.4696 -0.6928
vn 0.4684 0.1307 -0.8738
vn 0.3178 -0.2277 -0.9204
vn 0.1190 -0.5505 -0.8263
vn -0.0975 -0.7889 -0.6068
vn -0.2987 -0.9073 -0.2959
vn -0.4546 -0.8887 0.0591
vn -0.4536 -0.7736 0.4424
vn -0.4661 -0.5078 0.7245
vn -0.4084 -0.1653 0.8977
vn -0.2889 0.2028 0.9356
vn -0.1253 0.5409 0.8317
vn 0.0577 0.7973 0.6008
vn 0.2323 0.9323 0.2774
vn 0.3715 0.9241 -0.0892
vn 0.4536 0.7736 -0.4424
vn 0.4658 0.5039 -0.7274
vn 0.4062 0.1569 -0.9002
vn 0.2845 -0.2137 -0.9346
vn 0.1195 -0.5507 -0.8261
vn -0.0632 -0.8033 -0.5922
vn -0.2360 -0.9337 -0.2693
vn -0.3729 -0.9231 0.0938
vn -0.3604 -0.8026 0.4753
vn -0.3799 -0.5346 0.7549
vn -0.3422 -0.1859 0.9211
vn -0.2527 0.1915 0.9484
vn -0.1247 0.5407 0.8319
vn 0.0225 0.8083 0.5884
vn 0.1667 0.9527 0.2543
vn 0.2855 0.9509 -0.1195
vn 0.3604 0.8026 -0.4753
vn 0.3798 0.5307 -0.7577
vn 0.3407 0.1773 -0.9233
vn 0.2494 -0.2027 -0.9470
vn 0.1201 -0.5509 -0.8259
vn -0.0270 -0.8145 -0.5795
vn -0.1698 -0.9543 -0.2459
vn -0.2867 -0.9499 0.1242
vn -0.2634 -0.8231 0.5031
vn -0.2902 -0.5536 0.7806
vn -0.2733 -0.2004 0.9408
vn -0.2151 0.1836 0.9592
vn -0.1241 0.5405 0.8321
vn -0.0140 0.8160 0.5779
vn 0.0984 0.9671 0.2347
vn 0.1960 0.9698 -0.1452
vn 0.2634 0.8231 -0.5031
vn 0.2903 0.5496 -0.7834
vn 0.2724 0.1917 -0.9429
vn 0.2128 -0.1950 -0.9574
vn 0.1208 -0.5511 -0.8257
vn 0.0106 -0.8225 -0.5687
vn -0.1009 -0.9688 -0.2262
vn -0.1970 -0.9689 0.1499
vn -0.1636 -0.8349 0.5256
vn -0.1979 -0.5644 0.8014
vn -0.2024 -0.2088 0.9568
vn -0.1764 0.1790 0.9679
vn -0.1235 0.5405 0.8323
vn -0.0517 0.8204 0.5694
vn 0.0282 0.9754 0.2189
vn 0.1039 0.9806 -0.1660
vn 0.1636 0.8349 -0.5256
vn 0.1982 0.5604 -0.8042
vn 0.2022 0.1999 -0.9587
vn 0.1751 -0.1906 -0.9659
vn 0.1214 -0.5511 -0.8255
vn 0.0493 -0.8271 -0.5600
vn -0.0300 -0.9772 -0.2102
vn -0.1047 -0.9797 0.1707
vn -0.0621 -0.8378 0.5425
vn -0.1040 -0.5671 0.8170
vn -0.1303 -0.2108 0.9688
vn -0.1370 0.1779 0.9745
vn -0.1228 0.5404 0.8324
vn -0.0900 0.8215 0.5631
vn -0.0433 0.9774 0.2069
vn 0.0102 0.9833 -0.1816
vn 0.0621 0.8378 -0.5425
vn 0.1045 0.5631 -0.8198
vn 0.1307 0.2020 -0.9706
vn 0.1368 -0.1895 -0.9723
vn 0.1220 -0.5512 -0.8254
vn 0.0887 -0.8282 -0.5534
vn 0.0421 -0.9793 -0.1982
vn -0.0109 -0.9824 0.1863
vn 0.0401 -0.8318 0.5536
vn -0.0095 -0.5616 0.8274
vn -0.0577 -0.2066 0.9767
vn -0.0973 0.1802 0.9788
vn -0.1222 0.5405 0.8324
vn -0.1285 0.8193 0.5588
vn -0.1152 0.9732 0.1991
vn -0.0841 0.9778 -0.1919
vn -0.0401 0.8318 -0.5536
vn 0.0102 0.5576 -0.8301
vn 0.0588 0.1978 -0.9785
vn 0.0983 -0.1917 -0.9765
vn 0.1227 -0.5511 -0.8254
vn 0.1284 -0.8259 -0.5491
vn 0.1146 -0.9750 -0.1903
vn 0.0836 -0.9769 0.1966
vn 0.1418 -0.8170 0.5589
vn 0.0846 -0.5479 0.8322
vn 0.0145 -0.1961 0.9805
vn -0.0578 0.1859 0.9809
vn -0.1215 0.5406 0.8325
vn -0.1669 0.8137 0.5569
vn -0.1868 0.9628 0.1954
vn -0.1780 0.9642 -0.1968
vn -0.1418 0.8170 -0.5589
vn -0.0837 0.5439 -0.8349
vn -0.0128 0.1874 -0.9822
vn 0.0599 -0.1973 -0.9785
vn 0.1234 -0.5510 -0.8253
vn 0.1679 -0.8201 -0.5470
vn 0.1869 -0.9645 -0.1865
vn 0.1777 -0.9632 0.2015
vn 0.2421 -0.7935 0.5583
vn 0.1773 -0.5262 0.8317
vn 0.0857 -0.1794 0.9800
vn -0.0189 0.1950 0.9806
vn -0.1209 0.5407 0.8325
vn -0.2047 0.8048 0.5571
vn -0.2574 0.9463 0.1958
vn -0.2705 0.9425 -0.1962
vn -0.2421 0.7935 -0.5583
vn -0.1763 0.5223 -0.8344
vn -0.0834 0.1709 -0.9818
vn 0.0221 -0.2062 -0.9783
vn 0.1240 -0.5509 -0.8253
vn 0.2068 -0.8110 -0.5473
vn 0.2581 -0.9479 -0.1870
vn 0.2704 -0.9415 0.2010
vn 0.3397 -0.7617 0.5517
vn 0.2676 -0.4968 0.8256
vn 0.1551 -0.1568 0.9754
vn 0.0190 0.2074 0.9781
vn -0.1203 0.5409 0.8324
vn -0.2416 0.7928 0.5596
vn -0.3261 0.9238 0.2004
vn -0.3607 0.9131 -0.1901
vn -0.3397 0.7617 -0.5517
vn -0.2664 0.4929 -0.8283
vn -0.1522 0.1484 -0.9771
vn -0.0147 -0.2182 -0.9758
vn 0.1246 -0.5507 -0.8254
vn 0.2447 -0.7986 -0.5498
vn 0.3275 -0.9252 -0.1916
vn 0.3608 -0.9121 0.1949
vn 0.4338 -0.7217 0.5393
vn 0.3546 -0.4598 0.8141
vn 0.2219 -0.1284 0.9666
vn 0.0555 0.2229 0.9733
vn -0.1197 0.5412 0.8323
vn -0.2770 0.7777 0.5642
vn -0.3923 0.8957 0.2092
vn -0.4475 0.8762 -0.1787
vn -0.4338 0.7217 -0.5393
vn -0.3533 0.4560 -0.8169
vn -0.2184 0.1203 -0.9684
vn -0.0502 -0.2333 -0.9711
vn 0.1252 -0.5504 -0.8254
vn 0.2812 -0.7831 -0.5546
vn 0.3943 -0.8969 -0.2004
vn 0.4478 -0.8751 0.1834
vn 0.5233 -0.6742 0.5212
vn 0.4374 -0.4158 0.7974
vn 0.2855 -0.0946 0.9537
vn 0.0903 0.2414 0.9662
vn -0.1191 0.5415 0.8322
vn -0.3108 0.7598 0.5711
vn -0.4553 0.8622 0.2219
vn -0.5301 0.8323 -0.1620
vn -0.5233 0.6742 -0.5212
vn -0.4358 0.4121 -0.8001
vn -0.2814 0.0868 -0.9557
vn -0.0840 -0.2512 -0.9643
vn 0.1258 -0.5501 -0.8256
vn 0.3160 -0.7647 -0.5616
vn 0.4579 -0.8630 -0.2133
vn 0.5305 -0.8311 0.1667
vn 0.6072 -0.6194 0.4976
vn 0.5150 -0.3652 0.7755
vn 0.3451 -0.0557 0.9369
vn 0.1228 0.2626 0.9570
vn -0.1186 0.5418 0.8321
vn -0.3425 0.7391 0.5800
vn -0.5144 0.8237 0.2386
vn -0.6076 0.7818 -0.1401
vn -0.6072 0.6194 -0.4976
vn -0.5133 0.3616 -0.7783
vn -0.3404 0.0483 -0.9390
vn -0.1156 -0.2719 -0.9554
vn 0.1263 -0.5498 -0.8257
vn 0.3485 -0.7434 -0.5708
vn 0.5175 -0.8242 -0.2301
vn 0.6082 -0.7805 0.1448
vn 0.6847 -0.5581 0.4687
vn 0.5867 -0.3085 0.7488
vn 0.4002 -0.0122 0.9164
vn 0.1529 0.2864 0.9458
vn -0.1181 0.5422 0.8319
vn -0.3717 0.7160 0.5909
vn -0.5690 0.7806 0.2589
vn -0.6791 0.7252 -0.1134
vn -0.6847 0.5581 -0.4687
vn -0.5848 0.3050 -0.7516
vn -0.3950 0.0051 -0.9187
vn -0.1449 -0.2950 -0.9445
vn 0.1268 -0.5494 -0.8259
vn 0.3786 -0.7196 -0.5820
vn 0.5725 -0.7806 -0.2506
vn 0.6798 -0.7238 0.1181
vn 0.7550 -0.4909 0.4348
vn 0.6516 -0.2463 0.7174
vn 0.4500 0.0355 0.8923
vn 0.1802 0.3125 0.9327
vn -0.1176 0.5427 0.8317
vn -0.3982 0.6907 0.6037
vn -0.6184 0.7332 0.2828
vn -0.7439 0.6632 -0.0822
vn -0.7550 0.4909 -0.4348
vn -0.6497 0.2429 -0.7204
vn -0.4444 -0.0422 -0.8948
vn -0.1714 -0.3203 -0.9317
vn 0.1273 -0.5489 -0.8261
vn 0.4059 -0.6936 -0.5952
vn 0.6224 -0.7329 -0.2747
vn 0.7448 -0.6616 0.0867
vn 0.8172 -0.4185 0.3963
vn 0.7092 -0.1794 0.6818
vn 0.4943 0.0870 0.8650
vn 0.2043 0.3406 0.9177
vn -0.1172 0.5431 0.8314
vn -0.4217 0.6633 0.6182
vn -0.6622 0.6823 0.3099
vn -0.8014 0.5963 -0.0466
vn -0.8172 0.4185 -0.3963
vn -0.7071 0.1761 -0.6848
vn -0.4882 -0.0931 -0.8677
vn -0.1949 -0.3476 -0.9172
vn 0.1277 -0.5485 -0.8264
vn 0.4300 -0.6654 -0.6101
vn 0.6666 -0.6814 -0.3020
vn 0.8024 -0.5947 0.0511
vn 0.8708 -0.3416 0.3536
vn 0.7587 -0.1083 0.6423
vn 0.5323 0.1416 0.8346
vn 0.2251 0.3704 0.9012
vn -0.1169 0.5436 0.8312
vn -0.4419 0.6344 0.6343
vn -0.6999 0.6282 0.3399
vn -0.8508 0.5254 -0.0072
vn -0.8708 0.3416 -0.3536
vn -0.7565 0.1052 -0.6454
vn -0.5260 -0.1472 -0.8377
vn -0.2151 -0.3766 -0.9011
vn 0.1280 -0.5480 -0.8266
vn 0.4508 -0.6356 -0.6267
vn 0.7047 -0.6269 -0.3324
vn 0.8519 -0.5236 0.0116
vn 0.9151 -0.2611 0.3071
vn 0.7997 -0.0339 0.5994
vn 0.5638 0.1987 0.8016
vn 0.2423 0.4017 0.8831
vn -0.1166 0.5441 0.8309
vn -0.4586 0.6040 0.6518
vn -0.7311 0.5715 0.3726
vn -0.8917 0.4511 0.0356
vn -0.9151 0.2611 -0.3071
vn -0.7975 0.0309 -0.6026
vn -0.5572 -0.2039 -0.8050
vn -0.2318 -0.4070 -0.8835
vn 0.1283 -0.5475 -0.8269
vn 0.4680 -0.6044 -0.6447
vn 0.7362 -0.5697 -0.3653
vn 0.8929 -0.4492 -0.0313
vn 0.9498 -0.1779 0.2574
vn 0.8318 0.0431 0.5534
vn 0.5884 0.2579 0.7663
vn 0.2558 0.4340 0.8638
vn -0.1164 0.5447 0.8305
vn -0.4717 0.5726 0.6706
vn -0.7555 0.5129 0.4076
vn -0.9237 0.3743 0.0815
vn -0.9498 0.1779 -0.2574
vn -0.8294 -0.0459 -0.5567
vn -0.5816 -0.2625 -0.7700
vn -0.2449 -0.4384 -0.8648
vn 0.1285 -0.5469 -0.8272
vn 0.4815 -0.5721 -0.6640
vn 0.7608 -0.5106 -0.4006
vn 0.9249 -0.3722 -0.0773
vn 0.9744 -0.0928 0.2050
vn 0.8545 0.1219 0.5049
vn 0.6059 0.3183 0.7291
vn 0.2653 0.4670 0.8435
vn -0.1162 0.5452 0.8302
vn -0.4809 0.5405 0.6903
vn -0.7728 0.4530 0.4445
vn -0.9464 0.2957 0.1299
vn -0.9744 0.0928 -0.2050
vn -0.8521 -0.1245 -0.5083
vn -0.5989 -0.3224 -0.7331
vn -0.2541 -0.4705 -0.8450
vn 0.1287 -0.5464 -0.8276
vn 0.4910 -0.5390 -0.6844
vn 0.7783 -0.4501 -0.4379
vn 0.9477 -0.2934 -0.1258
vn 0.9886 -0.0066 0.1504
vn 0.8677 0.2015 0.4545
vn 0.6160 0.3795 0.6903
vn 0.2708 0.5005 0.8223
vn -0.1161 0.5458 0.8299
vn -0.4863 0.5080 0.7109
vn -0.7828 0.3924 0.4829
vn -0.9596 0.2162 0.1803
vn -0.9886 0.0066 -0.1504
vn -0.8653 -0.2040 -0.4579
vn -0.6089 -0.3830 -0.6947
vn -0.2595 -0.5030 -0.8244
vn 0.1288 -0.5458 -0.8279
vn 0.4965 -0.5056 -0.7056
vn 0.7884 -0.3889 -0.4767
vn 0.9608 -0.2138 -0.1763
vn 0.9924 0.0795 0.0942
vn 0.8712 0.2812 0.4025
vn 0.6187 0.4407 0.6504
vn 0.2723 0.5339 0.8005
vn -0.1161 0.5463 0.8295
vn -0.4877 0.4755 0.7321
vn -0.7855 0.3317 0.5225
vn -0.9630 0.1367 0.2321
vn -0.9924 -0.0795 -0.0942
vn -0.8688 -0.2835 -0.4061
vn -0.6115 -0.4437 -0.6551
vn -0.2609 -0.5355 -0.8032
vn 0.1288 -0.5453 -0.8283
vn 0.4980 -0.4722 -0.7274
vn 0.7910 -0.3277 -0.5166
vn 0.9643 -0.1341 -0.2282
vn 0.9856 0.1649 0.0370
vn 0.8649 0.3601 0.3496
vn 0.6139 0.5013 0.6098
vn 0.2697 0.5670 0.7783
vn -0.1161 0.5469 0.8291
vn -0.4852 0.4433 0.7537
vn -0.7807 0.2716 0.5627
vn -0.9568 0.0579 0.2849
vn -0.9856 -0.1649 -0.0370
vn -0.8625 -0.3623 -0.3533
vn -0.6068 -0.5038 -0.6148
vn -0.2584 -0.5677 -0.7816
vn 0.1287 -0.5448 -0.8287
vn 0.4954 -0.4390 -0.7496
vn 0.7863 -0.2671 -0.5572
vn 0.9581 -0.0552 -0.2811
vn 0.9684 0.2485 -0.0206
vn 0.8490 0.4375 0.2963
vn 0.6016 0.5607 0.5689
vn 0.2630 0.5995 0.7560
vn -0.1163 0.5474 0.8288
vn -0.4787 0.4118 0.7754
vn -0.7686 0.2128 0.6033
vn -0.9409 -0.0192 0.3381
vn -0.9684 -0.2485 0.0206
vn -0.8466 -0.4395 -0.3001
vn -0.5947 -0.5626 -0.5743
vn -0.2519 -0.5992 -0.7599
vn 0.1286 -0.5442 -0.8290
vn 0.4887 -0.4066 -0.7719
vn 0.7740 -0.2077 -0.5981
vn 0.9422 0.0221 -0.3344
vn 0.9410 0.3294 -0.0779
vn 0.8236 0.5123 0.2433
vn 0.5821 0.6182 0.5281
vn 0.2523 0.6309 0.7337
vn -0.1164 0.5479 0.8284
vn -0.4683 0.3812 0.7971
vn -0.7493 0.1558 0.6436
vn -0.9156 -0.0939 0.3910
vn -0.9410 -0.3294 0.0779
vn -0.8213 -0.5142 -0.2472
vn -0.5753 -0.6196 -0.5339
vn -0.2415 -0.6298 -0.7383
vn 0.1285 -0.5437 -0.8294
vn 0.4780 -0.3752 -0.7942
vn 0.7545 -0.1502 -0.6388
vn 0.9168 0.0970 -0.3874
vn 0.9035 0.4069 -0.1345
vn 0.7890 0.5840 0.1910
vn 0.5555 0.6732 0.4880
vn 0.2378 0.6610 0.7117
vn -0.1167 0.5484 0.8280
vn -0.4542 0.3520 0.8184
vn -0.7229 0.1013 0.6834
vn -0.8810 -0.1654 0.4432
vn -0.9035 -0.4069 0.1345
vn -0.7867 -0.5857 -0.1950
vn -0.5490 -0.6741 -0.4941
vn -0.2274 -0.6590 -0.7170
vn 0.1282 -0.5432 -0.8298
vn 0.4635 -0.3451 -0.8161
vn 0.7279 -0.0952 -0.6790
vn 0.8822 0.1687 -0.4397
vn 0.8565 0.4801 -0.1896
vn 0.7455 0.6516 0.1400
vn 0.5222 0.7252 0.4488
vn 0.2196 0.6894 0.6904
vn -0.1170 0.5489 0.8277
vn -0.4365 0.3244 0.8392
vn -0.6898 0.0498 0.7222
vn -0.8376 -0.2330 0.4941
vn -0.8565 -0.4801 0.1896
vn -0.7434 -0.6532 -0.1441
vn -0.5159 -0.7256 -0.4553
vn -0.2097 -0.6866 -0.6962
vn 0.1279 -0.5427 -0.8301
vn 0.4453 -0.3167 -0.8375
vn 0.6945 -0.0432 -0.7182
vn 0.8387 0.2363 -0.4907
vn 0.8475 0.3765 -0.3741
vn 0.6523 0.7006 -0.2891
vn 0.3587 0.9196 -0.1606
vn 0.0104 0.9999 -0.0075
vn -0.3402 0.9288 0.1470
vn -0.6398 0.7160 0.2795
vn -0.8421 0.3930 0.3694
vn -0.9153 0.0091 0.4028
vn -0.8475 -0.3765 0.3741
vn -0.6491 -0.7041 0.2878
vn -0.3511 -0.9231 0.1572
vn 0.0004 -1.0000 0.0028
vn 0.3510 -0.9240 -0.1518
vn 0.6475 -0.7077 -0.2829
vn 0.8453 -0.3847 -0.3709
vn 0.9153 -0.0042 -0.4028
vn 0.8016 0.3742 -0.4662
vn 0.6098 0.6985 -0.3743
vn 0.3261 0.9179 -0.2260
vn -0.0074 0.9990 -0.0433
vn -0.3405 0.9288 0.1464
vn -0.6225 0.7168 0.3142
vn -0.8097 0.3946 0.4343
vn -0.8729 0.0112 0.4878
vn -0.8016 -0.3742 0.4662
vn -0.6068 -0.7020 0.3728
vn -0.3187 -0.9215 0.2221
vn 0.0177 -0.9991 0.0375
vn 0.3507 -0.9240 -0.1524
vn 0.6296 -0.7085 -0.3186
vn 0.8127 -0.3863 -0.4363
vn 0.8728 -0.0063 -0.4880
vn 0.7472 0.3680 -0.5534
vn 0.5595 0.6928 -0.4550
vn 0.2874 0.9135 -0.2879
vn -0.0285 0.9966 -0.0771
vn -0.3408 0.9287 0.1458
vn -0.6019 0.7192 0.3471
vn -0.7714 0.3990 0.4956
vn -0.8227 0.0170 0.5683
vn -0.7472 -0.3680 0.5534
vn -0.5566 -0.6963 0.4533
vn -0.2804 -0.9171 0.2834
vn 0.0382 -0.9968 0.0704
vn 0.3504 -0.9240 -0.1529
vn 0.6085 -0.7110 -0.3525
vn 0.7740 -0.3907 -0.4982
vn 0.8225 -0.0121 -0.5686
vn 0.6849 0.3579 -0.6347
vn 0.5019 0.6834 -0.5302
vn 0.2432 0.9063 -0.3457
vn -0.0527 0.9927 -0.1087
vn -0.3412 0.9287 0.1453
vn -0.5784 0.7230 0.3778
vn -0.7276 0.4061 0.5529
vn -0.7651 0.0263 0.6433
vn -0.6849 -0.3579 0.6347
vn -0.4990 -0.6869 0.5283
vn -0.2366 -0.9099 0.3407
vn 0.0618 -0.9930 0.1011
vn 0.3500 -0.9241 -0.1534
vn 0.5843 -0.7149 -0.3840
vn 0.7297 -0.3979 -0.5560
vn 0.7649 -0.0215 -0.6438
vn 0.6153 0.3439 -0.7093
vn 0.4375 0.6705 -0.5992
vn 0.1937 0.8964 -0.3987
vn -0.0797 0.9873 -0.1376
vn -0.3417 0.9286 0.1448
vn -0.5522 0.7282 0.4059
vn -0.6786 0.4160 0.6054
vn -0.7009 0.0392 0.7122
vn -0.6153 -0.3439 0.7093
vn -0.4348 -0.6741 0.5972
vn -0.1876 -0.9001 0.3932
vn 0.0880 -0.9877 0.1292
vn 0.3496 -0.9242 -0.1539
vn 0.5573 -0.7203 -0.4130
vn 0.6803 -0.4078 -0.6090
vn 0.7005 -0.0344 -0.7128
vn 0.5392 0.3263 -0.7764
vn 0.3671 0.6543 -0.6612
vn 0.1397 0.8839 -0.4463
vn -0.1093 0.9804 -0.1637
vn -0.3422 0.9285 0.1444
vn -0.5235 0.7349 0.4312
vn -0.6250 0.4283 0.6526
vn -0.6307 0.0554 0.7741
vn -0.5392 -0.3263 0.7764
vn -0.3646 -0.6578 0.6591
vn -0.1340 -0.8878 0.4404
vn 0.1167 -0.9811 0.1545
vn 0.3491 -0.9243 -0.1543
vn 0.5278 -0.7271 -0.4390
vn 0.6263 -0.4203 -0.6566
vn 0.6301 -0.0506 -0.7748
vn 0.4574 0.3053 -0.8352
vn 0.2915 0.6348 -0.7156
vn 0.0815 0.8690 -0.4881
vn -0.1410 0.9723 -0.1865
vn -0.3427 0.9283 0.1440
vn -0.4926 0.7428 0.4534
vn -0.5674 0.4431 0.6940
vn -0.5552 0.0749 0.8284
vn -0.4573 -0.3053 0.8352
vn -0.2891 -0.6384 0.7134
vn -0.0764 -0.8729 0.4818
vn 0.1476 -0.9731 0.1767
vn 0.3485 -0.9244 -0.1547
vn 0.4960 -0.7353 -0.4618
vn 0.5681 -0.4353 -0.6984
vn 0.5545 -0.0701 -0.8293
vn 0.3707 0.2810 -0.8852
vn 0.2113 0.6123 -0.7618
vn 0.0200 0.8517 -0.5236
vn -0.1747 0.9629 -0.2059
vn -0.3432 0.9282 0.1437
vn -0.4599 0.7520 0.4723
vn -0.5064 0.4602 0.7292
vn -0.4752 0.0973 0.8745
vn -0.3707 -0.2810 0.8852
vn -0.2091 -0.6160 0.7595
vn -0.0154 -0.8559 0.5170
vn 0.1803 -0.9640 0.1956
vn 0.3480 -0.9246 -0.1550
vn 0.4624 -0.7447 -0.4812
vn 0.5066 -0.4525 -0.7339
vn 0.4743 -0.0925 -0.8755
vn 0.2801 0.2538 -0.9258
vn 0.1275 0.5871 -0.7994
vn -0.0444 0.8324 -0.5524
vn -0.2098 0.9523 -0.2217
vn -0.3438 0.9280 0.1435
vn -0.4257 0.7622 0.4876
vn -0.4426 0.4794 0.7578
vn -0.3915 0.1224 0.9120
vn -0.2801 -0.2538 0.9258
vn -0.1254 -0.5908 0.7970
vn 0.0484 -0.8367 0.5456
vn 0.2145 -0.9537 0.2109
vn 0.3474 -0.9248 -0.1553
vn 0.4272 -0.7553 -0.4970
vn 0.4422 -0.4719 -0.7627
vn 0.3905 -0.1178 -0.9130
vn 0.1865 0.2238 -0.9566
vn 0.0410 0.5594 -0.8279
vn -0.1108 0.8111 -0.5743
vn -0.2461 0.9407 -0.2336
vn -0.3444 0.9278 0.1433
vn -0.3904 0.7735 0.4992
vn -0.3768 0.5005 0.7795
vn -0.3052 0.1500 0.9404
vn -0.1865 -0.2238 0.9566
vn -0.0391 -0.5632 0.8254
vn 0.1142 -0.8156 0.5672
vn 0.2497 -0.9424 0.2225
vn 0.3468 -0.9250 -0.1555
vn 0.3909 -0.7669 -0.5089
vn 0.3758 -0.4931 -0.7846
vn 0.3040 -0.1454 -0.9415
vn 0.0910 0.1915 -0.9773
vn -0.0474 0.5296 -0.8469
vn -0.1787 0.7881 -0.5890
vn -0.2832 0.9281 -0.2416
vn -0.3450 0.9276 0.1431
vn -0.3544 0.7857 0.5070
vn -0.3095 0.5232 0.7940
vn -0.2170 0.1799 0.9595
vn -0.0910 -0.1915 0.9773
vn 0.0491 -0.5334 0.8444
vn 0.1815 -0.7928 0.5818
vn 0.2858 -0.9302 0.2303
vn 0.3462 -0.9252 -0.1556
vn 0.3538 -0.7795 -0.5170
vn 0.3079 -0.5161 -0.7993
vn 0.2156 -0.1753 -0.9606
vn -0.0056 0.1572 -0.9876
vn -0.1366 0.4978 -0.8565
vn -0.2472 0.7638 -0.5963
vn -0.3207 0.9148 -0.2456
vn -0.3457 0.9274 0.1431
vn -0.3180 0.7987 0.5109
vn -0.2416 0.5474 0.8012
vn -0.1279 0.2116 0.9690
vn 0.0056 -0.1572 0.9876
vn 0.1382 -0.5017 0.8539
vn 0.2494 -0.7687 0.5890
vn 0.3222 -0.9173 0.2342
vn 0.3456 -0.9254 -0.1557
vn 0.3164 -0.7928 -0.5210
vn 0.2394 -0.5405 -0.8066
vn 0.1264 -0.2071 -0.9701
vn -0.1020 0.1212 -0.9874
vn -0.2258 0.4645 -0.8563
vn -0.3157 0.7382 -0.5962
vn -0.3581 0.9008 -0.2455
vn -0.3463 0.9272 0.1431
vn -0.2816 0.8123 0.5108
vn -0.1737 0.5728 0.8011
vn -0.0389 0.2448 0.9688
vn 0.1020 -0.1212 0.9874
vn 0.2272 -0.4684 0.8538
vn 0.3173 -0.7433 0.5889
vn 0.3586 -0.9037 0.2341
vn 0.3450 -0.9256 -0.1557
vn 0.2789 -0.8068 -0.5209
vn 0.1708 -0.5661 -0.8065
vn 0.0372 -0.2404 -0.9700
vn -0.1974 0.0839 -0.9767
vn -0.3140 0.4300 -0.8465
vn -0.3835 0.7117 -0.5886
vn -0.3951 0.8863 -0.2414
vn -0.3469 0.9269 0.1431
vn -0.2456 0.8263 0.5068
vn -0.1066 0.5990 0.7936
vn 0.0491 0.2792 0.9590
vn 0.1974 -0.0839 0.9767
vn 0.3152 -0.4340 0.8440
vn 0.3844 -0.7171 0.5814
vn 0.3945 -0.8896 0.2301
vn 0.3444 -0.9259 -0.1556
vn 0.2419 -0.8212 -0.5168
vn 0.1031 -0.5926 -0.7989
vn -0.0510 -0.2749 -0.9601
vn -0.2907 0.0457 -0.9557
vn -0.4003 0.3947 -0.8270
vn -0.4497 0.6846 -0.5737
vn -0.4313 0.8715 -0.2333
vn -0.3475 0.9267 0.1433
vn -0.2105 0.8407 0.4989
vn -0.0409 0.6259 0.7788
vn 0.1352 0.3145 0.9396
vn 0.2907 -0.0457 0.9557
vn 0.4013 -0.3988 0.8246
vn 0.4501 -0.6902 0.5666
vn 0.4297 -0.8752 0.2222
vn 0.3438 -0.9261 -0.1555
vn 0.2057 -0.8361 -0.5086
vn 0.0368 -0.6197 -0.7840
vn -0.1373 -0.3102 -0.9407
vn -0.3809 0.0070 -0.9246
vn -0.4837 0.3589 -0.7982
vn -0.5138 0.6571 -0.5516
vn -0.4663 0.8565 -0.2212
vn -0.3481 0.9264 0.1435
vn -0.1764 0.8553 0.4871
vn 0.0226 0.6531 0.7569
vn 0.2185 0.3502 0.9109
vn 0.3809 -0.0070 0.9246
vn 0.4846 -0.3631 0.7958
vn 0.5136 -0.6630 0.5447
vn 0.4638 -0.8606 0.2104
vn 0.3432 -0.9263 -0.1553
vn 0.1707 -0.8511 -0.4965
vn -0.0272 -0.6472 -0.7619
vn -0.2207 -0.3460 -0.9119
vn -0.4670 -0.0317 -0.8837
vn -0.5634 0.3231 -0.7604
vn -0.5750 0.6296 -0.5225
vn -0.4998 0.8415 -0.2053
vn -0.3486 0.9262 0.1437
vn -0.1439 0.8699 0.4717
vn 0.0832 0.6804 0.7281
vn 0.2980 0.3859 0.8731
vn 0.4670 0.0317 0.8837
vn 0.5641 -0.3273 0.7581
vn 0.5742 -0.6357 0.5159
vn 0.4963 -0.8460 0.1950
vn 0.3426 -0.9266 -0.1550
vn 0.1373 -0.8661 -0.4806
vn -0.0884 -0.6747 -0.7328
vn -0.3004 -0.3818 -0.8741
vn -0.5482 -0.0702 -0.8334
vn -0.6385 0.2876 -0.7139
vn -0.6327 0.6023 -0.4868
vn -0.5313 0.8266 -0.1858
vn -0.3491 0.9259 0.1441
vn -0.1133 0.8844 0.4527
vn 0.1404 0.7074 0.6927
vn 0.3729 0.4214 0.8267
vn 0.5482 0.0702 0.8334
vn 0.6390 -0.2919 0.7116
vn 0.6314 -0.6087 0.4805
vn 0.5269 -0.8315 0.1760
vn 0.3421 -0.9268 -0.1547
vn 0.1058 -0.8810 -0.4611
vn -0.1461 -0.7020 -0.6971
vn -0.3755 -0.4173 -0.8275
vn -0.6236 -0.1078 -0.7742
vn -0.7082 0.2527 -0.6592
vn -0.6862 0.5755 -0.4448
vn -0.5606 0.8119 -0.1628
vn -0.3496 0.9257 0.1444
vn -0.0849 0.8986 0.4304
vn 0.1935 0.7339 0.6511
vn 0.4425 0.4561 0.7721
vn 0.6236 0.1078 0.7742
vn 0.7086 -0.2571 0.6571
vn 0.6845 -0.5821 0.4389
vn 0.5553 -0.8173 0.1537
vn 0.3416 -0.9271 -0.1543
vn 0.0765 -0.8956 -0.4382
vn -0.1997 -0.7287 -0.6551
vn -0.4452 -0.4522 -0.7729
vn -0.6924 -0.1443 -0.7069
vn -0.7718 0.2190 -0.5969
vn -0.7351 0.5496 -0.3969
vn -0.5873 0.7978 -0.1367
vn -0.3500 0.9255 0.1449
vn -0.0589 0.9124 0.4050
vn 0.2419 0.7596 0.6037
vn 0.5060 0.4898 0.7099
vn 0.6924 0.1443 0.7069
vn 0.7721 -0.2234 0.5949
vn 0.7329 -0.5564 0.3915
vn 0.5813 -0.8035 0.1283
vn 0.3412 -0.9273 -0.1539
vn 0.0498 -0.9098 -0.4120
vn -0.2485 -0.7546 -0.6073
vn -0.5089 -0.4859 -0.7106
vn -0.7539 -0.1793 -0.6321
vn -0.8287 0.1866 -0.5277
vn -0.7787 0.5247 -0.3438
vn -0.6111 0.7842 -0.1076
vn -0.3504 0.9252 0.1453
vn -0.0357 0.9256 0.3768
vn 0.2851 0.7843 0.5510
vn 0.5627 0.5221 0.6409
vn 0.7539 0.1793 0.6321
vn 0.8288 -0.1911 0.5259
vn 0.7761 -0.5318 0.3388
vn 0.6045 -0.7903 0.1001
vn 0.3408 -0.9275 -0.1534
vn 0.0259 -0.9234 -0.3830
vn -0.2922 -0.7795 -0.5541
vn -0.5657 -0.5183 -0.6414
vn -0.8073 -0.2124 -0.5505
vn -0.8781 0.1560 -0.4523
vn -0.8167 0.5012 -0.2859
vn -0.6319 0.7713 -0.0760
vn -0.3508 0.9250 0.1459
vn -0.0156 0.9381 0.3460
vn 0.3228 0.8076 0.4936
vn 0.6121 0.5527 0.5656
vn 0.8073 0.2124 0.5505
vn 0.8782 -0.1606 0.4506
vn 0.8138 -0.5085 0.2814
vn 0.6246 -0.7778 0.0693
vn 0.3405 -0.9277 -0.1529
vn 0.0052 -0.9362 -0.3513
vn -0.3301 -0.8030 -0.4962
vn -0.6151 -0.5489 -0.5660
vn -0.8522 -0.2433 -0.4632
vn -0.9196 0.1275 -0.3715
vn -0.8486 0.4793 -0.2238
vn -0.6493 0.7594 -0.0421
vn -0.3511 0.9248 0.1464
vn 0.0014 0.9497 0.3131
vn 0.3544 0.8293 0.4321
vn 0.6535 0.5811 0.4850
vn 0.8522 0.2433 0.4632
vn 0.9196 -0.1321 0.3700
vn 0.8454 -0.4868 0.2199
vn 0.6416 -0.7662 0.0364
vn 0.3402 -0.9279 -0.1523
vn -0.0122 -0.9482 -0.3174
vn -0.3620 -0.8249 -0.4341
vn -0.6567 -0.5774 -0.4852
vn -0.8881 -0.2715 -0.3709
vn -0.9528 0.1013 -0.2862
vn -0.8741 0.4593 -0.1583
vn -0.6632 0.7484 -0.0063
vn -0.3513 0.9247 0.1470
vn 0.0149 0.9604 0.2782
vn 0.3796 0.8492 0.3672
vn 0.6866 0.6072 0.3998
vn 0.8881 0.2715 0.3709
vn 0.9527 -0.1060 0.2848
vn 0.8706 -0.4669 0.1550
vn 0.6551 -0.7556 0.0016
vn 0.3399 -0.9281 -0.1517
vn -0.0261 -0.9592 -0.2816
vn -0.3875 -0.8450 -0.3686
vn -0.6898 -0.6036 -0.3998
vn -0.9145 -0.2969 -0.2747
vn -0.9773 0.0779 -0.1972
vn -0.8929 0.4412 -0.0900
vn -0.6735 0.7386 0.0311
vn -0.3515 0.9245 0.1476
vn 0.0249 0.9700 0.2420
vn 0.3982 0.8670 0.2995
vn 0.7110 0.6307 0.3110
vn 0.9145 0.2969 0.2747
vn 0.9771 -0.0826 0.1960
vn 0.8892 -0.4491 0.0872
vn 0.6651 -0.7460 -0.0347
vn 0.3398 -0.9283 -0.1511
vn -0.0364 -0.9690 -0.2443
vn -0.4063 -0.8630 -0.3003
vn -0.7143 -0.6270 -0.3109
vn -0.9313 -0.3191 -0.1756
vn -0.9928 0.0573 -0.1055
vn -0.9048 0.4254 -0.0195
vn -0.6800 0.7299 0.0695
vn -0.3516 0.9243 0.1483
vn 0.0312 0.9784 0.2046
vn 0.4100 0.8827 0.2297
vn 0.7265 0.6512 0.2195
vn 0.9313 0.3191 0.1756
vn 0.9926 -0.0621 0.1045
vn 0.9010 -0.4334 0.0175
vn 0.6714 -0.7376 -0.0721
vn 0.3397 -0.9284 -0.1505
vn -0.0429 -0.9777 -0.2058
vn -0.4182 -0.8788 -0.2299
vn -0.7298 -0.6476 -0.2192
vn -0.9382 -0.3380 -0.0746
vn -0.9991 0.0399 -0.0121
vn -0.9097 0.4121 0.0522
vn -0.6827 0.7226 0.1087
vn -0.3516 0.9242 0.1489
vn 0.0338 0.9855 0.1665
vn 0.4149 0.8959 0.1586
vn 0.7328 0.6686 0.1263
vn 0.9382 0.3380 0.0746
vn 0.9989 -0.0447 0.0113
vn 0.9059 -0.4201 -0.0536
vn 0.6740 -0.7305 -0.1102
vn 0.3396 -0.9285 -0.1499
vn -0.0456 -0.9850 -0.1666
vn -0.4231 -0.8922 -0.1581
vn -0.7361 -0.6650 -0.1258
vn -0.9351 -0.3533 0.0272
vn -0.9963 0.0257 0.0820
vn -0.9075 0.4012 0.1245
vn -0.6815 0.7167 0.1482
vn -0.3516 0.9241 0.1495
vn 0.0326 0.9912 0.1281
vn 0.4127 0.9067 0.0870
vn 0.7300 0.6827 0.0324
vn 0.9351 0.3533 -0.0272
vn 0.9961 -0.0306 -0.0826
vn 0.9037 -0.4094 -0.1252
vn 0.6728 -0.7247 -0.1486
vn 0.3396 -0.9286 -0.1492
vn -0.0444 -0.9909 -0.1271
vn -0.4209 -0.9030 -0.0858
vn -0.7333 -0.6791 -0.0317
vn -0.9222 -0.3648 0.1287
vn -0.9843 0.0151 0.1758
vn -0.8983 0.3930 0.1965
vn -0.6764 0.7122 0.1876
vn -0.3515 0.9241 0.1502
vn 0.0277 0.9956 0.0898
vn 0.4036 0.9148 0.0155
vn 0.7180 0.6933 -0.0612
vn 0.9222 0.3648 -0.1287
vn 0.9841 -0.0200 -0.1763
vn 0.8946 -0.4013 -0.1967
vn 0.6679 -0.7204 -0.1869
vn 0.3397 -0.9287 -0.1486
vn -0.0394 -0.9954 -0.0877
vn -0.4117 -0.9112 -0.0138
vn -0.7213 -0.6898 0.0622
vn -0.8994 -0.3724 0.2288
vn -0.9633 0.0080 0.2684
vn -0.8821 0.3876 0.2677
vn -0.6676 0.7092 0.2265
vn -0.3514 0.9240 0.1508
vn 0.0192 0.9985 0.0520
vn 0.3876 0.9202 -0.0549
vn 0.6970 0.7004 -0.1537
vn 0.8994 0.3724 -0.2288
vn 0.9631 -0.0129 -0.2687
vn 0.8786 -0.3959 -0.2671
vn 0.6594 -0.7175 -0.2246
vn 0.3399 -0.9288 -0.1479
vn -0.0305 -0.9983 -0.0489
vn -0.3955 -0.9167 0.0574
vn -0.7003 -0.6969 0.1548
vn -0.8671 -0.3762 0.3265
vn -0.9334 0.0046 0.3588
vn -0.8592 0.3849 0.3370
vn -0.6551 0.7078 0.2644
vn -0.3512 0.9240 0.1515
vn 0.0070 0.9999 0.0152
vn 0.3649 0.9228 -0.1237
vn 0.6672 0.7038 -0.2438
vn 0.8671 0.3762 -0.3265
vn 0.9334 -0.0095 -0.3588
vn 0.8559 -0.3933 -0.3359
vn 0.6472 -0.7161 -0.2615
vn 0.3401 -0.9288 -0.1473
vn -0.0180 -0.9998 -0.0110
vn -0.3726 -0.9193 0.1267
vn -0.6704 -0.7003 0.2451
vn -0.8257 -0.3759 0.4207
vn -0.8951 0.0048 0.4459
vn -0.8297 0.3851 0.4040
vn -0.6390 0.7079 0.3010
vn -0.3509 0.9240 0.1521
vn -0.0087 0.9998 -0.0204
vn 0.3357 0.9226 -0.1900
vn 0.6290 0.7035 -0.3308
vn 0.8257 0.3759 -0.4207
vn 0.8951 -0.0097 -0.4458
vn 0.8267 -0.3935 -0.4022
vn 0.6315 -0.7162 -0.2970
vn 0.3403 -0.9288 -0.1467
vn -0.0019 -0.9997 0.0256
vn -0.3431 -0.9191 0.1937
vn -0.6321 -0.7001 0.3323
vn -0.7754 -0.3716 0.5105
vn -0.8486 0.0088 0.5289
vn -0.7941 0.3882 0.4677
vn -0.6195 0.7096 0.3358
vn -0.3506 0.9240 0.1526
vn -0.0276 0.9981 -0.0542
vn 0.3003 0.9196 -0.2532
vn 0.5826 0.6996 -0.4136
vn 0.7754 0.3716 -0.5105
vn 0.8487 -0.0137 -0.5287
vn 0.7913 -0.3965 -0.4654
vn 0.6126 -0.7178 -0.3309
vn 0.3407 -0.9288 -0.1461
vn 0.0176 -0.9980 0.0605
vn -0.3075 -0.9161 0.2574
vn -0.5856 -0.6961 0.4153
vn -0.7170 -0.3634 0.5949
vn -0.7946 0.0164 0.6070
vn -0.7526 0.3940 0.5277
vn -0.5968 0.7127 0.3685
vn -0.3502 0.9241 0.1532
vn -0.0496 0.9951 -0.0860
vn 0.2592 0.9138 -0.3126
vn 0.5287 0.6920 -0.4915
vn 0.7170 0.3634 -0.5949
vn 0.7948 -0.0212 -0.6065
vn 0.7502 -0.4022 -0.5248
vn 0.5905 -0.7209 -0.3627
vn 0.3410 -0.9287 -0.1456
vn 0.0403 -0.9948 0.0932
vn -0.2660 -0.9102 0.3174
vn -0.5316 -0.6885 0.4933
vn -0.6509 -0.3514 0.6729
vn -0.7335 0.0275 0.6791
vn -0.7056 0.4026 0.5831
vn -0.5712 0.7174 0.3988
vn -0.3498 0.9241 0.1537
vn -0.0746 0.9905 -0.1155
vn 0.2127 0.9054 -0.3676
vn 0.4677 0.6809 -0.5636
vn 0.6509 0.3514 -0.6729
vn 0.7338 -0.0323 -0.6786
vn 0.7037 -0.4107 -0.5798
vn 0.5656 -0.7254 -0.3922
vn 0.3415 -0.9286 -0.1451
vn 0.0659 -0.9902 0.1235
vn -0.2191 -0.9017 0.3728
vn -0.4705 -0.6774 0.5655
vn -0.5780 -0.3356 0.7438
vn -0.6660 0.0421 0.7447
vn -0.6538 0.4138 0.6335
vn -0.5429 0.7235 0.4264
vn -0.3493 0.9242 0.1541
vn -0.1021 0.9846 -0.1422
vn 0.1613 0.8943 -0.4175
vn 0.4004 0.6663 -0.6290
vn 0.5780 0.3356 -0.7438
vn 0.6665 -0.0469 -0.7440
vn 0.6523 -0.4218 -0.6297
vn 0.5381 -0.7314 -0.4189
vn 0.3419 -0.9285 -0.1446
vn 0.0942 -0.9840 0.1510
vn -0.1672 -0.8905 0.4232
vn -0.4030 -0.6628 0.6311
vn -0.4989 -0.3162 0.8069
vn -0.5929 0.0600 0.8030
vn -0.5977 0.4275 0.6783
vn -0.5122 0.7310 0.4508
vn -0.3488 0.9244 0.1545
vn -0.1319 0.9773 -0.1660
vn 0.1057 0.8806 -0.4618
vn 0.3274 0.6485 -0.6872
vn 0.4989 0.3162 -0.8069
vn 0.5935 -0.0648 -0.8022
vn 0.5967 -0.4354 -0.6741
vn 0.5083 -0.7387 -0.4427
vn 0.3424 -0.9284 -0.1442
vn 0.1249 -0.9765 0.1755
vn -0.1111 -0.8767 0.4680
vn -0.3299 -0.6449 0.6894
vn -0.4146 -0.2936 0.8614
vn -0.5149 0.0810 0.8534
vn -0.5377 0.4436 0.7170
vn -0.4794 0.7399 0.4720
vn -0.3483 0.9245 0.1549
vn -0.1637 0.9687 -0.1866
vn 0.0463 0.8647 -0.5002
vn 0.2496 0.6276 -0.7375
vn 0.4146 0.2936 -0.8614
vn 0.5157 -0.0857 -0.8525
vn 0.5373 -0.4514 -0.7124
vn 0.4765 -0.7472 -0.4633
vn 0.3430 -0.9283 -0.1439
vn 0.1576 -0.9677 0.1966
vn -0.0512 -0.8606 0.5067
vn -0.2519 -0.6239 0.7398
vn -0.3258 -0.2678 0.9067
vn -0.4328 0.1048 0.8954
vn -0.4747 0.4619 0.7492
vn -0.4450 0.7499 0.4896
vn -0.3477 0.9247 0.1552
vn -0.1972 0.9590 -0.2037
vn -0.0162 0.8465 -0.5321
vn 0.1676 0.6038 -0.7793
vn 0.3258 0.2678 -0.9067
vn 0.4338 -0.1095 -0.8944
vn 0.4748 -0.4696 -0.7443
vn 0.4430 -0.7570 -0.4804
vn 0.3435 -0.9281 -0.1436
vn 0.1921 -0.9577 0.2142
vn 0.0119 -0.8423 0.5389
vn -0.1698 -0.6001 0.7817
vn -0.2336 -0.2391 0.9425
vn -0.3475 0.1313 0.9284
vn -0.4092 0.4823 0.7746
vn -0.4092 0.7610 0.5035
vn -0.3471 0.9249 0.1554
vn -0.2320 0.9482 -0.2172
vn -0.0811 0.8264 -0.5573
vn 0.0825 0.5773 -0.8123
vn 0.2336 0.2391 -0.9425
vn 0.3487 -0.1359 -0.9273
vn 0.4099 -0.4897 -0.7695
vn 0.4082 -0.7678 -0.4938
vn 0.3441 -0.9279 -0.1434
vn 0.2279 -0.9466 0.2281
vn 0.0774 -0.8220 0.5643
vn -0.0845 -0.5736 0.8148
vn -0.1389 -0.2079 0.9682
vn -0.2600 0.1601 0.9522
vn -0.3420 0.5044 0.7929
vn -0.3724 0.7731 0.5134
vn -0.3465 0.9251 0.1556
vn -0.2677 0.9364 -0.2269
vn -0.1477 0.8044 -0.5754
vn -0.0048 0.5486 -0.8361
vn 0.1389 0.2079 -0.9682
vn 0.2613 -0.1647 -0.9511
vn 0.3433 -0.5117 -0.7876
vn 0.3725 -0.7795 -0.5036
vn 0.3447 -0.9277 -0.1432
vn 0.2646 -0.9345 0.2381
vn 0.1446 -0.7998 0.5826
vn 0.0030 -0.5448 0.8386
vn -0.0428 -0.1746 0.9837
vn -0.1710 0.1910 0.9666
vn -0.2737 0.5281 0.8039
vn -0.3351 0.7860 0.5195
vn -0.3459 0.9253 0.1557
vn -0.3040 0.9238 -0.2327
vn -0.2154 0.7809 -0.5863
vn -0.0936 0.5177 -0.8504
vn 0.0428 0.1746 -0.9837
vn 0.1725 -0.1955 -0.9654
vn 0.2756 -0.5352 -0.7985
vn 0.3362 -0.7921 -0.5094
vn 0.3453 -0.9275 -0.1431
vn 0.3019 -0.9215 0.2441
vn 0.2129 -0.7761 0.5936
vn 0.0919 -0.5139 0.8529
vn 0.0539 -0.1393 0.9888
vn -0.0817 0.2236 0.9713
vn -0.2050 0.5531 0.8075
vn -0.2976 0.7997 0.5214
vn -0.3453 0.9255 0.1557
vn -0.3404 0.9105 -0.2346
vn -0.2834 0.7561 -0.5899
vn -0.1828 0.4852 -0.8551
vn -0.0539 0.1393 -0.9888
vn 0.0834 -0.2280 -0.9701
vn 0.2076 -0.5600 -0.8021
vn 0.2998 -0.8054 -0.5113
vn 0.3460 -0.9273 -0.1431
vn 0.3394 -0.9079 0.2461
vn 0.2815 -0.7511 0.5971
vn 0.1813 -0.4813 0.8576
vn 0.1499 -0.1026 0.9834
vn 0.0071 0.2575 0.9662
vn -0.1368 0.5792 0.8036
vn -0.2604 0.8140 0.5193
vn -0.3447 0.9257 0.1557
vn -0.3766 0.8967 -0.2326
vn -0.3510 0.7303 -0.5861
vn -0.2714 0.4514 -0.8501
vn -0.1499 0.1026 -0.9834
vn -0.0053 -0.2619 -0.9651
vn 0.1400 -0.5858 -0.7983
vn 0.2636 -0.8193 -0.5093
vn 0.3466 -0.9270 -0.1431
vn 0.3767 -0.8936 0.2440
vn 0.3498 -0.7250 0.5933
vn 0.2701 -0.4474 0.8526
vn 0.2443 -0.0648 0.9675
vn 0.0945 0.2925 0.9516
vn -0.0697 0.6061 0.7924
vn -0.2237 0.8286 0.5132
vn -0.3441 0.9260 0.1556
vn -0.4123 0.8824 -0.2266
vn -0.4175 0.7037 -0.5749
vn -0.3586 0.4165 -0.8354
vn -0.2443 0.0648 -0.9675
vn -0.0925 -0.2968 -0.9505
vn 0.0735 -0.6124 -0.7871
vn 0.2279 -0.8335 -0.5033
vn 0.3472 -0.9268 -0.1432
vn 0.4134 -0.8790 0.2378
vn 0.4168 -0.6982 0.5820
vn 0.3575 -0.4124 0.8379
vn 0.3362 -0.0264 0.9414
vn 0.1794 0.3281 0.9275
vn -0.0045 0.6334 0.7738
vn -0.1880 0.8436 0.5030
vn -0.3435 0.9262 0.1554
vn -0.4469 0.8679 -0.2168
vn -0.4822 0.6766 -0.5565
vn -0.4433 0.3810 -0.8114
vn -0.3362 0.0264 -0.9414
vn -0.1772 -0.3323 -0.9264
vn 0.0089 -0.6395 -0.7688
vn 0.1933 -0.8480 -0.4934
vn 0.3478 -0.9266 -0.1434
vn 0.4490 -0.8640 0.2277
vn 0.4821 -0.6709 0.5635
vn 0.4424 -0.3768 0.8138
vn 0.4245 0.0124 0.9053
vn 0.2611 0.3639 0.8941
vn 0.0582 0.6609 0.7482
vn -0.1538 0.8586 0.4890
vn -0.3429 0.9265 0.1552
vn -0.4802 0.8533 -0.2032
vn -0.5443 0.6493 -0.5312
vn -0.5248 0.3452 -0.7781
vn -0.4245 -0.0124 -0.9053
vn -0.2587 -0.3681 -0.8931
vn -0.0533 -0.6668 -0.7434
vn 0.1600 -0.8626 -0.4798
vn 0.3483 -0.9263 -0.1436
vn 0.4833 -0.8490 0.2137
vn 0.5448 -0.6433 0.5379
vn 0.5241 -0.3410 0.7804
vn 0.5083 0.0510 0.8597
vn 0.3386 0.3996 0.8519
vn 0.1177 0.6884 0.7158
vn -0.1213 0.8736 0.4713
vn -0.3424 0.9267 0.1549
vn -0.5118 0.8387 -0.1859
vn -0.6033 0.6221 -0.4990
vn -0.6022 0.3095 -0.7359
vn -0.5083 -0.0510 -0.8597
vn -0.3361 -0.4037 -0.8509
vn -0.1123 -0.6940 -0.7112
vn 0.1284 -0.8772 -0.4626
vn 0.3489 -0.9261 -0.1439
vn 0.5158 -0.8340 0.1960
vn 0.6043 -0.6159 0.5054
vn 0.6016 -0.3053 0.7382
vn 0.5867 0.0891 0.8049
vn 0.4111 0.4349 0.8012
vn 0.1734 0.7154 0.6768
vn -0.0908 0.8884 0.4501
vn -0.3419 0.9270 0.1545
vn -0.5414 0.8244 -0.1653
vn -0.6585 0.5953 -0.4604
vn -0.6745 0.2744 -0.6853
vn -0.5867 -0.0891 -0.8049
vn -0.4084 -0.4389 -0.8004
vn -0.1675 -0.7208 -0.6726
vn 0.0988 -0.8916 -0.4419
vn 0.3494 -0.9258 -0.1442
vn 0.5462 -0.8192 0.1747
vn 0.6600 -0.5888 0.4665
vn 0.6741 -0.2700 0.6875
vn 0.6589 0.1262 0.7416
vn 0.4779 0.4692 0.7426
vn 0.2247 0.7418 0.6319
vn -0.0628 0.9028 0.4255
vn -0.3414 0.9272 0.1541
vn -0.5686 0.8104 -0.1414
vn -0.7093 0.5692 -0.4159
vn -0.7412 0.2401 -0.6269
vn -0.6589 -0.1263 -0.7416
vn -0.4751 -0.4731 -0.7419
vn -0.2183 -0.7469 -0.6281
vn 0.0716 -0.9056 -0.4181
vn 0.3498 -0.9256 -0.1446
vn 0.5743 -0.8048 0.1501
vn 0.7113 -0.5625 0.4216
vn 0.7408 -0.2357 0.6290
vn 0.7241 0.1621 0.6704
vn 0.5382 0.5023 0.6768
vn 0.2710 0.7672 0.5813
vn -0.0375 0.9167 0.3979
vn -0.3410 0.9274 0.1537
vn -0.5932 0.7968 -0.1145
vn -0.7552 0.5440 -0.3658
vn -0.8014 0.2071 -0.5612
vn -0.7241 -0.1621 -0.6704
vn -0.5352 -0.5062 -0.6762
vn -0.2642 -0.7721 -0.5780
vn 0.0470 -0.9191 -0.3912
vn 0.3502 -0.9254 -0.1451
vn 0.5996 -0.7909 0.1225
vn 0.7576 -0.5370 0.3710
vn 0.8011 -0.2026 0.5631
vn 0.7816 0.1961 0.5921
vn 0.5914 0.5338 0.6044
vn 0.3119 0.7914 0.5257
vn -0.0152 0.9299 0.3675
vn -0.3406 0.9276 0.1532
vn -0.6149 0.7840 -0.0850
vn -0.7957 0.5200 -0.3107
vn -0.8544 0.1756 -0.4890
vn -0.7816 -0.1961 -0.5921
vn -0.5883 -0.5377 -0.6040
vn -0.3047 -0.7961 -0.5229
vn 0.0253 -0.9320 -0.3617
vn 0.3506 -0.9251 -0.1456
vn 0.6219 -0.7777 0.0921
vn 0.7985 -0.5128 0.3154
vn 0.8543 -0.1711 0.4907
vn 0.8309 0.2281 0.5075
vn 0.6369 0.5634 0.5262
vn 0.3469 0.8142 0.4656
vn 0.0039 0.9423 0.3347
vn -0.3403 0.9278 0.1526
vn -0.6335 0.7719 -0.0531
vn -0.8303 0.4975 -0.2511
vn -0.8999 0.1461 -0.4109
vn -0.8309 -0.2281 -0.5075
vn -0.6338 -0.5672 -0.5259
vn -0.3393 -0.8186 -0.4634
vn 0.0067 -0.9440 -0.3298
vn 0.3509 -0.9249 -0.1461
vn 0.6410 -0.7652 0.0593
vn 0.8334 -0.4901 0.2553
vn 0.8999 -0.1415 0.4125
vn 0.8713 0.2577 0.4176
vn 0.6743 0.5908 0.4430
vn 0.3756 0.8352 0.4018
vn 0.0196 0.9538 0.2997
vn -0.3400 0.9280 0.1520
vn -0.6488 0.7608 -0.0192
vn -0.8588 0.4766 -0.1878
vn -0.9372 0.1188 -0.3279
vn -0.8713 -0.2577 -0.4176
vn -0.6711 -0.5945 -0.4429
vn -0.3678 -0.8395 -0.4000
vn -0.0086 -0.9552 -0.2959
vn 0.3512 -0.9247 -0.1467
vn 0.6567 -0.7538 0.0244
vn 0.8622 -0.4691 0.1915
vn 0.9373 -0.1141 0.3294
vn 0.9025 0.2846 0.3232
vn 0.7032 0.6156 0.3557
vn 0.3977 0.8543 0.3347
vn 0.0317 0.9642 0.2631
vn -0.3399 0.9282 0.1514
vn -0.6605 0.7506 0.0164
vn -0.8808 0.4577 -0.1214
vn -0.9660 0.0940 -0.2408
vn -0.9025 -0.2846 -0.3232
vn -0.6999 -0.6193 -0.3558
vn -0.3898 -0.8584 -0.3336
vn -0.0203 -0.9653 -0.2603
vn 0.3514 -0.9246 -0.1473
vn 0.6688 -0.7433 -0.0122
vn 0.8843 -0.4500 0.1244
vn 0.9661 -0.0893 0.2421
vn 0.9241 0.3084 0.2254
vn 0.7232 0.6377 0.2653
vn 0.4131 0.8712 0.2653
vn 0.0401 0.9735 0.2252
vn -0.3397 0.9284 0.1508
vn -0.6687 0.7416 0.0533
vn -0.8960 0.4409 -0.0526
vn -0.9860 0.0720 -0.1506
vn -0.9241 -0.3084 -0.2254
vn -0.7199 -0.6413 -0.2656
vn -0.4050 -0.8751 -0.2648
vn -0.0285 -0.9743 -0.2234
vn 0.3515 -0.9244 -0.1479
vn 0.6772 -0.7341 -0.0502
vn 0.8997 -0.4330 0.0550
vn 0.9861 -0.0672 0.1516
vn 0.9360 0.3290 0.1252
vn 0.7341 0.6567 0.1727
vn 0.4215 0.8858 0.1941
vn 0.0447 0.9815 0.1863
vn -0.3396 0.9285 0.1502
vn -0.6732 0.7339 0.0911
vn -0.9043 0.4265 0.0179
vn -0.9969 0.0530 -0.0581
vn -0.9360 -0.3290 -0.1252
vn -0.7308 -0.6603 -0.1731
vn -0.4133 -0.8896 -0.1943
vn -0.0330 -0.9821 -0.1856
vn 0.3516 -0.9243 -0.1486
vn 0.6818 -0.7261 -0.0891
vn 0.9081 -0.4184 -0.0162
vn 0.9971 -0.0482 0.0590
vn 0.9379 0.3461 0.0237
vn 0.7359 0.6725 0.0788
vn 0.4229 0.8979 0.1220
vn 0.0455 0.9881 0.1469
vn -0.3396 0.9286 0.1495
vn -0.6739 0.7274 0.1294
vn -0.9057 0.4144 0.0894
vn -0.9987 0.0372 0.0356
vn -0.9379 -0.3461 -0.0237
vn -0.7326 -0.6760 -0.0794
vn -0.4147 -0.9016 -0.1228
vn -0.0337 -0.9885 -0.1473
vn 0.3516 -0.9242 -0.1492
vn 0.6825 -0.7195 -0.1285
vn 0.9095 -0.4063 -0.0883
vn 0.9989 -0.0324 -0.0349
vn 0.9299 0.3595 -0.0780
vn 0.7285 0.6849 -0.0153
vn 0.4172 0.9075 0.0497
vn 0.0424 0.9933 0.1074
vn -0.3397 0.9287 0.1489
vn -0.6708 0.7224 0.1678
vn -0.9000 0.4050 0.1610
vn -0.9913 0.0248 0.1295
vn -0.9299 -0.3595 0.0780
vn -0.7252 -0.6884 0.0145
vn -0.4090 -0.9111 -0.0512
vn -0.0307 -0.9936 -0.1089
vn 0.3516 -0.9241 -0.1499
vn 0.6794 -0.7143 -0.1680
vn 0.9038 -0.3968 -0.1606
vn 0.9914 -0.0200 -0.1290
vn 0.9120 0.3691 -0.1790
vn 0.7119 0.6938 -0.1087
vn 0.4045 0.9143 -0.0220
vn 0.0354 0.9970 0.0682
vn -0.3398 0.9287 0.1482
vn -0.6641 0.7187 0.2059
vn -0.8874 0.3982 0.2321
vn -0.9748 0.0160 0.2227
vn -0.9120 -0.3691 0.1790
vn -0.7087 -0.6973 0.1077
vn -0.3964 -0.9178 0.0199
vn -0.0239 -0.9972 -0.0708
vn 0.3514 -0.9240 -0.1505
vn 0.6725 -0.7105 -0.2071
vn 0.8911 -0.3900 -0.2323
vn 0.9749 -0.0111 -0.2223
vn 0.8844 0.3748 -0.2780
vn 0.6864 0.6991 -0.2003
vn 0.3849 0.9183 -0.0923
vn 0.0247 0.9993 0.0298
vn -0.3400 0.9288 0.1476
vn -0.6537 0.7166 0.2432
vn -0.8680 0.3942 0.3018
vn -0.9493 0.0107 0.3141
vn -0.8844 -0.3748 0.2780
vn -0.6832 -0.7025 0.1991
vn -0.3770 -0.9219 0.0896
vn -0.0135 -0.9993 -0.0335
vn 0.3513 -0.9240 -0.1512
vn 0.6618 -0.7083 -0.2456
vn 0.8715 -0.3859 -0.3026
vn 0.9494 -0.0058 -0.3139
vn -0.4574 -0.3053 0.8352
vn 0.2393 -0.5405 -0.8066
vn -0.9048 0.4254 -0.0196
vn 0.7180 0.6933 -0.0613
vn 0.3486 -0.1359 -0.9273
vn 0.2815 -0.7511 0.5972
vn -0.3586 0.4165 -0.8355
vn 0.1933 -0.8480 -0.4935
vn -0.5443 0.6493 -0.5311
vn 0.0039 0.9423 0.3346
vt 0.041016 0.958984
vt 0.039592 0.954207
vt 0.199262 0.963509
vt 0.112451 0.961958
s 1
usemtl Material.001
f 1/1/1 106/1/106 309/1/309 105/1/105
f 106/1/106 2/1/2 107/1/107 309/1/309
f 309/1/309 107/1/107 5/1/5 108/1/108
f 105/1/105 309/1/309 108/1/108 6/1/6
f 2/1/2 109/1/109 310/1/310 107/1/107
f 109/1/109 3/1/3 110/1/110 310/1/310
f 310/1/310 110/1/110 8/1/8 111/1/111
f 107/1/107 310/1/310 111/1/111 5/1/5
f 3/1/3 112/1/112 311/1/311 110/1/110
f 112/1/112 4/1/4 113/1/113 311/1/311
f 311/1/311 113/1/113 7/1/7 114/1/114
f 110/1/110 311/1/311 114/1/114 8/1/8
f 4/1/4 115/1/115 312/1/312 113/1/113
f 115/1/115 1/1/1 105/1/105 312/1/312
f 312/1/312 105/1/105 6/1/6 116/1/116
f 113/1/113 312/1/312 116/1/116 7/1/7
f 36/1/36 118/1/118 313/1/313 117/1/117
f 118/1/118 35/1/35 119/1/119 313/1/313
f 313/1/313 119/1/119 34/1/34 120/1/120
f 117/1/117 313/1/313 120/1/120 33/1/33
f 68/1/68 122/1/122 314/1/314 121/1/121
f 122/1/122 67/1/67 123/1/123 314/1/314
f 314/1/314 123/1/123 66/1/66 124/1/124
f 121/1/121 314/1/314 124/1/124 65/1/65
f 45/1/45 126/1/126 315/1/315 125/1/125
f 126/1/126 46/1/46 127/1/127 315/1/315
f 315/1/315 127/1/127 50/1/50 128/1/128
f 125/1/125 315/1/315 128/1/128 49/1/49
f 46/1/46 129/1/129 316/1/316 127/1/127
f 129/1/129 47/1/47 130/1/130 316/1/316
f 316/1/316 130/1/130 51/1/51 131/1/131
f 127/1/127 316/1/316 131/1/131 50/1/50
f 47/1/47 132/1/132 317/1/317 130/1/130
f 132/1/132 48/1/48 133/1/133 317/1/317
f 317/1/317 133/1/133 52/1/52 134/1/134
f 130/1/130 317/1/317 134/1/134 51/1/51
f 48/1/48 135/1/135 318/1/318 133/1/133
f 135/1/135 45/1/45 125/1/125 318/1/318
f 318/1/318 125/1/125 49/1/49 136/1/136
f 133/1/133 318/1/318 136/1/136 52/1/52
f 65/1/65 124/1/124 319/1/319 137/1/137
f 124/1/124 66/1/66 138/1/138 319/1/319
f 319/1/319 138/1/138 86/1/86 139/1/139
f 137/1/137 319/1/319 139/1/139 85/1/85
f 66/1/66 123/1/123 320/1/320 138/1/138
f 123/1/123 67/1/67 140/1/140 320/1/320
f 320/1/320 140/1/140 87/1/87 141/1/141
f 138/1/138 320/1/320 141/1/141 86/1/86
f 67/1/67 122/1/122 321/1/321 140/1/140
f 122/1/122 68/1/68 142/1/142 321/1/321
f 321/1/321 142/1/142 88/1/88 143/1/143
f 140/1/140 321/1/321 143/1/143 87/1/87
f 68/1/68 121/1/121 322/1/322 142/1/142
f 121/1/121 65/1/65 137/1/137 322/1/322
f 322/1/322 137/1/137 85/1/85 144/1/144
f 142/1/142 322/1/322 144/1/144 88/1/88
f 85/1/85 139/1/139 323/1/323 145/1/145
f 139/1/139 86/1/86 146/1/146 323/1/323
f 323/1/323 146/1/146 90/1/90 147/1/147
f 145/1/145 323/1/323 147/1/147 89/1/89
f 86/1/86 141/1/141 324/1/324 146/1/146
f 141/1/141 87/1/87 148/1/148 324/1/324
f 324/1/324 148/1/148 91/1/91 149/1/149
f 146/1/146 324/1/324 149/1/149 90/1/90
f 87/1/87 143/1/143 325/1/325 148/1/148
f 143/1/143 88/1/88 150/1/150 325/1/325
f 325/1/325 150/1/150 92/1/92 151/1/151
f 148/1/148 325/1/325 151/1/151 91/1/91
f 88/1/88 144/1/144 326/1/326 150/1/150
f 144/1/144 85/1/85 145/1/145 326/1/326
f 326/1/326 145/1/145 89/1/89 152/1/152
f 150/1/150 326/1/326 152/1/152 92/1/92
f 89/1/89 147/1/147 327/1/327 153/1/153
f 147/1/147 90/1/90 154/1/154 327/1/327
f 327/1/327 154/1/154 70/1/70 155/1/155
f 153/1/153 327/1/327 155/1/155 69/1/69
f 90/1/90 149/1/149 328/1/328 154/1/154
f 149/1/149 91/1/91 156/1/156 328/1/328
f 328/1/328 156/1/156 71/1/71 157/1/157
f 154/1/154 328/1/328 157/1/157 70/1/70
f 91/1/91 151/1/151 329/1/329 156/1/156
f 151/1/151 92/1/92 158/1/158 329/1/329
f 329/1/329 158/1/158 72/1/72 159/1/159
f 156/1/156 329/1/329 159/1/159 71/1/71
f 92/1/92 152/1/152 330/1/330 158/1/158
f 152/1/152 89/1/89 153/1/153 330/1/330
f 330/1/330 153/1/153 69/1/69 160/1/160
f 158/1/158 330/1/330 160/1/160 72/1/72
f 41/1/41 162/1/162 331/1/331 161/1/161
f 162/1/162 42/1/42 163/1/163 331/1/331
f 331/1/331 163/1/163 10/1/10 164/1/164
f 161/1/161 331/1/331 164/1/164 9/1/9
f 42/1/42 165/1/165 332/1/332 163/1/163
f 165/1/165 43/1/43 166/1/166 332/1/332
f 332/1/332 166/1/166 11/1/11 167/1/167
f 163/1/163 332/1/332 167/1/167 10/1/10
f 43/1/43 168/1/168 333/1/333 166/1/166
f 168/1/168 44/1/44 169/1/169 333/1/333
f 333/1/333 169/1/169 12/1/12 170/1/170
f 166/1/166 333/1/333 170/1/170 11/1/11
f 44/1/44 171/1/171 334/1/334 169/1/169
f 171/1/171 41/1/41 161/1/161 334/1/334
f 334/1/334 161/1/161 9/1/9 172/1/172
f 169/1/169 334/1/334 172/1/172 12/1/12
f 9/1/9 164/1/164 335/1/335 173/1/173
f 164/1/164 10/1/10 174/1/174 335/1/335
f 335/1/335 174/1/174 82/1/82 175/1/175
f 173/1/173 335/1/335 175/1/175 81/1/81
f 10/1/10 167/1/167 336/1/336 174/1/174
f 167/1/167 11/1/11 176/1/176 336/1/336
f 336/1/336 176/1/176 83/1/83 177/1/177
f 174/1/174 336/1/336 177/1/177 82/1/82
f 11/1/11 170/1/170 337/1/337 176/1/176
f 170/1/170 12/1/12 178/1/178 337/1/337
f 337/1/337 178/1/178 84/1/84 179/1/179
f 176/1/176 337/1/337 179/1/179 83/1/83
f 12/1/12 172/1/172 338/1/338 178/1/178
f 172/1/172 9/1/9 173/1/173 338/1/338
f 338/1/338 173/1/173 81/1/81 180/1/180
f 178/1/178 338/1/338 180/1/180 84/1/84
f 77/1/77 182/1/182 339/1/339 181/1/181
f 182/1/182 78/1/78 183/1/183 339/1/339
f 339/1/339 183/1/183 42/1/42 162/1/162
f 181/1/181 339/1/339 162/1/162 41/1/41
f 78/1/78 184/1/184 340/1/340 183/1/183
f 184/1/184 79/1/79 185/1/185 340/1/340
f 340/1/340 185/1/185 43/1/43 165/1/165
f 183/1/183 340/1/340 165/1/165 42/1/42
f 79/1/79 186/1/186 341/1/341 185/1/185
f 186/1/186 80/1/80 187/1/187 341/1/341
f 341/1/341 187/1/187 44/1/44 168/1/168
f 185/1/185 341/1/341 168/1/168 43/1/43
f 80/1/80 188/1/188 342/1/342 187/1/187
f 188/1/188 77/1/77 181/1/181 342/1/342
f 342/1/342 181/1/181 41/1/41 171/1/171
f 187/1/187 342/1/342 171/1/171 44/1/44
f 81/1/81 175/1/175 343/1/343 189/1/189
f 175/1/175 82/1/82 190/1/190 343/1/343
f 343/1/343 190/1/190 46/1/46 126/1/126
f 189/1/189 343/1/343 126/1/126 45/1/45
f 82/1/82 177/1/177 344/1/344 190/1/190
f 177/1/177 83/1/83 191/1/191 344/1/344
f 344/1/344 191/1/191 47/1/47 129/1/129
f 190/1/190 344/1/344 129/1/129 46/1/46
f 83/1/83 179/1/179 345/1/345 191/1/191
f 179/1/179 84/1/84 192/1/192 345/1/345
f 345/1/345 192/1/192 48/1/48 132/1/132
f 191/1/191 345/1/345 132/1/132 47/1/47
f 84/1/84 180/1/180 346/1/346 192/1/192
f 180/1/180 81/1/81 189/1/189 346/1/346
f 346/1/346 189/1/189 45/1/45 135/1/135
f 192/1/192 346/1/346 135/1/135 48/1/48
f 37/1/37 194/1/194 347/1/347 193/1/193
f 194/1/194 38/1/38 195/1/195 347/1/347
f 347/1/347 195/1/195 14/1/14 196/1/196
f 193/1/193 347/1/347 196/1/196 13/1/13
f 38/1/38 197/1/197 348/1/348 195/1/195
f 197/1/197 39/1/39 198/1/198 348/1/348
f 348/1/348 198/1/198 15/1/15 199/1/199
f 195/1/195 348/1/348 199/1/199 14/1/14
f 39/1/39 200/1/200 349/1/349 198/1/198
f 200/1/200 40/1/40 201/1/201 349/1/349
f 349/1/349 201/1/201 16/1/16 202/1/202
f 198/1/198 349/1/349 202/1/202 15/1/15
f 40/1/40 203/1/203 350/1/350 201/1/201
f 203/1/203 37/1/37 193/1/193 350/1/350
f 350/1/350 193/1/193 13/1/13 204/1/204
f 201/1/201 350/1/350 204/1/204 16/1/16
f 13/1/13 196/1/196 351/1/351 205/1/205
f 196/1/196 14/1/14 206/1/206 351/1/351
f 351/1/351 206/1/206 78/1/78 182/1/182
f 205/1/205 351/1/351 182/1/182 77/1/77
f 14/1/14 199/1/199 352/1/352 206/1/206
f 199/1/199 15/1/15 207/1/207 352/1/352
f 352/1/352 207/1/207 79/1/79 184/1/184
f 206/1/206 352/1/352 184/1/184 78/1/78
f 15/1/15 202/1/202 353/1/353 207/1/207
f 202/1/202 16/1/16 208/1/208 353/1/353
f 353/1/353 208/1/208 80/1/80 186/1/186
f 207/1/207 353/1/353 186/1/186 79/1/79
f 16/1/16 204/1/204 354/1/354 208/1/208
f 204/1/204 13/1/13 205/1/205 354/1/354
f 354/1/354 205/1/205 77/1/77 188/1/188
f 208/1/208 354/1/354 188/1/188 80/1/80
f 49/1/49 128/1/128 355/1/355 209/1/209
f 128/1/128 50/1/50 210/1/210 355/1/355
f 355/1/355 210/1/210 54/1/54 211/1/211
f 209/1/209 355/1/355 211/1/211 53/1/53
f 50/1/50 131/1/131 356/1/356 210/1/210
f 131/1/131 51/1/51 212/1/212 356/1/356
f 356/1/356 212/1/212 55/1/55 213/1/213
f 210/1/210 356/1/356 213/1/213 54/1/54
f 51/1/51 134/1/134 357/1/357 212/1/212
f 134/1/134 52/1/52 214/1/214 357/1/357
f 357/1/357 214/1/214 56/1/56 215/1/215
f 212/1/212 357/1/357 215/1/215 55/1/55
f 52/1/52 136/1/136 358/1/358 214/1/214
f 136/1/136 49/1/49 209/1/209 358/1/358
f 358/1/358 209/1/209 53/1/53 216/1/216
f 214/1/214 358/1/358 216/1/216 56/1/56
f 17/1/17 218/1/218 359/1/359 217/1/217
f 218/1/218 18/1/18 219/1/219 359/1/359
f 359/1/359 219/1/219 38/1/38 194/1/194
f 217/1/217 359/1/359 194/1/194 37/1/37
f 18/1/18 220/1/220 360/1/360 219/1/219
f 220/1/220 19/1/19 221/1/221 360/1/360
f 360/1/360 221/1/221 39/1/39 197/1/197
f 219/1/219 360/1/360 197/1/197 38/1/38
f 19/1/19 222/1/222 361/1/361 221/1/221
f 222/1/222 20/1/20 223/1/223 361/1/361
f 361/1/361 223/1/223 40/1/40 200/1/200
f 221/1/221 361/1/361 200/1/200 39/1/39
f 20/1/20 224/1/224 362/1/362 223/1/223
f 224/1/224 17/1/17 217/1/217 362/1/362
f 362/1/362 217/1/217 37/1/37 203/1/203
f 223/1/223 362/1/362 203/1/203 40/1/40
f 53/1/53 211/1/211 363/1/363 225/1/225
f 211/1/211 54/1/54 226/1/226 363/1/363
f 363/1/363 226/1/226 58/1/58 227/1/227
f 225/1/225 363/1/363 227/1/227 57/1/57
f 54/1/54 213/1/213 364/1/364 226/1/226
f 213/1/213 55/1/55 228/1/228 364/1/364
f 364/1/364 228/1/228 59/1/59 229/1/229
f 226/1/226 364/1/364 229/1/229 58/1/58
f 55/1/55 215/1/215 365/1/365 228/1/228
f 215/1/215 56/1/56 230/1/230 365/1/365
f 365/1/365 230/1/230 60/1/60 231/1/231
f 228/1/228 365/1/365 231/1/231 59/1/59
f 56/1/56 216/1/216 366/1/366 230/1/230
f 216/1/216 53/1/53 225/1/225 366/1/366
f 366/1/366 225/1/225 57/1/57 232/1/232
f 230/1/230 366/1/366 232/1/232 60/1/60
f 21/1/21 234/1/234 367/1/367 233/1/233
f 234/1/234 22/1/22 235/1/235 367/1/367
f 367/1/367 235/1/235 94/1/94 236/1/236
f 233/1/233 367/1/367 236/1/236 93/1/93
f 22/1/22 237/1/237 368/1/368 235/1/235
f 237/1/237 23/1/23 238/1/238 368/1/368
f 368/1/368 238/1/238 95/1/95 239/1/239
f 235/1/235 368/1/368 239/1/239 94/1/94
f 23/1/23 240/1/240 369/1/369 238/1/238
f 240/1/240 24/1/24 241/1/241 369/1/369
f 369/1/369 241/1/241 96/1/96 242/1/242
f 238/1/238 369/1/369 242/1/242 95/1/95
f 24/1/24 243/1/243 370/1/370 241/1/241
f 243/1/243 21/1/21 233/1/233 370/1/370
f 370/1/370 233/1/233 93/1/93 244/1/244
f 241/1/241 370/1/370 244/1/244 96/1/96
f 93/1/93 236/1/236 371/1/371 245/1/245
f 236/1/236 94/1/94 246/1/246 371/1/371
f 371/1/371 246/1/246 18/1/18 218/1/218
f 245/1/245 371/1/371 218/1/218 17/1/17
f 94/1/94 239/1/239 372/1/372 246/1/246
f 239/1/239 95/1/95 247/1/247 372/1/372
f 372/1/372 247/1/247 19/1/19 220/1/220
f 246/1/246 372/1/372 220/1/220 18/1/18
f 95/1/95 242/1/242 373/1/373 247/1/247
f 242/1/242 96/1/96 248/1/248 373/1/373
f 373/1/373 248/1/248 20/1/20 222/1/222
f 247/1/247 373/1/373 222/1/222 19/1/19
f 96/1/96 244/1/244 374/1/374 248/1/248
f 244/1/244 93/1/93 245/1/245 374/1/374
f 374/1/374 245/1/245 17/1/17 224/1/224
f 248/1/248 374/1/374 224/1/224 20/1/20
f 25/1/25 250/1/250 375/1/375 249/1/249
f 250/1/250 26/1/26 251/1/251 375/1/375
f 375/1/375 251/1/251 22/1/22 234/1/234
f 249/1/249 375/1/375 234/1/234 21/1/21
f 26/1/26 252/1/252 376/1/376 251/1/251
f 252/1/252 27/1/27 253/1/253 376/1/376
f 376/1/376 253/1/253 23/1/23 237/1/237
f 251/1/251 376/1/376 237/1/237 22/1/22
f 27/1/27 254/1/254 377/1/377 253/1/253
f 254/1/254 28/1/28 255/1/255 377/1/377
f 377/1/377 255/1/255 24/1/24 240/1/240
f 253/1/253 377/1/377 240/1/240 23/1/23
f 28/1/28 256/1/256 378/1/378 255/1/255
f 256/1/256 25/1/25 249/1/249 378/1/378
f 378/1/378 249/1/249 21/1/21 243/1/243
f 255/1/255 378/1/378 243/1/243 24/1/24
f 57/1/57 227/1/227 379/1/379 257/1/257
f 227/1/227 58/1/58 258/1/258 379/1/379
f 379/1/379 258/1/258 62/1/62 259/1/259
f 257/1/257 379/1/379 259/1/259 61/1/61
f 58/1/58 229/1/229 380/1/380 258/1/258
f 229/1/229 59/1/59 260/1/260 380/1/380
f 380/1/380 260/1/260 63/1/63 261/1/261
f 258/1/258 380/1/380 261/1/261 62/1/62
f 59/1/59 231/1/231 381/1/381 260/1/260
f 231/1/231 60/1/60 262/1/262 381/1/381
f 381/1/381 262/1/262 64/1/64 263/1/263
f 260/1/260 381/1/381 263/1/263 63/1/63
f 60/1/60 232/1/232 382/1/382 262/1/262
f 232/1/232 57/1/57 257/1/257 382/1/382
f 382/1/382 257/1/257 61/1/61 264/1/264
f 262/1/262 382/1/382 264/1/264 64/1/64
f 61/1/61 259/1/259 383/1/383 265/1/265
f 259/1/259 62/1/62 266/1/266 383/1/383
f 383/1/383 266/1/266 2/1/2 106/1/106
f 265/1/265 383/1/383 106/1/106 1/1/1
f 62/1/62 261/1/261 384/1/384 266/1/266
f 261/1/261 63/1/63 267/1/267 384/1/384
f 384/1/384 267/1/267 3/1/3 109/1/109
f 266/1/266 384/1/384 109/1/109 2/1/2
f 63/1/63 263/1/263 385/1/385 267/1/267
f 263/1/263 64/1/64 268/1/268 385/1/385
f 385/1/385 268/1/268 4/1/4 112/1/112
f 267/1/267 385/1/385 112/1/112 3/1/3
f 64/1/64 264/1/264 386/1/386 268/1/268
f 264/1/264 61/1/61 265/1/265 386/1/386
f 386/1/386 265/1/265 1/1/1 115/1/115
f 268/1/268 386/1/386 115/1/115 4/1/4
f 29/1/29 270/1/270 387/1/387 269/1/269
f 270/1/270 30/1/30 271/1/271 387/1/387
f 387/1/387 271/1/271 26/1/26 250/1/250
f 269/1/269 387/1/387 250/1/250 25/1/25
f 30/1/30 272/1/272 388/1/388 271/1/271
f 272/1/272 31/1/31 273/1/273 388/1/388
f 388/1/388 273/1/273 27/1/27 252/1/252
f 271/1/271 388/1/388 252/1/252 26/1/26
f 31/1/31 274/1/274 389/1/389 273/1/273
f 274/1/274 32/1/32 275/1/275 389/1/389
f 389/1/389 275/1/275 28/1/28 254/1/254
f 273/1/273 389/1/389 254/1/254 27/1/27
f 32/1/32 276/1/276 390/1/390 275/1/275
f 276/1/276 29/1/29 269/1/269 390/1/390
f 390/1/390 269/1/269 25/1/25 256/1/256
f 275/1/275 390/1/390 256/1/256 28/1/28
f 73/1/73 278/1/278 391/1/391 277/1/277
f 278/1/278 74/1/74 279/1/279 391/1/391
f 391/1/391 279/1/279 6/1/6 108/1/108
f 277/1/277 391/1/391 108/1/108 5/1/5
f 74/1/74 280/1/280 392/1/392 279/1/279
f 280/1/280 75/1/75 281/1/281 392/1/392
f 392/1/392 281/1/281 7/1/7 116/1/116
f 279/1/279 392/1/392 116/1/116 6/1/6
f 75/1/75 282/1/282 393/1/393 281/1/281
f 282/1/282 76/1/76 283/1/283 393/1/393
f 393/1/393 283/1/283 8/1/8 114/1/114
f 281/1/281 393/1/393 114/1/114 7/1/7
f 76/1/76 284/1/284 394/1/394 283/1/283
f 284/1/284 73/1/73 277/1/277 394/1/394
f 394/1/394 277/1/277 5/1/5 111/1/111
f 283/1/283 394/1/394 111/1/111 8/1/8
f 33/1/33 120/1/120 395/1/395 285/1/285
f 120/1/120 34/1/34 286/1/286 395/1/395
f 395/1/395 286/1/286 30/1/30 270/1/270
f 285/1/285 395/1/395 270/1/270 29/1/29
f 34/1/34 119/1/119 396/1/396 286/1/286
f 119/1/119 35/1/35 287/1/287 396/1/396
f 396/1/396 287/1/287 31/1/31 272/1/272
f 286/1/286 396/1/396 272/1/272 30/1/30
f 35/1/35 118/1/118 397/1/397 287/1/287
f 118/1/118 36/1/36 288/1/288 397/1/397
f 397/1/397 288/1/288 32/1/32 274/1/274
f 287/1/287 397/1/397 274/1/274 31/1/31
f 36/1/36 117/1/117 398/1/398 288/1/288
f 117/1/117 33/1/33 285/1/285 398/1/398
f 398/1/398 285/1/285 29/1/29 276/1/276
f 288/1/288 398/1/398 276/1/276 32/1/32
f 69/1/69 155/1/155 399/1/399 289/1/289
f 155/1/155 70/1/70 290/1/290 399/1/399
f 399/1/399 290/1/290 98/1/98 291/1/291
f 289/1/289 399/1/399 291/1/291 97/1/97
f 70/1/70 157/1/157 400/1/400 290/1/290
f 157/1/157 71/1/71 292/1/292 400/1/400
f 400/1/400 292/1/292 99/1/99 293/1/293
f 290/1/290 400/1/400 293/1/293 98/1/98
f 71/1/71 159/1/159 401/1/401 292/1/292
f 159/1/159 72/1/72 294/1/294 401/1/401
f 401/1/401 294/1/294 100/1/100 295/1/295
f 292/1/292 401/1/401 295/1/295 99/1/99
f 72/1/72 160/1/160 402/1/402 294/1/294
f 160/1/160 69/1/69 289/1/289 402/1/402
f 402/1/402 289/1/289 97/1/97 296/1/296
f 294/1/294 402/1/402 296/1/296 100/1/100
f 97/1/97 291/1/291 403/1/403 297/1/297
f 291/1/291 98/1/98 298/1/298 403/1/403
f 403/1/403 298/1/298 102/1/102 299/1/299
f 297/1/297 403/1/403 299/1/299 101/1/101
f 98/1/98 293/1/293 404/1/404 298/1/298
f 293/1/293 99/1/99 300/1/300 404/1/404
f 404/1/404 300/1/300 103/1/103 301/1/301
f 298/1/298 404/1/404 301/1/301 102/1/102
f 99/1/99 295/1/295 405/1/405 300/1/300
f 295/1/295 100/1/100 302/1/302 405/1/405
f 405/1/405 302/1/302 104/1/104 303/1/303
f 300/1/300 405/1/405 303/1/303 103/1/103
f 100/1/100 296/1/296 406/1/406 302/1/302
f 296/1/296 97/1/97 297/1/297 406/1/406
f 406/1/406 297/1/297 101/1/101 304/1/304
f 302/1/302 406/1/406 304/1/304 104/1/104
f 101/1/101 299/1/299 407/1/407 305/1/305
f 299/1/299 102/1/102 306/1/306 407/1/407
f 407/1/407 306/1/306 74/1/74 278/1/278
f 305/1/305 407/1/407 278/1/278 73/1/73
f 102/1/102 301/1/301 408/1/408 306/1/306
f 301/1/301 103/1/103 307/1/307 408/1/408
f 408/1/408 307/1/307 75/1/75 280/1/280
f 306/1/306 408/1/408 280/1/280 74/1/74
f 103/1/103 303/1/303 409/1/409 307/1/307
f 303/1/303 104/1/104 308/1/308 409/1/409
f 409/1/409 308/1/308 76/1/76 282/1/282
f 307/1/307 409/1/409 282/1/282 75/1/75
f 104/1/104 304/1/304 410/1/410 308/1/308
f 304/1/304 101/1/101 305/1/305 410/1/410
f 410/1/410 305/1/305 73/1/73 284/1/284
f 308/1/308 410/1/410 284/1/284 76/1/76
f 411/2/411 427/2/427 428/2/428 412/2/412
f 412/2/412 428/2/428 429/2/429 413/2/413
f 413/2/413 429/2/429 430/2/430 414/2/414
f 414/2/414 430/2/430 431/2/431 415/2/415
f 415/2/415 431/2/431 432/2/432 416/2/416
f 416/2/416 432/2/432 433/2/433 417/2/417
f 417/2/417 433/2/433 434/2/434 418/2/418
f 418/2/418 434/2/434 435/2/435 419/2/419
f 419/2/419 435/2/435 436/2/436 420/2/420
f 420/2/420 436/2/436 437/2/437 421/2/421
f 421/2/421 437/2/437 438/2/438 422/2/422
f 422/2/422 438/2/438 439/2/439 423/2/423
f 423/2/423 439/2/439 440/2/440 424/2/424
f 424/2/424 440/2/440 441/2/441 425/2/425
f 425/2/425 441/2/441 442/2/442 426/2/426
f 426/2/426 442/2/442 427/2/427 411/2/411
f 427/2/427 443/2/443 444/2/444 428/2/428
f 428/2/428 444/2/444 445/2/445 429/2/429
f 429/2/429 445/2/445 446/2/446 430/2/430
f 430/2/430 446/2/446 447/2/447 431/2/431
f 431/2/431 447/2/447 448/2/448 432/2/432
f 432/2/432 448/2/448 449/2/449 433/2/433
f 433/2/433 449/2/449 450/2/450 434/2/434
f 434/2/434 450/2/450 451/2/451 435/2/435
f 435/2/435 451/2/451 452/2/452 436/2/436
f 436/2/436 452/2/452 453/2/453 437/2/437
f 437/2/437 453/2/453 454/2/454 438/2/438
f 438/2/438 454/2/454 455/2/455 439/2/439
f 439/2/439 455/2/455 456/2/456 440/2/440
f 440/2/440 456/2/456 457/2/457 441/2/441
f 441/2/441 457/2/457 458/2/458 442/2/442
f 442/2/442 458/2/458 443/2/443 427/2/427
f 443/2/443 459/2/459 460/2/460 444/2/444
f 444/2/444 460/2/460 461/2/461 445/2/445
f 445/2/445 461/2/461 462/2/462 446/2/446
f 446/2/446 462/2/462 463/2/463 447/2/447
f 447/2/447 463/2/463 464/2/464 448/2/448
f 448/2/448 464/2/464 465/2/465 449/2/449
f 449/2/449 465/2/465 466/2/466 450/2/450
f 450/2/450 466/2/466 467/2/467 451/2/451
f 451/2/451 467/2/467 468/2/468 452/2/452
f 452/2/452 468/2/468 469/2/469 453/2/453
f 453/2/453 469/2/469 470/2/470 454/2/454
f 454/2/454 470/2/470 471/2/471 455/2/455
f 455/2/455 471/2/471 472/2/472 456/2/456
f 456/2/456 472/2/472 473/2/473 457/2/457
f 457/2/457 473/2/473 474/2/474 458/2/458
f 458/2/458 474/2/474 459/2/459 443/2/443
f 459/2/459 475/2/475 476/2/476 460/2/460
f 460/2/460 476/2/476 477/2/477 461/2/461
f 461/2/461 477/2/477 478/2/478 462/2/462
f 462/2/462 478/2/478 479/2/479 463/2/463
f 463/2/463 479/2/479 480/2/480 464/2/464
f 464/2/464 480/2/480 481/2/481 465/2/465
f 465/2/465 481/2/481 482/2/482 466/2/466
f 466/2/466 482/2/482 483/2/483 467/2/467
f 467/2/467 483/2/483 484/2/484 468/2/468
f 468/2/468 484/2/484 485/2/485 469/2/469
f 469/2/469 485/2/485 486/2/486 470/2/470
f 470/2/470 486/2/486 487/2/487 471/2/471
f 471/2/471 487/2/487 488/2/488 472/2/472
f 472/2/472 488/2/488 489/2/489 473/2/473
f 473/2/473 489/2/489 490/2/490 474/2/474
f 474/2/474 490/2/490 475/2/475 459/2/459
f 475/2/475 491/2/491 492/2/492 476/2/476
f 476/2/476 492/2/492 493/2/493 477/2/477
f 477/2/477 493/2/493 494/2/494 478/2/478
f 478/2/478 494/2/494 495/2/495 479/2/479
f 479/2/479 495/2/495 496/2/496 480/2/480
f 480/2/480 496/2/496 497/2/497 481/2/481
f 481/2/481 497/2/497 498/2/498 482/2/482
f 482/2/482 498/2/498 499/2/499 483/2/483
f 483/2/483 499/2/499 500/2/500 484/2/484
f 484/2/484 500/2/500 501/2/501 485/2/485
f 485/2/485 501/2/501 502/2/502 486/2/486
f 486/2/486 502/2/502 503/2/503 487/2/487
f 487/2/487 503/2/503 504/2/504 488/2/488
f 488/2/488 504/2/504 505/2/505 489/2/489
f 489/2/489 505/2/505 506/2/506 490/2/490
f 490/2/490 506/2/506 491/2/491 475/2/475
f 491/2/491 507/2/507 508/2/508 492/2/492
f 492/2/492 508/2/508 509/2/509 493/2/493
f 493/2/493 509/2/509 510/2/510 494/2/494
f 494/2/494 510/2/510 511/2/511 495/2/495
f 495/2/495 511/2/511 512/2/512 496/2/496
f 496/2/496 512/2/512 513/2/513 497/2/497
f 497/2/497 513/2/513 514/2/514 498/2/498
f 498/2/498 514/2/514 515/2/515 499/2/499
f 499/2/499 515/2/515 516/2/516 500/2/500
f 500/2/500 516/2/516 517/2/517 501/2/501
f 501/2/501 517/2/517 518/2/518 502/2/502
f 502/2/502 518/2/518 519/2/519 503/2/503
f 503/2/503 519/2/519 520/2/520 504/2/504
f 504/2/504 520/2/520 521/2/521 505/2/505
f 505/2/505 521/2/521 522/2/522 506/2/506
f 506/2/506 522/2/522 507/2/507 491/2/491
f 507/2/507 523/2/523 524/2/524 508/2/508
f 508/2/508 524/2/524 525/2/525 509/2/509
f 509/2/509 525/2/525 526/2/526 510/2/510
f 510/2/510 526/2/526 527/2/527 511/2/511
f 511/2/511 527/2/527 528/2/528 512/2/512
f 512/2/512 528/2/528 529/2/529 513/2/513
f 513/2/513 529/2/529 530/2/530 514/2/514
f 514/2/514 530/2/530 531/2/531 515/2/515
f 515/2/515 531/2/531 532/2/532 516/2/516
f 516/2/516 532/2/532 533/2/533 517/2/517
f 517/2/517 533/2/533 534/2/534 518/2/518
f 518/2/518 534/2/534 535/2/535 519/2/519
f 519/2/519 535/2/535 536/2/536 520/2/520
f 520/2/520 536/2/536 537/2/537 521/2/521
f 521/2/521 537/2/537 538/2/538 522/2/522
f 522/2/522 538/2/538 523/2/523 507/2/507
f 523/2/523 539/2/539 540/2/540 524/2/524
f 524/2/524 540/2/540 541/2/541 525/2/525
f 525/2/525 541/2/541 542/2/542 526/2/526
f 526/2/526 542/2/542 543/2/543 527/2/527
f 527/2/527 543/2/543 544/2/544 528/2/528
f 528/2/528 544/2/544 545/2/545 529/2/529
f 529/2/529 545/2/545 546/2/546 530/2/530
f 530/2/530 546/2/546 547/2/547 531/2/531
f 531/2/531 547/2/547 548/2/548 532/2/532
f 532/2/532 548/2/548 549/2/549 533/2/533
f 533/2/533 549/2/549 550/2/550 534/2/534
f 534/2/534 550/2/550 551/2/551 535/2/535
f 535/2/535 551/2/551 552/2/552 536/2/536
f 536/2/536 552/2/552 553/2/553 537/2/537
f 537/2/537 553/2/553 554/2/554 538/2/538
f 538/2/538 554/2/554 539/2/539 523/2/523
f 539/2/539 555/2/555 556/2/556 540/2/540
f 540/2/540 556/2/556 557/2/557 541/2/541
f 541/2/541 557/2/557 558/2/558 542/2/542
f 542/2/542 558/2/558 559/2/559 543/2/543
f 543/2/543 559/2/559 560/2/560 544/2/544
f 544/2/544 560/2/560 561/2/561 545/2/545
f 545/2/545 561/2/561 562/2/562 546/2/546
f 546/2/546 562/2/562 563/2/563 547/2/547
f 547/2/547 563/2/563 564/2/564 548/2/548
f 548/2/548 564/2/564 565/2/565 549/2/549
f 549/2/549 565/2/565 566/2/566 550/2/550
f 550/2/550 566/2/566 567/2/567 551/2/551
f 551/2/551 567/2/567 568/2/568 552/2/552
f 552/2/552 568/2/568 569/2/569 553/2/553
f 553/2/553 569/2/569 570/2/570 554/2/554
f 554/2/554 570/2/570 555/2/555 539/2/539
f 555/2/555 571/2/571 572/2/572 556/2/556
f 556/2/556 572/2/572 573/2/573 557/2/557
f 557/2/557 573/2/573 574/2/574 558/2/558
f 558/2/558 574/2/574 575/2/575 559/2/559
f 559/2/559 575/2/575 576/2/576 560/2/560
f 560/2/560 576/2/576 577/2/577 561/2/561
f 561/2/561 577/2/577 578/2/578 562/2/562
f 562/2/562 578/2/578 579/2/579 563/2/563
f 563/2/563 579/2/579 580/2/580 564/2/564
f 564/2/564 580/2/580 581/2/581 565/2/565
f 565/2/565 581/2/581 582/2/582 566/2/566
f 566/2/566 582/2/582 583/2/583 567/2/567
f 567/2/567 583/2/583 584/2/584 568/2/568
f 568/2/568 584/2/584 585/2/585 569/2/569
f 569/2/569 585/2/585 586/2/586 570/2/570
f 570/2/570 586/2/586 571/2/571 555/2/555
f 571/2/571 587/2/587 588/2/588 572/2/572
f 572/2/572 588/2/588 589/2/589 573/2/573
f 573/2/573 589/2/589 590/2/590 574/2/574
f 574/2/574 590/2/590 591/2/591 575/2/575
f 575/2/575 591/2/591 592/2/592 576/2/576
f 576/2/576 592/2/592 593/2/593 577/2/577
f 577/2/577 593/2/593 594/2/594 578/2/578
f 578/2/578 594/2/594 595/2/595 579/2/579
f 579/2/579 595/2/595 596/2/596 580/2/580
f 580/2/580 596/2/596 597/2/597 581/2/581
f 581/2/581 597/2/597 598/2/598 582/2/582
f 582/2/582 598/2/598 599/2/599 583/2/583
f 583/2/583 599/2/599 600/2/600 584/2/584
f 584/2/584 600/2/600 601/2/601 585/2/585
f 585/2/585 601/2/601 602/2/602 586/2/586
f 586/2/586 602/2/602 587/2/587 571/2/571
f 587/2/587 603/2/603 604/2/604 588/2/588
f 588/2/588 604/2/604 605/2/605 589/2/589
f 589/2/589 605/2/605 606/2/606 590/2/590
f 590/2/590 606/2/606 607/2/607 591/2/591
f 591/2/591 607/2/607 608/2/608 592/2/592
f 592/2/592 608/2/608 609/2/609 593/2/593
f 593/2/593 609/2/609 610/2/610 594/2/594
f 594/2/594 610/2/610 611/2/611 595/2/595
f 595/2/595 611/2/611 612/2/612 596/2/596
f 596/2/596 612/2/612 613/2/613 597/2/597
f 597/2/597 613/2/613 614/2/614 598/2/598
f 598/2/598 614/2/614 615/2/615 599/2/599
f 599/2/599 615/2/615 616/2/616 600/2/600
f 600/2/600 616/2/616 617/2/617 601/2/601
f 601/2/601 617/2/617 618/2/618 602/2/602
f 602/2/602 618/2/618 603/2/603 587/2/587
f 603/2/603 619/2/619 620/2/620 604/2/604
f 604/2/604 620/2/620 621/2/621 605/2/605
f 605/2/605 621/2/621 622/2/622 606/2/606
f 606/2/606 622/2/622 623/2/623 607/2/607
f 607/2/607 623/2/623 624/2/624 608/2/608
f 608/2/608 624/2/624 625/2/625 609/2/609
f 609/2/609 625/2/625 626/2/626 610/2/610
f 610/2/610 626/2/626 627/2/627 611/2/611
f 611/2/611 627/2/627 628/2/628 612/2/612
f 612/2/612 628/2/628 629/2/629 613/2/613
f 613/2/613 629/2/629 630/2/630 614/2/614
f 614/2/614 630/2/630 631/2/631 615/2/615
f 615/2/615 631/2/631 632/2/632 616/2/616
f 616/2/616 632/2/632 633/2/633 617/2/617
f 617/2/617 633/2/633 634/2/634 618/2/618
f 618/2/618 634/2/634 619/2/619 603/2/603
f 619/2/619 635/2/635 636/2/636 620/2/620
f 620/2/620 636/2/636 637/2/637 621/2/621
f 621/2/621 637/2/637 638/2/638 622/2/622
f 622/2/622 638/2/638 639/2/639 623/2/623
f 623/2/623 639/2/639 640/2/640 624/2/624
f 624/2/624 640/2/640 641/2/641 625/2/625
f 625/2/625 641/2/641 642/2/642 626/2/626
f 626/2/626 642/2/642 643/2/643 627/2/627
f 627/2/627 643/2/643 644/2/644 628/2/628
f 628/2/628 644/2/644 645/2/645 629/2/629
f 629/2/629 645/2/645 646/2/646 630/2/630
f 630/2/630 646/2/646 647/2/647 631/2/631
f 631/2/631 647/2/647 648/2/648 632/2/632
f 632/2/632 648/2/648 649/2/649 633/2/633
f 633/2/633 649/2/649 650/2/650 634/2/634
f 634/2/634 650/2/650 635/2/635 619/2/619
f 635/2/635 651/2/651 652/2/652 636/2/636
f 636/2/636 652/2/652 653/2/653 637/2/637
f 637/2/637 653/2/653 654/2/654 638/2/638
f 638/2/638 654/2/654 655/2/655 639/2/639
f 639/2/639 655/2/655 656/2/656 640/2/640
f 640/2/640 656/2/656 657/2/657 641/2/641
f 641/2/641 657/2/657 658/2/658 642/2/642
f 642/2/642 658/2/658 659/2/659 643/2/643
f 643/2/643 659/2/659 660/2/660 644/2/644
f 644/2/644 660/2/660 661/2/661 645/2/645
f 645/2/645 661/2/661 662/2/662 646/2/646
f 646/2/646 662/2/662 663/2/663 647/2/647
f 647/2/647 663/2/663 664/2/664 648/2/648
f 648/2/648 664/2/664 665/2/665 649/2/649
f 649/2/649 665/2/665 666/2/666 650/2/650
f 650/2/650 666/2/666 651/2/651 635/2/635
f 651/2/651 667/2/667 668/2/668 652/2/652
f 652/2/652 668/2/668 669/2/669 653/2/653
f 653/2/653 669/2/669 670/2/670 654/2/654
f 654/2/654 670/2/670 671/2/671 655/2/655
f 655/2/655 671/2/671 672/2/672 656/2/656
f 656/2/656 672/2/672 673/2/673 657/2/657
f 657/2/657 673/2/673 674/2/674 658/2/658
f 658/2/658 674/2/674 675/2/675 659/2/659
f 659/2/659 675/2/675 676/2/676 660/2/660
f 660/2/660 676/2/676 677/2/677 661/2/661
f 661/2/661 677/2/677 678/2/678 662/2/662
f 662/2/662 678/2/678 679/2/679 663/2/663
f 663/2/663 679/2/679 680/2/680 664/2/664
f 664/2/664 680/2/680 681/2/681 665/2/665
f 665/2/665 681/2/681 682/2/682 666/2/666
f 666/2/666 682/2/682 667/2/667 651/2/651
f 667/2/667 683/2/683 684/2/684 668/2/668
f 668/2/668 684/2/684 685/2/685 669/2/669
f 669/2/669 685/2/685 686/2/686 670/2/670
f 670/2/670 686/2/686 687/2/687 671/2/671
f 671/2/671 687/2/687 688/2/688 672/2/672
f 672/2/672 688/2/688 689/2/689 673/2/673
f 673/2/673 689/2/689 690/2/690 674/2/674
f 674/2/674 690/2/690 691/2/691 675/2/675
f 675/2/675 691/2/691 692/2/692 676/2/676
f 676/2/676 692/2/692 693/2/693 677/2/677
f 677/2/677 693/2/693 694/2/694 678/2/678
f 678/2/678 694/2/694 695/2/695 679/2/679
f 679/2/679 695/2/695 696/2/696 680/2/680
f 680/2/680 696/2/696 697/2/697 681/2/681
f 681/2/681 697/2/697 698/2/698 682/2/682
f 682/2/682 698/2/698 683/2/683 667/2/667
f 683/2/683 699/2/699 700/2/700 684/2/684
f 684/2/684 700/2/700 701/2/701 685/2/685
f 685/2/685 701/2/701 702/2/702 686/2/686
f 686/2/686 702/2/702 703/2/703 687/2/687
f 687/2/687 703/2/703 704/2/704 688/2/688
f 688/2/688 704/2/704 705/2/705 689/2/689
f 689/2/689 705/2/705 706/2/706 690/2/690
f 690/2/690 706/2/706 707/2/707 691/2/691
f 691/2/691 707/2/707 708/2/708 692/2/692
f 692/2/692 708/2/708 709/2/709 693/2/693
f 693/2/693 709/2/709 710/2/710 694/2/694
f 694/2/694 710/2/710 711/2/711 695/2/695
f 695/2/695 711/2/711 712/2/712 696/2/696
f 696/2/696 712/2/712 713/2/713 697/2/697
f 697/2/697 713/2/713 714/2/714 698/2/698
f 698/2/698 714/2/714 699/2/699 683/2/683
f 699/2/699 715/2/715 716/2/716 700/2/700
f 700/2/700 716/2/716 717/2/717 701/2/701
f 701/2/701 717/2/717 718/2/718 702/2/702
f 702/2/702 718/2/718 719/2/719 703/2/703
f 703/2/703 719/2/719 720/2/720 704/2/704
f 704/2/704 720/2/720 721/2/721 705/2/705
f 705/2/705 721/2/721 722/2/722 706/2/706
f 706/2/706 722/2/722 723/2/723 707/2/707
f 707/2/707 723/2/723 724/2/724 708/2/708
f 708/2/708 724/2/724 725/2/725 709/2/709
f 709/2/709 725/2/725 726/2/726 710/2/710
f 710/2/710 726/2/726 727/2/727 711/2/711
f 711/2/711 727/2/727 728/2/728 712/2/712
f 712/2/712 728/2/728 729/2/729 713/2/713
f 713/2/713 729/2/729 730/2/730 714/2/714
f 714/2/714 730/2/730 715/2/715 699/2/699
f 715/2/715 731/2/731 732/2/732 716/2/716
f 716/2/716 732/2/732 733/2/733 717/2/717
f 717/2/717 733/2/733 734/2/734 718/2/718
f 718/2/718 734/2/734 735/2/735 719/2/719
f 719/2/719 735/2/735 736/2/736 720/2/720
f 720/2/720 736/2/736 737/2/737 721/2/721
f 721/2/721 737/2/737 738/2/738 722/2/722
f 722/2/722 738/2/738 739/2/739 723/2/723
f 723/2/723 739/2/739 740/2/740 724/2/724
f 724/2/724 740/2/740 741/2/741 725/2/725
f 725/2/725 741/2/741 742/2/742 726/2/726
f 726/2/726 742/2/742 743/2/743 727/2/727
f 727/2/727 743/2/743 744/2/744 728/2/728
f 728/2/728 744/2/744 745/2/745 729/2/729
f 729/2/729 745/2/745 746/2/746 730/2/730
f 730/2/730 746/2/746 731/2/731 715/2/715
f 731/2/731 747/2/747 748/2/748 732/2/732
f 732/2/732 748/2/748 749/2/749 733/2/733
f 733/2/733 749/2/749 750/2/750 734/2/734
f 734/2/734 750/2/750 751/2/751 735/2/735
f 735/2/735 751/2/751 752/2/752 736/2/736
f 736/2/736 752/2/752 753/2/753 737/2/737
f 737/2/737 753/2/753 754/2/754 738/2/738
f 738/2/738 754/2/754 755/2/755 739/2/739
f 739/2/739 755/2/755 756/2/756 740/2/740
f 740/2/740 756/2/756 757/2/757 741/2/741
f 741/2/741 757/2/757 758/2/758 742/2/742
f 742/2/742 758/2/758 759/2/759 743/2/743
f 743/2/743 759/2/759 760/2/760 744/2/744
f 744/2/744 760/2/760 761/2/761 745/2/745
f 745/2/745 761/2/761 762/2/762 746/2/746
f 746/2/746 762/2/762 747/2/747 731/2/731
f 747/2/747 763/2/763 764/2/764 748/2/748
f 748/2/748 764/2/764 765/2/765 749/2/749
f 749/2/749 765/2/765 766/2/766 750/2/750
f 750/2/750 766/2/766 767/2/767 751/2/751
f 751/2/751 767/2/767 768/2/768 752/2/752
f 752/2/752 768/2/768 769/2/769 753/2/753
f 753/2/753 769/2/769 770/2/770 754/2/754
f 754/2/754 770/2/770 771/2/771 755/2/755
f 755/2/755 771/2/771 772/2/772 756/2/756
f 756/2/756 772/2/772 773/2/773 757/2/757
f 757/2/757 773/2/773 774/2/774 758/2/758
f 758/2/758 774/2/774 775/2/775 759/2/759
f 759/2/759 775/2/775 776/2/776 760/2/760
f 760/2/760 776/2/776 777/2/777 761/2/761
f 761/2/761 777/2/777 778/2/778 762/2/762
f 762/2/762 778/2/778 763/2/763 747/2/747
f 763/2/763 779/2/779 780/2/780 764/2/764
f 764/2/764 780/2/780 781/2/781 765/2/765
f 765/2/765 781/2/781 782/2/782 766/2/766
f 766/2/766 782/2/782 783/2/783 767/2/767
f 767/2/767 783/2/783 784/2/784 768/2/768
f 768/2/768 784/2/784 785/2/785 769/2/769
f 769/2/769 785/2/785 786/2/786 770/2/770
f 770/2/770 786/2/786 787/2/787 771/2/771
f 771/2/771 787/2/787 788/2/788 772/2/772
f 772/2/772 788/2/788 789/2/789 773/2/773
f 773/2/773 789/2/789 790/2/790 774/2/774
f 774/2/774 790/2/790 791/2/791 775/2/775
f 775/2/775 791/2/791 792/2/792 776/2/776
f 776/2/776 792/2/792 793/2/793 777/2/777
f 777/2/777 793/2/793 794/2/794 778/2/778
f 778/2/778 794/2/794 779/2/779 763/2/763
f 779/2/779 795/2/795 796/2/796 780/2/780
f 780/2/780 796/2/796 797/2/797 781/2/781
f 781/2/781 797/2/797 798/2/798 782/2/782
f 782/2/782 798/2/798 799/2/799 783/2/783
f 783/2/783 799/2/799 800/2/800 784/2/784
f 784/2/784 800/2/800 801/2/801 785/2/785
f 785/2/785 801/2/801 802/2/802 786/2/786
f 786/2/786 802/2/802 803/2/803 787/2/787
f 787/2/787 803/2/803 804/2/804 788/2/788
f 788/2/788 804/2/804 805/2/805 789/2/789
f 789/2/789 805/2/805 806/2/806 790/2/790
f 790/2/790 806/2/806 807/2/807 791/2/791
f 791/2/791 807/2/807 808/2/808 792/2/792
f 792/2/792 808/2/808 809/2/809 793/2/793
f 793/2/793 809/2/809 810/2/810 794/2/794
f 794/2/794 810/2/810 795/2/795 779/2/779
f 795/2/795 811/2/811 812/2/812 796/2/796
f 796/2/796 812/2/812 813/2/813 797/2/797
f 797/2/797 813/2/813 814/2/814 798/2/798
f 798/2/798 814/2/814 815/2/815 799/2/799
f 799/2/799 815/2/815 816/2/816 800/2/800
f 800/2/800 816/2/816 817/2/817 801/2/801
f 801/2/801 817/2/817 818/2/818 802/2/802
f 802/2/802 818/2/818 819/2/819 803/2/803
f 803/2/803 819/2/819 820/2/820 804/2/804
f 804/2/804 820/2/820 821/2/821 805/2/805
f 805/2/805 821/2/821 822/2/822 806/2/806
f 806/2/806 822/2/822 823/2/823 807/2/807
f 807/2/807 823/2/823 824/2/824 808/2/808
f 808/2/808 824/2/824 825/2/825 809/2/809
f 809/2/809 825/2/825 826/2/826 810/2/810
f 810/2/810 826/2/826 811/2/811 795/2/795
f 811/2/811 827/2/827 828/2/828 812/2/812
f 812/2/812 828/2/828 829/2/829 813/2/813
f 813/2/813 829/2/829 830/2/830 814/2/814
f 814/2/814 830/2/830 831/2/831 815/2/815
f 815/2/815 831/2/831 832/2/832 816/2/816
f 816/2/816 832/2/832 833/2/833 817/2/817
f 817/2/817 833/2/833 834/2/834 818/2/818
f 818/2/818 834/2/834 835/2/835 819/2/819
f 819/2/819 835/2/835 836/2/836 820/2/820
f 820/2/820 836/2/836 837/2/837 821/2/821
f 821/2/821 837/2/837 838/2/838 822/2/822
f 822/2/822 838/2/838 839/2/839 823/2/823
f 823/2/823 839/2/839 840/2/840 824/2/824
f 824/2/824 840/2/840 841/2/841 825/2/825
f 825/2/825 841/2/841 842/2/842 826/2/826
f 826/2/826 842/2/842 827/2/827 811/2/811
f 827/2/827 843/2/843 844/2/844 828/2/828
f 828/2/828 844/2/844 845/2/845 829/2/829
f 829/2/829 845/2/845 846/2/846 830/2/830
f 830/2/830 846/2/846 847/2/847 831/2/831
f 831/2/831 847/2/847 848/2/848 832/2/832
f 832/2/832 848/2/848 849/2/849 833/2/833
f 833/2/833 849/2/849 850/2/850 834/2/834
f 834/2/834 850/2/850 851/2/851 835/2/835
f 835/2/835 851/2/851 852/2/852 836/2/836
f 836/2/836 852/2/852 853/2/853 837/2/837
f 837/2/837 853/2/853 854/2/854 838/2/838
f 838/2/838 854/2/854 855/2/855 839/2/839
f 839/2/839 855/2/855 856/2/856 840/2/840
f 840/2/840 856/2/856 857/2/857 841/2/841
f 841/2/841 857/2/857 858/2/858 842/2/842
f 842/2/842 858/2/858 843/2/843 827/2/827
f 843/2/843 859/2/859 860/2/860 844/2/844
f 844/2/844 860/2/860 861/2/861 845/2/845
f 845/2/845 861/2/861 862/2/862 846/2/846
f 846/2/846 862/2/862 863/2/863 847/2/847
f 847/2/847 863/2/863 864/2/864 848/2/848
f 848/2/848 864/2/864 865/2/865 849/2/849
f 849/2/849 865/2/865 866/2/866 850/2/850
f 850/2/850 866/2/866 867/2/867 851/2/851
f 851/2/851 867/2/867 868/2/868 852/2/852
f 852/2/852 868/2/868 869/2/869 853/2/853
f 853/2/853 869/2/869 870/2/870 854/2/854
f 854/2/854 870/2/870 871/2/871 855/2/855
f 855/2/855 871/2/871 872/2/872 856/2/856
f 856/2/856 872/2/872 873/2/873 857/2/857
f 857/2/857 873/2/873 874/2/874 858/2/858
f 858/2/858 874/2/874 859/2/859 843/2/843
f 859/2/859 875/2/875 876/2/876 860/2/860
f 860/2/860 876/2/876 877/2/877 861/2/861
f 861/2/861 877/2/877 878/2/878 862/2/862
f 862/2/862 878/2/878 879/2/879 863/2/863
f 863/2/863 879/2/879 880/2/880 864/2/864
f 864/2/864 880/2/880 881/2/881 865/2/865
f 865/2/865 881/2/881 882/2/882 866/2/866
f 866/2/866 882/2/882 883/2/883 867/2/867
f 867/2/867 883/2/883 884/2/884 868/2/868
f 868/2/868 884/2/884 885/2/885 869/2/869
f 869/2/869 885/2/885 886/2/886 870/2/870
f 870/2/870 886/2/886 887/2/887 871/2/871
f 871/2/871 887/2/887 888/2/888 872/2/872
f 872/2/872 888/2/888 889/2/889 873/2/873
f 873/2/873 889/2/889 890/2/890 874/2/874
f 874/2/874 890/2/890 875/2/875 859/2/859
f 875/2/875 891/2/891 892/2/892 876/2/876
f 876/2/876 892/2/892 893/2/893 877/2/877
f 877/2/877 893/2/893 894/2/894 878/2/878
f 878/2/878 894/2/894 895/2/895 879/2/879
f 879/2/879 895/2/895 896/2/896 880/2/880
f 880/2/880 896/2/896 897/2/897 881/2/881
f 881/2/881 897/2/897 898/2/898 882/2/882
f 882/2/882 898/2/898 899/2/899 883/2/883
f 883/2/883 899/2/899 900/2/900 884/2/884
f 884/2/884 900/2/900 901/2/901 885/2/885
f 885/2/885 901/2/901 902/2/902 886/2/886
f 886/2/886 902/2/902 903/2/903 887/2/887
f 887/2/887 903/2/903 904/2/904 888/2/888
f 888/2/888 904/2/904 905/2/905 889/2/889
f 889/2/889 905/2/905 906/2/906 890/2/890
f 890/2/890 906/2/906 891/2/891 875/2/875
f 891/2/891 907/2/907 908/2/908 892/2/892
f 892/2/892 908/2/908 909/2/909 893/2/893
f 893/2/893 909/2/909 910/2/910 894/2/894
f 894/2/894 910/2/910 911/2/911 895/2/895
f 895/2/895 911/2/911 912/2/912 896/2/896
f 896/2/896 912/2/912 913/2/913 897/2/897
f 897/2/897 913/2/913 914/2/914 898/2/898
f 898/2/898 914/2/914 915/2/915 899/2/899
f 899/2/899 915/2/915 916/2/916 900/2/900
f 900/2/900 916/2/916 917/2/917 901/2/901
f 901/2/901 917/2/917 918/2/918 902/2/902
f 902/2/902 918/2/918 919/2/919 903/2/903
f 903/2/903 919/2/919 920/2/920 904/2/904
f 904/2/904 920/2/920 921/2/921 905/2/905
f 905/2/905 921/2/921 922/2/922 906/2/906
f 906/2/906 922/2/922 907/2/907 891/2/891
f 907/2/907 923/2/923 924/2/924 908/2/908
f 908/2/908 924/2/924 925/2/925 909/2/909
f 909/2/909 925/2/925 926/2/926 910/2/910
f 910/2/910 926/2/926 927/2/927 911/2/911
f 911/2/911 927/2/927 928/2/928 912/2/912
f 912/2/912 928/2/928 929/2/929 913/2/913
f 913/2/913 929/2/929 930/2/930 914/2/914
f 914/2/914 930/2/930 931/2/931 915/2/915
f 915/2/915 931/2/931 932/2/932 916/2/916
f 916/2/916 932/2/932 933/2/933 917/2/917
f 917/2/917 933/2/933 934/2/934 918/2/918
f 918/2/918 934/2/934 935/2/935 919/2/919
f 919/2/919 935/2/935 936/2/936 920/2/920
f 920/2/920 936/2/936 937/2/937 921/2/921
f 921/2/921 937/2/937 938/2/938 922/2/922
f 922/2/922 938/2/938 923/2/923 907/2/907
f 923/2/923 939/2/939 940/2/940 924/2/924
f 924/2/924 940/2/940 941/2/941 925/2/925
f 925/2/925 941/2/941 942/2/942 926/2/926
f 926/2/926 942/2/942 943/2/943 927/2/927
f 927/2/927 943/2/943 944/2/944 928/2/928
f 928/2/928 944/2/944 945/2/945 929/2/929
f 929/2/929 945/2/945 946/2/946 930/2/930
f 930/2/930 946/2/946 947/2/947 931/2/931
f 931/2/931 947/2/947 948/2/948 932/2/932
f 932/2/932 948/2/948 949/2/949 933/2/933
f 933/2/933 949/2/949 950/2/950 934/2/934
f 934/2/934 950/2/950 951/2/951 935/2/935
f 935/2/935 951/2/951 952/2/952 936/2/936
f 936/2/936 952/2/952 953/2/953 937/2/937
f 937/2/937 953/2/953 954/2/954 938/2/938
f 938/2/938 954/2/954 939/2/939 923/2/923
f 939/2/939 955/2/955 956/2/956 940/2/940
f 940/2/940 956/2/956 957/2/957 941/2/941
f 941/2/941 957/2/957 958/2/958 942/2/942
f 942/2/942 958/2/958 959/2/959 943/2/943
f 943/2/943 959/2/959 960/2/960 944/2/944
f 944/2/944 960/2/960 961/2/961 945/2/945
f 945/2/945 961/2/961 962/2/962 946/2/946
f 946/2/946 962/2/962 963/2/963 947/2/947
f 947/2/947 963/2/963 964/2/964 948/2/948
f 948/2/948 964/2/964 965/2/965 949/2/949
f 949/2/949 965/2/965 966/2/966 950/2/950
f 950/2/950 966/2/966 967/2/967 951/2/951
f 951/2/951 967/2/967 968/2/968 952/2/952
f 952/2/952 968/2/968 969/2/969 953/2/953
f 953/2/953 969/2/969 970/2/970 954/2/954
f 954/2/954 970/2/970 955/2/955 939/2/939
f 955/2/955 971/2/971 972/2/972 956/2/956
f 956/2/956 972/2/972 973/2/973 957/2/957
f 957/2/957 973/2/973 974/2/974 958/2/958
f 958/2/958 974/2/974 975/2/975 959/2/959
f 959/2/959 975/2/975 976/2/976 960/2/960
f 960/2/960 976/2/976 977/2/977 961/2/961
f 961/2/961 977/2/977 978/2/978 962/2/962
f 962/2/962 978/2/978 979/2/979 963/2/963
f 963/2/963 979/2/979 980/2/980 964/2/964
f 964/2/964 980/2/980 981/2/981 965/2/965
f 965/2/965 981/2/981 982/2/982 966/2/966
f 966/2/966 982/2/982 983/2/983 967/2/967
f 967/2/967 983/2/983 984/2/984 968/2/968
f 968/2/968 984/2/984 985/2/985 969/2/969
f 969/2/969 985/2/985 986/2/986 970/2/970
f 970/2/970 986/2/986 971/2/971 955/2/955
f 971/2/971 987/2/987 988/2/988 972/2/972
f 972/2/972 988/2/988 989/2/989 973/2/973
f 973/2/973 989/2/989 990/2/990 974/2/974
f 974/2/974 990/2/990 991/2/991 975/2/975
f 975/2/975 991/2/991 992/2/992 976/2/976
f 976/2/976 992/2/992 993/2/993 977/2/977
f 977/2/977 993/2/993 994/2/994 978/2/978
f 978/2/978 994/2/994 995/2/995 979/2/979
f 979/2/979 995/2/995 996/2/996 980/2/980
f 980/2/980 996/2/996 997/2/997 981/2/981
f 981/2/981 997/2/997 998/2/998 982/2/982
f 982/2/982 998/2/998 999/2/999 983/2/983
f 983/2/983 999/2/999 1000/2/1000 984/2/984
f 984/2/984 1000/2/1000 1001/2/1001 985/2/985
f 985/2/985 1001/2/1001 1002/2/1002 986/2/986
f 986/2/986 1002/2/1002 987/2/987 971/2/971
f 987/2/987 1003/2/1003 1004/2/1004 988/2/988
f 988/2/988 1004/2/1004 1005/2/1005 989/2/989
f 989/2/989 1005/2/1005 1006/2/1006 990/2/990
f 990/2/990 1006/2/1006 1007/2/1007 991/2/991
f 991/2/991 1007/2/1007 1008/2/1008 992/2/992
f 992/2/992 1008/2/1008 1009/2/1009 993/2/993
f 993/2/993 1009/2/1009 1010/2/1010 994/2/994
f 994/2/994 1010/2/1010 1011/2/1011 995/2/995
f 995/2/995 1011/2/1011 1012/2/1012 996/2/996
f 996/2/996 1012/2/1012 1013/2/1013 997/2/997
f 997/2/997 1013/2/1013 1014/2/1014 998/2/998
f 998/2/998 1014/2/1014 1015/2/1015 999/2/999
f 999/2/999 1015/2/1015 1016/2/1016 1000/2/1000
f 1000/2/1000 1016/2/1016 1017/2/1017 1001/2/1001
f 1001/2/1001 1017/2/1017 1018/2/1018 1002/2/1002
f 1002/2/1002 1018/2/1018 1003/2/1003 987/2/987
f 1003/2/1003 1019/2/1019 1020/2/1020 1004/2/1004
f 1004/2/1004 1020/2/1020 1021/2/1021 1005/2/1005
f 1005/2/1005 1021/2/1021 1022/2/1022 1006/2/1006
f 1006/2/1006 1022/2/1022 1023/2/1023 1007/2/1007
f 1007/2/1007 1023/2/1023 1024/2/1024 1008/2/1008
f 1008/2/1008 1024/2/1024 1025/2/1025 1009/2/1009
f 1009/2/1009 1025/2/1025 1026/2/1026 1010/2/1010
f 1010/2/1010 1026/2/1026 1027/2/1027 1011/2/1011
f 1011/2/1011 1027/2/1027 1028/2/1028 1012/2/1012
f 1012/2/1012 1028/2/1028 1029/2/1029 1013/2/1013
f 1013/2/1013 1029/2/1029 1030/2/1030 1014/2/1014
f 1014/2/1014 1030/2/1030 1031/2/1031 1015/2/1015
f 1015/2/1015 1031/2/1031 1032/2/1032 1016/2/1016
f 1016/2/1016 1032/2/1032 1033/2/1033 1017/2/1017
f 1017/2/1017 1033/2/1033 1034/2/1034 1018/2/1018
f 1018/2/1018 1034/2/1034 1019/2/1019 1003/2/1003
f 1019/2/1019 1035/2/1035 1036/2/1036 1020/2/1020
f 1020/2/1020 1036/2/1036 1037/2/1037 1021/2/1021
f 1021/2/1021 1037/2/1037 1038/2/1038 1022/2/1022
f 1022/2/1022 1038/2/1038 1039/2/1039 1023/2/1023
f 1023/2/1023 1039/2/1039 1040/2/1040 1024/2/1024
f 1024/2/1024 1040/2/1040 1041/2/1041 1025/2/1025
f 1025/2/1025 1041/2/1041 1042/2/1042 1026/2/1026
f 1026/2/1026 1042/2/1042 1043/2/1043 1027/2/1027
f 1027/2/1027 1043/2/1043 1044/2/1044 1028/2/1028
f 1028/2/1028 1044/2/1044 1045/2/1045 1029/2/1029
f 1029/2/1029 1045/2/1045 1046/2/1046 1030/2/1030
f 1030/2/1030 1046/2/1046 1047/2/1047 1031/2/1031
f 1031/2/1031 1047/2/1047 1048/2/1048 1032/2/1032
f 1032/2/1032 1048/2/1048 1049/2/1049 1033/2/1033
f 1033/2/1033 1049/2/1049 1050/2/1050 1034/2/1034
f 1034/2/1034 1050/2/1050 1035/2/1035 1019/2/1019
f 1035/2/1035 1051/2/1051 1052/2/1052 1036/2/1036
f 1036/2/1036 1052/2/1052 1053/2/1053 1037/2/1037
f 1037/2/1037 1053/2/1053 1054/2/1054 1038/2/1038
f 1038/2/1038 1054/2/1054 1055/2/1055 1039/2/1039
f 1039/2/1039 1055/2/1055 1056/2/1056 1040/2/1040
f 1040/2/1040 1056/2/1056 1057/2/1057 1041/2/1041
f 1041/2/1041 1057/2/1057 1058/2/1058 1042/2/1042
f 1042/2/1042 1058/2/1058 1059/2/1059 1043/2/1043
f 1043/2/1043 1059/2/1059 1060/2/1060 1044/2/1044
f 1044/2/1044 1060/2/1060 1061/2/1061 1045/2/1045
f 1045/2/1045 1061/2/1061 1062/2/1062 1046/2/1046
f 1046/2/1046 1062/2/1062 1063/2/1063 1047/2/1047
f 1047/2/1047 1063/2/1063 1064/2/1064 1048/2/1048
f 1048/2/1048 1064/2/1064 1065/2/1065 1049/2/1049
f 1049/2/1049 1065/2/1065 1066/2/1066 1050/2/1050
f 1050/2/1050 1066/2/1066 1051/2/1051 1035/2/1035
f 1051/2/1051 1067/2/1067 1068/2/1068 1052/2/1052
f 1052/2/1052 1068/2/1068 1069/2/1069 1053/2/1053
f 1053/2/1053 1069/2/1069 1070/2/1070 1054/2/1054
f 1054/2/1054 1070/2/1070 1071/2/1071 1055/2/1055
f 1055/2/1055 1071/2/1071 1072/2/1072 1056/2/1056
f 1056/2/1056 1072/2/1072 1073/2/1073 1057/2/1057
f 1057/2/1057 1073/2/1073 1074/2/1074 1058/2/1058
f 1058/2/1058 1074/2/1074 1075/2/1075 1059/2/1059
f 1059/2/1059 1075/2/1075 1076/2/1076 1060/2/1060
f 1060/2/1060 1076/2/1076 1077/2/1077 1061/2/1061
f 1061/2/1061 1077/2/1077 1078/2/1078 1062/2/1062
f 1062/2/1062 1078/2/1078 1079/2/1079 1063/2/1063
f 1063/2/1063 1079/2/1079 1080/2/1080 1064/2/1064
f 1064/2/1064 1080/2/1080 1081/2/1081 1065/2/1065
f 1065/2/1065 1081/2/1081 1082/2/1082 1066/2/1066
f 1066/2/1066 1082/2/1082 1067/2/1067 1051/2/1051
f 1067/2/1067 1083/2/1083 1084/2/1084 1068/2/1068
f 1068/2/1068 1084/2/1084 1085/2/1085 1069/2/1069
f 1069/2/1069 1085/2/1085 1086/2/1086 1070/2/1070
f 1070/2/1070 1086/2/1086 1087/2/1087 1071/2/1071
f 1071/2/1071 1087/2/1087 1088/2/1088 1072/2/1072
f 1072/2/1072 1088/2/1088 1089/2/1089 1073/2/1073
f 1073/2/1073 1089/2/1089 1090/2/1090 1074/2/1074
f 1074/2/1074 1090/2/1090 1091/2/1091 1075/2/1075
f 1075/2/1075 1091/2/1091 1092/2/1092 1076/2/1076
f 1076/2/1076 1092/2/1092 1093/2/1093 1077/2/1077
f 1077/2/1077 1093/2/1093 1094/2/1094 1078/2/1078
f 1078/2/1078 1094/2/1094 1095/2/1095 1079/2/1079
f 1079/2/1079 1095/2/1095 1096/2/1096 1080/2/1080
f 1080/2/1080 1096/2/1096 1097/2/1097 1081/2/1081
f 1081/2/1081 1097/2/1097 1098/2/1098 1082/2/1082
f 1082/2/1082 1098/2/1098 1083/2/1083 1067/2/1067
f 1083/2/1083 1099/2/1099 1100/2/1100 1084/2/1084
f 1084/2/1084 1100/2/1100 1101/2/1101 1085/2/1085
f 1085/2/1085 1101/2/1101 1102/2/1102 1086/2/1086
f 1086/2/1086 1102/2/1102 1103/2/1103 1087/2/1087
f 1087/2/1087 1103/2/1103 1104/2/1104 1088/2/1088
f 1088/2/1088 1104/2/1104 1105/2/1105 1089/2/1089
f 1089/2/1089 1105/2/1105 1106/2/1106 1090/2/1090
f 1090/2/1090 1106/2/1106 1107/2/1107 1091/2/1091
f 1091/2/1091 1107/2/1107 1108/2/1108 1092/2/1092
f 1092/2/1092 1108/2/1108 1109/2/1109 1093/2/1093
f 1093/2/1093 1109/2/1109 1110/2/1110 1094/2/1094
f 1094/2/1094 1110/2/1110 1111/2/1111 1095/2/1095
f 1095/2/1095 1111/2/1111 1112/2/1112 1096/2/1096
f 1096/2/1096 1112/2/1112 1113/2/1113 1097/2/1097
f 1097/2/1097 1113/2/1113 1114/2/1114 1098/2/1098
f 1098/2/1098 1114/2/1114 1099/2/1099 1083/2/1083
f 1099/2/1099 1115/2/1115 1116/2/1116 1100/2/1100
f 1100/2/1100 1116/2/1116 1117/2/1117 1101/2/1101
f 1101/2/1101 1117/2/1117 1118/2/1118 1102/2/1102
f 1102/2/1102 1118/2/1118 1119/2/1119 1103/2/1103
f 1103/2/1103 1119/2/1119 1120/2/1120 1104/2/1104
f 1104/2/1104 1120/2/1120 1121/2/1121 1105/2/1105
f 1105/2/1105 1121/2/1121 1122/2/1122 1106/2/1106
f 1106/2/1106 1122/2/1122 1123/2/1123 1107/2/1107
f 1107/2/1107 1123/2/1123 1124/2/1124 1108/2/1108
f 1108/2/1108 1124/2/1124 1125/2/1125 1109/2/1109
f 1109/2/1109 1125/2/1125 1126/2/1126 1110/2/1110
f 1110/2/1110 1126/2/1126 1127/2/1127 1111/2/1111
f 1111/2/1111 1127/2/1127 1128/2/1128 1112/2/1112
f 1112/2/1112 1128/2/1128 1129/2/1129 1113/2/1113
f 1113/2/1113 1129/2/1129 1130/2/1130 1114/2/1114
f 1114/2/1114 1130/2/1130 1115/2/1115 1099/2/1099
f 1115/2/1115 1131/2/1131 1132/2/1132 1116/2/1116
f 1116/2/1116 1132/2/1132 1133/2/1133 1117/2/1117
f 1117/2/1117 1133/2/1133 1134/2/1134 1118/2/1118
f 1118/2/1118 1134/2/1134 1135/2/1135 1119/2/1119
f 1119/2/1119 1135/2/1135 1136/2/1136 1120/2/1120
f 1120/2/1120 1136/2/1136 1137/2/1137 1121/2/1121
f 1121/2/1121 1137/2/1137 1138/2/1138 1122/2/1122
f 1122/2/1122 1138/2/1138 1139/2/1139 1123/2/1123
f 1123/2/1123 1139/2/1139 1140/2/1140 1124/2/1124
f 1124/2/1124 1140/2/1140 1141/2/1141 1125/2/1125
f 1125/2/1125 1141/2/1141 1142/2/1142 1126/2/1126
f 1126/2/1126 1142/2/1142 1143/2/1143 1127/2/1127
f 1127/2/1127 1143/2/1143 1144/2/1144 1128/2/1128
f 1128/2/1128 1144/2/1144 1145/2/1145 1129/2/1129
f 1129/2/1129 1145/2/1145 1146/2/1146 1130/2/1130
f 1130/2/1130 1146/2/1146 1131/2/1131 1115/2/1115
f 1131/2/1131 1147/2/1147 1148/2/1148 1132/2/1132
f 1132/2/1132 1148/2/1148 1149/2/1149 1133/2/1133
f 1133/2/1133 1149/2/1149 1150/2/1150 1134/2/1134
f 1134/2/1134 1150/2/1150 1151/2/1151 1135/2/1135
f 1135/2/1135 1151/2/1151 1152/2/1152 1136/2/1136
f 1136/2/1136 1152/2/1152 1153/2/1153 1137/2/1137
f 1137/2/1137 1153/2/1153 1154/2/1154 1138/2/1138
f 1138/2/1138 1154/2/1154 1155/2/1155 1139/2/1139
f 1139/2/1139 1155/2/1155 1156/2/1156 1140/2/1140
f 1140/2/1140 1156/2/1156 1157/2/1157 1141/2/1141
f 1141/2/1141 1157/2/1157 1158/2/1158 1142/2/1142
f 1142/2/1142 1158/2/1158 1159/2/1159 1143/2/1143
f 1143/2/1143 1159/2/1159 1160/2/1160 1144/2/1144
f 1144/2/1144 1160/2/1160 1161/2/1161 1145/2/1145
f 1145/2/1145 1161/2/1161 1162/2/1162 1146/2/1146
f 1146/2/1146 1162/2/1162 1147/2/1147 1131/2/1131
f 1147/2/1147 1163/2/1163 1164/2/1164 1148/2/1148
f 1148/2/1148 1164/2/1164 1165/2/1165 1149/2/1149
f 1149/2/1149 1165/2/1165 1166/2/1166 1150/2/1150
f 1150/2/1150 1166/2/1166 1167/2/1167 1151/2/1151
f 1151/2/1151 1167/2/1167 1168/2/1168 1152/2/1152
f 1152/2/1152 1168/2/1168 1169/2/1169 1153/2/1153
f 1153/2/1153 1169/2/1169 1170/2/1170 1154/2/1154
f 1154/2/1154 1170/2/1170 1171/2/1171 1155/2/1155
f 1155/2/1155 1171/2/1171 1172/2/1172 1156/2/1156
f 1156/2/1156 1172/2/1172 1173/2/1173 1157/2/1157
f 1157/2/1157 1173/2/1173 1174/2/1174 1158/2/1158
f 1158/2/1158 1174/2/1174 1175/2/1175 1159/2/1159
f 1159/2/1159 1175/2/1175 1176/2/1176 1160/2/1160
f 1160/2/1160 1176/2/1176 1177/2/1177 1161/2/1161
f 1161/2/1161 1177/2/1177 1178/2/1178 1162/2/1162
f 1162/2/1162 1178/2/1178 1163/2/1163 1147/2/1147
f 1163/2/1163 1179/2/1179 1180/2/1180 1164/2/1164
f 1164/2/1164 1180/2/1180 1181/2/1181 1165/2/1165
f 1165/2/1165 1181/2/1181 1182/2/1182 1166/2/1166
f 1166/2/1166 1182/2/1182 1183/2/1183 1167/2/1167
f 1167/2/1167 1183/2/1183 1184/2/1184 1168/2/1168
f 1168/2/1168 1184/2/1184 1185/2/1185 1169/2/1169
f 1169/2/1169 1185/2/1185 1186/2/1186 1170/2/1170
f 1170/2/1170 1186/2/1186 1187/2/1187 1171/2/1171
f 1171/2/1171 1187/2/1187 1188/2/1188 1172/2/1172
f 1172/2/1172 1188/2/1188 1189/2/1189 1173/2/1173
f 1173/2/1173 1189/2/1189 1190/2/1190 1174/2/1174
f 1174/2/1174 1190/2/1190 1191/2/1191 1175/2/1175
f 1175/2/1175 1191/2/1191 1192/2/1192 1176/2/1176
f 1176/2/1176 1192/2/1192 1193/2/1193 1177/2/1177
f 1177/2/1177 1193/2/1193 1194/2/1194 1178/2/1178
f 1178/2/1178 1194/2/1194 1179/2/1179 1163/2/1163
f 1179/2/1179 1195/2/1195 1196/2/1196 1180/2/1180
f 1180/2/1180 1196/2/1196 1197/2/1197 1181/2/1181
f 1181/2/1181 1197/2/1197 1198/2/1198 1182/2/1182
f 1182/2/1182 1198/2/1198 1199/2/1199 1183/2/1183
f 1183/2/1183 1199/2/1199 1200/2/1200 1184/2/1184
f 1184/2/1184 1200/2/1200 1201/2/1201 1185/2/1185
f 1185/2/1185 1201/2/1201 1202/2/1202 1186/2/1186
f 1186/2/1186 1202/2/1202 1203/2/1203 1187/2/1187
f 1187/2/1187 1203/2/1203 1204/2/1204 1188/2/1188
f 1188/2/1188 1204/2/1204 1205/2/1205 1189/2/1189
f 1189/2/1189 1205/2/1205 1206/2/1206 1190/2/1190
f 1190/2/1190 1206/2/1206 1207/2/1207 1191/2/1191
f 1191/2/1191 1207/2/1207 1208/2/1208 1192/2/1192
f 1192/2/1192 1208/2/1208 1209/2/1209 1193/2/1193
f 1193/2/1193 1209/2/1209 1210/2/1210 1194/2/1194
f 1194/2/1194 1210/2/1210 1195/2/1195 1179/2/1179
f 1195/2/1195 1211/2/1211 1212/2/1212 1196/2/1196
f 1196/2/1196 1212/2/1212 1213/2/1213 1197/2/1197
f 1197/2/1197 1213/2/1213 1214/2/1214 1198/2/1198
f 1198/2/1198 1214/2/1214 1215/2/1215 1199/2/1199
f 1199/2/1199 1215/2/1215 1216/2/1216 1200/2/1200
f 1200/2/1200 1216/2/1216 1217/2/1217 1201/2/1201
f 1201/2/1201 1217/2/1217 1218/2/1218 1202/2/1202
f 1202/2/1202 1218/2/1218 1219/2/1219 1203/2/1203
f 1203/2/1203 1219/2/1219 1220/2/1220 1204/2/1204
f 1204/2/1204 1220/2/1220 1221/2/1221 1205/2/1205
f 1205/2/1205 1221/2/1221 1222/2/1222 1206/2/1206
f 1206/2/1206 1222/2/1222 1223/2/1223 1207/2/1207
f 1207/2/1207 1223/2/1223 1224/2/1224 1208/2/1208
f 1208/2/1208 1224/2/1224 1225/2/1225 1209/2/1209
f 1209/2/1209 1225/2/1225 1226/2/1226 1210/2/1210
f 1210/2/1210 1226/2/1226 1211/2/1211 1195/2/1195
f 1211/2/1211 1227/2/1227 1228/2/1228 1212/2/1212
f 1212/2/1212 1228/2/1228 1229/2/1229 1213/2/1213
f 1213/2/1213 1229/2/1229 1230/2/1230 1214/2/1214
f 1214/2/1214 1230/2/1230 1231/2/1231 1215/2/1215
f 1215/2/1215 1231/2/1231 1232/2/1232 1216/2/1216
f 1216/2/1216 1232/2/1232 1233/2/1233 1217/2/1217
f 1217/2/1217 1233/2/1233 1234/2/1234 1218/2/1218
f 1218/2/1218 1234/2/1234 1235/2/1235 1219/2/1219
f 1219/2/1219 1235/2/1235 1236/2/1236 1220/2/1220
f 1220/2/1220 1236/2/1236 1237/2/1237 1221/2/1221
f 1221/2/1221 1237/2/1237 1238/2/1238 1222/2/1222
f 1222/2/1222 1238/2/1238 1239/2/1239 1223/2/1223
f 1223/2/1223 1239/2/1239 1240/2/1240 1224/2/1224
f 1224/2/1224 1240/2/1240 1241/2/1241 1225/2/1225
f 1225/2/1225 1241/2/1241 1242/2/1242 1226/2/1226
f 1226/2/1226 1242/2/1242 1227/2/1227 1211/2/1211
f 1227/2/1227 1243/2/1243 1244/2/1244 1228/2/1228
f 1228/2/1228 1244/2/1244 1245/2/1245 1229/2/1229
f 1229/2/1229 1245/2/1245 1246/2/1246 1230/2/1230
f 1230/2/1230 1246/2/1246 1247/2/1247 1231/2/1231
f 1231/2/1231 1247/2/1247 1248/2/1248 1232/2/1232
f 1232/2/1232 1248/2/1248 1249/2/1249 1233/2/1233
f 1233/2/1233 1249/2/1249 1250/2/1250 1234/2/1234
f 1234/2/1234 1250/2/1250 1251/2/1251 1235/2/1235
f 1235/2/1235 1251/2/1251 1252/2/1252 1236/2/1236
f 1236/2/1236 1252/2/1252 1253/2/1253 1237/2/1237
f 1237/2/1237 1253/2/1253 1254/2/1254 1238/2/1238
f 1238/2/1238 1254/2/1254 1255/2/1255 1239/2/1239
f 1239/2/1239 1255/2/1255 1256/2/1256 1240/2/1240
f 1240/2/1240 1256/2/1256 1257/2/1257 1241/2/1241
f 1241/2/1241 1257/2/1257 1258/2/1258 1242/2/1242
f 1242/2/1242 1258/2/1258 1243/2/1243 1227/2/1227
f 1243/2/1243 1259/2/1259 1260/2/1260 1244/2/1244
f 1244/2/1244 1260/2/1260 1261/2/1261 1245/2/1245
f 1245/2/1245 1261/2/1261 1262/2/1262 1246/2/1246
f 1246/2/1246 1262/2/1262 1263/2/1263 1247/2/1247
f 1247/2/1247 1263/2/1263 1264/2/1264 1248/2/1248
f 1248/2/1248 1264/2/1264 1265/2/1265 1249/2/1249
f 1249/2/1249 1265/2/1265 1266/2/1266 1250/2/1250
f 1250/2/1250 1266/2/1266 1267/2/1267 1251/2/1251
f 1251/2/1251 1267/2/1267 1268/2/1268 1252/2/1252
f 1252/2/1252 1268/2/1268 1269/2/1269 1253/2/1253
f 1253/2/1253 1269/2/1269 1270/2/1270 1254/2/1254
f 1254/2/1254 1270/2/1270 1271/2/1271 1255/2/1255
f 1255/2/1255 1271/2/1271 1272/2/1272 1256/2/1256
f 1256/2/1256 1272/2/1272 1273/2/1273 1257/2/1257
f 1257/2/1257 1273/2/1273 1274/2/1274 1258/2/1258
f 1258/2/1258 1274/2/1274 1259/2/1259 1243/2/1243
f 1259/2/1259 1275/2/1275 1276/2/1276 1260/2/1260
f 1260/2/1260 1276/2/1276 1277/2/1277 1261/2/1261
f 1261/2/1261 1277/2/1277 1278/2/1278 1262/2/1262
f 1262/2/1262 1278/2/1278 1279/2/1279 1263/2/1263
f 1263/2/1263 1279/2/1279 1280/2/1280 1264/2/1264
f 1264/2/1264 1280/2/1280 1281/2/1281 1265/2/1265
f 1265/2/1265 1281/2/1281 1282/2/1282 1266/2/1266
f 1266/2/1266 1282/2/1282 1283/2/1283 1267/2/1267
f 1267/2/1267 1283/2/1283 1284/2/1284 1268/2/1268
f 1268/2/1268 1284/2/1284 1285/2/1285 1269/2/1269
f 1269/2/1269 1285/2/1285 1286/2/1286 1270/2/1270
f 1270/2/1270 1286/2/1286 1287/2/1287 1271/2/1271
f 1271/2/1271 1287/2/1287 1288/2/1288 1272/2/1272
f 1272/2/1272 1288/2/1288 1289/2/1289 1273/2/1273
f 1273/2/1273 1289/2/1289 1290/2/1290 1274/2/1274
f 1274/2/1274 1290/2/1290 1275/2/1275 1259/2/1259
f 1275/2/1275 1291/2/1291 1292/2/1292 1276/2/1276
f 1276/2/1276 1292/2/1292 1293/2/1293 1277/2/1277
f 1277/2/1277 1293/2/1293 1294/2/1294 1278/2/1278
f 1278/2/1278 1294/2/1294 1295/2/1295 1279/2/1279
f 1279/2/1279 1295/2/1295 1296/2/1296 1280/2/1280
f 1280/2/1280 1296/2/1296 1297/2/1297 1281/2/1281
f 1281/2/1281 1297/2/1297 1298/2/1298 1282/2/1282
f 1282/2/1282 1298/2/1298 1299/2/1299 1283/2/1283
f 1283/2/1283 1299/2/1299 1300/2/1300 1284/2/1284
f 1284/2/1284 1300/2/1300 1301/2/1301 1285/2/1285
f 1285/2/1285 1301/2/1301 1302/2/1302 1286/2/1286
f 1286/2/1286 1302/2/1302 1303/2/1303 1287/2/1287
f 1287/2/1287 1303/2/1303 1304/2/1304 1288/2/1288
f 1288/2/1288 1304/2/1304 1305/2/1305 1289/2/1289
f 1289/2/1289 1305/2/1305 1306/2/1306 1290/2/1290
f 1290/2/1290 1306/2/1306 1291/2/1291 1275/2/1275
f 1291/2/1291 1307/2/1307 1308/2/1308 1292/2/1292
f 1292/2/1292 1308/2/1308 1309/2/1309 1293/2/1293
f 1293/2/1293 1309/2/1309 1310/2/1310 1294/2/1294
f 1294/2/1294 1310/2/1310 1311/2/1311 1295/2/1295
f 1295/2/1295 1311/2/1311 1312/2/1312 1296/2/1296
f 1296/2/1296 1312/2/1312 1313/2/1313 1297/2/1297
f 1297/2/1297 1313/2/1313 1314/2/1314 1298/2/1298
f 1298/2/1298 1314/2/1314 1315/2/1315 1299/2/1299
f 1299/2/1299 1315/2/1315 1316/2/1316 1300/2/1300
f 1300/2/1300 1316/2/1316 1317/2/1317 1301/2/1301
f 1301/2/1301 1317/2/1317 1318/2/1318 1302/2/1302
f 1302/2/1302 1318/2/1318 1319/2/1319 1303/2/1303
f 1303/2/1303 1319/2/1319 1320/2/1320 1304/2/1304
f 1304/2/1304 1320/2/1320 1321/2/1321 1305/2/1305
f 1305/2/1305 1321/2/1321 1322/2/1322 1306/2/1306
f 1306/2/1306 1322/2/1322 1307/2/1307 1291/2/1291
f 1307/2/1307 1323/2/1323 1324/2/1324 1308/2/1308
f 1308/2/1308 1324/2/1324 1325/2/1325 1309/2/1309
f 1309/2/1309 1325/2/1325 1326/2/1326 1310/2/1310
f 1310/2/1310 1326/2/1326 1327/2/1327 1311/2/1311
f 1311/2/1311 1327/2/1327 1328/2/1328 1312/2/1312
f 1312/2/1312 1328/2/1328 1329/2/1329 1313/2/1313
f 1313/2/1313 1329/2/1329 1330/2/1330 1314/2/1314
f 1314/2/1314 1330/2/1330 1331/2/1331 1315/2/1315
f 1315/2/1315 1331/2/1331 1332/2/1332 1316/2/1316
f 1316/2/1316 1332/2/1332 1333/2/1333 1317/2/1317
f 1317/2/1317 1333/2/1333 1334/2/1334 1318/2/1318
f 1318/2/1318 1334/2/1334 1335/2/1335 1319/2/1319
f 1319/2/1319 1335/2/1335 1336/2/1336 1320/2/1320
f 1320/2/1320 1336/2/1336 1337/2/1337 1321/2/1321
f 1321/2/1321 1337/2/1337 1338/2/1338 1322/2/1322
f 1322/2/1322 1338/2/1338 1323/2/1323 1307/2/1307
f 1323/2/1323 1339/2/1339 1340/2/1340 1324/2/1324
f 1324/2/1324 1340/2/1340 1341/2/1341 1325/2/1325
f 1325/2/1325 1341/2/1341 1342/2/1342 1326/2/1326
f 1326/2/1326 1342/2/1342 1343/2/1343 1327/2/1327
f 1327/2/1327 1343/2/1343 1344/2/1344 1328/2/1328
f 1328/2/1328 1344/2/1344 1345/2/1345 1329/2/1329
f 1329/2/1329 1345/2/1345 1346/2/1346 1330/2/1330
f 1330/2/1330 1346/2/1346 1347/2/1347 1331/2/1331
f 1331/2/1331 1347/2/1347 1348/2/1348 1332/2/1332
f 1332/2/1332 1348/2/1348 1349/2/1349 1333/2/1333
f 1333/2/1333 1349/2/1349 1350/2/1350 1334/2/1334
f 1334/2/1334 1350/2/1350 1351/2/1351 1335/2/1335
f 1335/2/1335 1351/2/1351 1352/2/1352 1336/2/1336
f 1336/2/1336 1352/2/1352 1353/2/1353 1337/2/1337
f 1337/2/1337 1353/2/1353 1354/2/1354 1338/2/1338
f 1338/2/1338 1354/2/1354 1339/2/1339 1323/2/1323
f 1339/2/1339 1355/2/1355 1356/2/1356 1340/2/1340
f 1340/2/1340 1356/2/1356 1357/2/1357 1341/2/1341
f 1341/2/1341 1357/2/1357 1358/2/1358 1342/2/1342
f 1342/2/1342 1358/2/1358 1359/2/1359 1343/2/1343
f 1343/2/1343 1359/2/1359 1360/2/1360 1344/2/1344
f 1344/2/1344 1360/2/1360 1361/2/1361 1345/2/1345
f 1345/2/1345 1361/2/1361 1362/2/1362 1346/2/1346
f 1346/2/1346 1362/2/1362 1363/2/1363 1347/2/1347
f 1347/2/1347 1363/2/1363 1364/2/1364 1348/2/1348
f 1348/2/1348 1364/2/1364 1365/2/1365 1349/2/1349
f 1349/2/1349 1365/2/1365 1366/2/1366 1350/2/1350
f 1350/2/1350 1366/2/1366 1367/2/1367 1351/2/1351
f 1351/2/1351 1367/2/1367 1368/2/1368 1352/2/1352
f 1352/2/1352 1368/2/1368 1369/2/1369 1353/2/1353
f 1353/2/1353 1369/2/1369 1370/2/1370 1354/2/1354
f 1354/2/1354 1370/2/1370 1355/2/1355 1339/2/1339
f 1355/2/1355 1371/2/1371 1372/2/1372 1356/2/1356
f 1356/2/1356 1372/2/1372 1373/2/1373 1357/2/1357
f 1357/2/1357 1373/2/1373 1374/2/1374 1358/2/1358
f 1358/2/1358 1374/2/1374 1375/2/1375 1359/2/1359
f 1359/2/1359 1375/2/1375 1376/2/1376 1360/2/1360
f 1360/2/1360 1376/2/1376 1377/2/1377 1361/2/1361
f 1361/2/1361 1377/2/1377 1378/2/1378 1362/2/1362
f 1362/2/1362 1378/2/1378 1379/2/1379 1363/2/1363
f 1363/2/1363 1379/2/1379 1380/2/1380 1364/2/1364
f 1364/2/1364 1380/2/1380 1381/2/1381 1365/2/1365
f 1365/2/1365 1381/2/1381 1382/2/1382 1366/2/1366
f 1366/2/1366 1382/2/1382 1383/2/1383 1367/2/1367
f 1367/2/1367 1383/2/1383 1384/2/1384 1368/2/1368
f 1368/2/1368 1384/2/1384 1385/2/1385 1369/2/1369
f 1369/2/1369 1385/2/1385 1386/2/1386 1370/2/1370
f 1370/2/1370 1386/2/1386 1371/2/1371 1355/2/1355
f 1371/2/1371 411/2/411 412/2/412 1372/2/1372
f 1372/2/1372 412/2/412 413/2/413 1373/2/1373
f 1373/2/1373 413/2/413 414/2/414 1374/2/1374
f 1374/2/1374 414/2/414 415/2/415 1375/2/1375
f 1375/2/1375 415/2/415 416/2/416 1376/2/1376
f 1376/2/1376 416/2/416 417/2/417 1377/2/1377
f 1377/2/1377 417/2/417 418/2/418 1378/2/1378
f 1378/2/1378 418/2/418 419/2/419 1379/2/1379
f 1379/2/1379 419/2/419 420/2/420 1380/2/1380
f 1380/2/1380 420/2/420 421/2/421 1381/2/1381
f 1381/2/1381 421/2/421 422/2/422 1382/2/1382
f 1382/2/1382 422/2/422 423/2/423 1383/2/1383
f 1383/2/1383 423/2/423 424/2/424 1384/2/1384
f 1384/2/1384 424/2/424 425/2/425 1385/2/1385
f 1385/2/1385 425/2/425 426/2/426 1386/2/1386
f 1386/2/1386 426/2/426 411/2/411 1371/2/1371
f 1387/3/1387 1403/3/1403 1404/3/1404 1388/3/1388
f 1388/3/1388 1404/3/1404 1405/3/1405 1389/3/1389
f 1389/3/1389 1405/3/1405 1406/3/1406 1390/3/1390
f 1390/3/1390 1406/3/1406 1407/3/1407 1391/3/1391
f 1391/3/1391 1407/3/1407 1408/3/1408 1392/3/1392
f 1392/3/1392 1408/3/1408 1409/3/1409 1393/3/1393
f 1393/3/1393 1409/3/1409 1410/3/1410 1394/3/1394
f 1394/3/1394 1410/3/1410 1411/3/1411 1395/3/1395
f 1395/3/1395 1411/3/1411 1412/3/1412 1396/3/1396
f 1396/3/1396 1412/3/1412 1413/3/1413 1397/3/1397
f 1397/3/1397 1413/3/1413 1414/3/1414 1398/3/1398
f 1398/3/1398 1414/3/1414 1415/3/1415 1399/3/1399
f 1399/3/1399 1415/3/1415 1416/3/1416 1400/3/1400
f 1400/3/1400 1416/3/1416 1417/3/1417 1401/3/1401
f 1401/3/1401 1417/3/1417 1418/3/1418 1402/3/1402
f 1402/3/1402 1418/3/1418 1403/3/1403 1387/3/1387
f 1403/3/1403 1419/3/1419 1420/3/1420 1404/3/1404
f 1404/3/1404 1420/3/1420 1421/3/1421 1405/3/1405
f 1405/3/1405 1421/3/1421 1422/3/1422 1406/3/1406
f 1406/3/1406 1422/3/1422 1423/3/1423 1407/3/1407
f 1407/3/1407 1423/3/1423 1424/3/1424 1408/3/1408
f 1408/3/1408 1424/3/1424 1425/3/1425 1409/3/1409
f 1409/3/1409 1425/3/1425 1426/3/1426 1410/3/1410
f 1410/3/1410 1426/3/1426 1427/3/1427 1411/3/1411
f 1411/3/1411 1427/3/1427 1428/3/1428 1412/3/1412
f 1412/3/1412 1428/3/1428 1429/3/1429 1413/3/1413
f 1413/3/1413 1429/3/1429 1430/3/1430 1414/3/1414
f 1414/3/1414 1430/3/1430 1431/3/1431 1415/3/1415
f 1415/3/1415 1431/3/1431 1432/3/1432 1416/3/1416
f 1416/3/1416 1432/3/1432 1433/3/1433 1417/3/1417
f 1417/3/1417 1433/3/1433 1434/3/1434 1418/3/1418
f 1418/3/1418 1434/3/1434 1419/3/1419 1403/3/1403
f 1419/3/1419 1435/3/1435 1436/3/1436 1420/3/1420
f 1420/3/1420 1436/3/1436 1437/3/1437 1421/3/1421
f 1421/3/1421 1437/3/1437 1438/3/1438 1422/3/1422
f 1422/3/1422 1438/3/1438 1439/3/1439 1423/3/1423
f 1423/3/1423 1439/3/1439 1440/3/1440 1424/3/1424
f 1424/3/1424 1440/3/1440 1441/3/1441 1425/3/1425
f 1425/3/1425 1441/3/1441 1442/3/1442 1426/3/1426
f 1426/3/1426 1442/3/1442 1443/3/1443 1427/3/1427
f 1427/3/1427 1443/3/1443 1444/3/1444 1428/3/1428
f 1428/3/1428 1444/3/1444 1445/3/1445 1429/3/1429
f 1429/3/1429 1445/3/1445 1446/3/1446 1430/3/1430
f 1430/3/1430 1446/3/1446 1447/3/1447 1431/3/1431
f 1431/3/1431 1447/3/1447 1448/3/1448 1432/3/1432
f 1432/3/1432 1448/3/1448 1449/3/1449 1433/3/1433
f 1433/3/1433 1449/3/1449 1450/3/1450 1434/3/1434
f 1434/3/1434 1450/3/1450 1435/3/1435 1419/3/1419
f 1435/3/1435 1451/3/1451 1452/3/1452 1436/3/1436
f 1436/3/1436 1452/3/1452 1453/3/1453 1437/3/1437
f 1437/3/1437 1453/3/1453 1454/3/1454 1438/3/1438
f 1438/3/1438 1454/3/1454 1455/3/1455 1439/3/1439
f 1439/3/1439 1455/3/1455 1456/3/1456 1440/3/1440
f 1440/3/1440 1456/3/1456 1457/3/1457 1441/3/1441
f 1441/3/1441 1457/3/1457 1458/3/1458 1442/3/1442
f 1442/3/1442 1458/3/1458 1459/3/1459 1443/3/1443
f 1443/3/1443 1459/3/1459 1460/3/1460 1444/3/1444
f 1444/3/1444 1460/3/1460 1461/3/1461 1445/3/1445
f 1445/3/1445 1461/3/1461 1462/3/1462 1446/3/1446
f 1446/3/1446 1462/3/1462 1463/3/1463 1447/3/1447
f 1447/3/1447 1463/3/1463 1464/3/1464 1448/3/1448
f 1448/3/1448 1464/3/1464 1465/3/1465 1449/3/1449
f 1449/3/1449 1465/3/1465 1466/3/1466 1450/3/1450
f 1450/3/1450 1466/3/1466 1451/3/1451 1435/3/1435
f 1451/3/1451 1467/3/1467 1468/3/1468 1452/3/1452
f 1452/3/1452 1468/3/1468 1469/3/1469 1453/3/1453
f 1453/3/1453 1469/3/1469 1470/3/1470 1454/3/1454
f 1454/3/1454 1470/3/1470 1471/3/1471 1455/3/1455
f 1455/3/1455 1471/3/1471 1472/3/1472 1456/3/1456
f 1456/3/1456 1472/3/1472 1473/3/1473 1457/3/1457
f 1457/3/1457 1473/3/1473 1474/3/1474 1458/3/1458
f 1458/3/1458 1474/3/1474 1475/3/1475 1459/3/1459
f 1459/3/1459 1475/3/1475 1476/3/1476 1460/3/1460
f 1460/3/1460 1476/3/1476 1477/3/1477 1461/3/1461
f 1461/3/1461 1477/3/1477 1478/3/1478 1462/3/1462
f 1462/3/1462 1478/3/1478 1479/3/1479 1463/3/1463
f 1463/3/1463 1479/3/1479 1480/3/1480 1464/3/1464
f 1464/3/1464 1480/3/1480 1481/3/1481 1465/3/1465
f 1465/3/1465 1481/3/1481 1482/3/1482 1466/3/1466
f 1466/3/1466 1482/3/1482 1467/3/1467 1451/3/1451
f 1467/3/1467 1483/3/1483 1484/3/1484 1468/3/1468
f 1468/3/1468 1484/3/1484 1485/3/1485 1469/3/1469
f 1469/3/1469 1485/3/1485 1486/3/1486 1470/3/1470
f 1470/3/1470 1486/3/1486 1487/3/1487 1471/3/1471
f 1471/3/1471 1487/3/1487 1488/3/1488 1472/3/1472
f 1472/3/1472 1488/3/1488 1489/3/1489 1473/3/1473
f 1473/3/1473 1489/3/1489 1490/3/1490 1474/3/1474
f 1474/3/1474 1490/3/1490 1491/3/1491 1475/3/1475
f 1475/3/1475 1491/3/1491 1492/3/1492 1476/3/1476
f 1476/3/1476 1492/3/1492 1493/3/1493 1477/3/1477
f 1477/3/1477 1493/3/1493 1494/3/1494 1478/3/1478
f 1478/3/1478 1494/3/1494 1495/3/1495 1479/3/1479
f 1479/3/1479 1495/3/1495 1496/3/1496 1480/3/1480
f 1480/3/1480 1496/3/1496 1497/3/1497 1481/3/1481
f 1481/3/1481 1497/3/1497 1498/3/1498 1482/3/1482
f 1482/3/1482 1498/3/1498 1483/3/1483 1467/3/1467
f 1483/3/1483 1499/3/1499 1500/3/1500 1484/3/1484
f 1484/3/1484 1500/3/1500 1501/3/1501 1485/3/1485
f 1485/3/1485 1501/3/1501 1502/3/1502 1486/3/1486
f 1486/3/1486 1502/3/1502 1503/3/1503 1487/3/1487
f 1487/3/1487 1503/3/1503 1504/3/1504 1488/3/1488
f 1488/3/1488 1504/3/1504 1505/3/1505 1489/3/1489
f 1489/3/1489 1505/3/1505 1506/3/1506 1490/3/1490
f 1490/3/1490 1506/3/1506 1507/3/1507 1491/3/1491
f 1491/3/1491 1507/3/1507 1508/3/1508 1492/3/1492
f 1492/3/1492 1508/3/1508 1509/3/1509 1493/3/1493
f 1493/3/1493 1509/3/1509 1510/3/1510 1494/3/1494
f 1494/3/1494 1510/3/1510 1511/3/1511 1495/3/1495
f 1495/3/1495 1511/3/1511 1512/3/1512 1496/3/1496
f 1496/3/1496 1512/3/1512 1513/3/1513 1497/3/1497
f 1497/3/1497 1513/3/1513 1514/3/1514 1498/3/1498
f 1498/3/1498 1514/3/1514 1499/3/1499 1483/3/1483
f 1499/3/1499 1515/3/1515 1516/3/1516 1500/3/1500
f 1500/3/1500 1516/3/1516 1517/3/1517 1501/3/1501
f 1501/3/1501 1517/3/1517 1518/3/1518 1502/3/1502
f 1502/3/1502 1518/3/1518 1519/3/1519 1503/3/1503
f 1503/3/1503 1519/3/1519 1520/3/1520 1504/3/1504
f 1504/3/1504 1520/3/1520 1521/3/1521 1505/3/1505
f 1505/3/1505 1521/3/1521 1522/3/1522 1506/3/1506
f 1506/3/1506 1522/3/1522 1523/3/1523 1507/3/1507
f 1507/3/1507 1523/3/1523 1524/3/1524 1508/3/1508
f 1508/3/1508 1524/3/1524 1525/3/1525 1509/3/1509
f 1509/3/1509 1525/3/1525 1526/3/1526 1510/3/1510
f 1510/3/1510 1526/3/1526 1527/3/1527 1511/3/1511
f 1511/3/1511 1527/3/1527 1528/3/1528 1512/3/1512
f 1512/3/1512 1528/3/1528 1529/3/1529 1513/3/1513
f 1513/3/1513 1529/3/1529 1530/3/1530 1514/3/1514
f 1514/3/1514 1530/3/1530 1515/3/1515 1499/3/1499
f 1515/3/1515 1531/3/1531 1532/3/1532 1516/3/1516
f 1516/3/1516 1532/3/1532 1533/3/1533 1517/3/1517
f 1517/3/1517 1533/3/1533 1534/3/1534 1518/3/1518
f 1518/3/1518 1534/3/1534 1535/3/1535 1519/3/1519
f 1519/3/1519 1535/3/1535 1536/3/1536 1520/3/1520
f 1520/3/1520 1536/3/1536 1537/3/1537 1521/3/1521
f 1521/3/1521 1537/3/1537 1538/3/1538 1522/3/1522
f 1522/3/1522 1538/3/1538 1539/3/1539 1523/3/1523
f 1523/3/1523 1539/3/1539 1540/3/1540 1524/3/1524
f 1524/3/1524 1540/3/1540 1541/3/1541 1525/3/1525
f 1525/3/1525 1541/3/1541 1542/3/1542 1526/3/1526
f 1526/3/1526 1542/3/1542 1543/3/1543 1527/3/1527
f 1527/3/1527 1543/3/1543 1544/3/1544 1528/3/1528
f 1528/3/1528 1544/3/1544 1545/3/1545 1529/3/1529
f 1529/3/1529 1545/3/1545 1546/3/1546 1530/3/1530
f 1530/3/1530 1546/3/1546 1531/3/1531 1515/3/1515
f 1531/3/1531 1547/3/1547 1548/3/1548 1532/3/1532
f 1532/3/1532 1548/3/1548 1549/3/1549 1533/3/1533
f 1533/3/1533 1549/3/1549 1550/3/1550 1534/3/1534
f 1534/3/1534 1550/3/1550 1551/3/1551 1535/3/1535
f 1535/3/1535 1551/3/1551 1552/3/1552 1536/3/1536
f 1536/3/1536 1552/3/1552 1553/3/1553 1537/3/1537
f 1537/3/1537 1553/3/1553 1554/3/1554 1538/3/1538
f 1538/3/1538 1554/3/1554 1555/3/1555 1539/3/1539
f 1539/3/1539 1555/3/1555 1556/3/1556 1540/3/1540
f 1540/3/1540 1556/3/1556 1557/3/1557 1541/3/1541
f 1541/3/1541 1557/3/1557 1558/3/1558 1542/3/1542
f 1542/3/1542 1558/3/1558 1559/3/1559 1543/3/1543
f 1543/3/1543 1559/3/1559 1560/3/1560 1544/3/1544
f 1544/3/1544 1560/3/1560 1561/3/1561 1545/3/1545
f 1545/3/1545 1561/3/1561 1562/3/1562 1546/3/1546
f 1546/3/1546 1562/3/1562 1547/3/1547 1531/3/1531
f 1547/3/1547 1563/3/1563 1564/3/1564 1548/3/1548
f 1548/3/1548 1564/3/1564 1565/3/1565 1549/3/1549
f 1549/3/1549 1565/3/1565 1566/3/1566 1550/3/1550
f 1550/3/1550 1566/3/1566 1567/3/1567 1551/3/1551
f 1551/3/1551 1567/3/1567 1568/3/1568 1552/3/1552
f 1552/3/1552 1568/3/1568 1569/3/1569 1553/3/1553
f 1553/3/1553 1569/3/1569 1570/3/1570 1554/3/1554
f 1554/3/1554 1570/3/1570 1571/3/1571 1555/3/1555
f 1555/3/1555 1571/3/1571 1572/3/1572 1556/3/1556
f 1556/3/1556 1572/3/1572 1573/3/1573 1557/3/1557
f 1557/3/1557 1573/3/1573 1574/3/1574 1558/3/1558
f 1558/3/1558 1574/3/1574 1575/3/1575 1559/3/1559
f 1559/3/1559 1575/3/1575 1576/3/1576 1560/3/1560
f 1560/3/1560 1576/3/1576 1577/3/1577 1561/3/1561
f 1561/3/1561 1577/3/1577 1578/3/1578 1562/3/1562
f 1562/3/1562 1578/3/1578 1563/3/1563 1547/3/1547
f 1563/3/1563 1579/3/1579 1580/3/1580 1564/3/1564
f 1564/3/1564 1580/3/1580 1581/3/1581 1565/3/1565
f 1565/3/1565 1581/3/1581 1582/3/1582 1566/3/1566
f 1566/3/1566 1582/3/1582 1583/3/1583 1567/3/1567
f 1567/3/1567 1583/3/1583 1584/3/1584 1568/3/1568
f 1568/3/1568 1584/3/1584 1585/3/1585 1569/3/1569
f 1569/3/1569 1585/3/1585 1586/3/1586 1570/3/1570
f 1570/3/1570 1586/3/1586 1587/3/1587 1571/3/1571
f 1571/3/1571 1587/3/1587 1588/3/1588 1572/3/1572
f 1572/3/1572 1588/3/1588 1589/3/1589 1573/3/1573
f 1573/3/1573 1589/3/1589 1590/3/1590 1574/3/1574
f 1574/3/1574 1590/3/1590 1591/3/1591 1575/3/1575
f 1575/3/1575 1591/3/1591 1592/3/1592 1576/3/1576
f 1576/3/1576 1592/3/1592 1593/3/1593 1577/3/1577
f 1577/3/1577 1593/3/1593 1594/3/1594 1578/3/1578
f 1578/3/1578 1594/3/1594 1579/3/1579 1563/3/1563
f 1579/3/1579 1595/3/1595 1596/3/1596 1580/3/1580
f 1580/3/1580 1596/3/1596 1597/3/1597 1581/3/1581
f 1581/3/1581 1597/3/1597 1598/3/1598 1582/3/1582
f 1582/3/1582 1598/3/1598 1599/3/1599 1583/3/1583
f 1583/3/1583 1599/3/1599 1600/3/1600 1584/3/1584
f 1584/3/1584 1600/3/1600 1601/3/1601 1585/3/1585
f 1585/3/1585 1601/3/1601 1602/3/1602 1586/3/1586
f 1586/3/1586 1602/3/1602 1603/3/1603 1587/3/1587
f 1587/3/1587 1603/3/1603 1604/3/1604 1588/3/1588
f 1588/3/1588 1604/3/1604 1605/3/1605 1589/3/1589
f 1589/3/1589 1605/3/1605 1606/3/1606 1590/3/1590
f 1590/3/1590 1606/3/1606 1607/3/1607 1591/3/1591
f 1591/3/1591 1607/3/1607 1608/3/1608 1592/3/1592
f 1592/3/1592 1608/3/1608 1609/3/1609 1593/3/1593
f 1593/3/1593 1609/3/1609 1610/3/1610 1594/3/1594
f 1594/3/1594 1610/3/1610 1595/3/1595 1579/3/1579
f 1595/3/1595 1611/3/1611 1612/3/1612 1596/3/1596
f 1596/3/1596 1612/3/1612 1613/3/1613 1597/3/1597
f 1597/3/1597 1613/3/1613 1614/3/1614 1598/3/1598
f 1598/3/1598 1614/3/1614 1615/3/1615 1599/3/1599
f 1599/3/1599 1615/3/1615 1616/3/1616 1600/3/1600
f 1600/3/1600 1616/3/1616 1617/3/1617 1601/3/1601
f 1601/3/1601 1617/3/1617 1618/3/1618 1602/3/1602
f 1602/3/1602 1618/3/1618 1619/3/1619 1603/3/1603
f 1603/3/1603 1619/3/1619 1620/3/1620 1604/3/1604
f 1604/3/1604 1620/3/1620 1621/3/1621 1605/3/1605
f 1605/3/1605 1621/3/1621 1622/3/1622 1606/3/1606
f 1606/3/1606 1622/3/1622 1623/3/1623 1607/3/1607
f 1607/3/1607 1623/3/1623 1624/3/1624 1608/3/1608
f 1608/3/1608 1624/3/1624 1625/3/1625 1609/3/1609
f 1609/3/1609 1625/3/1625 1626/3/1626 1610/3/1610
f 1610/3/1610 1626/3/1626 1611/3/1611 1595/3/1595
f 1611/3/1611 1627/3/1627 1628/3/1628 1612/3/1612
f 1612/3/1612 1628/3/1628 1629/3/1629 1613/3/1613
f 1613/3/1613 1629/3/1629 1630/3/1630 1614/3/1614
f 1614/3/1614 1630/3/1630 1631/3/1631 1615/3/1615
f 1615/3/1615 1631/3/1631 1632/3/1632 1616/3/1616
f 1616/3/1616 1632/3/1632 1633/3/1633 1617/3/1617
f 1617/3/1617 1633/3/1633 1634/3/1634 1618/3/1618
f 1618/3/1618 1634/3/1634 1635/3/1635 1619/3/1619
f 1619/3/1619 1635/3/1635 1636/3/1636 1620/3/1620
f 1620/3/1620 1636/3/1636 1637/3/1637 1621/3/1621
f 1621/3/1621 1637/3/1637 1638/3/1638 1622/3/1622
f 1622/3/1622 1638/3/1638 1639/3/1639 1623/3/1623
f 1623/3/1623 1639/3/1639 1640/3/1640 1624/3/1624
f 1624/3/1624 1640/3/1640 1641/3/1641 1625/3/1625
f 1625/3/1625 1641/3/1641 1642/3/1642 1626/3/1626
f 1626/3/1626 1642/3/1642 1627/3/1627 1611/3/1611
f 1627/3/1627 1643/3/1643 1644/3/1644 1628/3/1628
f 1628/3/1628 1644/3/1644 1645/3/1645 1629/3/1629
f 1629/3/1629 1645/3/1645 1646/3/1646 1630/3/1630
f 1630/3/1630 1646/3/1646 1647/3/1647 1631/3/1631
f 1631/3/1631 1647/3/1647 1648/3/1648 1632/3/1632
f 1632/3/1632 1648/3/1648 1649/3/1649 1633/3/1633
f 1633/3/1633 1649/3/1649 1650/3/1650 1634/3/1634
f 1634/3/1634 1650/3/1650 1651/3/1651 1635/3/1635
f 1635/3/1635 1651/3/1651 1652/3/1652 1636/3/1636
f 1636/3/1636 1652/3/1652 1653/3/1653 1637/3/1637
f 1637/3/1637 1653/3/1653 1654/3/1654 1638/3/1638
f 1638/3/1638 1654/3/1654 1655/3/1655 1639/3/1639
f 1639/3/1639 1655/3/1655 1656/3/1656 1640/3/1640
f 1640/3/1640 1656/3/1656 1657/3/1657 1641/3/1641
f 1641/3/1641 1657/3/1657 1658/3/1658 1642/3/1642
f 1642/3/1642 1658/3/1658 1643/3/1643 1627/3/1627
f 1643/3/1643 1659/3/1659 1660/3/1660 1644/3/1644
f 1644/3/1644 1660/3/1660 1661/3/1661 1645/3/1645
f 1645/3/1645 1661/3/1661 1662/3/1662 1646/3/1646
f 1646/3/1646 1662/3/1662 1663/3/1663 1647/3/1647
f 1647/3/1647 1663/3/1663 1664/3/1664 1648/3/1648
f 1648/3/1648 1664/3/1664 1665/3/1665 1649/3/1649
f 1649/3/1649 1665/3/1665 1666/3/1666 1650/3/1650
f 1650/3/1650 1666/3/1666 1667/3/1667 1651/3/1651
f 1651/3/1651 1667/3/1667 1668/3/1668 1652/3/1652
f 1652/3/1652 1668/3/1668 1669/3/1669 1653/3/1653
f 1653/3/1653 1669/3/1669 1670/3/1670 1654/3/1654
f 1654/3/1654 1670/3/1670 1671/3/1671 1655/3/1655
f 1655/3/1655 1671/3/1671 1672/3/1672 1656/3/1656
f 1656/3/1656 1672/3/1672 1673/3/1673 1657/3/1657
f 1657/3/1657 1673/3/1673 1674/3/1674 1658/3/1658
f 1658/3/1658 1674/3/1674 1659/3/1659 1643/3/1643
f 1659/3/1659 1675/3/1675 1676/3/1676 1660/3/1660
f 1660/3/1660 1676/3/1676 1677/3/1677 1661/3/1661
f 1661/3/1661 1677/3/1677 1678/3/1678 1662/3/1662
f 1662/3/1662 1678/3/1678 1679/3/1679 1663/3/1663
f 1663/3/1663 1679/3/1679 1680/3/1680 1664/3/1664
f 1664/3/1664 1680/3/1680 1681/3/1681 1665/3/1665
f 1665/3/1665 1681/3/1681 1682/3/1682 1666/3/1666
f 1666/3/1666 1682/3/1682 1683/3/1683 1667/3/1667
f 1667/3/1667 1683/3/1683 1684/3/1684 1668/3/1668
f 1668/3/1668 1684/3/1684 1685/3/1685 1669/3/1669
f 1669/3/1669 1685/3/1685 1686/3/1686 1670/3/1670
f 1670/3/1670 1686/3/1686 1687/3/1687 1671/3/1671
f 1671/3/1671 1687/3/1687 1688/3/1688 1672/3/1672
f 1672/3/1672 1688/3/1688 1689/3/1689 1673/3/1673
f 1673/3/1673 1689/3/1689 1690/3/1690 1674/3/1674
f 1674/3/1674 1690/3/1690 1675/3/1675 1659/3/1659
f 1675/3/1675 1691/3/1691 1692/3/1692 1676/3/1676
f 1676/3/1676 1692/3/1692 1693/3/1693 1677/3/1677
f 1677/3/1677 1693/3/1693 1694/3/1694 1678/3/1678
f 1678/3/1678 1694/3/1694 1695/3/1695 1679/3/1679
f 1679/3/1679 1695/3/1695 1696/3/1696 1680/3/1680
f 1680/3/1680 1696/3/1696 1697/3/1697 1681/3/1681
f 1681/3/1681 1697/3/1697 1698/3/1698 1682/3/1682
f 1682/3/1682 1698/3/1698 1699/3/1699 1683/3/1683
f 1683/3/1683 1699/3/1699 1700/3/1700 1684/3/1684
f 1684/3/1684 1700/3/1700 1701/3/1701 1685/3/1685
f 1685/3/1685 1701/3/1701 1702/3/1702 1686/3/1686
f 1686/3/1686 1702/3/1702 1703/3/1703 1687/3/1687
f 1687/3/1687 1703/3/1703 1704/3/1704 1688/3/1688
f 1688/3/1688 1704/3/1704 1705/3/1705 1689/3/1689
f 1689/3/1689 1705/3/1705 1706/3/1706 1690/3/1690
f 1690/3/1690 1706/3/1706 1691/3/1691 1675/3/1675
f 1691/3/1691 1707/3/1707 1708/3/1708 1692/3/1692
f 1692/3/1692 1708/3/1708 1709/3/1709 1693/3/1693
f 1693/3/1693 1709/3/1709 1710/3/1710 1694/3/1694
f 1694/3/1694 1710/3/1710 1711/3/1711 1695/3/1695
f 1695/3/1695 1711/3/1711 1712/3/1712 1696/3/1696
f 1696/3/1696 1712/3/1712 1713/3/1713 1697/3/1697
f 1697/3/1697 1713/3/1713 1714/3/1714 1698/3/1698
f 1698/3/1698 1714/3/1714 1715/3/1715 1699/3/1699
f 1699/3/1699 1715/3/1715 1716/3/1716 1700/3/1700
f 1700/3/1700 1716/3/1716 1717/3/1717 1701/3/1701
f 1701/3/1701 1717/3/1717 1718/3/1718 1702/3/1702
f 1702/3/1702 1718/3/1718 1719/3/1719 1703/3/1703
f 1703/3/1703 1719/3/1719 1720/3/1720 1704/3/1704
f 1704/3/1704 1720/3/1720 1721/3/1721 1705/3/1705
f 1705/3/1705 1721/3/1721 1722/3/1722 1706/3/1706
f 1706/3/1706 1722/3/1722 1707/3/1707 1691/3/1691
f 1707/3/1707 1723/3/1723 1724/3/1724 1708/3/1708
f 1708/3/1708 1724/3/1724 1725/3/1725 1709/3/1709
f 1709/3/1709 1725/3/1725 1726/3/1726 1710/3/1710
f 1710/3/1710 1726/3/1726 1727/3/1727 1711/3/1711
f 1711/3/1711 1727/3/1727 1728/3/1728 1712/3/1712
f 1712/3/1712 1728/3/1728 1729/3/1729 1713/3/1713
f 1713/3/1713 1729/3/1729 1730/3/1730 1714/3/1714
f 1714/3/1714 1730/3/1730 1731/3/1731 1715/3/1715
f 1715/3/1715 1731/3/1731 1732/3/1732 1716/3/1716
f 1716/3/1716 1732/3/1732 1733/3/1733 1717/3/1717
f 1717/3/1717 1733/3/1733 1734/3/1734 1718/3/1718
f 1718/3/1718 1734/3/1734 1735/3/1735 1719/3/1719
f 1719/3/1719 1735/3/1735 1736/3/1736 1720/3/1720
f 1720/3/1720 1736/3/1736 1737/3/1737 1721/3/1721
f 1721/3/1721 1737/3/1737 1738/3/1738 1722/3/1722
f 1722/3/1722 1738/3/1738 1723/3/1723 1707/3/1707
f 1723/3/1723 1739/3/1739 1740/3/1740 1724/3/1724
f 1724/3/1724 1740/3/1740 1741/3/1741 1725/3/1725
f 1725/3/1725 1741/3/1741 1742/3/1742 1726/3/1726
f 1726/3/1726 1742/3/1742 1743/3/1743 1727/3/1727
f 1727/3/1727 1743/3/1743 1744/3/1744 1728/3/1728
f 1728/3/1728 1744/3/1744 1745/3/1745 1729/3/1729
f 1729/3/1729 1745/3/1745 1746/3/1746 1730/3/1730
f 1730/3/1730 1746/3/1746 1747/3/1747 1731/3/1731
f 1731/3/1731 1747/3/1747 1748/3/1748 1732/3/1732
f 1732/3/1732 1748/3/1748 1749/3/1749 1733/3/1733
f 1733/3/1733 1749/3/1749 1750/3/1750 1734/3/1734
f 1734/3/1734 1750/3/1750 1751/3/1751 1735/3/1735
f 1735/3/1735 1751/3/1751 1752/3/1752 1736/3/1736
f 1736/3/1736 1752/3/1752 1753/3/1753 1737/3/1737
f 1737/3/1737 1753/3/1753 1754/3/1754 1738/3/1738
f 1738/3/1738 1754/3/1754 1739/3/1739 1723/3/1723
f 1739/3/1739 1755/3/1755 1756/3/1756 1740/3/1740
f 1740/3/1740 1756/3/1756 1757/3/1757 1741/3/1741
f 1741/3/1741 1757/3/1757 1758/3/1758 1742/3/1742
f 1742/3/1742 1758/3/1758 1759/3/1759 1743/3/1743
f 1743/3/1743 1759/3/1759 1760/3/1760 1744/3/1744
f 1744/3/1744 1760/3/1760 1761/3/1761 1745/3/1745
f 1745/3/1745 1761/3/1761 1762/3/1762 1746/3/1746
f 1746/3/1746 1762/3/1762 1763/3/1763 1747/3/1747
f 1747/3/1747 1763/3/1763 1764/3/1764 1748/3/1748
f 1748/3/1748 1764/3/1764 1765/3/1765 1749/3/1749
f 1749/3/1749 1765/3/1765 1766/3/1766 1750/3/1750
f 1750/3/1750 1766/3/1766 1767/3/1767 1751/3/1751
f 1751/3/1751 1767/3/1767 1768/3/1768 1752/3/1752
f 1752/3/1752 1768/3/1768 1769/3/1769 1753/3/1753
f 1753/3/1753 1769/3/1769 1770/3/1770 1754/3/1754
f 1754/3/1754 1770/3/1770 1755/3/1755 1739/3/1739
f 1755/3/1755 1771/3/1771 1772/3/1772 1756/3/1756
f 1756/3/1756 1772/3/1772 1773/3/1773 1757/3/1757
f 1757/3/1757 1773/3/1773 1774/3/1774 1758/3/1758
f 1758/3/1758 1774/3/1774 1775/3/1775 1759/3/1759
f 1759/3/1759 1775/3/1775 1776/3/1776 1760/3/1760
f 1760/3/1760 1776/3/1776 1777/3/1777 1761/3/1761
f 1761/3/1761 1777/3/1777 1778/3/1778 1762/3/1762
f 1762/3/1762 1778/3/1778 1779/3/1779 1763/3/1763
f 1763/3/1763 1779/3/1779 1780/3/1780 1764/3/1764
f 1764/3/1764 1780/3/1780 1781/3/1781 1765/3/1765
f 1765/3/1765 1781/3/1781 1782/3/1782 1766/3/1766
f 1766/3/1766 1782/3/1782 1783/3/1783 1767/3/1767
f 1767/3/1767 1783/3/1783 1784/3/1784 1768/3/1768
f 1768/3/1768 1784/3/1784 1785/3/1785 1769/3/1769
f 1769/3/1769 1785/3/1785 1786/3/1786 1770/3/1770
f 1770/3/1770 1786/3/1786 1771/3/1771 1755/3/1755
f 1771/3/1771 1787/3/1787 1788/3/1788 1772/3/1772
f 1772/3/1772 1788/3/1788 1789/3/1789 1773/3/1773
f 1773/3/1773 1789/3/1789 1790/3/1790 1774/3/1774
f 1774/3/1774 1790/3/1790 1791/3/1791 1775/3/1775
f 1775/3/1775 1791/3/1791 1792/3/1792 1776/3/1776
f 1776/3/1776 1792/3/1792 1793/3/1793 1777/3/1777
f 1777/3/1777 1793/3/1793 1794/3/1794 1778/3/1778
f 1778/3/1778 1794/3/1794 1795/3/1795 1779/3/1779
f 1779/3/1779 1795/3/1795 1796/3/1796 1780/3/1780
f 1780/3/1780 1796/3/1796 1797/3/1797 1781/3/1781
f 1781/3/1781 1797/3/1797 1798/3/1798 1782/3/1782
f 1782/3/1782 1798/3/1798 1799/3/1799 1783/3/1783
f 1783/3/1783 1799/3/1799 1800/3/1800 1784/3/1784
f 1784/3/1784 1800/3/1800 1801/3/1801 1785/3/1785
f 1785/3/1785 1801/3/1801 1802/3/1802 1786/3/1786
f 1786/3/1786 1802/3/1802 1787/3/1787 1771/3/1771
f 1787/3/1787 1803/3/1803 1804/3/1804 1788/3/1788
f 1788/3/1788 1804/3/1804 1805/3/1805 1789/3/1789
f 1789/3/1789 1805/3/1805 1806/3/1806 1790/3/1790
f 1790/3/1790 1806/3/1806 1807/3/1807 1791/3/1791
f 1791/3/1791 1807/3/1807 1808/3/1808 1792/3/1792
f 1792/3/1792 1808/3/1808 1809/3/1809 1793/3/1793
f 1793/3/1793 1809/3/1809 1810/3/1810 1794/3/1794
f 1794/3/1794 1810/3/1810 1811/3/1811 1795/3/1795
f 1795/3/1795 1811/3/1811 1812/3/1812 1796/3/1796
f 1796/3/1796 1812/3/1812 1813/3/1813 1797/3/1797
f 1797/3/1797 1813/3/1813 1814/3/1814 1798/3/1798
f 1798/3/1798 1814/3/1814 1815/3/1815 1799/3/1799
f 1799/3/1799 1815/3/1815 1816/3/1816 1800/3/1800
f 1800/3/1800 1816/3/1816 1817/3/1817 1801/3/1801
f 1801/3/1801 1817/3/1817 1818/3/1818 1802/3/1802
f 1802/3/1802 1818/3/1818 1803/3/1803 1787/3/1787
f 1803/3/1803 1819/3/1819 1820/3/1820 1804/3/1804
f 1804/3/1804 1820/3/1820 1821/3/1821 1805/3/1805
f 1805/3/1805 1821/3/1821 1822/3/1822 1806/3/1806
f 1806/3/1806 1822/3/1822 1823/3/1823 1807/3/1807
f 1807/3/1807 1823/3/1823 1824/3/1824 1808/3/1808
f 1808/3/1808 1824/3/1824 1825/3/1825 1809/3/1809
f 1809/3/1809 1825/3/1825 1826/3/1826 1810/3/1810
f 1810/3/1810 1826/3/1826 1827/3/1827 1811/3/1811
f 1811/3/1811 1827/3/1827 1828/3/1828 1812/3/1812
f 1812/3/1812 1828/3/1828 1829/3/1829 1813/3/1813
f 1813/3/1813 1829/3/1829 1830/3/1830 1814/3/1814
f 1814/3/1814 1830/3/1830 1831/3/1831 1815/3/1815
f 1815/3/1815 1831/3/1831 1832/3/1832 1816/3/1816
f 1816/3/1816 1832/3/1832 1833/3/1833 1817/3/1817
f 1817/3/1817 1833/3/1833 1834/3/1834 1818/3/1818
f 1818/3/1818 1834/3/1834 1819/3/1819 1803/3/1803
f 1819/3/1819 1835/3/1835 1836/3/1836 1820/3/1820
f 1820/3/1820 1836/3/1836 1837/3/1837 1821/3/1821
f 1821/3/1821 1837/3/1837 1838/3/1838 1822/3/1822
f 1822/3/1822 1838/3/1838 1839/3/1839 1823/3/1823
f 1823/3/1823 1839/3/1839 1840/3/1840 1824/3/1824
f 1824/3/1824 1840/3/1840 1841/3/1841 1825/3/1825
f 1825/3/1825 1841/3/1841 1842/3/1842 1826/3/1826
f 1826/3/1826 1842/3/1842 1843/3/1843 1827/3/1827
f 1827/3/1827 1843/3/1843 1844/3/1844 1828/3/1828
f 1828/3/1828 1844/3/1844 1845/3/1845 1829/3/1829
f 1829/3/1829 1845/3/1845 1846/3/1846 1830/3/1830
f 1830/3/1830 1846/3/1846 1847/3/1847 1831/3/1831
f 1831/3/1831 1847/3/1847 1848/3/1848 1832/3/1832
f 1832/3/1832 1848/3/1848 1849/3/1849 1833/3/1833
f 1833/3/1833 1849/3/1849 1850/3/1850 1834/3/1834
f 1834/3/1834 1850/3/1850 1835/3/1835 1819/3/1819
f 1835/3/1835 1851/3/1851 1852/3/1852 1836/3/1836
f 1836/3/1836 1852/3/1852 1853/3/1853 1837/3/1837
f 1837/3/1837 1853/3/1853 1854/3/1854 1838/3/1838
f 1838/3/1838 1854/3/1854 1855/3/1855 1839/3/1839
f 1839/3/1839 1855/3/1855 1856/3/1856 1840/3/1840
f 1840/3/1840 1856/3/1856 1857/3/1857 1841/3/1841
f 1841/3/1841 1857/3/1857 1858/3/1858 1842/3/1842
f 1842/3/1842 1858/3/1858 1859/3/1859 1843/3/1843
f 1843/3/1843 1859/3/1859 1860/3/1860 1844/3/1844
f 1844/3/1844 1860/3/1860 1861/3/1861 1845/3/1845
f 1845/3/1845 1861/3/1861 1862/3/1862 1846/3/1846
f 1846/3/1846 1862/3/1862 1863/3/1863 1847/3/1847
f 1847/3/1847 1863/3/1863 1864/3/1864 1848/3/1848
f 1848/3/1848 1864/3/1864 1865/3/1865 1849/3/1849
f 1849/3/1849 1865/3/1865 1866/3/1866 1850/3/1850
f 1850/3/1850 1866/3/1866 1851/3/1851 1835/3/1835
f 1851/3/1851 1867/3/1867 1868/3/1868 1852/3/1852
f 1852/3/1852 1868/3/1868 1869/3/1869 1853/3/1853
f 1853/3/1853 1869/3/1869 1870/3/1870 1854/3/1854
f 1854/3/1854 1870/3/1870 1871/3/1871 1855/3/1855
f 1855/3/1855 1871/3/1871 1872/3/1872 1856/3/1856
f 1856/3/1856 1872/3/1872 1873/3/1873 1857/3/1857
f 1857/3/1857 1873/3/1873 1874/3/1874 1858/3/1858
f 1858/3/1858 1874/3/1874 1875/3/1875 1859/3/1859
f 1859/3/1859 1875/3/1875 1876/3/1876 1860/3/1860
f 1860/3/1860 1876/3/1876 1877/3/1877 1861/3/1861
f 1861/3/1861 1877/3/1877 1878/3/1878 1862/3/1862
f 1862/3/1862 1878/3/1878 1879/3/1879 1863/3/1863
f 1863/3/1863 1879/3/1879 1880/3/1880 1864/3/1864
f 1864/3/1864 1880/3/1880 1881/3/1881 1865/3/1865
f 1865/3/1865 1881/3/1881 1882/3/1882 1866/3/1866
f 1866/3/1866 1882/3/1882 1867/3/1867 1851/3/1851
f 1867/3/1867 1883/3/1883 1884/3/1884 1868/3/1868
f 1868/3/1868 1884/3/1884 1885/3/1885 1869/3/1869
f 1869/3/1869 1885/3/1885 1886/3/1886 1870/3/1870
f 1870/3/1870 1886/3/1886 1887/3/1887 1871/3/1871
f 1871/3/1871 1887/3/1887 1888/3/1888 1872/3/1872
f 1872/3/1872 1888/3/1888 1889/3/1889 1873/3/1873
f 1873/3/1873 1889/3/1889 1890/3/1890 1874/3/1874
f 1874/3/1874 1890/3/1890 1891/3/1891 1875/3/1875
f 1875/3/1875 1891/3/1891 1892/3/1892 1876/3/1876
f 1876/3/1876 1892/3/1892 1893/3/1893 1877/3/1877
f 1877/3/1877 1893/3/1893 1894/3/1894 1878/3/1878
f 1878/3/1878 1894/3/1894 1895/3/1895 1879/3/1879
f 1879/3/1879 1895/3/1895 1896/3/1896 1880/3/1880
f 1880/3/1880 1896/3/1896 1897/3/1897 1881/3/1881
f 1881/3/1881 1897/3/1897 1898/3/1898 1882/3/1882
f 1882/3/1882 1898/3/1898 1883/3/1883 1867/3/1867
f 1883/3/1883 1899/3/1899 1900/3/1900 1884/3/1884
f 1884/3/1884 1900/3/1900 1901/3/1901 1885/3/1885
f 1885/3/1885 1901/3/1901 1902/3/1902 1886/3/1886
f 1886/3/1886 1902/3/1902 1903/3/1903 1887/3/1887
f 1887/3/1887 1903/3/1903 1904/3/1904 1888/3/1888
f 1888/3/1888 1904/3/1904 1905/3/1905 1889/3/1889
f 1889/3/1889 1905/3/1905 1906/3/1906 1890/3/1890
f 1890/3/1890 1906/3/1906 1907/3/1907 1891/3/1891
f 1891/3/1891 1907/3/1907 1908/3/1908 1892/3/1892
f 1892/3/1892 1908/3/1908 1909/3/1909 1893/3/1893
f 1893/3/1893 1909/3/1909 1910/3/1910 1894/3/1894
f 1894/3/1894 1910/3/1910 1911/3/1911 1895/3/1895
f 1895/3/1895 1911/3/1911 1912/3/1912 1896/3/1896
f 1896/3/1896 1912/3/1912 1913/3/1913 1897/3/1897
f 1897/3/1897 1913/3/1913 1914/3/1914 1898/3/1898
f 1898/3/1898 1914/3/1914 1899/3/1899 1883/3/1883
f 1899/3/1899 1915/3/1915 1916/3/1916 1900/3/1900
f 1900/3/1900 1916/3/1916 1917/3/1917 1901/3/1901
f 1901/3/1901 1917/3/1917 1918/3/1918 1902/3/1902
f 1902/3/1902 1918/3/1918 1919/3/1919 1903/3/1903
f 1903/3/1903 1919/3/1919 1920/3/1920 1904/3/1904
f 1904/3/1904 1920/3/1920 1921/3/1921 1905/3/1905
f 1905/3/1905 1921/3/1921 1922/3/1922 1906/3/1906
f 1906/3/1906 1922/3/1922 1923/3/1923 1907/3/1907
f 1907/3/1907 1923/3/1923 1924/3/1924 1908/3/1908
f 1908/3/1908 1924/3/1924 1925/3/1925 1909/3/1909
f 1909/3/1909 1925/3/1925 1926/3/1926 1910/3/1910
f 1910/3/1910 1926/3/1926 1927/3/1927 1911/3/1911
f 1911/3/1911 1927/3/1927 1928/3/1928 1912/3/1912
f 1912/3/1912 1928/3/1928 1929/3/1929 1913/3/1913
f 1913/3/1913 1929/3/1929 1930/3/1930 1914/3/1914
f 1914/3/1914 1930/3/1930 1915/3/1915 1899/3/1899
f 1915/3/1915 1931/3/1931 1932/3/1932 1916/3/1916
f 1916/3/1916 1932/3/1932 1933/3/1933 1917/3/1917
f 1917/3/1917 1933/3/1933 1934/3/1934 1918/3/1918
f 1918/3/1918 1934/3/1934 1935/3/1935 1919/3/1919
f 1919/3/1919 1935/3/1935 1936/3/1936 1920/3/1920
f 1920/3/1920 1936/3/1936 1937/3/1937 1921/3/1921
f 1921/3/1921 1937/3/1937 1938/3/1938 1922/3/1922
f 1922/3/1922 1938/3/1938 1939/3/1939 1923/3/1923
f 1923/3/1923 1939/3/1939 1940/3/1940 1924/3/1924
f 1924/3/1924 1940/3/1940 1941/3/1941 1925/3/1925
f 1925/3/1925 1941/3/1941 1942/3/1942 1926/3/1926
f 1926/3/1926 1942/3/1942 1943/3/1943 1927/3/1927
f 1927/3/1927 1943/3/1943 1944/3/1944 1928/3/1928
f 1928/3/1928 1944/3/1944 1945/3/1945 1929/3/1929
f 1929/3/1929 1945/3/1945 1946/3/1946 1930/3/1930
f 1930/3/1930 1946/3/1946 1931/3/1931 1915/3/1915
f 1931/3/1931 1947/3/1947 1948/3/1948 1932/3/1932
f 1932/3/1932 1948/3/1948 1949/3/1949 1933/3/1933
f 1933/3/1933 1949/3/1949 1950/3/1950 1934/3/1934
f 1934/3/1934 1950/3/1950 1951/3/1951 1935/3/1935
f 1935/3/1935 1951/3/1951 1952/3/1952 1936/3/1936
f 1936/3/1936 1952/3/1952 1953/3/1953 1937/3/1937
f 1937/3/1937 1953/3/1953 1954/3/1954 1938/3/1938
f 1938/3/1938 1954/3/1954 1955/3/1955 1939/3/1939
f 1939/3/1939 1955/3/1955 1956/3/1956 1940/3/1940
f 1940/3/1940 1956/3/1956 1957/3/1957 1941/3/1941
f 1941/3/1941 1957/3/1957 1958/3/1958 1942/3/1942
f 1942/3/1942 1958/3/1958 1959/3/1959 1943/3/1943
f 1943/3/1943 1959/3/1959 1960/3/1960 1944/3/1944
f 1944/3/1944 1960/3/1960 1961/3/1961 1945/3/1945
f 1945/3/1945 1961/3/1961 1962/3/1962 1946/3/1946
f 1946/3/1946 1962/3/1962 1947/3/1947 1931/3/1931
f 1947/3/1947 1963/3/1963 1964/3/1964 1948/3/1948
f 1948/3/1948 1964/3/1964 1965/3/1965 1949/3/1949
f 1949/3/1949 1965/3/1965 1966/3/1966 1950/3/1950
f 1950/3/1950 1966/3/1966 1967/3/1967 1951/3/1951
f 1951/3/1951 1967/3/1967 1968/3/1968 1952/3/1952
f 1952/3/1952 1968/3/1968 1969/3/1969 1953/3/1953
f 1953/3/1953 1969/3/1969 1970/3/1970 1954/3/1954
f 1954/3/1954 1970/3/1970 1971/3/1971 1955/3/1955
f 1955/3/1955 1971/3/1971 1972/3/1972 1956/3/1956
f 1956/3/1956 1972/3/1972 1973/3/1973 1957/3/1957
f 1957/3/1957 1973/3/1973 1974/3/1974 1958/3/1958
f 1958/3/1958 1974/3/1974 1975/3/1975 1959/3/1959
f 1959/3/1959 1975/3/1975 1976/3/1976 1960/3/1960
f 1960/3/1960 1976/3/1976 1977/3/1977 1961/3/1961
f 1961/3/1961 1977/3/1977 1978/3/1978 1962/3/1962
f 1962/3/1962 1978/3/1978 1963/3/1963 1947/3/1947
f 1963/3/1963 1979/3/1979 1980/3/1980 1964/3/1964
f 1964/3/1964 1980/3/1980 1981/3/1981 1965/3/1965
f 1965/3/1965 1981/3/1981 1982/3/1982 1966/3/1966
f 1966/3/1966 1982/3/1982 1983/3/1983 1967/3/1967
f 1967/3/1967 1983/3/1983 1984/3/1984 1968/3/1968
f 1968/3/1968 1984/3/1984 1985/3/1985 1969/3/1969
f 1969/3/1969 1985/3/1985 1986/3/1986 1970/3/1970
f 1970/3/1970 1986/3/1986 1987/3/1987 1971/3/1971
f 1971/3/1971 1987/3/1987 1988/3/1988 1972/3/1972
f 1972/3/1972 1988/3/1988 1989/3/1989 1973/3/1973
f 1973/3/1973 1989/3/1989 1990/3/1990 1974/3/1974
f 1974/3/1974 1990/3/1990 1991/3/1991 1975/3/1975
f 1975/3/1975 1991/3/1991 1992/3/1992 1976/3/1976
f 1976/3/1976 1992/3/1992 1993/3/1993 1977/3/1977
f 1977/3/1977 1993/3/1993 1994/3/1994 1978/3/1978
f 1978/3/1978 1994/3/1994 1979/3/1979 1963/3/1963
f 1979/3/1979 1995/3/1995 1996/3/1996 1980/3/1980
f 1980/3/1980 1996/3/1996 1997/3/1997 1981/3/1981
f 1981/3/1981 1997/3/1997 1998/3/1998 1982/3/1982
f 1982/3/1982 1998/3/1998 1999/3/1999 1983/3/1983
f 1983/3/1983 1999/3/1999 2000/3/2000 1984/3/1984
f 1984/3/1984 2000/3/2000 2001/3/2001 1985/3/1985
f 1985/3/1985 2001/3/2001 2002/3/2002 1986/3/1986
f 1986/3/1986 2002/3/2002 2003/3/2003 1987/3/1987
f 1987/3/1987 2003/3/2003 2004/3/2004 1988/3/1988
f 1988/3/1988 2004/3/2004 2005/3/2005 1989/3/1989
f 1989/3/1989 2005/3/2005 2006/3/2006 1990/3/1990
f 1990/3/1990 2006/3/2006 2007/3/2007 1991/3/1991
f 1991/3/1991 2007/3/2007 2008/3/2008 1992/3/1992
f 1992/3/1992 2008/3/2008 2009/3/2009 1993/3/1993
f 1993/3/1993 2009/3/2009 2010/3/2010 1994/3/1994
f 1994/3/1994 2010/3/2010 1995/3/1995 1979/3/1979
f 1995/3/1995 2011/3/2011 2012/3/2012 1996/3/1996
f 1996/3/1996 2012/3/2012 2013/3/2013 1997/3/1997
f 1997/3/1997 2013/3/2013 2014/3/2014 1998/3/1998
f 1998/3/1998 2014/3/2014 2015/3/2015 1999/3/1999
f 1999/3/1999 2015/3/2015 2016/3/2016 2000/3/2000
f 2000/3/2000 2016/3/2016 2017/3/2017 2001/3/2001
f 2001/3/2001 2017/3/2017 2018/3/2018 2002/3/2002
f 2002/3/2002 2018/3/2018 2019/3/2019 2003/3/2003
f 2003/3/2003 2019/3/2019 2020/3/2020 2004/3/2004
f 2004/3/2004 2020/3/2020 2021/3/2021 2005/3/2005
f 2005/3/2005 2021/3/2021 2022/3/2022 2006/3/2006
f 2006/3/2006 2022/3/2022 2023/3/2023 2007/3/2007
f 2007/3/2007 2023/3/2023 2024/3/2024 2008/3/2008
f 2008/3/2008 2024/3/2024 2025/3/2025 2009/3/2009
f 2009/3/2009 2025/3/2025 2026/3/2026 2010/3/2010
f 2010/3/2010 2026/3/2026 2011/3/2011 1995/3/1995
f 2011/3/2011 2027/3/2027 2028/3/2028 2012/3/2012
f 2012/3/2012 2028/3/2028 2029/3/2029 2013/3/2013
f 2013/3/2013 2029/3/2029 2030/3/2030 2014/3/2014
f 2014/3/2014 2030/3/2030 2031/3/2031 2015/3/2015
f 2015/3/2015 2031/3/2031 2032/3/2032 2016/3/2016
f 2016/3/2016 2032/3/2032 2033/3/2033 2017/3/2017
f 2017/3/2017 2033/3/2033 2034/3/2034 2018/3/2018
f 2018/3/2018 2034/3/2034 2035/3/2035 2019/3/2019
f 2019/3/2019 2035/3/2035 2036/3/2036 2020/3/2020
f 2020/3/2020 2036/3/2036 2037/3/2037 2021/3/2021
f 2021/3/2021 2037/3/2037 2038/3/2038 2022/3/2022
f 2022/3/2022 2038/3/2038 2039/3/2039 2023/3/2023
f 2023/3/2023 2039/3/2039 2040/3/2040 2024/3/2024
f 2024/3/2024 2040/3/2040 2041/3/2041 2025/3/2025
f 2025/3/2025 2041/3/2041 2042/3/2042 2026/3/2026
f 2026/3/2026 2042/3/2042 2027/3/2027 2011/3/2011
f 2027/3/2027 2043/3/2043 2044/3/2044 2028/3/2028
f 2028/3/2028 2044/3/2044 2045/3/2045 2029/3/2029
f 2029/3/2029 2045/3/2045 2046/3/2046 2030/3/2030
f 2030/3/2030 2046/3/2046 2047/3/2047 2031/3/2031
f 2031/3/2031 2047/3/2047 2048/3/2048 2032/3/2032
f 2032/3/2032 2048/3/2048 2049/3/2049 2033/3/2033
f 2033/3/2033 2049/3/2049 2050/3/2050 2034/3/2034
f 2034/3/2034 2050/3/2050 2051/3/2051 2035/3/2035
f 2035/3/2035 2051/3/2051 2052/3/2052 2036/3/2036
f 2036/3/2036 2052/3/2052 2053/3/2053 2037/3/2037
f 2037/3/2037 2053/3/2053 2054/3/2054 2038/3/2038
f 2038/3/2038 2054/3/2054 2055/3/2055 2039/3/2039
f 2039/3/2039 2055/3/2055 2056/3/2056 2040/3/2040
f 2040/3/2040 2056/3/2056 2057/3/2057 2041/3/2041
f 2041/3/2041 2057/3/2057 2058/3/2058 2042/3/2042
f 2042/3/2042 2058/3/2058 2043/3/2043 2027/3/2027
f 2043/3/2043 2059/3/2059 2060/3/2060 2044/3/2044
f 2044/3/2044 2060/3/2060 2061/3/2061 2045/3/2045
f 2045/3/2045 2061/3/2061 2062/3/2062 2046/3/2046
f 2046/3/2046 2062/3/2062 2063/3/2063 2047/3/2047
f 2047/3/2047 2063/3/2063 2064/3/2064 2048/3/2048
f 2048/3/2048 2064/3/2064 2065/3/2065 2049/3/2049
f 2049/3/2049 2065/3/2065 2066/3/2066 2050/3/2050
f 2050/3/2050 2066/3/2066 2067/3/2067 2051/3/2051
f 2051/3/2051 2067/3/2067 2068/3/2068 2052/3/2052
f 2052/3/2052 2068/3/2068 2069/3/2069 2053/3/2053
f 2053/3/2053 2069/3/2069 2070/3/2070 2054/3/2054
f 2054/3/2054 2070/3/2070 2071/3/2071 2055/3/2055
f 2055/3/2055 2071/3/2071 2072/3/2072 2056/3/2056
f 2056/3/2056 2072/3/2072 2073/3/2073 2057/3/2057
f 2057/3/2057 2073/3/2073 2074/3/2074 2058/3/2058
f 2058/3/2058 2074/3/2074 2059/3/2059 2043/3/2043
f 2059/3/2059 2075/3/2075 2076/3/2076 2060/3/2060
f 2060/3/2060 2076/3/2076 2077/3/2077 2061/3/2061
f 2061/3/2061 2077/3/2077 2078/3/2078 2062/3/2062
f 2062/3/2062 2078/3/2078 2079/3/2079 2063/3/2063
f 2063/3/2063 2079/3/2079 2080/3/2080 2064/3/2064
f 2064/3/2064 2080/3/2080 2081/3/2081 2065/3/2065
f 2065/3/2065 2081/3/2081 2082/3/2082 2066/3/2066
f 2066/3/2066 2082/3/2082 2083/3/2083 2067/3/2067
f 2067/3/2067 2083/3/2083 2084/3/2084 2068/3/2068
f 2068/3/2068 2084/3/2084 2085/3/2085 2069/3/2069
f 2069/3/2069 2085/3/2085 2086/3/2086 2070/3/2070
f 2070/3/2070 2086/3/2086 2087/3/2087 2071/3/2071
f 2071/3/2071 2087/3/2087 2088/3/2088 2072/3/2072
f 2072/3/2072 2088/3/2088 2089/3/2089 2073/3/2073
f 2073/3/2073 2089/3/2089 2090/3/2090 2074/3/2074
f 2074/3/2074 2090/3/2090 2075/3/2075 2059/3/2059
f 2075/3/2075 2091/3/2091 2092/3/2092 2076/3/2076
f 2076/3/2076 2092/3/2092 2093/3/2093 2077/3/2077
f 2077/3/2077 2093/3/2093 2094/3/2094 2078/3/2078
f 2078/3/2078 2094/3/2094 2095/3/2095 2079/3/2079
f 2079/3/2079 2095/3/2095 2096/3/2096 2080/3/2080
f 2080/3/2080 2096/3/2096 2097/3/2097 2081/3/2081
f 2081/3/2081 2097/3/2097 2098/3/2098 2082/3/2082
f 2082/3/2082 2098/3/2098 2099/3/2099 2083/3/2083
f 2083/3/2083 2099/3/2099 2100/3/2100 2084/3/2084
f 2084/3/2084 2100/3/2100 2101/3/2101 2085/3/2085
f 2085/3/2085 2101/3/2101 2102/3/2102 2086/3/2086
f 2086/3/2086 2102/3/2102 2103/3/2103 2087/3/2087
f 2087/3/2087 2103/3/2103 2104/3/2104 2088/3/2088
f 2088/3/2088 2104/3/2104 2105/3/2105 2089/3/2089
f 2089/3/2089 2105/3/2105 2106/3/2106 2090/3/2090
f 2090/3/2090 2106/3/2106 2091/3/2091 2075/3/2075
f 2091/3/2091 2107/3/2107 2108/3/2108 2092/3/2092
f 2092/3/2092 2108/3/2108 2109/3/2109 2093/3/2093
f 2093/3/2093 2109/3/2109 2110/3/2110 2094/3/2094
f 2094/3/2094 2110/3/2110 2111/3/2111 2095/3/2095
f 2095/3/2095 2111/3/2111 2112/3/2112 2096/3/2096
f 2096/3/2096 2112/3/2112 2113/3/2113 2097/3/2097
f 2097/3/2097 2113/3/2113 2114/3/2114 2098/3/2098
f 2098/3/2098 2114/3/2114 2115/3/2115 2099/3/2099
f 2099/3/2099 2115/3/2115 2116/3/2116 2100/3/2100
f 2100/3/2100 2116/3/2116 2117/3/2117 2101/3/2101
f 2101/3/2101 2117/3/2117 2118/3/2118 2102/3/2102
f 2102/3/2102 2118/3/2118 2119/3/2119 2103/3/2103
f 2103/3/2103 2119/3/2119 2120/3/2120 2104/3/2104
f 2104/3/2104 2120/3/2120 2121/3/2121 2105/3/2105
f 2105/3/2105 2121/3/2121 2122/3/2122 2106/3/2106
f 2106/3/2106 2122/3/2122 2107/3/2107 2091/3/2091
f 2107/3/2107 2123/3/2123 2124/3/2124 2108/3/2108
f 2108/3/2108 2124/3/2124 2125/3/2125 2109/3/2109
f 2109/3/2109 2125/3/2125 2126/3/2126 2110/3/2110
f 2110/3/2110 2126/3/2126 2127/3/2127 2111/3/2111
f 2111/3/2111 2127/3/2127 2128/3/2128 2112/3/2112
f 2112/3/2112 2128/3/2128 2129/3/2129 2113/3/2113
f 2113/3/2113 2129/3/2129 2130/3/2130 2114/3/2114
f 2114/3/2114 2130/3/2130 2131/3/2131 2115/3/2115
f 2115/3/2115 2131/3/2131 2132/3/2132 2116/3/2116
f 2116/3/2116 2132/3/2132 2133/3/2133 2117/3/2117
f 2117/3/2117 2133/3/2133 2134/3/2134 2118/3/2118
f 2118/3/2118 2134/3/2134 2135/3/2135 2119/3/2119
f 2119/3/2119 2135/3/2135 2136/3/2136 2120/3/2120
f 2120/3/2120 2136/3/2136 2137/3/2137 2121/3/2121
f 2121/3/2121 2137/3/2137 2138/3/2138 2122/3/2122
f 2122/3/2122 2138/3/2138 2123/3/2123 2107/3/2107
f 2123/3/2123 2139/3/2139 2140/3/2140 2124/3/2124
f 2124/3/2124 2140/3/2140 2141/3/2141 2125/3/2125
f 2125/3/2125 2141/3/2141 2142/3/2142 2126/3/2126
f 2126/3/2126 2142/3/2142 2143/3/2143 2127/3/2127
f 2127/3/2127 2143/3/2143 2144/3/2144 2128/3/2128
f 2128/3/2128 2144/3/2144 2145/3/2145 2129/3/2129
f 2129/3/2129 2145/3/2145 2146/3/2146 2130/3/2130
f 2130/3/2130 2146/3/2146 2147/3/2147 2131/3/2131
f 2131/3/2131 2147/3/2147 2148/3/2148 2132/3/2132
f 2132/3/2132 2148/3/2148 2149/3/2149 2133/3/2133
f 2133/3/2133 2149/3/2149 2150/3/2150 2134/3/2134
f 2134/3/2134 2150/3/2150 2151/3/2151 2135/3/2135
f 2135/3/2135 2151/3/2151 2152/3/2152 2136/3/2136
f 2136/3/2136 2152/3/2152 2153/3/2153 2137/3/2137
f 2137/3/2137 2153/3/2153 2154/3/2154 2138/3/2138
f 2138/3/2138 2154/3/2154 2139/3/2139 2123/3/2123
f 2139/3/2139 2155/3/2155 2156/3/2156 2140/3/2140
f 2140/3/2140 2156/3/2156 2157/3/2157 2141/3/2141
f 2141/3/2141 2157/3/2157 2158/3/2158 2142/3/2142
f 2142/3/2142 2158/3/2158 2159/3/2159 2143/3/2143
f 2143/3/2143 2159/3/2159 2160/3/2160 2144/3/2144
f 2144/3/2144 2160/3/2160 2161/3/2161 2145/3/2145
f 2145/3/2145 2161/3/2161 2162/3/2162 2146/3/2146
f 2146/3/2146 2162/3/2162 2163/3/2163 2147/3/2147
f 2147/3/2147 2163/3/2163 2164/3/2164 2148/3/2148
f 2148/3/2148 2164/3/2164 2165/3/2165 2149/3/2149
f 2149/3/2149 2165/3/2165 2166/3/2166 2150/3/2150
f 2150/3/2150 2166/3/2166 2167/3/2167 2151/3/2151
f 2151/3/2151 2167/3/2167 2168/3/2168 2152/3/2152
f 2152/3/2152 2168/3/2168 2169/3/2169 2153/3/2153
f 2153/3/2153 2169/3/2169 2170/3/2170 2154/3/2154
f 2154/3/2154 2170/3/2170 2155/3/2155 2139/3/2139
f 2155/3/2155 2171/3/2171 2172/3/2172 2156/3/2156
f 2156/3/2156 2172/3/2172 2173/3/2173 2157/3/2157
f 2157/3/2157 2173/3/2173 2174/3/2174 2158/3/2158
f 2158/3/2158 2174/3/2174 2175/3/2175 2159/3/2159
f 2159/3/2159 2175/3/2175 2176/3/2176 2160/3/2160
f 2160/3/2160 2176/3/2176 2177/3/2177 2161/3/2161
f 2161/3/2161 2177/3/2177 2178/3/2178 2162/3/2162
f 2162/3/2162 2178/3/2178 2179/3/2179 2163/3/2163
f 2163/3/2163 2179/3/2179 2180/3/2180 2164/3/2164
f 2164/3/2164 2180/3/2180 2181/3/2181 2165/3/2165
f 2165/3/2165 2181/3/2181 2182/3/2182 2166/3/2166
f 2166/3/2166 2182/3/2182 2183/3/2183 2167/3/2167
f 2167/3/2167 2183/3/2183 2184/3/2184 2168/3/2168
f 2168/3/2168 2184/3/2184 2185/3/2185 2169/3/2169
f 2169/3/2169 2185/3/2185 2186/3/2186 2170/3/2170
f 2170/3/2170 2186/3/2186 2171/3/2171 2155/3/2155
f 2171/3/2171 2187/3/2187 2188/3/2188 2172/3/2172
f 2172/3/2172 2188/3/2188 2189/3/2189 2173/3/2173
f 2173/3/2173 2189/3/2189 2190/3/2190 2174/3/2174
f 2174/3/2174 2190/3/2190 2191/3/2191 2175/3/2175
f 2175/3/2175 2191/3/2191 2192/3/2192 2176/3/2176
f 2176/3/2176 2192/3/2192 2193/3/2193 2177/3/2177
f 2177/3/2177 2193/3/2193 2194/3/2194 2178/3/2178
f 2178/3/2178 2194/3/2194 2195/3/2195 2179/3/2179
f 2179/3/2179 2195/3/2195 2196/3/2196 2180/3/2180
f 2180/3/2180 2196/3/2196 2197/3/2197 2181/3/2181
f 2181/3/2181 2197/3/2197 2198/3/2198 2182/3/2182
f 2182/3/2182 2198/3/2198 2199/3/2199 2183/3/2183
f 2183/3/2183 2199/3/2199 2200/3/2200 2184/3/2184
f 2184/3/2184 2200/3/2200 2201/3/2201 2185/3/2185
f 2185/3/2185 2201/3/2201 2202/3/2202 2186/3/2186
f 2186/3/2186 2202/3/2202 2187/3/2187 2171/3/2171
f 2187/3/2187 2203/3/2203 2204/3/2204 2188/3/2188
f 2188/3/2188 2204/3/2204 2205/3/2205 2189/3/2189
f 2189/3/2189 2205/3/2205 2206/3/2206 2190/3/2190
f 2190/3/2190 2206/3/2206 2207/3/2207 2191/3/2191
f 2191/3/2191 2207/3/2207 2208/3/2208 2192/3/2192
f 2192/3/2192 2208/3/2208 2209/3/2209 2193/3/2193
f 2193/3/2193 2209/3/2209 2210/3/2210 2194/3/2194
f 2194/3/2194 2210/3/2210 2211/3/2211 2195/3/2195
f 2195/3/2195 2211/3/2211 2212/3/2212 2196/3/2196
f 2196/3/2196 2212/3/2212 2213/3/2213 2197/3/2197
f 2197/3/2197 2213/3/2213 2214/3/2214 2198/3/2198
f 2198/3/2198 2214/3/2214 2215/3/2215 2199/3/2199
f 2199/3/2199 2215/3/2215 2216/3/2216 2200/3/2200
f 2200/3/2200 2216/3/2216 2217/3/2217 2201/3/2201
f 2201/3/2201 2217/3/2217 2218/3/2218 2202/3/2202
f 2202/3/2202 2218/3/2218 2203/3/2203 2187/3/2187
f 2203/3/2203 2219/3/2219 2220/3/2220 2204/3/2204
f 2204/3/2204 2220/3/2220 2221/3/2221 2205/3/2205
f 2205/3/2205 2221/3/2221 2222/3/2222 2206/3/2206
f 2206/3/2206 2222/3/2222 2223/3/2223 2207/3/2207
f 2207/3/2207 2223/3/2223 2224/3/2224 2208/3/2208
f 2208/3/2208 2224/3/2224 2225/3/2225 2209/3/2209
f 2209/3/2209 2225/3/2225 2226/3/2226 2210/3/2210
f 2210/3/2210 2226/3/2226 2227/3/2227 2211/3/2211
f 2211/3/2211 2227/3/2227 2228/3/2228 2212/3/2212
f 2212/3/2212 2228/3/2228 2229/3/2229 2213/3/2213
f 2213/3/2213 2229/3/2229 2230/3/2230 2214/3/2214
f 2214/3/2214 2230/3/2230 2231/3/2231 2215/3/2215
f 2215/3/2215 2231/3/2231 2232/3/2232 2216/3/2216
f 2216/3/2216 2232/3/2232 2233/3/2233 2217/3/2217
f 2217/3/2217 2233/3/2233 2234/3/2234 2218/3/2218
f 2218/3/2218 2234/3/2234 2219/3/2219 2203/3/2203
f 2219/3/2219 2235/3/2235 2236/3/2236 2220/3/2220
f 2220/3/2220 2236/3/2236 2237/3/2237 2221/3/2221
f 2221/3/2221 2237/3/2237 2238/3/2238 2222/3/2222
f 2222/3/2222 2238/3/2238 2239/3/2239 2223/3/2223
f 2223/3/2223 2239/3/2239 2240/3/2240 2224/3/2224
f 2224/3/2224 2240/3/2240 2241/3/2241 2225/3/2225
f 2225/3/2225 2241/3/2241 2242/3/2242 2226/3/2226
f 2226/3/2226 2242/3/2242 2243/3/2243 2227/3/2227
f 2227/3/2227 2243/3/2243 2244/3/2244 2228/3/2228
f 2228/3/2228 2244/3/2244 2245/3/2245 2229/3/2229
f 2229/3/2229 2245/3/2245 2246/3/2246 2230/3/2230
f 2230/3/2230 2246/3/2246 2247/3/2247 2231/3/2231
f 2231/3/2231 2247/3/2247 2248/3/2248 2232/3/2232
f 2232/3/2232 2248/3/2248 2249/3/2249 2233/3/2233
f 2233/3/2233 2249/3/2249 2250/3/2250 2234/3/2234
f 2234/3/2234 2250/3/2250 2235/3/2235 2219/3/2219
f 2235/3/2235 2251/3/2251 2252/3/2252 2236/3/2236
f 2236/3/2236 2252/3/2252 2253/3/2253 2237/3/2237
f 2237/3/2237 2253/3/2253 2254/3/2254 2238/3/2238
f 2238/3/2238 2254/3/2254 2255/3/2255 2239/3/2239
f 2239/3/2239 2255/3/2255 2256/3/2256 2240/3/2240
f 2240/3/2240 2256/3/2256 2257/3/2257 2241/3/2241
f 2241/3/2241 2257/3/2257 2258/3/2258 2242/3/2242
f 2242/3/2242 2258/3/2258 2259/3/2259 2243/3/2243
f 2243/3/2243 2259/3/2259 2260/3/2260 2244/3/2244
f 2244/3/2244 2260/3/2260 2261/3/2261 2245/3/2245
f 2245/3/2245 2261/3/2261 2262/3/2262 2246/3/2246
f 2246/3/2246 2262/3/2262 2263/3/2263 2247/3/2247
f 2247/3/2247 2263/3/2263 2264/3/2264 2248/3/2248
f 2248/3/2248 2264/3/2264 2265/3/2265 2249/3/2249
f 2249/3/2249 2265/3/2265 2266/3/2266 2250/3/2250
f 2250/3/2250 2266/3/2266 2251/3/2251 2235/3/2235
f 2251/3/2251 2267/3/2267 2268/3/2268 2252/3/2252
f 2252/3/2252 2268/3/2268 2269/3/2269 2253/3/2253
f 2253/3/2253 2269/3/2269 2270/3/2270 2254/3/2254
f 2254/3/2254 2270/3/2270 2271/3/2271 2255/3/2255
f 2255/3/2255 2271/3/2271 2272/3/2272 2256/3/2256
f 2256/3/2256 2272/3/2272 2273/3/2273 2257/3/2257
f 2257/3/2257 2273/3/2273 2274/3/2274 2258/3/2258
f 2258/3/2258 2274/3/2274 2275/3/2275 2259/3/2259
f 2259/3/2259 2275/3/2275 2276/3/2276 2260/3/2260
f 2260/3/2260 2276/3/2276 2277/3/2277 2261/3/2261
f 2261/3/2261 2277/3/2277 2278/3/2278 2262/3/2262
f 2262/3/2262 2278/3/2278 2279/3/2279 2263/3/2263
f 2263/3/2263 2279/3/2279 2280/3/2280 2264/3/2264
f 2264/3/2264 2280/3/2280 2281/3/2281 2265/3/2265
f 2265/3/2265 2281/3/2281 2282/3/2282 2266/3/2266
f 2266/3/2266 2282/3/2282 2267/3/2267 2251/3/2251
f 2267/3/2267 2283/3/2283 2284/3/2284 2268/3/2268
f 2268/3/2268 2284/3/2284 2285/3/2285 2269/3/2269
f 2269/3/2269 2285/3/2285 2286/3/2286 2270/3/2270
f 2270/3/2270 2286/3/2286 2287/3/2287 2271/3/2271
f 2271/3/2271 2287/3/2287 2288/3/2288 2272/3/2272
f 2272/3/2272 2288/3/2288 2289/3/2289 2273/3/2273
f 2273/3/2273 2289/3/2289 2290/3/2290 2274/3/2274
f 2274/3/2274 2290/3/2290 2291/3/2291 2275/3/2275
f 2275/3/2275 2291/3/2291 2292/3/2292 2276/3/2276
f 2276/3/2276 2292/3/2292 2293/3/2293 2277/3/2277
f 2277/3/2277 2293/3/2293 2294/3/2294 2278/3/2278
f 2278/3/2278 2294/3/2294 2295/3/2295 2279/3/2279
f 2279/3/2279 2295/3/2295 2296/3/2296 2280/3/2280
f 2280/3/2280 2296/3/2296 2297/3/2297 2281/3/2281
f 2281/3/2281 2297/3/2297 2298/3/2298 2282/3/2282
f 2282/3/2282 2298/3/2298 2283/3/2283 2267/3/2267
f 2283/3/2283 2299/3/2299 2300/3/2300 2284/3/2284
f 2284/3/2284 2300/3/2300 2301/3/2301 2285/3/2285
f 2285/3/2285 2301/3/2301 2302/3/2302 2286/3/2286
f 2286/3/2286 2302/3/2302 2303/3/2303 2287/3/2287
f 2287/3/2287 2303/3/2303 2304/3/2304 2288/3/2288
f 2288/3/2288 2304/3/2304 2305/3/2305 2289/3/2289
f 2289/3/2289 2305/3/2305 2306/3/2306 2290/3/2290
f 2290/3/2290 2306/3/2306 2307/3/2307 2291/3/2291
f 2291/3/2291 2307/3/2307 2308/3/2308 2292/3/2292
f 2292/3/2292 2308/3/2308 2309/3/2309 2293/3/2293
f 2293/3/2293 2309/3/2309 2310/3/2310 2294/3/2294
f 2294/3/2294 2310/3/2310 2311/3/2311 2295/3/2295
f 2295/3/2295 2311/3/2311 2312/3/2312 2296/3/2296
f 2296/3/2296 2312/3/2312 2313/3/2313 2297/3/2297
f 2297/3/2297 2313/3/2313 2314/3/2314 2298/3/2298
f 2298/3/2298 2314/3/2314 2299/3/2299 2283/3/2283
f 2299/3/2299 2315/3/2315 2316/3/2316 2300/3/2300
f 2300/3/2300 2316/3/2316 2317/3/2317 2301/3/2301
f 2301/3/2301 2317/3/2317 2318/3/2318 2302/3/2302
f 2302/3/2302 2318/3/2318 2319/3/2319 2303/3/2303
f 2303/3/2303 2319/3/2319 2320/3/2320 2304/3/2304
f 2304/3/2304 2320/3/2320 2321/3/2321 2305/3/2305
f 2305/3/2305 2321/3/2321 2322/3/2322 2306/3/2306
f 2306/3/2306 2322/3/2322 2323/3/2323 2307/3/2307
f 2307/3/2307 2323/3/2323 2324/3/2324 2308/3/2308
f 2308/3/2308 2324/3/2324 2325/3/2325 2309/3/2309
f 2309/3/2309 2325/3/2325 2326/3/2326 2310/3/2310
f 2310/3/2310 2326/3/2326 2327/3/2327 2311/3/2311
f 2311/3/2311 2327/3/2327 2328/3/2328 2312/3/2312
f 2312/3/2312 2328/3/2328 2329/3/2329 2313/3/2313
f 2313/3/2313 2329/3/2329 2330/3/2330 2314/3/2314
f 2314/3/2314 2330/3/2330 2315/3/2315 2299/3/2299
f 2315/3/2315 2331/3/2331 2332/3/2332 2316/3/2316
f 2316/3/2316 2332/3/2332 2333/3/2333 2317/3/2317
f 2317/3/2317 2333/3/2333 2334/3/2334 2318/3/2318
f 2318/3/2318 2334/3/2334 2335/3/2335 2319/3/2319
f 2319/3/2319 2335/3/2335 2336/3/2336 2320/3/2320
f 2320/3/2320 2336/3/2336 2337/3/2337 2321/3/2321
f 2321/3/2321 2337/3/2337 2338/3/2338 2322/3/2322
f 2322/3/2322 2338/3/2338 2339/3/2339 2323/3/2323
f 2323/3/2323 2339/3/2339 2340/3/2340 2324/3/2324
f 2324/3/2324 2340/3/2340 2341/3/2341 2325/3/2325
f 2325/3/2325 2341/3/2341 2342/3/2342 2326/3/2326
f 2326/3/2326 2342/3/2342 2343/3/2343 2327/3/2327
f 2327/3/2327 2343/3/2343 2344/3/2344 2328/3/2328
f 2328/3/2328 2344/3/2344 2345/3/2345 2329/3/2329
f 2329/3/2329 2345/3/2345 2346/3/2346 2330/3/2330
f 2330/3/2330 2346/3/2346 2331/3/2331 2315/3/2315
f 2331/3/2331 2347/3/2347 2348/3/2348 2332/3/2332
f 2332/3/2332 2348/3/2348 2349/3/2349 2333/3/2333
f 2333/3/2333 2349/3/2349 2350/3/2350 2334/3/2334
f 2334/3/2334 2350/3/2350 2351/3/2351 2335/3/2335
f 2335/3/2335 2351/3/2351 2352/3/2352 2336/3/2336
f 2336/3/2336 2352/3/2352 2353/3/2353 2337/3/2337
f 2337/3/2337 2353/3/2353 2354/3/2354 2338/3/2338
f 2338/3/2338 2354/3/2354 2355/3/2355 2339/3/2339
f 2339/3/2339 2355/3/2355 2356/3/2356 2340/3/2340
f 2340/3/2340 2356/3/2356 2357/3/2357 2341/3/2341
f 2341/3/2341 2357/3/2357 2358/3/2358 2342/3/2342
f 2342/3/2342 2358/3/2358 2359/3/2359 2343/3/2343
f 2343/3/2343 2359/3/2359 2360/3/2360 2344/3/2344
f 2344/3/2344 2360/3/2360 2361/3/2361 2345/3/2345
f 2345/3/2345 2361/3/2361 2362/3/2362 2346/3/2346
f 2346/3/2346 2362/3/2362 2347/3/2347 2331/3/2331
f 2347/3/2347 1387/3/1387 1388/3/1388 2348/3/2348
f 2348/3/2348 1388/3/1388 1389/3/1389 2349/3/2349
f 2349/3/2349 1389/3/1389 1390/3/1390 2350/3/2350
f 2350/3/2350 1390/3/1390 1391/3/1391 2351/3/2351
f 2351/3/2351 1391/3/1391 1392/3/1392 2352/3/2352
f 2352/3/2352 1392/3/1392 1393/3/1393 2353/3/2353
f 2353/3/2353 1393/3/1393 1394/3/1394 2354/3/2354
f 2354/3/2354 1394/3/1394 1395/3/1395 2355/3/2355
f 2355/3/2355 1395/3/1395 1396/3/1396 2356/3/2356
f 2356/3/2356 1396/3/1396 1397/3/1397 2357/3/2357
f 2357/3/2357 1397/3/1397 1398/3/1398 2358/3/2358
f 2358/3/2358 1398/3/1398 1399/3/1399 2359/3/2359
f 2359/3/2359 1399/3/1399 1400/3/1400 2360/3/2360
f 2360/3/2360 1400/3/1400 1401/3/1401 2361/3/2361
f 2361/3/2361 1401/3/1401 1402/3/1402 2362/3/2362
f 2362/3/2362 1402/3/1402 1387/3/1387 2347/3/2347
f 2363/4/1387 2379/4/1403 2380/4/1404 2364/4/1388
f 2364/4/1388 2380/4/1404 2381/4/1405 2365/4/1389
f 2365/4/1389 2381/4/1405 2382/4/1406 2366/4/1390
f 2366/4/1390 2382/4/1406 2383/4/1407 2367/4/1391
f 2367/4/1391 2383/4/1407 2384/4/1408 2368/4/1392
f 2368/4/1392 2384/4/1408 2385/4/1409 2369/4/1393
f 2369/4/1393 2385/4/1409 2386/4/1410 2370/4/1394
f 2370/4/1394 2386/4/1410 2387/4/1411 2371/4/1395
f 2371/4/1395 2387/4/1411 2388/4/1412 2372/4/1396
f 2372/4/1396 2388/4/1412 2389/4/1413 2373/4/1397
f 2373/4/1397 2389/4/1413 2390/4/1414 2374/4/1398
f 2374/4/1398 2390/4/1414 2391/4/1415 2375/4/1399
f 2375/4/1399 2391/4/1415 2392/4/1416 2376/4/1400
f 2376/4/1400 2392/4/1416 2393/4/1417 2377/4/1401
f 2377/4/1401 2393/4/1417 2394/4/1418 2378/4/1402
f 2378/4/1402 2394/4/1418 2379/4/1403 2363/4/1387
f 2379/4/1403 2395/4/1419 2396/4/1420 2380/4/1404
f 2380/4/1404 2396/4/1420 2397/4/1421 2381/4/1405
f 2381/4/1405 2397/4/1421 2398/4/1422 2382/4/1406
f 2382/4/1406 2398/4/1422 2399/4/1423 2383/4/1407
f 2383/4/1407 2399/4/1423 2400/4/1424 2384/4/1408
f 2384/4/1408 2400/4/1424 2401/4/1425 2385/4/1409
f 2385/4/1409 2401/4/1425 2402/4/1426 2386/4/1410
f 2386/4/1410 2402/4/1426 2403/4/1427 2387/4/1411
f 2387/4/1411 2403/4/1427 2404/4/1428 2388/4/1412
f 2388/4/1412 2404/4/1428 2405/4/1429 2389/4/1413
f 2389/4/1413 2405/4/1429 2406/4/1430 2390/4/1414
f 2390/4/1414 2406/4/1430 2407/4/1431 2391/4/1415
f 2391/4/1415 2407/4/1431 2408/4/1432 2392/4/1416
f 2392/4/1416 2408/4/1432 2409/4/1433 2393/4/1417
f 2393/4/1417 2409/4/1433 2410/4/1434 2394/4/1418
f 2394/4/1418 2410/4/1434 2395/4/1419 2379/4/1403
f 2395/4/1419 2411/4/1435 2412/4/1436 2396/4/1420
f 2396/4/1420 2412/4/1436 2413/4/1437 2397/4/1421
f 2397/4/1421 2413/4/1437 2414/4/1438 2398/4/1422
f 2398/4/1422 2414/4/1438 2415/4/1439 2399/4/1423
f 2399/4/1423 2415/4/1439 2416/4/1440 2400/4/1424
f 2400/4/1424 2416/4/1440 2417/4/1441 2401/4/1425
f 2401/4/1425 2417/4/1441 2418/4/1442 2402/4/1426
f 2402/4/1426 2418/4/1442 2419/4/1443 2403/4/1427
f 2403/4/1427 2419/4/1443 2420/4/1444 2404/4/1428
f 2404/4/1428 2420/4/1444 2421/4/1445 2405/4/1429
f 2405/4/1429 2421/4/1445 2422/4/1446 2406/4/1430
f 2406/4/1430 2422/4/1446 2423/4/1447 2407/4/1431
f 2407/4/1431 2423/4/1447 2424/4/1448 2408/4/1432
f 2408/4/1432 2424/4/1448 2425/4/1449 2409/4/1433
f 2409/4/1433 2425/4/1449 2426/4/1450 2410/4/1434
f 2410/4/1434 2426/4/1450 2411/4/1435 2395/4/1419
f 2411/4/1435 2427/4/1451 2428/4/1452 2412/4/1436
f 2412/4/1436 2428/4/1452 2429/4/1453 2413/4/1437
f 2413/4/1437 2429/4/1453 2430/4/1454 2414/4/1438
f 2414/4/1438 2430/4/1454 2431/4/1455 2415/4/1439
f 2415/4/1439 2431/4/1455 2432/4/1456 2416/4/1440
f 2416/4/1440 2432/4/1456 2433/4/1457 2417/4/1441
f 2417/4/1441 2433/4/1457 2434/4/1458 2418/4/1442
f 2418/4/1442 2434/4/1458 2435/4/1459 2419/4/1443
f 2419/4/1443 2435/4/1459 2436/4/1460 2420/4/1444
f 2420/4/1444 2436/4/1460 2437/4/1461 2421/4/1445
f 2421/4/1445 2437/4/1461 2438/4/1462 2422/4/1446
f 2422/4/1446 2438/4/1462 2439/4/1463 2423/4/1447
f 2423/4/1447 2439/4/1463 2440/4/1464 2424/4/1448
f 2424/4/1448 2440/4/1464 2441/4/1465 2425/4/1449
f 2425/4/1449 2441/4/1465 2442/4/1466 2426/4/1450
f 2426/4/1450 2442/4/1466 2427/4/1451 2411/4/1435
f 2427/4/1451 2443/4/1467 2444/4/1468 2428/4/1452
f 2428/4/1452 2444/4/1468 2445/4/1469 2429/4/1453
f 2429/4/1453 2445/4/1469 2446/4/1470 2430/4/1454
f 2430/4/1454 2446/4/1470 2447/4/1471 2431/4/1455
f 2431/4/1455 2447/4/1471 2448/4/1472 2432/4/1456
f 2432/4/1456 2448/4/1472 2449/4/1473 2433/4/1457
f 2433/4/1457 2449/4/1473 2450/4/1474 2434/4/1458
f 2434/4/1458 2450/4/1474 2451/4/1475 2435/4/1459
f 2435/4/1459 2451/4/1475 2452/4/1476 2436/4/1460
f 2436/4/1460 2452/4/1476 2453/4/1477 2437/4/1461
f 2437/4/1461 2453/4/1477 2454/4/1478 2438/4/1462
f 2438/4/1462 2454/4/1478 2455/4/1479 2439/4/1463
f 2439/4/1463 2455/4/1479 2456/4/1480 2440/4/1464
f 2440/4/1464 2456/4/1480 2457/4/1481 2441/4/1465
f 2441/4/1465 2457/4/1481 2458/4/1482 2442/4/1466
f 2442/4/1466 2458/4/1482 2443/4/1467 2427/4/1451
f 2443/4/1467 2459/4/1483 2460/4/1484 2444/4/1468
f 2444/4/1468 2460/4/1484 2461/4/1485 2445/4/1469
f 2445/4/1469 2461/4/1485 2462/4/1486 2446/4/1470
f 2446/4/1470 2462/4/1486 2463/4/1487 2447/4/1471
f 2447/4/1471 2463/4/1487 2464/4/1488 2448/4/1472
f 2448/4/1472 2464/4/1488 2465/4/1489 2449/4/1473
f 2449/4/1473 2465/4/1489 2466/4/1490 2450/4/1474
f 2450/4/1474 2466/4/1490 2467/4/2363 2451/4/1475
f 2451/4/1475 2467/4/2363 2468/4/1492 2452/4/1476
f 2452/4/1476 2468/4/1492 2469/4/1493 2453/4/1477
f 2453/4/1477 2469/4/1493 2470/4/1494 2454/4/1478
f 2454/4/1478 2470/4/1494 2471/4/1495 2455/4/1479
f 2455/4/1479 2471/4/1495 2472/4/1496 2456/4/1480
f 2456/4/1480 2472/4/1496 2473/4/1497 2457/4/1481
f 2457/4/1481 2473/4/1497 2474/4/1498 2458/4/1482
f 2458/4/1482 2474/4/1498 2459/4/1483 2443/4/1467
f 2459/4/1483 2475/4/1499 2476/4/1500 2460/4/1484
f 2460/4/1484 2476/4/1500 2477/4/1501 2461/4/1485
f 2461/4/1485 2477/4/1501 2478/4/1502 2462/4/1486
f 2462/4/1486 2478/4/1502 2479/4/1503 2463/4/1487
f 2463/4/1487 2479/4/1503 2480/4/1504 2464/4/1488
f 2464/4/1488 2480/4/1504 2481/4/1505 2465/4/1489
f 2465/4/1489 2481/4/1505 2482/4/1506 2466/4/1490
f 2466/4/1490 2482/4/1506 2483/4/1507 2467/4/2363
f 2467/4/2363 2483/4/1507 2484/4/1508 2468/4/1492
f 2468/4/1492 2484/4/1508 2485/4/1509 2469/4/1493
f 2469/4/1493 2485/4/1509 2486/4/1510 2470/4/1494
f 2470/4/1494 2486/4/1510 2487/4/1511 2471/4/1495
f 2471/4/1495 2487/4/1511 2488/4/1512 2472/4/1496
f 2472/4/1496 2488/4/1512 2489/4/1513 2473/4/1497
f 2473/4/1497 2489/4/1513 2490/4/1514 2474/4/1498
f 2474/4/1498 2490/4/1514 2475/4/1499 2459/4/1483
f 2475/4/1499 2491/4/1515 2492/4/1516 2476/4/1500
f 2476/4/1500 2492/4/1516 2493/4/1517 2477/4/1501
f 2477/4/1501 2493/4/1517 2494/4/1518 2478/4/1502
f 2478/4/1502 2494/4/1518 2495/4/1519 2479/4/1503
f 2479/4/1503 2495/4/1519 2496/4/1520 2480/4/1504
f 2480/4/1504 2496/4/1520 2497/4/1521 2481/4/1505
f 2481/4/1505 2497/4/1521 2498/4/1522 2482/4/1506
f 2482/4/1506 2498/4/1522 2499/4/1523 2483/4/1507
f 2483/4/1507 2499/4/1523 2500/4/1524 2484/4/1508
f 2484/4/1508 2500/4/1524 2501/4/1525 2485/4/1509
f 2485/4/1509 2501/4/1525 2502/4/1526 2486/4/1510
f 2486/4/1510 2502/4/1526 2503/4/1527 2487/4/1511
f 2487/4/1511 2503/4/1527 2504/4/1528 2488/4/1512
f 2488/4/1512 2504/4/1528 2505/4/1529 2489/4/1513
f 2489/4/1513 2505/4/1529 2506/4/1530 2490/4/1514
f 2490/4/1514 2506/4/1530 2491/4/1515 2475/4/1499
f 2491/4/1515 2507/4/1531 2508/4/1532 2492/4/1516
f 2492/4/1516 2508/4/1532 2509/4/1533 2493/4/1517
f 2493/4/1517 2509/4/1533 2510/4/1534 2494/4/1518
f 2494/4/1518 2510/4/1534 2511/4/1535 2495/4/1519
f 2495/4/1519 2511/4/1535 2512/4/1536 2496/4/1520
f 2496/4/1520 2512/4/1536 2513/4/1537 2497/4/1521
f 2497/4/1521 2513/4/1537 2514/4/1538 2498/4/1522
f 2498/4/1522 2514/4/1538 2515/4/1539 2499/4/1523
f 2499/4/1523 2515/4/1539 2516/4/1540 2500/4/1524
f 2500/4/1524 2516/4/1540 2517/4/1541 2501/4/1525
f 2501/4/1525 2517/4/1541 2518/4/1542 2502/4/1526
f 2502/4/1526 2518/4/1542 2519/4/1543 2503/4/1527
f 2503/4/1527 2519/4/1543 2520/4/1544 2504/4/1528
f 2504/4/1528 2520/4/1544 2521/4/1545 2505/4/1529
f 2505/4/1529 2521/4/1545 2522/4/1546 2506/4/1530
f 2506/4/1530 2522/4/1546 2507/4/1531 2491/4/1515
f 2507/4/1531 2523/4/1547 2524/4/1548 2508/4/1532
f 2508/4/1532 2524/4/1548 2525/4/1549 2509/4/1533
f 2509/4/1533 2525/4/1549 2526/4/1550 2510/4/1534
f 2510/4/1534 2526/4/1550 2527/4/1551 2511/4/1535
f 2511/4/1535 2527/4/1551 2528/4/1552 2512/4/1536
f 2512/4/1536 2528/4/1552 2529/4/1553 2513/4/1537
f 2513/4/1537 2529/4/1553 2530/4/1554 2514/4/1538
f 2514/4/1538 2530/4/1554 2531/4/1555 2515/4/1539
f 2515/4/1539 2531/4/1555 2532/4/1556 2516/4/1540
f 2516/4/1540 2532/4/1556 2533/4/1557 2517/4/1541
f 2517/4/1541 2533/4/1557 2534/4/1558 2518/4/1542
f 2518/4/1542 2534/4/1558 2535/4/1559 2519/4/1543
f 2519/4/1543 2535/4/1559 2536/4/1560 2520/4/1544
f 2520/4/1544 2536/4/1560 2537/4/1561 2521/4/1545
f 2521/4/1545 2537/4/1561 2538/4/1562 2522/4/1546
f 2522/4/1546 2538/4/1562 2523/4/1547 2507/4/1531
f 2523/4/1547 2539/4/1563 2540/4/1564 2524/4/1548
f 2524/4/1548 2540/4/1564 2541/4/1565 2525/4/1549
f 2525/4/1549 2541/4/1565 2542/4/1566 2526/4/1550
f 2526/4/1550 2542/4/1566 2543/4/1567 2527/4/1551
f 2527/4/1551 2543/4/1567 2544/4/1568 2528/4/1552
f 2528/4/1552 2544/4/1568 2545/4/1569 2529/4/1553
f 2529/4/1553 2545/4/1569 2546/4/1570 2530/4/1554
f 2530/4/1554 2546/4/1570 2547/4/1571 2531/4/1555
f 2531/4/1555 2547/4/1571 2548/4/1572 2532/4/1556
f 2532/4/1556 2548/4/1572 2549/4/1573 2533/4/1557
f 2533/4/1557 2549/4/1573 2550/4/1574 2534/4/1558
f 2534/4/1558 2550/4/1574 2551/4/1575 2535/4/1559
f 2535/4/1559 2551/4/1575 2552/4/1576 2536/4/1560
f 2536/4/1560 2552/4/1576 2553/4/2364 2537/4/1561
f 2537/4/1561 2553/4/2364 2554/4/1578 2538/4/1562
f 2538/4/1562 2554/4/1578 2539/4/1563 2523/4/1547
f 2539/4/1563 2555/4/1579 2556/4/1580 2540/4/1564
f 2540/4/1564 2556/4/1580 2557/4/1581 2541/4/1565
f 2541/4/1565 2557/4/1581 2558/4/1582 2542/4/1566
f 2542/4/1566 2558/4/1582 2559/4/1583 2543/4/1567
f 2543/4/1567 2559/4/1583 2560/4/1584 2544/4/1568
f 2544/4/1568 2560/4/1584 2561/4/1585 2545/4/1569
f 2545/4/1569 2561/4/1585 2562/4/1586 2546/4/1570
f 2546/4/1570 2562/4/1586 2563/4/1587 2547/4/1571
f 2547/4/1571 2563/4/1587 2564/4/1588 2548/4/1572
f 2548/4/1572 2564/4/1588 2565/4/1589 2549/4/1573
f 2549/4/1573 2565/4/1589 2566/4/1590 2550/4/1574
f 2550/4/1574 2566/4/1590 2567/4/1591 2551/4/1575
f 2551/4/1575 2567/4/1591 2568/4/1592 2552/4/1576
f 2552/4/1576 2568/4/1592 2569/4/1593 2553/4/2364
f 2553/4/2364 2569/4/1593 2570/4/1594 2554/4/1578
f 2554/4/1578 2570/4/1594 2555/4/1579 2539/4/1563
f 2555/4/1579 2571/4/1595 2572/4/1596 2556/4/1580
f 2556/4/1580 2572/4/1596 2573/4/1597 2557/4/1581
f 2557/4/1581 2573/4/1597 2574/4/1598 2558/4/1582
f 2558/4/1582 2574/4/1598 2575/4/1599 2559/4/1583
f 2559/4/1583 2575/4/1599 2576/4/1600 2560/4/1584
f 2560/4/1584 2576/4/1600 2577/4/1601 2561/4/1585
f 2561/4/1585 2577/4/1601 2578/4/1602 2562/4/1586
f 2562/4/1586 2578/4/1602 2579/4/1603 2563/4/1587
f 2563/4/1587 2579/4/1603 2580/4/1604 2564/4/1588
f 2564/4/1588 2580/4/1604 2581/4/1605 2565/4/1589
f 2565/4/1589 2581/4/1605 2582/4/1606 2566/4/1590
f 2566/4/1590 2582/4/1606 2583/4/1607 2567/4/1591
f 2567/4/1591 2583/4/1607 2584/4/1608 2568/4/1592
f 2568/4/1592 2584/4/1608 2585/4/1609 2569/4/1593
f 2569/4/1593 2585/4/1609 2586/4/1610 2570/4/1594
f 2570/4/1594 2586/4/1610 2571/4/1595 2555/4/1579
f 2571/4/1595 2587/4/1611 2588/4/1612 2572/4/1596
f 2572/4/1596 2588/4/1612 2589/4/1613 2573/4/1597
f 2573/4/1597 2589/4/1613 2590/4/1614 2574/4/1598
f 2574/4/1598 2590/4/1614 2591/4/1615 2575/4/1599
f 2575/4/1599 2591/4/1615 2592/4/1616 2576/4/1600
f 2576/4/1600 2592/4/1616 2593/4/1617 2577/4/1601
f 2577/4/1601 2593/4/1617 2594/4/1618 2578/4/1602
f 2578/4/1602 2594/4/1618 2595/4/1619 2579/4/1603
f 2579/4/1603 2595/4/1619 2596/4/1620 2580/4/1604
f 2580/4/1604 2596/4/1620 2597/4/1621 2581/4/1605
f 2581/4/1605 2597/4/1621 2598/4/1622 2582/4/1606
f 2582/4/1606 2598/4/1622 2599/4/1623 2583/4/1607
f 2583/4/1607 2599/4/1623 2600/4/1624 2584/4/1608
f 2584/4/1608 2600/4/1624 2601/4/1625 2585/4/1609
f 2585/4/1609 2601/4/1625 2602/4/1626 2586/4/1610
f 2586/4/1610 2602/4/1626 2587/4/1611 2571/4/1595
f 2587/4/1611 2603/4/1627 2604/4/1628 2588/4/1612
f 2588/4/1612 2604/4/1628 2605/4/1629 2589/4/1613
f 2589/4/1613 2605/4/1629 2606/4/1630 2590/4/1614
f 2590/4/1614 2606/4/1630 2607/4/1631 2591/4/1615
f 2591/4/1615 2607/4/1631 2608/4/1632 2592/4/1616
f 2592/4/1616 2608/4/1632 2609/4/1633 2593/4/1617
f 2593/4/1617 2609/4/1633 2610/4/1634 2594/4/1618
f 2594/4/1618 2610/4/1634 2611/4/1635 2595/4/1619
f 2595/4/1619 2611/4/1635 2612/4/1636 2596/4/1620
f 2596/4/1620 2612/4/1636 2613/4/1637 2597/4/1621
f 2597/4/1621 2613/4/1637 2614/4/1638 2598/4/1622
f 2598/4/1622 2614/4/1638 2615/4/1639 2599/4/1623
f 2599/4/1623 2615/4/1639 2616/4/1640 2600/4/1624
f 2600/4/1624 2616/4/1640 2617/4/1641 2601/4/1625
f 2601/4/1625 2617/4/1641 2618/4/1642 2602/4/1626
f 2602/4/1626 2618/4/1642 2603/4/1627 2587/4/1611
f 2603/4/1627 2619/4/1643 2620/4/1644 2604/4/1628
f 2604/4/1628 2620/4/1644 2621/4/1645 2605/4/1629
f 2605/4/1629 2621/4/1645 2622/4/1646 2606/4/1630
f 2606/4/1630 2622/4/1646 2623/4/1647 2607/4/1631
f 2607/4/1631 2623/4/1647 2624/4/1648 2608/4/1632
f 2608/4/1632 2624/4/1648 2625/4/1649 2609/4/1633
f 2609/4/1633 2625/4/1649 2626/4/1650 2610/4/1634
f 2610/4/1634 2626/4/1650 2627/4/1651 2611/4/1635
f 2611/4/1635 2627/4/1651 2628/4/1652 2612/4/1636
f 2612/4/1636 2628/4/1652 2629/4/1653 2613/4/1637
f 2613/4/1637 2629/4/1653 2630/4/1654 2614/4/1638
f 2614/4/1638 2630/4/1654 2631/4/1655 2615/4/1639
f 2615/4/1639 2631/4/1655 2632/4/1656 2616/4/1640
f 2616/4/1640 2632/4/1656 2633/4/1657 2617/4/1641
f 2617/4/1641 2633/4/1657 2634/4/1658 2618/4/1642
f 2618/4/1642 2634/4/1658 2619/4/1643 2603/4/1627
f 2619/4/1643 2635/4/1659 2636/4/1660 2620/4/1644
f 2620/4/1644 2636/4/1660 2637/4/1661 2621/4/1645
f 2621/4/1645 2637/4/1661 2638/4/1662 2622/4/1646
f 2622/4/1646 2638/4/1662 2639/4/1663 2623/4/1647
f 2623/4/1647 2639/4/1663 2640/4/1664 2624/4/1648
f 2624/4/1648 2640/4/1664 2641/4/1665 2625/4/1649
f 2625/4/1649 2641/4/1665 2642/4/1666 2626/4/1650
f 2626/4/1650 2642/4/1666 2643/4/1667 2627/4/1651
f 2627/4/1651 2643/4/1667 2644/4/1668 2628/4/1652
f 2628/4/1652 2644/4/1668 2645/4/1669 2629/4/1653
f 2629/4/1653 2645/4/1669 2646/4/1670 2630/4/1654
f 2630/4/1654 2646/4/1670 2647/4/1671 2631/4/1655
f 2631/4/1655 2647/4/1671 2648/4/1672 2632/4/1656
f 2632/4/1656 2648/4/1672 2649/4/1673 2633/4/1657
f 2633/4/1657 2649/4/1673 2650/4/1674 2634/4/1658
f 2634/4/1658 2650/4/1674 2635/4/1659 2619/4/1643
f 2635/4/1659 2651/4/1675 2652/4/1676 2636/4/1660
f 2636/4/1660 2652/4/1676 2653/4/1677 2637/4/1661
f 2637/4/1661 2653/4/1677 2654/4/1678 2638/4/1662
f 2638/4/1662 2654/4/1678 2655/4/1679 2639/4/1663
f 2639/4/1663 2655/4/1679 2656/4/1680 2640/4/1664
f 2640/4/1664 2656/4/1680 2657/4/1681 2641/4/1665
f 2641/4/1665 2657/4/1681 2658/4/1682 2642/4/1666
f 2642/4/1666 2658/4/1682 2659/4/1683 2643/4/1667
f 2643/4/1667 2659/4/1683 2660/4/1684 2644/4/1668
f 2644/4/1668 2660/4/1684 2661/4/1685 2645/4/1669
f 2645/4/1669 2661/4/1685 2662/4/1686 2646/4/1670
f 2646/4/1670 2662/4/1686 2663/4/1687 2647/4/1671
f 2647/4/1671 2663/4/1687 2664/4/1688 2648/4/1672
f 2648/4/1672 2664/4/1688 2665/4/1689 2649/4/1673
f 2649/4/1673 2665/4/1689 2666/4/1690 2650/4/1674
f 2650/4/1674 2666/4/1690 2651/4/1675 2635/4/1659
f 2651/4/1675 2667/4/1691 2668/4/1692 2652/4/1676
f 2652/4/1676 2668/4/1692 2669/4/1693 2653/4/1677
f 2653/4/1677 2669/4/1693 2670/4/1694 2654/4/1678
f 2654/4/1678 2670/4/1694 2671/4/1695 2655/4/1679
f 2655/4/1679 2671/4/1695 2672/4/1696 2656/4/1680
f 2656/4/1680 2672/4/1696 2673/4/1697 2657/4/1681
f 2657/4/1681 2673/4/1697 2674/4/1698 2658/4/1682
f 2658/4/1682 2674/4/1698 2675/4/1699 2659/4/1683
f 2659/4/1683 2675/4/1699 2676/4/1700 2660/4/1684
f 2660/4/1684 2676/4/1700 2677/4/1701 2661/4/1685
f 2661/4/1685 2677/4/1701 2678/4/1702 2662/4/1686
f 2662/4/1686 2678/4/1702 2679/4/1703 2663/4/1687
f 2663/4/1687 2679/4/1703 2680/4/1704 2664/4/1688
f 2664/4/1688 2680/4/1704 2681/4/1705 2665/4/1689
f 2665/4/1689 2681/4/1705 2682/4/1706 2666/4/1690
f 2666/4/1690 2682/4/1706 2667/4/1691 2651/4/1675
f 2667/4/1691 2683/4/1707 2684/4/1708 2668/4/1692
f 2668/4/1692 2684/4/1708 2685/4/1709 2669/4/1693
f 2669/4/1693 2685/4/1709 2686/4/1710 2670/4/1694
f 2670/4/1694 2686/4/1710 2687/4/1711 2671/4/1695
f 2671/4/1695 2687/4/1711 2688/4/1712 2672/4/1696
f 2672/4/1696 2688/4/1712 2689/4/1713 2673/4/1697
f 2673/4/1697 2689/4/1713 2690/4/1714 2674/4/1698
f 2674/4/1698 2690/4/1714 2691/4/1715 2675/4/1699
f 2675/4/1699 2691/4/1715 2692/4/1716 2676/4/1700
f 2676/4/1700 2692/4/1716 2693/4/1717 2677/4/1701
f 2677/4/1701 2693/4/1717 2694/4/1718 2678/4/1702
f 2678/4/1702 2694/4/1718 2695/4/1719 2679/4/1703
f 2679/4/1703 2695/4/1719 2696/4/1720 2680/4/1704
f 2680/4/1704 2696/4/1720 2697/4/1721 2681/4/1705
f 2681/4/1705 2697/4/1721 2698/4/1722 2682/4/1706
f 2682/4/1706 2698/4/1722 2683/4/1707 2667/4/1691
f 2683/4/1707 2699/4/1723 2700/4/1724 2684/4/1708
f 2684/4/1708 2700/4/1724 2701/4/1725 2685/4/1709
f 2685/4/1709 2701/4/1725 2702/4/1726 2686/4/1710
f 2686/4/1710 2702/4/1726 2703/4/1727 2687/4/1711
f 2687/4/1711 2703/4/1727 2704/4/1728 2688/4/1712
f 2688/4/1712 2704/4/1728 2705/4/1729 2689/4/1713
f 2689/4/1713 2705/4/1729 2706/4/1730 2690/4/1714
f 2690/4/1714 2706/4/1730 2707/4/1731 2691/4/1715
f 2691/4/1715 2707/4/1731 2708/4/1732 2692/4/1716
f 2692/4/1716 2708/4/1732 2709/4/1733 2693/4/1717
f 2693/4/1717 2709/4/1733 2710/4/1734 2694/4/1718
f 2694/4/1718 2710/4/1734 2711/4/1735 2695/4/1719
f 2695/4/1719 2711/4/1735 2712/4/1736 2696/4/1720
f 2696/4/1720 2712/4/1736 2713/4/1737 2697/4/1721
f 2697/4/1721 2713/4/1737 2714/4/1738 2698/4/1722
f 2698/4/1722 2714/4/1738 2699/4/1723 2683/4/1707
f 2699/4/1723 2715/4/1739 2716/4/1740 2700/4/1724
f 2700/4/1724 2716/4/1740 2717/4/1741 2701/4/1725
f 2701/4/1725 2717/4/1741 2718/4/1742 2702/4/1726
f 2702/4/1726 2718/4/1742 2719/4/1743 2703/4/1727
f 2703/4/1727 2719/4/1743 2720/4/1744 2704/4/1728
f 2704/4/1728 2720/4/1744 2721/4/1745 2705/4/1729
f 2705/4/1729 2721/4/1745 2722/4/1746 2706/4/1730
f 2706/4/1730 2722/4/1746 2723/4/1747 2707/4/1731
f 2707/4/1731 2723/4/1747 2724/4/1748 2708/4/1732
f 2708/4/1732 2724/4/1748 2725/4/1749 2709/4/1733
f 2709/4/1733 2725/4/1749 2726/4/1750 2710/4/1734
f 2710/4/1734 2726/4/1750 2727/4/1751 2711/4/1735
f 2711/4/1735 2727/4/1751 2728/4/1752 2712/4/1736
f 2712/4/1736 2728/4/1752 2729/4/1753 2713/4/1737
f 2713/4/1737 2729/4/1753 2730/4/1754 2714/4/1738
f 2714/4/1738 2730/4/1754 2715/4/1739 2699/4/1723
f 2715/4/1739 2731/4/1755 2732/4/1756 2716/4/1740
f 2716/4/1740 2732/4/1756 2733/4/1757 2717/4/1741
f 2717/4/1741 2733/4/1757 2734/4/1758 2718/4/1742
f 2718/4/1742 2734/4/1758 2735/4/1759 2719/4/1743
f 2719/4/1743 2735/4/1759 2736/4/1760 2720/4/1744
f 2720/4/1744 2736/4/1760 2737/4/1761 2721/4/1745
f 2721/4/1745 2737/4/1761 2738/4/1762 2722/4/1746
f 2722/4/1746 2738/4/1762 2739/4/1763 2723/4/1747
f 2723/4/1747 2739/4/1763 2740/4/1764 2724/4/1748
f 2724/4/1748 2740/4/1764 2741/4/1765 2725/4/1749
f 2725/4/1749 2741/4/1765 2742/4/1766 2726/4/1750
f 2726/4/1750 2742/4/1766 2743/4/1767 2727/4/1751
f 2727/4/1751 2743/4/1767 2744/4/1768 2728/4/1752
f 2728/4/1752 2744/4/1768 2745/4/1769 2729/4/1753
f 2729/4/1753 2745/4/1769 2746/4/1770 2730/4/1754
f 2730/4/1754 2746/4/1770 2731/4/1755 2715/4/1739
f 2731/4/1755 2747/4/1771 2748/4/1772 2732/4/1756
f 2732/4/1756 2748/4/1772 2749/4/1773 2733/4/1757
f 2733/4/1757 2749/4/1773 2750/4/1774 2734/4/1758
f 2734/4/1758 2750/4/1774 2751/4/1775 2735/4/1759
f 2735/4/1759 2751/4/1775 2752/4/1776 2736/4/1760
f 2736/4/1760 2752/4/1776 2753/4/1777 2737/4/1761
f 2737/4/1761 2753/4/1777 2754/4/1778 2738/4/1762
f 2738/4/1762 2754/4/1778 2755/4/1779 2739/4/1763
f 2739/4/1763 2755/4/1779 2756/4/1780 2740/4/1764
f 2740/4/1764 2756/4/1780 2757/4/1781 2741/4/1765
f 2741/4/1765 2757/4/1781 2758/4/1782 2742/4/1766
f 2742/4/1766 2758/4/1782 2759/4/1783 2743/4/1767
f 2743/4/1767 2759/4/1783 2760/4/1784 2744/4/1768
f 2744/4/1768 2760/4/1784 2761/4/1785 2745/4/1769
f 2745/4/1769 2761/4/1785 2762/4/1786 2746/4/1770
f 2746/4/1770 2762/4/1786 2747/4/1771 2731/4/1755
f 2747/4/1771 2763/4/1787 2764/4/1788 2748/4/1772
f 2748/4/1772 2764/4/1788 2765/4/2365 2749/4/1773
f 2749/4/1773 2765/4/2365 2766/4/1790 2750/4/1774
f 2750/4/1774 2766/4/1790 2767/4/1791 2751/4/1775
f 2751/4/1775 2767/4/1791 2768/4/1792 2752/4/1776
f 2752/4/1776 2768/4/1792 2769/4/1793 2753/4/1777
f 2753/4/1777 2769/4/1793 2770/4/1794 2754/4/1778
f 2754/4/1778 2770/4/1794 2771/4/1795 2755/4/1779
f 2755/4/1779 2771/4/1795 2772/4/1796 2756/4/1780
f 2756/4/1780 2772/4/1796 2773/4/1797 2757/4/1781
f 2757/4/1781 2773/4/1797 2774/4/1798 2758/4/1782
f 2758/4/1782 2774/4/1798 2775/4/1799 2759/4/1783
f 2759/4/1783 2775/4/1799 2776/4/1800 2760/4/1784
f 2760/4/1784 2776/4/1800 2777/4/1801 2761/4/1785
f 2761/4/1785 2777/4/1801 2778/4/1802 2762/4/1786
f 2762/4/1786 2778/4/1802 2763/4/1787 2747/4/1771
f 2763/4/1787 2779/4/1803 2780/4/1804 2764/4/1788
f 2764/4/1788 2780/4/1804 2781/4/1805 2765/4/2365
f 2765/4/2365 2781/4/1805 2782/4/1806 2766/4/1790
f 2766/4/1790 2782/4/1806 2783/4/1807 2767/4/1791
f 2767/4/1791 2783/4/1807 2784/4/1808 2768/4/1792
f 2768/4/1792 2784/4/1808 2785/4/1809 2769/4/1793
f 2769/4/1793 2785/4/1809 2786/4/1810 2770/4/1794
f 2770/4/1794 2786/4/1810 2787/4/1811 2771/4/1795
f 2771/4/1795 2787/4/1811 2788/4/1812 2772/4/1796
f 2772/4/1796 2788/4/1812 2789/4/1813 2773/4/1797
f 2773/4/1797 2789/4/1813 2790/4/1814 2774/4/1798
f 2774/4/1798 2790/4/1814 2791/4/1815 2775/4/1799
f 2775/4/1799 2791/4/1815 2792/4/1816 2776/4/1800
f 2776/4/1800 2792/4/1816 2793/4/1817 2777/4/1801
f 2777/4/1801 2793/4/1817 2794/4/1818 2778/4/1802
f 2778/4/1802 2794/4/1818 2779/4/1803 2763/4/1787
f 2779/4/1803 2795/4/1819 2796/4/1820 2780/4/1804
f 2780/4/1804 2796/4/1820 2797/4/1821 2781/4/1805
f 2781/4/1805 2797/4/1821 2798/4/1822 2782/4/1806
f 2782/4/1806 2798/4/1822 2799/4/1823 2783/4/1807
f 2783/4/1807 2799/4/1823 2800/4/1824 2784/4/1808
f 2784/4/1808 2800/4/1824 2801/4/1825 2785/4/1809
f 2785/4/1809 2801/4/1825 2802/4/1826 2786/4/1810
f 2786/4/1810 2802/4/1826 2803/4/1827 2787/4/1811
f 2787/4/1811 2803/4/1827 2804/4/1828 2788/4/1812
f 2788/4/1812 2804/4/1828 2805/4/1829 2789/4/1813
f 2789/4/1813 2805/4/1829 2806/4/1830 2790/4/1814
f 2790/4/1814 2806/4/1830 2807/4/1831 2791/4/1815
f 2791/4/1815 2807/4/1831 2808/4/1832 2792/4/1816
f 2792/4/1816 2808/4/1832 2809/4/1833 2793/4/1817
f 2793/4/1817 2809/4/1833 2810/4/1834 2794/4/1818
f 2794/4/1818 2810/4/1834 2795/4/1819 2779/4/1803
f 2795/4/1819 2811/4/1835 2812/4/1836 2796/4/1820
f 2796/4/1820 2812/4/1836 2813/4/1837 2797/4/1821
f 2797/4/1821 2813/4/1837 2814/4/1838 2798/4/1822
f 2798/4/1822 2814/4/1838 2815/4/1839 2799/4/1823
f 2799/4/1823 2815/4/1839 2816/4/1840 2800/4/1824
f 2800/4/1824 2816/4/1840 2817/4/1841 2801/4/1825
f 2801/4/1825 2817/4/1841 2818/4/2366 2802/4/1826
f 2802/4/1826 2818/4/2366 2819/4/1843 2803/4/1827
f 2803/4/1827 2819/4/1843 2820/4/1844 2804/4/1828
f 2804/4/1828 2820/4/1844 2821/4/1845 2805/4/1829
f 2805/4/1829 2821/4/1845 2822/4/1846 2806/4/1830
f 2806/4/1830 2822/4/1846 2823/4/1847 2807/4/1831
f 2807/4/1831 2823/4/1847 2824/4/1848 2808/4/1832
f 2808/4/1832 2824/4/1848 2825/4/1849 2809/4/1833
f 2809/4/1833 2825/4/1849 2826/4/1850 2810/4/1834
f 2810/4/1834 2826/4/1850 2811/4/1835 2795/4/1819
f 2811/4/1835 2827/4/1851 2828/4/1852 2812/4/1836
f 2812/4/1836 2828/4/1852 2829/4/1853 2813/4/1837
f 2813/4/1837 2829/4/1853 2830/4/1854 2814/4/1838
f 2814/4/1838 2830/4/1854 2831/4/1855 2815/4/1839
f 2815/4/1839 2831/4/1855 2832/4/1856 2816/4/1840
f 2816/4/1840 2832/4/1856 2833/4/1857 2817/4/1841
f 2817/4/1841 2833/4/1857 2834/4/1858 2818/4/2366
f 2818/4/2366 2834/4/1858 2835/4/1859 2819/4/1843
f 2819/4/1843 2835/4/1859 2836/4/1860 2820/4/1844
f 2820/4/1844 2836/4/1860 2837/4/1861 2821/4/1845
f 2821/4/1845 2837/4/1861 2838/4/1862 2822/4/1846
f 2822/4/1846 2838/4/1862 2839/4/1863 2823/4/1847
f 2823/4/1847 2839/4/1863 2840/4/1864 2824/4/1848
f 2824/4/1848 2840/4/1864 2841/4/1865 2825/4/1849
f 2825/4/1849 2841/4/1865 2842/4/1866 2826/4/1850
f 2826/4/1850 2842/4/1866 2827/4/1851 2811/4/1835
f 2827/4/1851 2843/4/1867 2844/4/1868 2828/4/1852
f 2828/4/1852 2844/4/1868 2845/4/1869 2829/4/1853
f 2829/4/1853 2845/4/1869 2846/4/1870 2830/4/1854
f 2830/4/1854 2846/4/1870 2847/4/1871 2831/4/1855
f 2831/4/1855 2847/4/1871 2848/4/1872 2832/4/1856
f 2832/4/1856 2848/4/1872 2849/4/1873 2833/4/1857
f 2833/4/1857 2849/4/1873 2850/4/1874 2834/4/1858
f 2834/4/1858 2850/4/1874 2851/4/1875 2835/4/1859
f 2835/4/1859 2851/4/1875 2852/4/1876 2836/4/1860
f 2836/4/1860 2852/4/1876 2853/4/1877 2837/4/1861
f 2837/4/1861 2853/4/1877 2854/4/1878 2838/4/1862
f 2838/4/1862 2854/4/1878 2855/4/1879 2839/4/1863
f 2839/4/1863 2855/4/1879 2856/4/1880 2840/4/1864
f 2840/4/1864 2856/4/1880 2857/4/1881 2841/4/1865
f 2841/4/1865 2857/4/1881 2858/4/1882 2842/4/1866
f 2842/4/1866 2858/4/1882 2843/4/1867 2827/4/1851
f 2843/4/1867 2859/4/1883 2860/4/1884 2844/4/1868
f 2844/4/1868 2860/4/1884 2861/4/1885 2845/4/1869
f 2845/4/1869 2861/4/1885 2862/4/1886 2846/4/1870
f 2846/4/1870 2862/4/1886 2863/4/1887 2847/4/1871
f 2847/4/1871 2863/4/1887 2864/4/1888 2848/4/1872
f 2848/4/1872 2864/4/1888 2865/4/1889 2849/4/1873
f 2849/4/1873 2865/4/1889 2866/4/1890 2850/4/1874
f 2850/4/1874 2866/4/1890 2867/4/1891 2851/4/1875
f 2851/4/1875 2867/4/1891 2868/4/1892 2852/4/1876
f 2852/4/1876 2868/4/1892 2869/4/1893 2853/4/1877
f 2853/4/1877 2869/4/1893 2870/4/1894 2854/4/1878
f 2854/4/1878 2870/4/1894 2871/4/1895 2855/4/1879
f 2855/4/1879 2871/4/1895 2872/4/1896 2856/4/1880
f 2856/4/1880 2872/4/1896 2873/4/1897 2857/4/1881
f 2857/4/1881 2873/4/1897 2874/4/1898 2858/4/1882
f 2858/4/1882 2874/4/1898 2859/4/1883 2843/4/1867
f 2859/4/1883 2875/4/1899 2876/4/1900 2860/4/1884
f 2860/4/1884 2876/4/1900 2877/4/1901 2861/4/1885
f 2861/4/1885 2877/4/1901 2878/4/1902 2862/4/1886
f 2862/4/1886 2878/4/1902 2879/4/1903 2863/4/1887
f 2863/4/1887 2879/4/1903 2880/4/1904 2864/4/1888
f 2864/4/1888 2880/4/1904 2881/4/1905 2865/4/1889
f 2865/4/1889 2881/4/1905 2882/4/1906 2866/4/1890
f 2866/4/1890 2882/4/1906 2883/4/1907 2867/4/1891
f 2867/4/1891 2883/4/1907 2884/4/1908 2868/4/1892
f 2868/4/1892 2884/4/1908 2885/4/1909 2869/4/1893
f 2869/4/1893 2885/4/1909 2886/4/1910 2870/4/1894
f 2870/4/1894 2886/4/1910 2887/4/1911 2871/4/1895
f 2871/4/1895 2887/4/1911 2888/4/1912 2872/4/1896
f 2872/4/1896 2888/4/1912 2889/4/1913 2873/4/1897
f 2873/4/1897 2889/4/1913 2890/4/1914 2874/4/1898
f 2874/4/1898 2890/4/1914 2875/4/1899 2859/4/1883
f 2875/4/1899 2891/4/1915 2892/4/1916 2876/4/1900
f 2876/4/1900 2892/4/1916 2893/4/1917 2877/4/1901
f 2877/4/1901 2893/4/1917 2894/4/1918 2878/4/1902
f 2878/4/1902 2894/4/1918 2895/4/1919 2879/4/1903
f 2879/4/1903 2895/4/1919 2896/4/1920 2880/4/1904
f 2880/4/1904 2896/4/1920 2897/4/1921 2881/4/1905
f 2881/4/1905 2897/4/1921 2898/4/1922 2882/4/1906
f 2882/4/1906 2898/4/1922 2899/4/1923 2883/4/1907
f 2883/4/1907 2899/4/1923 2900/4/1924 2884/4/1908
f 2884/4/1908 2900/4/1924 2901/4/1925 2885/4/1909
f 2885/4/1909 2901/4/1925 2902/4/1926 2886/4/1910
f 2886/4/1910 2902/4/1926 2903/4/1927 2887/4/1911
f 2887/4/1911 2903/4/1927 2904/4/1928 2888/4/1912
f 2888/4/1912 2904/4/1928 2905/4/1929 2889/4/1913
f 2889/4/1913 2905/4/1929 2906/4/1930 2890/4/1914
f 2890/4/1914 2906/4/1930 2891/4/1915 2875/4/1899
f 2891/4/1915 2907/4/1931 2908/4/1932 2892/4/1916
f 2892/4/1916 2908/4/1932 2909/4/1933 2893/4/1917
f 2893/4/1917 2909/4/1933 2910/4/1934 2894/4/1918
f 2894/4/1918 2910/4/1934 2911/4/1935 2895/4/1919
f 2895/4/1919 2911/4/1935 2912/4/1936 2896/4/1920
f 2896/4/1920 2912/4/1936 2913/4/1937 2897/4/1921
f 2897/4/1921 2913/4/1937 2914/4/1938 2898/4/1922
f 2898/4/1922 2914/4/1938 2915/4/1939 2899/4/1923
f 2899/4/1923 2915/4/1939 2916/4/1940 2900/4/1924
f 2900/4/1924 2916/4/1940 2917/4/1941 2901/4/1925
f 2901/4/1925 2917/4/1941 2918/4/1942 2902/4/1926
f 2902/4/1926 2918/4/1942 2919/4/1943 2903/4/1927
f 2903/4/1927 2919/4/1943 2920/4/1944 2904/4/1928
f 2904/4/1928 2920/4/1944 2921/4/1945 2905/4/1929
f 2905/4/1929 2921/4/1945 2922/4/1946 2906/4/1930
f 2906/4/1930 2922/4/1946 2907/4/1931 2891/4/1915
f 2907/4/1931 2923/4/1947 2924/4/1948 2908/4/1932
f 2908/4/1932 2924/4/1948 2925/4/1949 2909/4/1933
f 2909/4/1933 2925/4/1949 2926/4/1950 2910/4/1934
f 2910/4/1934 2926/4/1950 2927/4/1951 2911/4/1935
f 2911/4/1935 2927/4/1951 2928/4/1952 2912/4/1936
f 2912/4/1936 2928/4/1952 2929/4/1953 2913/4/1937
f 2913/4/1937 2929/4/1953 2930/4/1954 2914/4/1938
f 2914/4/1938 2930/4/1954 2931/4/1955 2915/4/1939
f 2915/4/1939 2931/4/1955 2932/4/1956 2916/4/1940
f 2916/4/1940 2932/4/1956 2933/4/1957 2917/4/1941
f 2917/4/1941 2933/4/1957 2934/4/1958 2918/4/1942
f 2918/4/1942 2934/4/1958 2935/4/1959 2919/4/1943
f 2919/4/1943 2935/4/1959 2936/4/1960 2920/4/1944
f 2920/4/1944 2936/4/1960 2937/4/1961 2921/4/1945
f 2921/4/1945 2937/4/1961 2938/4/1962 2922/4/1946
f 2922/4/1946 2938/4/1962 2923/4/1947 2907/4/1931
f 2923/4/1947 2939/4/1963 2940/4/1964 2924/4/1948
f 2924/4/1948 2940/4/1964 2941/4/1965 2925/4/1949
f 2925/4/1949 2941/4/1965 2942/4/1966 2926/4/1950
f 2926/4/1950 2942/4/1966 2943/4/1967 2927/4/1951
f 2927/4/1951 2943/4/1967 2944/4/1968 2928/4/1952
f 2928/4/1952 2944/4/1968 2945/4/1969 2929/4/1953
f 2929/4/1953 2945/4/1969 2946/4/1970 2930/4/1954
f 2930/4/1954 2946/4/1970 2947/4/1971 2931/4/1955
f 2931/4/1955 2947/4/1971 2948/4/1972 2932/4/1956
f 2932/4/1956 2948/4/1972 2949/4/1973 2933/4/1957
f 2933/4/1957 2949/4/1973 2950/4/1974 2934/4/1958
f 2934/4/1958 2950/4/1974 2951/4/1975 2935/4/1959
f 2935/4/1959 2951/4/1975 2952/4/1976 2936/4/1960
f 2936/4/1960 2952/4/1976 2953/4/1977 2937/4/1961
f 2937/4/1961 2953/4/1977 2954/4/1978 2938/4/1962
f 2938/4/1962 2954/4/1978 2939/4/1963 2923/4/1947
f 2939/4/1963 2955/4/1979 2956/4/1980 2940/4/1964
f 2940/4/1964 2956/4/1980 2957/4/1981 2941/4/1965
f 2941/4/1965 2957/4/1981 2958/4/1982 2942/4/1966
f 2942/4/1966 2958/4/1982 2959/4/1983 2943/4/1967
f 2943/4/1967 2959/4/1983 2960/4/1984 2944/4/1968
f 2944/4/1968 2960/4/1984 2961/4/1985 2945/4/1969
f 2945/4/1969 2961/4/1985 2962/4/1986 2946/4/1970
f 2946/4/1970 2962/4/1986 2963/4/1987 2947/4/1971
f 2947/4/1971 2963/4/1987 2964/4/1988 2948/4/1972
f 2948/4/1972 2964/4/1988 2965/4/1989 2949/4/1973
f 2949/4/1973 2965/4/1989 2966/4/1990 2950/4/1974
f 2950/4/1974 2966/4/1990 2967/4/1991 2951/4/1975
f 2951/4/1975 2967/4/1991 2968/4/1992 2952/4/1976
f 2952/4/1976 2968/4/1992 2969/4/1993 2953/4/1977
f 2953/4/1977 2969/4/1993 2970/4/1994 2954/4/1978
f 2954/4/1978 2970/4/1994 2955/4/1979 2939/4/1963
f 2955/4/1979 2971/4/1995 2972/4/1996 2956/4/1980
f 2956/4/1980 2972/4/1996 2973/4/1997 2957/4/1981
f 2957/4/1981 2973/4/1997 2974/4/1998 2958/4/1982
f 2958/4/1982 2974/4/1998 2975/4/1999 2959/4/1983
f 2959/4/1983 2975/4/1999 2976/4/2000 2960/4/1984
f 2960/4/1984 2976/4/2000 2977/4/2001 2961/4/1985
f 2961/4/1985 2977/4/2001 2978/4/2002 2962/4/1986
f 2962/4/1986 2978/4/2002 2979/4/2003 2963/4/1987
f 2963/4/1987 2979/4/2003 2980/4/2004 2964/4/1988
f 2964/4/1988 2980/4/2004 2981/4/2005 2965/4/1989
f 2965/4/1989 2981/4/2005 2982/4/2006 2966/4/1990
f 2966/4/1990 2982/4/2006 2983/4/2007 2967/4/1991
f 2967/4/1991 2983/4/2007 2984/4/2008 2968/4/1992
f 2968/4/1992 2984/4/2008 2985/4/2009 2969/4/1993
f 2969/4/1993 2985/4/2009 2986/4/2010 2970/4/1994
f 2970/4/1994 2986/4/2010 2971/4/1995 2955/4/1979
f 2971/4/1995 2987/4/2011 2988/4/2012 2972/4/1996
f 2972/4/1996 2988/4/2012 2989/4/2013 2973/4/1997
f 2973/4/1997 2989/4/2013 2990/4/2014 2974/4/1998
f 2974/4/1998 2990/4/2014 2991/4/2015 2975/4/1999
f 2975/4/1999 2991/4/2015 2992/4/2016 2976/4/2000
f 2976/4/2000 2992/4/2016 2993/4/2017 2977/4/2001
f 2977/4/2001 2993/4/2017 2994/4/2018 2978/4/2002
f 2978/4/2002 2994/4/2018 2995/4/2019 2979/4/2003
f 2979/4/2003 2995/4/2019 2996/4/2367 2980/4/2004
f 2980/4/2004 2996/4/2367 2997/4/2021 2981/4/2005
f 2981/4/2005 2997/4/2021 2998/4/2022 2982/4/2006
f 2982/4/2006 2998/4/2022 2999/4/2023 2983/4/2007
f 2983/4/2007 2999/4/2023 3000/4/2024 2984/4/2008
f 2984/4/2008 3000/4/2024 3001/4/2025 2985/4/2009
f 2985/4/2009 3001/4/2025 3002/4/2026 2986/4/2010
f 2986/4/2010 3002/4/2026 2987/4/2011 2971/4/1995
f 2987/4/2011 3003/4/2027 3004/4/2028 2988/4/2012
f 2988/4/2012 3004/4/2028 3005/4/2029 2989/4/2013
f 2989/4/2013 3005/4/2029 3006/4/2030 2990/4/2014
f 2990/4/2014 3006/4/2030 3007/4/2031 2991/4/2015
f 2991/4/2015 3007/4/2031 3008/4/2032 2992/4/2016
f 2992/4/2016 3008/4/2032 3009/4/2033 2993/4/2017
f 2993/4/2017 3009/4/2033 3010/4/2034 2994/4/2018
f 2994/4/2018 3010/4/2034 3011/4/2035 2995/4/2019
f 2995/4/2019 3011/4/2035 3012/4/2036 2996/4/2367
f 2996/4/2367 3012/4/2036 3013/4/2037 2997/4/2021
f 2997/4/2021 3013/4/2037 3014/4/2038 2998/4/2022
f 2998/4/2022 3014/4/2038 3015/4/2039 2999/4/2023
f 2999/4/2023 3015/4/2039 3016/4/2040 3000/4/2024
f 3000/4/2024 3016/4/2040 3017/4/2041 3001/4/2025
f 3001/4/2025 3017/4/2041 3018/4/2042 3002/4/2026
f 3002/4/2026 3018/4/2042 3003/4/2027 2987/4/2011
f 3003/4/2027 3019/4/2043 3020/4/2044 3004/4/2028
f 3004/4/2028 3020/4/2044 3021/4/2045 3005/4/2029
f 3005/4/2029 3021/4/2045 3022/4/2046 3006/4/2030
f 3006/4/2030 3022/4/2046 3023/4/2047 3007/4/2031
f 3007/4/2031 3023/4/2047 3024/4/2048 3008/4/2032
f 3008/4/2032 3024/4/2048 3025/4/2049 3009/4/2033
f 3009/4/2033 3025/4/2049 3026/4/2050 3010/4/2034
f 3010/4/2034 3026/4/2050 3027/4/2051 3011/4/2035
f 3011/4/2035 3027/4/2051 3028/4/2052 3012/4/2036
f 3012/4/2036 3028/4/2052 3029/4/2053 3013/4/2037
f 3013/4/2037 3029/4/2053 3030/4/2054 3014/4/2038
f 3014/4/2038 3030/4/2054 3031/4/2055 3015/4/2039
f 3015/4/2039 3031/4/2055 3032/4/2056 3016/4/2040
f 3016/4/2040 3032/4/2056 3033/4/2057 3017/4/2041
f 3017/4/2041 3033/4/2057 3034/4/2058 3018/4/2042
f 3018/4/2042 3034/4/2058 3019/4/2043 3003/4/2027
f 3019/4/2043 3035/4/2059 3036/4/2060 3020/4/2044
f 3020/4/2044 3036/4/2060 3037/4/2061 3021/4/2045
f 3021/4/2045 3037/4/2061 3038/4/2062 3022/4/2046
f 3022/4/2046 3038/4/2062 3039/4/2063 3023/4/2047
f 3023/4/2047 3039/4/2063 3040/4/2064 3024/4/2048
f 3024/4/2048 3040/4/2064 3041/4/2065 3025/4/2049
f 3025/4/2049 3041/4/2065 3042/4/2066 3026/4/2050
f 3026/4/2050 3042/4/2066 3043/4/2067 3027/4/2051
f 3027/4/2051 3043/4/2067 3044/4/2068 3028/4/2052
f 3028/4/2052 3044/4/2068 3045/4/2069 3029/4/2053
f 3029/4/2053 3045/4/2069 3046/4/2070 3030/4/2054
f 3030/4/2054 3046/4/2070 3047/4/2071 3031/4/2055
f 3031/4/2055 3047/4/2071 3048/4/2072 3032/4/2056
f 3032/4/2056 3048/4/2072 3049/4/2368 3033/4/2057
f 3033/4/2057 3049/4/2368 3050/4/2074 3034/4/2058
f 3034/4/2058 3050/4/2074 3035/4/2059 3019/4/2043
f 3035/4/2059 3051/4/2075 3052/4/2076 3036/4/2060
f 3036/4/2060 3052/4/2076 3053/4/2077 3037/4/2061
f 3037/4/2061 3053/4/2077 3054/4/2078 3038/4/2062
f 3038/4/2062 3054/4/2078 3055/4/2079 3039/4/2063
f 3039/4/2063 3055/4/2079 3056/4/2080 3040/4/2064
f 3040/4/2064 3056/4/2080 3057/4/2081 3041/4/2065
f 3041/4/2065 3057/4/2081 3058/4/2082 3042/4/2066
f 3042/4/2066 3058/4/2082 3059/4/2083 3043/4/2067
f 3043/4/2067 3059/4/2083 3060/4/2084 3044/4/2068
f 3044/4/2068 3060/4/2084 3061/4/2085 3045/4/2069
f 3045/4/2069 3061/4/2085 3062/4/2086 3046/4/2070
f 3046/4/2070 3062/4/2086 3063/4/2087 3047/4/2071
f 3047/4/2071 3063/4/2087 3064/4/2088 3048/4/2072
f 3048/4/2072 3064/4/2088 3065/4/2089 3049/4/2368
f 3049/4/2368 3065/4/2089 3066/4/2090 3050/4/2074
f 3050/4/2074 3066/4/2090 3051/4/2075 3035/4/2059
f 3051/4/2075 3067/4/2091 3068/4/2092 3052/4/2076
f 3052/4/2076 3068/4/2092 3069/4/2093 3053/4/2077
f 3053/4/2077 3069/4/2093 3070/4/2094 3054/4/2078
f 3054/4/2078 3070/4/2094 3071/4/2095 3055/4/2079
f 3055/4/2079 3071/4/2095 3072/4/2096 3056/4/2080
f 3056/4/2080 3072/4/2096 3073/4/2097 3057/4/2081
f 3057/4/2081 3073/4/2097 3074/4/2369 3058/4/2082
f 3058/4/2082 3074/4/2369 3075/4/2099 3059/4/2083
f 3059/4/2083 3075/4/2099 3076/4/2100 3060/4/2084
f 3060/4/2084 3076/4/2100 3077/4/2101 3061/4/2085
f 3061/4/2085 3077/4/2101 3078/4/2102 3062/4/2086
f 3062/4/2086 3078/4/2102 3079/4/2103 3063/4/2087
f 3063/4/2087 3079/4/2103 3080/4/2104 3064/4/2088
f 3064/4/2088 3080/4/2104 3081/4/2105 3065/4/2089
f 3065/4/2089 3081/4/2105 3082/4/2106 3066/4/2090
f 3066/4/2090 3082/4/2106 3067/4/2091 3051/4/2075
f 3067/4/2091 3083/4/2107 3084/4/2108 3068/4/2092
f 3068/4/2092 3084/4/2108 3085/4/2109 3069/4/2093
f 3069/4/2093 3085/4/2109 3086/4/2110 3070/4/2094
f 3070/4/2094 3086/4/2110 3087/4/2111 3071/4/2095
f 3071/4/2095 3087/4/2111 3088/4/2112 3072/4/2096
f 3072/4/2096 3088/4/2112 3089/4/2113 3073/4/2097
f 3073/4/2097 3089/4/2113 3090/4/2114 3074/4/2369
f 3074/4/2369 3090/4/2114 3091/4/2115 3075/4/2099
f 3075/4/2099 3091/4/2115 3092/4/2116 3076/4/2100
f 3076/4/2100 3092/4/2116 3093/4/2117 3077/4/2101
f 3077/4/2101 3093/4/2117 3094/4/2370 3078/4/2102
f 3078/4/2102 3094/4/2370 3095/4/2119 3079/4/2103
f 3079/4/2103 3095/4/2119 3096/4/2120 3080/4/2104
f 3080/4/2104 3096/4/2120 3097/4/2121 3081/4/2105
f 3081/4/2105 3097/4/2121 3098/4/2122 3082/4/2106
f 3082/4/2106 3098/4/2122 3083/4/2107 3067/4/2091
f 3083/4/2107 3099/4/2123 3100/4/2124 3084/4/2108
f 3084/4/2108 3100/4/2124 3101/4/2125 3085/4/2109
f 3085/4/2109 3101/4/2125 3102/4/2126 3086/4/2110
f 3086/4/2110 3102/4/2126 3103/4/2127 3087/4/2111
f 3087/4/2111 3103/4/2127 3104/4/2128 3088/4/2112
f 3088/4/2112 3104/4/2128 3105/4/2371 3089/4/2113
f 3089/4/2113 3105/4/2371 3106/4/2130 3090/4/2114
f 3090/4/2114 3106/4/2130 3107/4/2131 3091/4/2115
f 3091/4/2115 3107/4/2131 3108/4/2132 3092/4/2116
f 3092/4/2116 3108/4/2132 3109/4/2133 3093/4/2117
f 3093/4/2117 3109/4/2133 3110/4/2134 3094/4/2370
f 3094/4/2370 3110/4/2134 3111/4/2135 3095/4/2119
f 3095/4/2119 3111/4/2135 3112/4/2136 3096/4/2120
f 3096/4/2120 3112/4/2136 3113/4/2137 3097/4/2121
f 3097/4/2121 3113/4/2137 3114/4/2138 3098/4/2122
f 3098/4/2122 3114/4/2138 3099/4/2123 3083/4/2107
f 3099/4/2123 3115/4/2139 3116/4/2140 3100/4/2124
f 3100/4/2124 3116/4/2140 3117/4/2141 3101/4/2125
f 3101/4/2125 3117/4/2141 3118/4/2142 3102/4/2126
f 3102/4/2126 3118/4/2142 3119/4/2143 3103/4/2127
f 3103/4/2127 3119/4/2143 3120/4/2144 3104/4/2128
f 3104/4/2128 3120/4/2144 3121/4/2145 3105/4/2371
f 3105/4/2371 3121/4/2145 3122/4/2146 3106/4/2130
f 3106/4/2130 3122/4/2146 3123/4/2147 3107/4/2131
f 3107/4/2131 3123/4/2147 3124/4/2148 3108/4/2132
f 3108/4/2132 3124/4/2148 3125/4/2149 3109/4/2133
f 3109/4/2133 3125/4/2149 3126/4/2150 3110/4/2134
f 3110/4/2134 3126/4/2150 3127/4/2151 3111/4/2135
f 3111/4/2135 3127/4/2151 3128/4/2152 3112/4/2136
f 3112/4/2136 3128/4/2152 3129/4/2153 3113/4/2137
f 3113/4/2137 3129/4/2153 3130/4/2154 3114/4/2138
f 3114/4/2138 3130/4/2154 3115/4/2139 3099/4/2123
f 3115/4/2139 3131/4/2155 3132/4/2156 3116/4/2140
f 3116/4/2140 3132/4/2156 3133/4/2157 3117/4/2141
f 3117/4/2141 3133/4/2157 3134/4/2158 3118/4/2142
f 3118/4/2142 3134/4/2158 3135/4/2159 3119/4/2143
f 3119/4/2143 3135/4/2159 3136/4/2160 3120/4/2144
f 3120/4/2144 3136/4/2160 3137/4/2161 3121/4/2145
f 3121/4/2145 3137/4/2161 3138/4/2162 3122/4/2146
f 3122/4/2146 3138/4/2162 3139/4/2163 3123/4/2147
f 3123/4/2147 3139/4/2163 3140/4/2164 3124/4/2148
f 3124/4/2148 3140/4/2164 3141/4/2165 3125/4/2149
f 3125/4/2149 3141/4/2165 3142/4/2166 3126/4/2150
f 3126/4/2150 3142/4/2166 3143/4/2167 3127/4/2151
f 3127/4/2151 3143/4/2167 3144/4/2168 3128/4/2152
f 3128/4/2152 3144/4/2168 3145/4/2169 3129/4/2153
f 3129/4/2153 3145/4/2169 3146/4/2170 3130/4/2154
f 3130/4/2154 3146/4/2170 3131/4/2155 3115/4/2139
f 3131/4/2155 3147/4/2171 3148/4/2172 3132/4/2156
f 3132/4/2156 3148/4/2172 3149/4/2173 3133/4/2157
f 3133/4/2157 3149/4/2173 3150/4/2174 3134/4/2158
f 3134/4/2158 3150/4/2174 3151/4/2175 3135/4/2159
f 3135/4/2159 3151/4/2175 3152/4/2176 3136/4/2160
f 3136/4/2160 3152/4/2176 3153/4/2177 3137/4/2161
f 3137/4/2161 3153/4/2177 3154/4/2178 3138/4/2162
f 3138/4/2162 3154/4/2178 3155/4/2179 3139/4/2163
f 3139/4/2163 3155/4/2179 3156/4/2180 3140/4/2164
f 3140/4/2164 3156/4/2180 3157/4/2181 3141/4/2165
f 3141/4/2165 3157/4/2181 3158/4/2182 3142/4/2166
f 3142/4/2166 3158/4/2182 3159/4/2183 3143/4/2167
f 3143/4/2167 3159/4/2183 3160/4/2184 3144/4/2168
f 3144/4/2168 3160/4/2184 3161/4/2185 3145/4/2169
f 3145/4/2169 3161/4/2185 3162/4/2186 3146/4/2170
f 3146/4/2170 3162/4/2186 3147/4/2171 3131/4/2155
f 3147/4/2171 3163/4/2187 3164/4/2188 3148/4/2172
f 3148/4/2172 3164/4/2188 3165/4/2189 3149/4/2173
f 3149/4/2173 3165/4/2189 3166/4/2190 3150/4/2174
f 3150/4/2174 3166/4/2190 3167/4/2191 3151/4/2175
f 3151/4/2175 3167/4/2191 3168/4/2192 3152/4/2176
f 3152/4/2176 3168/4/2192 3169/4/2193 3153/4/2177
f 3153/4/2177 3169/4/2193 3170/4/2194 3154/4/2178
f 3154/4/2178 3170/4/2194 3171/4/2195 3155/4/2179
f 3155/4/2179 3171/4/2195 3172/4/2196 3156/4/2180
f 3156/4/2180 3172/4/2196 3173/4/2197 3157/4/2181
f 3157/4/2181 3173/4/2197 3174/4/2198 3158/4/2182
f 3158/4/2182 3174/4/2198 3175/4/2199 3159/4/2183
f 3159/4/2183 3175/4/2199 3176/4/2200 3160/4/2184
f 3160/4/2184 3176/4/2200 3177/4/2201 3161/4/2185
f 3161/4/2185 3177/4/2201 3178/4/2202 3162/4/2186
f 3162/4/2186 3178/4/2202 3163/4/2187 3147/4/2171
f 3163/4/2187 3179/4/2203 3180/4/2204 3164/4/2188
f 3164/4/2188 3180/4/2204 3181/4/2205 3165/4/2189
f 3165/4/2189 3181/4/2205 3182/4/2206 3166/4/2190
f 3166/4/2190 3182/4/2206 3183/4/2207 3167/4/2191
f 3167/4/2191 3183/4/2207 3184/4/2208 3168/4/2192
f 3168/4/2192 3184/4/2208 3185/4/2209 3169/4/2193
f 3169/4/2193 3185/4/2209 3186/4/2210 3170/4/2194
f 3170/4/2194 3186/4/2210 3187/4/2211 3171/4/2195
f 3171/4/2195 3187/4/2211 3188/4/2212 3172/4/2196
f 3172/4/2196 3188/4/2212 3189/4/2213 3173/4/2197
f 3173/4/2197 3189/4/2213 3190/4/2214 3174/4/2198
f 3174/4/2198 3190/4/2214 3191/4/2215 3175/4/2199
f 3175/4/2199 3191/4/2215 3192/4/2216 3176/4/2200
f 3176/4/2200 3192/4/2216 3193/4/2217 3177/4/2201
f 3177/4/2201 3193/4/2217 3194/4/2218 3178/4/2202
f 3178/4/2202 3194/4/2218 3179/4/2203 3163/4/2187
f 3179/4/2203 3195/4/2219 3196/4/2220 3180/4/2204
f 3180/4/2204 3196/4/2220 3197/4/2221 3181/4/2205
f 3181/4/2205 3197/4/2221 3198/4/2372 3182/4/2206
f 3182/4/2206 3198/4/2372 3199/4/2223 3183/4/2207
f 3183/4/2207 3199/4/2223 3200/4/2224 3184/4/2208
f 3184/4/2208 3200/4/2224 3201/4/2225 3185/4/2209
f 3185/4/2209 3201/4/2225 3202/4/2226 3186/4/2210
f 3186/4/2210 3202/4/2226 3203/4/2227 3187/4/2211
f 3187/4/2211 3203/4/2227 3204/4/2228 3188/4/2212
f 3188/4/2212 3204/4/2228 3205/4/2229 3189/4/2213
f 3189/4/2213 3205/4/2229 3206/4/2230 3190/4/2214
f 3190/4/2214 3206/4/2230 3207/4/2231 3191/4/2215
f 3191/4/2215 3207/4/2231 3208/4/2232 3192/4/2216
f 3192/4/2216 3208/4/2232 3209/4/2233 3193/4/2217
f 3193/4/2217 3209/4/2233 3210/4/2234 3194/4/2218
f 3194/4/2218 3210/4/2234 3195/4/2219 3179/4/2203
f 3195/4/2219 3211/4/2235 3212/4/2236 3196/4/2220
f 3196/4/2220 3212/4/2236 3213/4/2237 3197/4/2221
f 3197/4/2221 3213/4/2237 3214/4/2238 3198/4/2372
f 3198/4/2372 3214/4/2238 3215/4/2239 3199/4/2223
f 3199/4/2223 3215/4/2239 3216/4/2240 3200/4/2224
f 3200/4/2224 3216/4/2240 3217/4/2241 3201/4/2225
f 3201/4/2225 3217/4/2241 3218/4/2242 3202/4/2226
f 3202/4/2226 3218/4/2242 3219/4/2243 3203/4/2227
f 3203/4/2227 3219/4/2243 3220/4/2244 3204/4/2228
f 3204/4/2228 3220/4/2244 3221/4/2245 3205/4/2229
f 3205/4/2229 3221/4/2245 3222/4/2246 3206/4/2230
f 3206/4/2230 3222/4/2246 3223/4/2247 3207/4/2231
f 3207/4/2231 3223/4/2247 3224/4/2248 3208/4/2232
f 3208/4/2232 3224/4/2248 3225/4/2249 3209/4/2233
f 3209/4/2233 3225/4/2249 3226/4/2250 3210/4/2234
f 3210/4/2234 3226/4/2250 3211/4/2235 3195/4/2219
f 3211/4/2235 3227/4/2251 3228/4/2252 3212/4/2236
f 3212/4/2236 3228/4/2252 3229/4/2253 3213/4/2237
f 3213/4/2237 3229/4/2253 3230/4/2254 3214/4/2238
f 3214/4/2238 3230/4/2254 3231/4/2255 3215/4/2239
f 3215/4/2239 3231/4/2255 3232/4/2256 3216/4/2240
f 3216/4/2240 3232/4/2256 3233/4/2257 3217/4/2241
f 3217/4/2241 3233/4/2257 3234/4/2258 3218/4/2242
f 3218/4/2242 3234/4/2258 3235/4/2259 3219/4/2243
f 3219/4/2243 3235/4/2259 3236/4/2260 3220/4/2244
f 3220/4/2244 3236/4/2260 3237/4/2261 3221/4/2245
f 3221/4/2245 3237/4/2261 3238/4/2262 3222/4/2246
f 3222/4/2246 3238/4/2262 3239/4/2263 3223/4/2247
f 3223/4/2247 3239/4/2263 3240/4/2264 3224/4/2248
f 3224/4/2248 3240/4/2264 3241/4/2265 3225/4/2249
f 3225/4/2249 3241/4/2265 3242/4/2266 3226/4/2250
f 3226/4/2250 3242/4/2266 3227/4/2251 3211/4/2235
f 3227/4/2251 3243/4/2267 3244/4/2268 3228/4/2252
f 3228/4/2252 3244/4/2268 3245/4/2269 3229/4/2253
f 3229/4/2253 3245/4/2269 3246/4/2270 3230/4/2254
f 3230/4/2254 3246/4/2270 3247/4/2271 3231/4/2255
f 3231/4/2255 3247/4/2271 3248/4/2272 3232/4/2256
f 3232/4/2256 3248/4/2272 3249/4/2273 3233/4/2257
f 3233/4/2257 3249/4/2273 3250/4/2274 3234/4/2258
f 3234/4/2258 3250/4/2274 3251/4/2275 3235/4/2259
f 3235/4/2259 3251/4/2275 3252/4/2276 3236/4/2260
f 3236/4/2260 3252/4/2276 3253/4/2277 3237/4/2261
f 3237/4/2261 3253/4/2277 3254/4/2278 3238/4/2262
f 3238/4/2262 3254/4/2278 3255/4/2279 3239/4/2263
f 3239/4/2263 3255/4/2279 3256/4/2280 3240/4/2264
f 3240/4/2264 3256/4/2280 3257/4/2281 3241/4/2265
f 3241/4/2265 3257/4/2281 3258/4/2282 3242/4/2266
f 3242/4/2266 3258/4/2282 3243/4/2267 3227/4/2251
f 3243/4/2267 3259/4/2283 3260/4/2284 3244/4/2268
f 3244/4/2268 3260/4/2284 3261/4/2285 3245/4/2269
f 3245/4/2269 3261/4/2285 3262/4/2286 3246/4/2270
f 3246/4/2270 3262/4/2286 3263/4/2287 3247/4/2271
f 3247/4/2271 3263/4/2287 3264/4/2288 3248/4/2272
f 3248/4/2272 3264/4/2288 3265/4/2289 3249/4/2273
f 3249/4/2273 3265/4/2289 3266/4/2290 3250/4/2274
f 3250/4/2274 3266/4/2290 3267/4/2291 3251/4/2275
f 3251/4/2275 3267/4/2291 3268/4/2292 3252/4/2276
f 3252/4/2276 3268/4/2292 3269/4/2293 3253/4/2277
f 3253/4/2277 3269/4/2293 3270/4/2294 3254/4/2278
f 3254/4/2278 3270/4/2294 3271/4/2295 3255/4/2279
f 3255/4/2279 3271/4/2295 3272/4/2296 3256/4/2280
f 3256/4/2280 3272/4/2296 3273/4/2297 3257/4/2281
f 3257/4/2281 3273/4/2297 3274/4/2298 3258/4/2282
f 3258/4/2282 3274/4/2298 3259/4/2283 3243/4/2267
f 3259/4/2283 3275/4/2299 3276/4/2300 3260/4/2284
f 3260/4/2284 3276/4/2300 3277/4/2301 3261/4/2285
f 3261/4/2285 3277/4/2301 3278/4/2302 3262/4/2286
f 3262/4/2286 3278/4/2302 3279/4/2303 3263/4/2287
f 3263/4/2287 3279/4/2303 3280/4/2304 3264/4/2288
f 3264/4/2288 3280/4/2304 3281/4/2305 3265/4/2289
f 3265/4/2289 3281/4/2305 3282/4/2306 3266/4/2290
f 3266/4/2290 3282/4/2306 3283/4/2307 3267/4/2291
f 3267/4/2291 3283/4/2307 3284/4/2308 3268/4/2292
f 3268/4/2292 3284/4/2308 3285/4/2309 3269/4/2293
f 3269/4/2293 3285/4/2309 3286/4/2310 3270/4/2294
f 3270/4/2294 3286/4/2310 3287/4/2311 3271/4/2295
f 3271/4/2295 3287/4/2311 3288/4/2312 3272/4/2296
f 3272/4/2296 3288/4/2312 3289/4/2313 3273/4/2297
f 3273/4/2297 3289/4/2313 3290/4/2314 3274/4/2298
f 3274/4/2298 3290/4/2314 3275/4/2299 3259/4/2283
f 3275/4/2299 3291/4/2315 3292/4/2316 3276/4/2300
f 3276/4/2300 3292/4/2316 3293/4/2317 3277/4/2301
f 3277/4/2301 3293/4/2317 3294/4/2318 3278/4/2302
f 3278/4/2302 3294/4/2318 3295/4/2319 3279/4/2303
f 3279/4/2303 3295/4/2319 3296/4/2320 3280/4/2304
f 3280/4/2304 3296/4/2320 3297/4/2321 3281/4/2305
f 3281/4/2305 3297/4/2321 3298/4/2322 3282/4/2306
f 3282/4/2306 3298/4/2322 3299/4/2323 3283/4/2307
f 3283/4/2307 3299/4/2323 3300/4/2324 3284/4/2308
f 3284/4/2308 3300/4/2324 3301/4/2325 3285/4/2309
f 3285/4/2309 3301/4/2325 3302/4/2326 3286/4/2310
f 3286/4/2310 3302/4/2326 3303/4/2327 3287/4/2311
f 3287/4/2311 3303/4/2327 3304/4/2328 3288/4/2312
f 3288/4/2312 3304/4/2328 3305/4/2329 3289/4/2313
f 3289/4/2313 3305/4/2329 3306/4/2330 3290/4/2314
f 3290/4/2314 3306/4/2330 3291/4/2315 3275/4/2299
f 3291/4/2315 3307/4/2331 3308/4/2332 3292/4/2316
f 3292/4/2316 3308/4/2332 3309/4/2333 3293/4/2317
f 3293/4/2317 3309/4/2333 3310/4/2334 3294/4/2318
f 3294/4/2318 3310/4/2334 3311/4/2335 3295/4/2319
f 3295/4/2319 3311/4/2335 3312/4/2336 3296/4/2320
f 3296/4/2320 3312/4/2336 3313/4/2337 3297/4/2321
f 3297/4/2321 3313/4/2337 3314/4/2338 3298/4/2322
f 3298/4/2322 3314/4/2338 3315/4/2339 3299/4/2323
f 3299/4/2323 3315/4/2339 3316/4/2340 3300/4/2324
f 3300/4/2324 3316/4/2340 3317/4/2341 3301/4/2325
f 3301/4/2325 3317/4/2341 3318/4/2342 3302/4/2326
f 3302/4/2326 3318/4/2342 3319/4/2343 3303/4/2327
f 3303/4/2327 3319/4/2343 3320/4/2344 3304/4/2328
f 3304/4/2328 3320/4/2344 3321/4/2345 3305/4/2329
f 3305/4/2329 3321/4/2345 3322/4/2346 3306/4/2330
f 3306/4/2330 3322/4/2346 3307/4/2331 3291/4/2315
f 3307/4/2331 3323/4/2347 3324/4/2348 3308/4/2332
f 3308/4/2332 3324/4/2348 3325/4/2349 3309/4/2333
f 3309/4/2333 3325/4/2349 3326/4/2350 3310/4/2334
f 3310/4/2334 3326/4/2350 3327/4/2351 3311/4/2335
f 3311/4/2335 3327/4/2351 3328/4/2352 3312/4/2336
f 3312/4/2336 3328/4/2352 3329/4/2353 3313/4/2337
f 3313/4/2337 3329/4/2353 3330/4/2354 3314/4/2338
f 3314/4/2338 3330/4/2354 3331/4/2355 3315/4/2339
f 3315/4/2339 3331/4/2355 3332/4/2356 3316/4/2340
f 3316/4/2340 3332/4/2356 3333/4/2357 3317/4/2341
f 3317/4/2341 3333/4/2357 3334/4/2358 3318/4/2342
f 3318/4/2342 3334/4/2358 3335/4/2359 3319/4/2343
f 3319/4/2343 3335/4/2359 3336/4/2360 3320/4/2344
f 3320/4/2344 3336/4/2360 3337/4/2361 3321/4/2345
f 3321/4/2345 3337/4/2361 3338/4/2362 3322/4/2346
f 3322/4/2346 3338/4/2362 3323/4/2347 3307/4/2331
f 3323/4/2347 2363/4/1387 2364/4/1388 3324/4/2348
f 3324/4/2348 2364/4/1388 2365/4/1389 3325/4/2349
f 3325/4/2349 2365/4/1389 2366/4/1390 3326/4/2350
f 3326/4/2350 2366/4/1390 2367/4/1391 3327/4/2351
f 3327/4/2351 2367/4/1391 2368/4/1392 3328/4/2352
f 3328/4/2352 2368/4/1392 2369/4/1393 3329/4/2353
f 3329/4/2353 2369/4/1393 2370/4/1394 3330/4/2354
f 3330/4/2354 2370/4/1394 2371/4/1395 3331/4/2355
f 3331/4/2355 2371/4/1395 2372/4/1396 3332/4/2356
f 3332/4/2356 2372/4/1396 2373/4/1397 3333/4/2357
f 3333/4/2357 2373/4/1397 2374/4/1398 3334/4/2358
f 3334/4/2358 2374/4/1398 2375/4/1399 3335/4/2359
f 3335/4/2359 2375/4/1399 2376/4/1400 3336/4/2360
f 3336/4/2360 2376/4/1400 2377/4/1401 3337/4/2361
f 3337/4/2361 2377/4/1401 2378/4/1402 3338/4/2362
f 3338/4/2362 2378/4/1402 2363/4/1387 3323/4/2347
